gem	Abiding Hex	Подчиняющая порча	WzI1LDE0LHsiZiI6IjJESXRlbXMvR2Vtcy9OZXcvTmV3U3VwcG9ydC9Qb3dlckNoYXJnZXRvZ2l2ZUN1cnNlRHVyYXRpb25TdXBwb3J0R2VtIiwidyI6MSwiaCI6MSwic2NhbGUiOjEsInJlYWxtIjoicG9lMiJ9XQ/419741324f/PowerChargetogiveCurseDurationSupportGem.png	
gem	Accelerated Growth	Ускоренный рост	WzI1LDE0LHsiZiI6IjJESXRlbXMvR2Vtcy9OZXcvTmV3U3VwcG9ydC9FeHBsb3NpdmVHcm93dGhTdXBwb3J0R2VtIiwidyI6MSwiaCI6MSwic2NhbGUiOjEsInJlYWxtIjoicG9lMiJ9XQ/ec3dfa8df5/ExplosiveGrowthSupportGem.png	
gem	Accelerated Growth II	Ускоренный рост II	WzI1LDE0LHsiZiI6IjJESXRlbXMvR2Vtcy9OZXcvTmV3U3VwcG9ydC9FeHBsb3NpdmVHcm93dGhTdXBwb3J0R2VtIiwidyI6MSwiaCI6MSwic2NhbGUiOjEsInJlYWxtIjoicG9lMiJ9XQ/ec3dfa8df5/ExplosiveGrowthSupportGem.png	
gem	Acrimony	Едкость	WzI1LDE0LHsiZiI6IjJESXRlbXMvR2Vtcy9OZXcvTmV3U3VwcG9ydC9BY3JpbW9ueVN1cHBvcnRHZW0iLCJ3IjoxLCJoIjoxLCJzY2FsZSI6MSwicmVhbG0iOiJwb2UyIn1d/2e45ee0d31/AcrimonySupportGem.png	
gem	Adhesive Grenades I	Гранаты-липучки I	WzI1LDE0LHsiZiI6IjJESXRlbXMvR2Vtcy9OZXcvTmV3U3VwcG9ydC9TdGlja3lCb21iU3VwcG9ydEdlbSIsInciOjEsImgiOjEsInNjYWxlIjoxLCJyZWFsbSI6InBvZTIifV0/73ac7cb7a8/StickyBombSupportGem.png	
gem	Adhesive Grenades II	Гранаты-липучки II	WzI1LDE0LHsiZiI6IjJESXRlbXMvR2Vtcy9OZXcvTmV3U3VwcG9ydC9TdGlja3lCb21iU3VwcG9ydEdlbSIsInciOjEsImgiOjEsInNjYWxlIjoxLCJyZWFsbSI6InBvZTIifV0/73ac7cb7a8/StickyBombSupportGem.png	
gem	Admixture	Примесь	WzI1LDE0LHsiZiI6IjJESXRlbXMvR2Vtcy9OZXcvTmV3U3VwcG9ydC9NaXhlZE1hbGFkaWVzU3VwcG9ydEdlbSIsInciOjEsImgiOjEsInNjYWxlIjoxLCJyZWFsbSI6InBvZTIifV0/2b43674f28/MixedMaladiesSupportGem.png	
gem	Advancing Storm	Надвигающаяся буря	WzI1LDE0LHsiZiI6IjJESXRlbXMvR2Vtcy9OZXcvTmV3U3VwcG9ydC9Nb3ZpbmdTdG9ybVN1cHBvcnRHZW0iLCJ3IjoxLCJoIjoxLCJzY2FsZSI6MSwicmVhbG0iOiJwb2UyIn1d/4856ce9b7a/MovingStormSupportGem.png	
gem	Aftershock I	Остаточная волна I	WzI1LDE0LHsiZiI6IjJESXRlbXMvR2Vtcy9OZXcvTmV3U3VwcG9ydC9BZnRlcnNob2NrU3VwcG9ydEdlbSIsInciOjEsImgiOjEsInNjYWxlIjoxLCJyZWFsbSI6InBvZTIifV0/f39c3a9ea7/AftershockSupportGem.png	
gem	Aftershock II	Остаточная волна II	WzI1LDE0LHsiZiI6IjJESXRlbXMvR2Vtcy9OZXcvTmV3U3VwcG9ydC9BZnRlcnNob2NrU3VwcG9ydEdlbSIsInciOjEsImgiOjEsInNjYWxlIjoxLCJyZWFsbSI6InBvZTIifV0/f39c3a9ea7/AftershockSupportGem.png	
gem	Ahn's Citadel	Цитадель Ахна	WzI1LDE0LHsiZiI6IjJESXRlbXMvR2Vtcy9OZXcvTmV3U3VwcG9ydC9MaW5lYWdlL0xpbmVhZ2VBaG5DaGlzZWwiLCJzY2FsZSI6MSwicmVhbG0iOiJwb2UyIn1d/5e34f72a34/LineageAhnChisel.png	
gem	Ailith's Chimes	Мелодия Эйлит	WzI1LDE0LHsiZiI6IjJESXRlbXMvR2Vtcy9OZXcvTmV3U3VwcG9ydC9MaW5lYWdlL01vbmFzdGljIiwic2NhbGUiOjEsInJlYWxtIjoicG9lMiJ9XQ/795375ce2d/Monastic.png	
gem	Alchemist's Boon	Дар алхимика	WzI1LDE0LHsiZiI6IjJESXRlbXMvR2Vtcy9OZXcvQWxjaGVtaXN0c0Jvb25Ta2lsbEdlbSIsInciOjEsImgiOjEsInNjYWxlIjoxLCJyZWFsbSI6InBvZTIifV0/1c9907b1ad/AlchemistsBoonSkillGem.png	
gem	Alignment I	Сонаправленность I	WzI1LDE0LHsiZiI6IjJESXRlbXMvR2Vtcy9OZXcvTmV3U3VwcG9ydC9BbGlnbm1lbnRTdXBwb3J0R2VtIiwidyI6MSwiaCI6MSwic2NhbGUiOjEsInJlYWxtIjoicG9lMiJ9XQ/52713dcd91/AlignmentSupportGem.png	
gem	Alignment II	Сонаправленность II	WzI1LDE0LHsiZiI6IjJESXRlbXMvR2Vtcy9OZXcvTmV3U3VwcG9ydC9BbGlnbm1lbnRTdXBwb3J0R2VtIiwidyI6MSwiaCI6MSwic2NhbGUiOjEsInJlYWxtIjoicG9lMiJ9XQ/52713dcd91/AlignmentSupportGem.png	
gem	Alignment III	Сонаправленность III	WzI1LDE0LHsiZiI6IjJESXRlbXMvR2Vtcy9OZXcvTmV3U3VwcG9ydC9BbGlnbm1lbnRTdXBwb3J0R2VtIiwidyI6MSwiaCI6MSwic2NhbGUiOjEsInJlYWxtIjoicG9lMiJ9XQ/52713dcd91/AlignmentSupportGem.png	
gem	Amanamu's Tithe	Десятина Аманаму	WzI1LDE0LHsiZiI6IjJESXRlbXMvR2Vtcy9OZXcvTmV3U3VwcG9ydC9MaW5lYWdlL0xpbmVhZ2VBbWFuYW11Iiwic2NhbGUiOjEsInJlYWxtIjoicG9lMiJ9XQ/715766340e/LineageAmanamu.png	
gem	Ambrosia	Амброзия	WzI1LDE0LHsiZiI6IjJESXRlbXMvR2Vtcy9OZXcvTmV3U3VwcG9ydC9BbWJyb3NpYVN1cHBvcnRHZW0iLCJ3IjoxLCJoIjoxLCJzY2FsZSI6MSwicmVhbG0iOiJwb2UyIn1d/7c7aeb4aaa/AmbrosiaSupportGem.png	
gem	Ambrosia II	Амброзия II	WzI1LDE0LHsiZiI6IjJESXRlbXMvR2Vtcy9OZXcvTmV3U3VwcG9ydC9BbWJyb3NpYVN1cHBvcnRHZW0iLCJ3IjoxLCJoIjoxLCJzY2FsZSI6MSwicmVhbG0iOiJwb2UyIn1d/7c7aeb4aaa/AmbrosiaSupportGem.png	
gem	Ambush	Засада	WzI1LDE0LHsiZiI6IjJESXRlbXMvR2Vtcy9OZXcvTmV3U3VwcG9ydC9BbWJ1c2hTdXBwb3J0R2VtIiwidyI6MSwiaCI6MSwic2NhbGUiOjEsInJlYWxtIjoicG9lMiJ9XQ/a9776c401f/AmbushSupportGem.png	
gem	Ammo Conservation I	Сохранение боеприпаса I	WzI1LDE0LHsiZiI6IjJESXRlbXMvR2Vtcy9OZXcvTmV3U3VwcG9ydC9DaGFuY2VUb05vdENvbnN1bWVBbW1vU3VwcG9ydEdlbSIsInciOjEsImgiOjEsInNjYWxlIjoxLCJyZWFsbSI6InBvZTIifV0/8a95a66df8/ChanceToNotConsumeAmmoSupportGem.png	
gem	Ammo Conservation II	Сохранение боеприпаса II	WzI1LDE0LHsiZiI6IjJESXRlbXMvR2Vtcy9OZXcvTmV3U3VwcG9ydC9DaGFuY2VUb05vdENvbnN1bWVBbW1vU3VwcG9ydEdlbSIsInciOjEsImgiOjEsInNjYWxlIjoxLCJyZWFsbSI6InBvZTIifV0/8a95a66df8/ChanceToNotConsumeAmmoSupportGem.png	
gem	Ammo Conservation III	Сохранение боеприпаса III	WzI1LDE0LHsiZiI6IjJESXRlbXMvR2Vtcy9OZXcvTmV3U3VwcG9ydC9DaGFuY2VUb05vdENvbnN1bWVBbW1vU3VwcG9ydEdlbSIsInciOjEsImgiOjEsInNjYWxlIjoxLCJyZWFsbSI6InBvZTIifV0/8a95a66df8/ChanceToNotConsumeAmmoSupportGem.png	
gem	Ancestral Aid	Помощь предков	WzI1LDE0LHsiZiI6IjJESXRlbXMvR2Vtcy9OZXcvTmV3U3VwcG9ydC9BbmNlc3RyYWxBaWRTdXBwb3J0R2VtIiwidyI6MSwiaCI6MSwic2NhbGUiOjEsInJlYWxtIjoicG9lMiJ9XQ/df491983ef/AncestralAidSupportGem.png	
gem	Ancestral Call I	Зов предков I	WzI1LDE0LHsiZiI6IjJESXRlbXMvR2Vtcy9OZXcvTmV3U3VwcG9ydC9BbmNlc3RyYWxDYWxsU3VwcG9ydEdlbSIsInciOjEsImgiOjEsInNjYWxlIjoxLCJyZWFsbSI6InBvZTIifV0/606b287fa7/AncestralCallSupportGem.png	
gem	Ancestral Call II	Зов предков II	WzI1LDE0LHsiZiI6IjJESXRlbXMvR2Vtcy9OZXcvTmV3U3VwcG9ydC9BbmNlc3RyYWxDYWxsU3VwcG9ydEdlbSIsInciOjEsImgiOjEsInNjYWxlIjoxLCJyZWFsbSI6InBvZTIifV0/606b287fa7/AncestralCallSupportGem.png	
gem	Ancestral Cry	Клич предков	WzI1LDE0LHsiZiI6IjJESXRlbXMvR2Vtcy9OZXcvV2FycmlvckFuY2VzdHJhbENyeVNraWxsR2VtIiwidyI6MSwiaCI6MSwic2NhbGUiOjEsInJlYWxtIjoicG9lMiJ9XQ/f105b7e7dc/WarriorAncestralCrySkillGem.png	
gem	Ancestral Warrior Totem	Тотем-воин предков	WzI1LDE0LHsiZiI6IjJESXRlbXMvR2Vtcy9OZXcvQW5jZXN0cmFsV2FycmlvclRvdGVtU2tpbGxHZW0iLCJ3IjoxLCJoIjoxLCJzY2FsZSI6MSwicmVhbG0iOiJwb2UyIn1d/381a6b0097/AncestralWarriorTotemSkillGem.png	
gem	Animus Exchange	Обмен анимой	WzI1LDE0LHsiZiI6IjJESXRlbXMvR2Vtcy9OZXcvRXhwZWRpdGlvbkFuaW11c0V4aGFuZ2VHZW0iLCJ3IjoxLCJoIjoxLCJzY2FsZSI6MSwicmVhbG0iOiJwb2UyIn1d/07c228dbcf/ExpeditionAnimusExhangeGem.png	
gem	Animus Splinters	Осколки анимы	WzI1LDE0LHsiZiI6IjJESXRlbXMvR2Vtcy9OZXcvRXhwZWRpdGlvbkZhbHNlTGlmZUdlbSIsInciOjEsImgiOjEsInNjYWxlIjoxLCJyZWFsbSI6InBvZTIifV0/5d9326178a/ExpeditionFalseLifeGem.png	
gem	Arakaali's Lust	Похоть Аракаали	WzI1LDE0LHsiZiI6IjJESXRlbXMvR2Vtcy9OZXcvTmV3U3VwcG9ydC9MaW5lYWdlL0xpbmVhZ2VBcmFrYWFsaSIsInNjYWxlIjoxLCJyZWFsbSI6InBvZTIifV0/be37cb2c77/LineageArakaali.png	
gem	Arbiter's Ignition	Воспламенение Арбитра	WzI1LDE0LHsiZiI6IjJESXRlbXMvR2Vtcy9OZXcvTmV3U3VwcG9ydC9MaW5lYWdlL0xpbmVhZ2VBcmJpdGVyIiwic2NhbGUiOjEsInJlYWxtIjoicG9lMiJ9XQ/52bc86c140/LineageArbiter.png	
gem	Arbiter's Reach	Охват Арбитра	WzI1LDE0LHsiZiI6IjJESXRlbXMvR2Vtcy9OZXcvTmV3U3VwcG9ydC9MaW5lYWdlL01vdGhlcnNXYXJkIiwic2NhbGUiOjEsInJlYWxtIjoicG9lMiJ9XQ/3da74f1c62/MothersWard.png	
gem	Arc	Цепь молний	WzI1LDE0LHsiZiI6IjJESXRlbXMvR2Vtcy9OZXcvQXJjU2tpbGxHZW0iLCJ3IjoxLCJoIjoxLCJzY2FsZSI6MSwicmVhbG0iOiJwb2UyIn1d/9ef31ce4c4/ArcSkillGem.png	
gem	Arcane Surge	Колдовской выброс	WzI1LDE0LHsiZiI6IjJESXRlbXMvR2Vtcy9OZXcvTmV3U3VwcG9ydC9BcmNhbmVTdXJnZVN1cHBvcnRHZW0iLCJ3IjoxLCJoIjoxLCJzY2FsZSI6MSwicmVhbG0iOiJwb2UyIn1d/f380844d3d/ArcaneSurgeSupportGem.png	
gem	Archmage	Архимаг	WzI1LDE0LHsiZiI6IjJESXRlbXMvR2Vtcy9OZXcvQXJjaG1hZ2VTa2lsbEdlbSIsInciOjEsImgiOjEsInNjYWxlIjoxLCJyZWFsbSI6InBvZTIifV0/3194d5db18/ArchmageSkillGem.png	
gem	Arctic Armour	Северная броня	WzI1LDE0LHsiZiI6IjJESXRlbXMvR2Vtcy9OZXcvQXJjdGljQXJtb3VyU2tpbGxHZW0iLCJ3IjoxLCJoIjoxLCJzY2FsZSI6MSwicmVhbG0iOiJwb2UyIn1d/94257d0bd5/ArcticArmourSkillGem.png	
gem	Arctic Howl	Арктический вой	WzI1LDE0LHsiZiI6IjJESXRlbXMvR2Vtcy9OZXcvRHJ1aWRUdW5kcmFIdW50ZXJTa2lsbEdlbSIsInciOjEsImgiOjEsInNjYWxlIjoxLCJyZWFsbSI6InBvZTIifV0/b8e417d5a2/DruidTundraHunterSkillGem.png	
gem	Arjun's Medal	Медаль Аржуна	WzI1LDE0LHsiZiI6IjJESXRlbXMvR2Vtcy9OZXcvTmV3U3VwcG9ydC9MaW5lYWdlL0FtbW9Db25zZXJ2YXRpb24iLCJzY2FsZSI6MSwicmVhbG0iOiJwb2UyIn1d/8220863d61/AmmoConservation.png	
gem	Armour Break I	Разрушение брони I	WzI1LDE0LHsiZiI6IjJESXRlbXMvR2Vtcy9OZXcvTmV3U3VwcG9ydC9Bcm1vdXJCcmVha1N1cHBvcnRHZW0iLCJ3IjoxLCJoIjoxLCJzY2FsZSI6MSwicmVhbG0iOiJwb2UyIn1d/ba4518c466/ArmourBreakSupportGem.png	
gem	Armour Break II	Разрушение брони II	WzI1LDE0LHsiZiI6IjJESXRlbXMvR2Vtcy9OZXcvTmV3U3VwcG9ydC9Bcm1vdXJCcmVha1N1cHBvcnRHZW0iLCJ3IjoxLCJoIjoxLCJzY2FsZSI6MSwicmVhbG0iOiJwb2UyIn1d/ba4518c466/ArmourBreakSupportGem.png	
gem	Armour Break III	Разрушение брони III	WzI1LDE0LHsiZiI6IjJESXRlbXMvR2Vtcy9OZXcvTmV3U3VwcG9ydC9Bcm1vdXJCcmVha1N1cHBvcnRHZW0iLCJ3IjoxLCJoIjoxLCJzY2FsZSI6MSwicmVhbG0iOiJwb2UyIn1d/ba4518c466/ArmourBreakSupportGem.png	
gem	Armour Breaker	Разрушитель брони	WzI1LDE0LHsiZiI6IjJESXRlbXMvR2Vtcy9OZXcvSGVhdnlTdHJpa2VTa2lsbEdlbSIsInciOjEsImgiOjEsInNjYWxlIjoxLCJyZWFsbSI6InBvZTIifV0/4d03fdb21e/HeavyStrikeSkillGem.png	
gem	Armour Demolisher I	Разбиватель брони I	WzI1LDE0LHsiZiI6IjJESXRlbXMvR2Vtcy9OZXcvTmV3U3VwcG9ydC9JbmNyZWFzZWRBcm1vdXJCcmVha1N1cHBvcnRHZW0iLCJ3IjoxLCJoIjoxLCJzY2FsZSI6MSwicmVhbG0iOiJwb2UyIn1d/6214305239/IncreasedArmourBreakSupportGem.png	
gem	Armour Demolisher II	Разбиватель брони II	WzI1LDE0LHsiZiI6IjJESXRlbXMvR2Vtcy9OZXcvTmV3U3VwcG9ydC9JbmNyZWFzZWRBcm1vdXJCcmVha1N1cHBvcnRHZW0iLCJ3IjoxLCJoIjoxLCJzY2FsZSI6MSwicmVhbG0iOiJwb2UyIn1d/6214305239/IncreasedArmourBreakSupportGem.png	
gem	Armour Explosion	Взрыв брони	WzI1LDE0LHsiZiI6IjJESXRlbXMvR2Vtcy9OZXcvTmV3U3VwcG9ydC9Bcm1vdXJFeHBsb3Npb25TdXBwb3J0R2VtIiwidyI6MSwiaCI6MSwic2NhbGUiOjEsInJlYWxtIjoicG9lMiJ9XQ/cb34e99d62/ArmourExplosionSupportGem.png	
gem	Armour Piercing Rounds	Бронебойные снаряды	WzI1LDE0LHsiZiI6IjJESXRlbXMvR2Vtcy9OZXcvUmFwaWRTaG90UGh5c2ljYWxTa2lsbEdlbSIsInciOjEsImgiOjEsInNjYWxlIjoxLCJyZWFsbSI6InBvZTIifV0/180085ee54/RapidShotPhysicalSkillGem.png	
gem	Arms Length	На длину руки	WzI1LDE0LHsiZiI6IjJESXRlbXMvR2Vtcy9OZXcvTmV3U3VwcG9ydC9Bcm1zTGVuZ3RoU3VwcG9ydEdlbSIsInciOjEsImgiOjEsInNjYWxlIjoxLCJyZWFsbSI6InBvZTIifV0/7d982562f6/ArmsLengthSupportGem.png	
gem	Artillery Ballista	Артиллерийская баллиста	WzI1LDE0LHsiZiI6IjJESXRlbXMvR2Vtcy9OZXcvQXJ0aWxsZXJ5QmFsbGlzdGFTa2lsbEdlbSIsInciOjEsImgiOjEsInNjYWxlIjoxLCJyZWFsbSI6InBvZTIifV0/036ee782ff/ArtilleryBallistaSkillGem.png	
gem	Astral Projection	Астральная проекция	WzI1LDE0LHsiZiI6IjJESXRlbXMvR2Vtcy9OZXcvTmV3U3VwcG9ydC9Bc3RyYWxQcm9qZWN0aW9uU3VwcG9ydEdlbSIsInciOjEsImgiOjEsInNjYWxlIjoxLCJyZWFsbSI6InBvZTIifV0/a0f4f187e9/AstralProjectionSupportGem.png	
gem	Atalui's Bloodletting	Кровопускание Аталуи	WzI1LDE0LHsiZiI6IjJESXRlbXMvR2Vtcy9OZXcvTmV3U3VwcG9ydC9MaW5lYWdlL0xpbmVhZ2VMaWZldGFwIiwic2NhbGUiOjEsInJlYWxtIjoicG9lMiJ9XQ/4d9a20ab28/LineageLifetap.png	
gem	Attrition	Измор	WzI1LDE0LHsiZiI6IjJESXRlbXMvR2Vtcy9OZXcvQXR0cml0aW9uU2tpbGxHZW0iLCJ3IjoxLCJoIjoxLCJzY2FsZSI6MSwicmVhbG0iOiJwb2UyIn1d/327a6c9a10/AttritionSkillGem.png	
gem	Atziri's Allure	Искушение Атзири	WzI1LDE0LHsiZiI6IjJESXRlbXMvR2Vtcy9OZXcvTmV3U3VwcG9ydC9MaW5lYWdlL0xpbmVhZ2VBdHppcmkiLCJzY2FsZSI6MSwicmVhbG0iOiJwb2UyIn1d/422053dc32/LineageAtziri.png	
gem	Atziri's Communion	Причастие Атзири	WzI1LDE0LHsiZiI6IjJESXRlbXMvR2Vtcy9OZXcvTmV3U3VwcG9ydC9MaW5lYWdlL0F0emlyaUNvbW11bmlvbiIsInNjYWxlIjoxLCJyZWFsbSI6InBvZTIifV0/10509800d7/AtziriCommunion.png	
gem	Atziri's Impatience	Нетерпение Атзири	WzI1LDE0LHsiZiI6IjJESXRlbXMvR2Vtcy9OZXcvTmV3U3VwcG9ydC9MaW5lYWdlL0F0emlyaUltcGF0aWVuY2UiLCJzY2FsZSI6MSwicmVhbG0iOiJwb2UyIn1d/9598c10260/AtziriImpatience.png	
gem	Auto Reload	Автоматическая перезарядка	WzI1LDE0LHsiZiI6IjJESXRlbXMvR2Vtcy9OZXcvTmV3U3VwcG9ydC9BdXRvUmVsb2FkU3VwcG9ydEdlbSIsInciOjEsImgiOjEsInNjYWxlIjoxLCJyZWFsbSI6InBvZTIifV0/2969188b02/AutoReloadSupportGem.png	
gem	Ball Lightning	Шаровая молния	WzI1LDE0LHsiZiI6IjJESXRlbXMvR2Vtcy9OZXcvQmFsbExpZ2h0bmluZ1NraWxsR2VtIiwidyI6MSwiaCI6MSwic2NhbGUiOjEsInJlYWxtIjoicG9lMiJ9XQ/1161060bee/BallLightningSkillGem.png	
gem	Barbs I	Колючки I	WzI1LDE0LHsiZiI6IjJESXRlbXMvR2Vtcy9OZXcvTmV3U3VwcG9ydC9CYXJic1N1cHBvcnRHZW0iLCJ3IjoxLCJoIjoxLCJzY2FsZSI6MSwicmVhbG0iOiJwb2UyIn1d/7e93fb6df3/BarbsSupportGem.png	
gem	Barbs II	Колючки II	WzI1LDE0LHsiZiI6IjJESXRlbXMvR2Vtcy9OZXcvTmV3U3VwcG9ydC9CYXJic1N1cHBvcnRHZW0iLCJ3IjoxLCJoIjoxLCJzY2FsZSI6MSwicmVhbG0iOiJwb2UyIn1d/7e93fb6df3/BarbsSupportGem.png	
gem	Barbs III	Колючки III	WzI1LDE0LHsiZiI6IjJESXRlbXMvR2Vtcy9OZXcvTmV3U3VwcG9ydC9CYXJic1N1cHBvcnRHZW0iLCJ3IjoxLCJoIjoxLCJzY2FsZSI6MSwicmVhbG0iOiJwb2UyIn1d/7e93fb6df3/BarbsSupportGem.png	
gem	Barkskin	Дубовая кожа	WzI1LDE0LHsiZiI6IjJESXRlbXMvR2Vtcy9OZXcvRHJ1aWRCYXJrU2tpblNraWxsR2VtIiwidyI6MSwiaCI6MSwic2NhbGUiOjEsInJlYWxtIjoicG9lMiJ9XQ/7da0e84c85/DruidBarkSkinSkillGem.png	
gem	Barrage	Очередь	WzI1LDE0LHsiZiI6IjJESXRlbXMvR2Vtcy9OZXcvUmFuZ2VyQmFycmFnZVNraWxsR2VtIiwidyI6MSwiaCI6MSwic2NhbGUiOjEsInJlYWxtIjoicG9lMiJ9XQ/9fc9ce784a/RangerBarrageSkillGem.png	
gem	Barrier Invocation	Вызов барьера	WzI1LDE0LHsiZiI6IjJESXRlbXMvR2Vtcy9OZXcvQmFycmllckludm9jYXRpb25Ta2lsbEdlbSIsInciOjEsImgiOjEsInNjYWxlIjoxLCJyZWFsbSI6InBvZTIifV0/b796dfd9e3/BarrierInvocationSkillGem.png	
gem	Battershout	Крушащий крик	WzI1LDE0LHsiZiI6IjJESXRlbXMvR2Vtcy9OZXcvTmV3U3VwcG9ydC9CYXR0ZXJzaG91dFN1cHBvcnRHZW0iLCJ3IjoxLCJoIjoxLCJzY2FsZSI6MSwicmVhbG0iOiJwb2UyIn1d/fe1ead39eb/BattershoutSupportGem.png	
gem	Behead I	Обезглавливание I	WzI1LDE0LHsiZiI6IjJESXRlbXMvR2Vtcy9OZXcvTmV3U3VwcG9ydC9CZWhlYWRTdXBwb3J0R2VtIiwidyI6MSwiaCI6MSwic2NhbGUiOjEsInJlYWxtIjoicG9lMiJ9XQ/295d473580/BeheadSupportGem.png	
gem	Behead II	Обезглавливание II	WzI1LDE0LHsiZiI6IjJESXRlbXMvR2Vtcy9OZXcvTmV3U3VwcG9ydC9CZWhlYWRTdXBwb3J0R2VtIiwidyI6MSwiaCI6MSwic2NhbGUiOjEsInJlYWxtIjoicG9lMiJ9XQ/295d473580/BeheadSupportGem.png	
gem	Berserk	Берсерк	WzI1LDE0LHsiZiI6IjJESXRlbXMvR2Vtcy9OZXcvQmVzZXJrU2tpbGxHZW0iLCJ3IjoxLCJoIjoxLCJzY2FsZSI6MSwicmVhbG0iOiJwb2UyIn1d/74869d6eac/BeserkSkillGem.png	
gem	Bhatair's Vengeance	Возмездие Батира	WzI1LDE0LHsiZiI6IjJESXRlbXMvR2Vtcy9OZXcvTmV3U3VwcG9ydC9MaW5lYWdlL1NoYXR0ZXJlZEZhbmciLCJzY2FsZSI6MSwicmVhbG0iOiJwb2UyIn1d/ed794a9e4b/ShatteredFang.png	
gem	Bidding I	Приказание I	WzI1LDE0LHsiZiI6IjJESXRlbXMvR2Vtcy9OZXcvTmV3U3VwcG9ydC9CaWRkaW5nU3VwcG9ydEdlbSIsInciOjEsImgiOjEsInNjYWxlIjoxLCJyZWFsbSI6InBvZTIifV0/83a1f192fa/BiddingSupportGem.png	
gem	Bidding II	Приказание II	WzI1LDE0LHsiZiI6IjJESXRlbXMvR2Vtcy9OZXcvTmV3U3VwcG9ydC9CaWRkaW5nU3VwcG9ydEdlbSIsInciOjEsImgiOjEsInNjYWxlIjoxLCJyZWFsbSI6InBvZTIifV0/83a1f192fa/BiddingSupportGem.png	
gem	Bidding III	Приказание III	WzI1LDE0LHsiZiI6IjJESXRlbXMvR2Vtcy9OZXcvTmV3U3VwcG9ydC9CaWRkaW5nU3VwcG9ydEdlbSIsInciOjEsImgiOjEsInNjYWxlIjoxLCJyZWFsbSI6InBvZTIifV0/83a1f192fa/BiddingSupportGem.png	
gem	Bind Spectre	Поимка призрака	WzI1LDE0LHsiZiI6IjJESXRlbXMvR2Vtcy9OZXcvV2l0Y2hCaW5kU3BlY3RyZVNraWxsR2VtIiwidyI6MSwiaCI6MSwic2NhbGUiOjEsInJlYWxtIjoicG9lMiJ9XQ/e6ece262d1/WitchBindSpectreSkillGem.png	
gem	Biting Frost I	Кусачий мороз I	WzI1LDE0LHsiZiI6IjJESXRlbXMvR2Vtcy9OZXcvTmV3U3VwcG9ydC9CaXRpbmdGcm9zdFN1cHBvcnRHZW0iLCJ3IjoxLCJoIjoxLCJzY2FsZSI6MSwicmVhbG0iOiJwb2UyIn1d/ca0ff3a430/BitingFrostSupportGem.png	
gem	Biting Frost II	Кусачий мороз II	WzI1LDE0LHsiZiI6IjJESXRlbXMvR2Vtcy9OZXcvTmV3U3VwcG9ydC9CaXRpbmdGcm9zdFN1cHBvcnRHZW0iLCJ3IjoxLCJoIjoxLCJzY2FsZSI6MSwicmVhbG0iOiJwb2UyIn1d/ca0ff3a430/BitingFrostSupportGem.png	
gem	Bitter Dead	Стылые трупы	WzI1LDE0LHsiZiI6IjJESXRlbXMvR2Vtcy9OZXcvRXhwZWRpdGlvbkJpdHRlckRlYWRHZW0iLCJ3IjoxLCJoIjoxLCJzY2FsZSI6MSwicmVhbG0iOiJwb2UyIn1d/070b940f4e/ExpeditionBitterDeadGem.png	
gem	Blasphemy	Богохульство	WzI1LDE0LHsiZiI6IjJESXRlbXMvR2Vtcy9OZXcvV2l0Y2hCbGFzcGhlbXlTa2lsbEdlbSIsInciOjEsImgiOjEsInNjYWxlIjoxLCJyZWFsbSI6InBvZTIifV0/47fe56538a/WitchBlasphemySkillGem.png	
gem	Blazing Critical	Жгучие критические удары	WzI1LDE0LHsiZiI6IjJESXRlbXMvR2Vtcy9OZXcvTmV3U3VwcG9ydC9CbGF6aW5nQ3JpdHNTdXBwb3J0R2VtIiwidyI6MSwiaCI6MSwic2NhbGUiOjEsInJlYWxtIjoicG9lMiJ9XQ/402e939ac2/BlazingCritsSupportGem.png	
gem	Bleed I	Кровотечение I	WzI1LDE0LHsiZiI6IjJESXRlbXMvR2Vtcy9OZXcvTmV3U3VwcG9ydC9DaGFuY2VUb0JsZWVkU3VwcG9ydEdlbSIsInciOjEsImgiOjEsInNjYWxlIjoxLCJyZWFsbSI6InBvZTIifV0/ad7ca3304c/ChanceToBleedSupportGem.png	
gem	Bleed II	Кровотечение II	WzI1LDE0LHsiZiI6IjJESXRlbXMvR2Vtcy9OZXcvTmV3U3VwcG9ydC9DaGFuY2VUb0JsZWVkU3VwcG9ydEdlbSIsInciOjEsImgiOjEsInNjYWxlIjoxLCJyZWFsbSI6InBvZTIifV0/ad7ca3304c/ChanceToBleedSupportGem.png	
gem	Bleed III	Кровотечение III	WzI1LDE0LHsiZiI6IjJESXRlbXMvR2Vtcy9OZXcvTmV3U3VwcG9ydC9DaGFuY2VUb0JsZWVkU3VwcG9ydEdlbSIsInciOjEsImgiOjEsInNjYWxlIjoxLCJyZWFsbSI6InBvZTIifV0/ad7ca3304c/ChanceToBleedSupportGem.png	
gem	Bleed IV	Кровотечение IV	WzI1LDE0LHsiZiI6IjJESXRlbXMvR2Vtcy9OZXcvTmV3U3VwcG9ydC9DaGFuY2VUb0JsZWVkU3VwcG9ydEdlbSIsInciOjEsImgiOjEsInNjYWxlIjoxLCJyZWFsbSI6InBvZTIifV0/ad7ca3304c/ChanceToBleedSupportGem.png	
gem	Blind I	Ослепление I	WzI1LDE0LHsiZiI6IjJESXRlbXMvR2Vtcy9OZXcvTmV3U3VwcG9ydC9CbGluZFN1cHBvcnRHZW0iLCJ3IjoxLCJoIjoxLCJzY2FsZSI6MSwicmVhbG0iOiJwb2UyIn1d/a0e77e4bc2/BlindSupportGem.png	
gem	Blind II	Ослепление II	WzI1LDE0LHsiZiI6IjJESXRlbXMvR2Vtcy9OZXcvTmV3U3VwcG9ydC9CbGluZFN1cHBvcnRHZW0iLCJ3IjoxLCJoIjoxLCJzY2FsZSI6MSwicmVhbG0iOiJwb2UyIn1d/a0e77e4bc2/BlindSupportGem.png	
gem	Blindside	Удар врасплох	WzI1LDE0LHsiZiI6IjJESXRlbXMvR2Vtcy9OZXcvTmV3U3VwcG9ydC9CbGluZHNpZGVTdXBwb3J0R2VtIiwidyI6MSwiaCI6MSwic2NhbGUiOjEsInJlYWxtIjoicG9lMiJ9XQ/ea89999460/BlindsideSupportGem.png	
gem	Blink	Скачок	WzI1LDE0LHsiZiI6IjJESXRlbXMvR2Vtcy9OZXcvQmxpbmtSZXNlcnZhdGlvblNraWxsR2VtIiwidyI6MSwiaCI6MSwic2NhbGUiOjEsInJlYWxtIjoicG9lMiJ9XQ/56e87c0cd5/BlinkReservationSkillGem.png	
gem	Blood Hunt	Кровавая охота	WzI1LDE0LHsiZiI6IjJESXRlbXMvR2Vtcy9OZXcvSHVudHJlc3NCbG9vZEh1bnRTa2lsbEdlbSIsInciOjEsImgiOjEsInNjYWxlIjoxLCJyZWFsbSI6InBvZTIifV0/2fc426486e/HuntressBloodHuntSkillGem.png	
gem	Bloodhound's Mark	Метка кровавой гончей	WzI1LDE0LHsiZiI6IjJESXRlbXMvR2Vtcy9OZXcvTWFya29mdGhlQmxvb2RIb3VuZFNraWxsR2VtIiwidyI6MSwiaCI6MSwic2NhbGUiOjEsInJlYWxtIjoicG9lMiJ9XQ/af13d096ec/MarkoftheBloodHoundSkillGem.png	
gem	Bloodlust	Кровожадность	WzI1LDE0LHsiZiI6IjJESXRlbXMvR2Vtcy9OZXcvTmV3U3VwcG9ydC9CbG9vZGx1c3RTdXBwb3J0R2VtIiwidyI6MSwiaCI6MSwic2NhbGUiOjEsInJlYWxtIjoicG9lMiJ9XQ/c322146603/BloodlustSupportGem.png	
gem	Bone Cage	Костяная клетка	WzI1LDE0LHsiZiI6IjJESXRlbXMvR2Vtcy9OZXcvV2l0Y2hCb25lQ2FnZVNraWxsR2VtIiwidyI6MSwiaCI6MSwic2NhbGUiOjEsInJlYWxtIjoicG9lMiJ9XQ/1a13e6b6d1/WitchBoneCageSkillGem.png	
gem	Bone Offering	Подношение костей	WzI1LDE0LHsiZiI6IjJESXRlbXMvR2Vtcy9OZXcvV2l0Y2hCb25lT2ZmZXJpbmdTa2lsbEdlbSIsInciOjEsImgiOjEsInNjYWxlIjoxLCJyZWFsbSI6InBvZTIifV0/43833900b5/WitchBoneOfferingSkillGem.png	
gem	Bone Shrapnel	Костяная шрапнель	WzI1LDE0LHsiZiI6IjJESXRlbXMvR2Vtcy9OZXcvTmV3U3VwcG9ydC9Cb25lU2hyYXBuZWxTdXBwb3J0R2VtIiwidyI6MSwiaCI6MSwic2NhbGUiOjEsInJlYWxtIjoicG9lMiJ9XQ/bb7b4d8c8c/BoneShrapnelSupportGem.png	
gem	Boneshatter	Дробление костей	WzI1LDE0LHsiZiI6IjJESXRlbXMvR2Vtcy9OZXcvQm9uZXNoYXR0ZXJTa2lsbEdlbSIsInciOjEsImgiOjEsInNjYWxlIjoxLCJyZWFsbSI6InBvZTIifV0/bf631a7d17/BoneshatterSkillGem.png	
gem	Bonestorm	Буря костей	WzI1LDE0LHsiZiI6IjJESXRlbXMvR2Vtcy9OZXcvV2l0Y2hCb25lU3Rvcm1Ta2lsbEdlbSIsInciOjEsImgiOjEsInNjYWxlIjoxLCJyZWFsbSI6InBvZTIifV0/199ec9b0e7/WitchBoneStormSkillGem.png	
gem	Boundless Energy I	Безграничная энергия I	WzI1LDE0LHsiZiI6IjJESXRlbXMvR2Vtcy9OZXcvTmV3U3VwcG9ydC9BZGRlZEltcGV0dXNTdXBwb3J0R2VtIiwidyI6MSwiaCI6MSwic2NhbGUiOjEsInJlYWxtIjoicG9lMiJ9XQ/cebc02ce93/AddedImpetusSupportGem.png	
gem	Boundless Energy II	Безграничная энергия II	WzI1LDE0LHsiZiI6IjJESXRlbXMvR2Vtcy9OZXcvTmV3U3VwcG9ydC9BZGRlZEltcGV0dXNTdXBwb3J0R2VtIiwidyI6MSwiaCI6MSwic2NhbGUiOjEsInJlYWxtIjoicG9lMiJ9XQ/cebc02ce93/AddedImpetusSupportGem.png	
gem	Bounty I	Щедрость I	WzI1LDE0LHsiZiI6IjJESXRlbXMvR2Vtcy9OZXcvTmV3U3VwcG9ydC9MaWZlRmxhc2tTdXBwb3J0R2VtIiwidyI6MSwiaCI6MSwic2NhbGUiOjEsInJlYWxtIjoicG9lMiJ9XQ/9700d73019/LifeFlaskSupportGem.png	
gem	Bounty II	Щедрость II	WzI1LDE0LHsiZiI6IjJESXRlbXMvR2Vtcy9OZXcvTmV3U3VwcG9ydC9MaWZlRmxhc2tTdXBwb3J0R2VtIiwidyI6MSwiaCI6MSwic2NhbGUiOjEsInJlYWxtIjoicG9lMiJ9XQ/9700d73019/LifeFlaskSupportGem.png	
gem	Brambleslam	Терновник	WzI1LDE0LHsiZiI6IjJESXRlbXMvR2Vtcy9OZXcvTmV3U3VwcG9ydC9CcmlhcnBhdGNoU3VwcG9ydEdlbSIsInciOjEsImgiOjEsInNjYWxlIjoxLCJyZWFsbSI6InBvZTIifV0/87a56a5cd5/BriarpatchSupportGem.png	
gem	Branching Fissures I	Ветвящиеся расселины I	WzI1LDE0LHsiZiI6IjJESXRlbXMvR2Vtcy9OZXcvTmV3U3VwcG9ydC9CcmFuY2hpbmdGaXNzdXJlc1N1cHBvcnRHZW0iLCJ3IjoxLCJoIjoxLCJzY2FsZSI6MSwicmVhbG0iOiJwb2UyIn1d/87a04cf9fa/BranchingFissuresSupportGem.png	
gem	Branching Fissures II	Ветвящиеся расселины II	WzI1LDE0LHsiZiI6IjJESXRlbXMvR2Vtcy9OZXcvTmV3U3VwcG9ydC9CcmFuY2hpbmdGaXNzdXJlc1N1cHBvcnRHZW0iLCJ3IjoxLCJoIjoxLCJzY2FsZSI6MSwicmVhbG0iOiJwb2UyIn1d/87a04cf9fa/BranchingFissuresSupportGem.png	
gem	Breachlord's Amalgam	Слияние Повелителя Разлома	WzI1LDE0LHsiZiI6IjJESXRlbXMvR2Vtcy9OZXcvTmV3U3VwcG9ydC9MaW5lYWdlL0JyZWFjaGxvcmRzQW1hbGdhbSIsInNjYWxlIjoxLCJyZWFsbSI6InBvZTIifV0/bdbefcb65b/BreachlordsAmalgam.png	
gem	Breachlord's Rift	Разрыв повелителя Разлома	WzI1LDE0LHsiZiI6IjJESXRlbXMvR2Vtcy9OZXcvTmV3U3VwcG9ydC9MaW5lYWdlL0JyZWFjaGxvcmRzUmVtb3JzZSIsInNjYWxlIjoxLCJyZWFsbSI6InBvZTIifV0/6a18a03016/BreachlordsRemorse.png	
gem	Break Endurance	Разрушительная выносливость	WzI1LDE0LHsiZiI6IjJESXRlbXMvR2Vtcy9OZXcvTmV3U3VwcG9ydC9CcmVha0VuZHVyYW5jZVN1cHBvcnRHZW0iLCJ3IjoxLCJoIjoxLCJzY2FsZSI6MSwicmVhbG0iOiJwb2UyIn1d/3133d91266/BreakEnduranceSupportGem.png	
gem	Break Posture	Вышибание	WzI1LDE0LHsiZiI6IjJESXRlbXMvR2Vtcy9OZXcvTmV3U3VwcG9ydC9EYXplZEJyZWFrU3VwcG9ydEdlbSIsInciOjEsImgiOjEsInNjYWxlIjoxLCJyZWFsbSI6InBvZTIifV0/a2b17a203f/DazedBreakSupportGem.png	
gem	Briarpatch	Колючие кусты	WzI1LDE0LHsiZiI6IjJESXRlbXMvR2Vtcy9OZXcvRHJ1aWRCcmlhcnBhdGNoU2tpbGxHZW0iLCJ3IjoxLCJoIjoxLCJzY2FsZSI6MSwicmVhbG0iOiJwb2UyIn1d/adc6b2335d/DruidBriarpatchSkillGem.png	
gem	Brink I	Порог I	WzI1LDE0LHsiZiI6IjJESXRlbXMvR2Vtcy9OZXcvTmV3U3VwcG9ydC9Ccmlua1N1cHBvcnRHZW0iLCJ3IjoxLCJoIjoxLCJzY2FsZSI6MSwicmVhbG0iOiJwb2UyIn1d/81a5d8fd19/BrinkSupportGem.png	
gem	Brink II	Порог II	WzI1LDE0LHsiZiI6IjJESXRlbXMvR2Vtcy9OZXcvTmV3U3VwcG9ydC9Ccmlua1N1cHBvcnRHZW0iLCJ3IjoxLCJoIjoxLCJzY2FsZSI6MSwicmVhbG0iOiJwb2UyIn1d/81a5d8fd19/BrinkSupportGem.png	
gem	Brittle Armour	Хрупкая броня	WzI1LDE0LHsiZiI6IjJESXRlbXMvR2Vtcy9OZXcvTmV3U3VwcG9ydC9Ccml0dGxlQXJtb3VyU3VwcG9ydEdlbSIsInciOjEsImgiOjEsInNjYWxlIjoxLCJyZWFsbSI6InBvZTIifV0/f7308a5533/BrittleArmourSupportGem.png	
gem	Brutality I	Жестокость I	WzI1LDE0LHsiZiI6IjJESXRlbXMvR2Vtcy9OZXcvTmV3U3VwcG9ydC9CcnV0YWxpdHlTdXBwb3J0R2VtIiwidyI6MSwiaCI6MSwic2NhbGUiOjEsInJlYWxtIjoicG9lMiJ9XQ/b10dfe39fd/BrutalitySupportGem.png	
gem	Brutality II	Жестокость II	WzI1LDE0LHsiZiI6IjJESXRlbXMvR2Vtcy9OZXcvTmV3U3VwcG9ydC9CcnV0YWxpdHlTdXBwb3J0R2VtIiwidyI6MSwiaCI6MSwic2NhbGUiOjEsInJlYWxtIjoicG9lMiJ9XQ/b10dfe39fd/BrutalitySupportGem.png	
gem	Brutality III	Жестокость III	WzI1LDE0LHsiZiI6IjJESXRlbXMvR2Vtcy9OZXcvTmV3U3VwcG9ydC9CcnV0YWxpdHlTdXBwb3J0R2VtIiwidyI6MSwiaCI6MSwic2NhbGUiOjEsInJlYWxtIjoicG9lMiJ9XQ/b10dfe39fd/BrutalitySupportGem.png	
gem	Brutus' Brain	Мозг Изувера	WzI1LDE0LHsiZiI6IjJESXRlbXMvR2Vtcy9OZXcvTmV3U3VwcG9ydC9MaW5lYWdlL0xpbmVhZ2VNZWF0c2hpZWxkIiwic2NhbGUiOjEsInJlYWxtIjoicG9lMiJ9XQ/115edf7e2f/LineageMeatshield.png	
gem	Burgeon I	Разрастание I	WzI1LDE0LHsiZiI6IjJESXRlbXMvR2Vtcy9OZXcvTmV3U3VwcG9ydC9DaGFubmVsbGluZ0RhbWFnZVN1cHBvcnRHZW0iLCJ3IjoxLCJoIjoxLCJzY2FsZSI6MSwicmVhbG0iOiJwb2UyIn1d/970a9098a9/ChannellingDamageSupportGem.png	
gem	Burgeon II	Разрастание II	WzI1LDE0LHsiZiI6IjJESXRlbXMvR2Vtcy9OZXcvTmV3U3VwcG9ydC9DaGFubmVsbGluZ0RhbWFnZVN1cHBvcnRHZW0iLCJ3IjoxLCJoIjoxLCJzY2FsZSI6MSwicmVhbG0iOiJwb2UyIn1d/970a9098a9/ChannellingDamageSupportGem.png	
gem	Burning Inscription	Пылающее начертание	WzI1LDE0LHsiZiI6IjJESXRlbXMvR2Vtcy9OZXcvTmV3U3VwcG9ydC9CdXJuaW5nUnVuZXNTdXBwb3J0R2VtIiwidyI6MSwiaCI6MSwic2NhbGUiOjEsInJlYWxtIjoicG9lMiJ9XQ/e79b271704/BurningRunesSupportGem.png	
gem	Bursting Plague	Вспышка чумы	WzI1LDE0LHsiZiI6IjJESXRlbXMvR2Vtcy9OZXcvTmV3U3VwcG9ydC9CdXJzdGluZ1BsYWd1ZVN1cHBvcnRHZW0iLCJ3IjoxLCJoIjoxLCJzY2FsZSI6MSwicmVhbG0iOiJwb2UyIn1d/acafd28d1d/BurstingPlagueSupportGem.png	
gem	Cadence	Ритм	WzI1LDE0LHsiZiI6IjJESXRlbXMvR2Vtcy9OZXcvTmV3U3VwcG9ydC9NZWFzdXJlZFNwZWVkU3VwcG9ydEdlbSIsInciOjEsImgiOjEsInNjYWxlIjoxLCJyZWFsbSI6InBvZTIifV0/99421ad8a7/MeasuredSpeedSupportGem.png	
gem	Caltrops	Кальтропы	WzI1LDE0LHsiZiI6IjJESXRlbXMvR2Vtcy9OZXcvTmV3U3VwcG9ydC9DYWx0cm9wc1N1cHBvcnRHZW0iLCJ3IjoxLCJoIjoxLCJzY2FsZSI6MSwicmVhbG0iOiJwb2UyIn1d/121906746a/CaltropsSupportGem.png	
gem	Cannibalism I	Каннибализм I	WzI1LDE0LHsiZiI6IjJESXRlbXMvR2Vtcy9OZXcvTmV3U3VwcG9ydC9DYW5uaWJhbGlzbVN1cHBvcnRHZW0iLCJ3IjoxLCJoIjoxLCJzY2FsZSI6MSwicmVhbG0iOiJwb2UyIn1d/927e914014/CannibalismSupportGem.png	
gem	Cannibalism II	Каннибализм II	WzI1LDE0LHsiZiI6IjJESXRlbXMvR2Vtcy9OZXcvTmV3U3VwcG9ydC9DYW5uaWJhbGlzbVN1cHBvcnRHZW0iLCJ3IjoxLCJoIjoxLCJzY2FsZSI6MSwicmVhbG0iOiJwb2UyIn1d/927e914014/CannibalismSupportGem.png	
gem	Cast on Critical	Сотворение чар при критическом попадании	WzI1LDE0LHsiZiI6IjJESXRlbXMvR2Vtcy9OZXcvQ2FzdE9uQ3JpdE1ldGFTa2lsbEdlbSIsInciOjEsImgiOjEsInNjYWxlIjoxLCJyZWFsbSI6InBvZTIifV0/d572559d02/CastOnCritMetaSkillGem.png	
gem	Cast on Dodge	Сотворение чар при кувырке	WzI1LDE0LHsiZiI6IjJESXRlbXMvR2Vtcy9OZXcvQ2FzdE9uRG9kZ2VSb2xsU2tpbGxHZW0iLCJ3IjoxLCJoIjoxLCJzY2FsZSI6MSwicmVhbG0iOiJwb2UyIn1d/5e1e33136a/CastOnDodgeRollSkillGem.png	
gem	Cast on Elemental Ailment	Сотворение чар при стихийном состоянии	WzI1LDE0LHsiZiI6IjJESXRlbXMvR2Vtcy9OZXcvQ2FzdG9uRnJlZXplU2hvY2tJZ25pdGVNZXRhU2tpbGxHZW0iLCJ3IjoxLCJoIjoxLCJzY2FsZSI6MSwicmVhbG0iOiJwb2UyIn1d/00e4f6ef2c/CastonFreezeShockIgniteMetaSkillGem.png	
gem	Cast on Freeze	Сотворение чар при заморозке	WzI1LDE0LHsiZiI6IjJESXRlbXMvR2Vtcy9OZXcvQ2FzdE9uRnJlZXplU2tpbGxHZW0iLCJ3IjoxLCJoIjoxLCJzY2FsZSI6MSwicmVhbG0iOiJwb2UyIn1d/7db1f3ae52/CastOnFreezeSkillGem.png	
gem	Cast on Ignite	Сотворение чар при поджоге	WzI1LDE0LHsiZiI6IjJESXRlbXMvR2Vtcy9OZXcvQ2FzdE9uSWduaXRlU2tpbGxHZW0iLCJ3IjoxLCJoIjoxLCJzY2FsZSI6MSwicmVhbG0iOiJwb2UyIn1d/dc1dad2e9b/CastOnIgniteSkillGem.png	
gem	Cast on Minion Death	Сотворение чар при смерти приспешников	WzI1LDE0LHsiZiI6IjJESXRlbXMvR2Vtcy9OZXcvQ2FzdE9uQ3JpdE1pbmlvbkRlYXRoU2tpbGxHZW0iLCJ3IjoxLCJoIjoxLCJzY2FsZSI6MSwicmVhbG0iOiJwb2UyIn1d/9ad4259c35/CastOnCritMinionDeathSkillGem.png	
gem	Cast on Shock	Сотворение чар при шоке	WzI1LDE0LHsiZiI6IjJESXRlbXMvR2Vtcy9OZXcvQ2FzdE9uU2hvY2tNZXRhU2tpbGxHZW0iLCJ3IjoxLCJoIjoxLCJzY2FsZSI6MSwicmVhbG0iOiJwb2UyIn1d/ee33578e92/CastOnShockMetaSkillGem.png	
gem	Catalysing Elements	Катализирующие стихии	WzI1LDE0LHsiZiI6IjJESXRlbXMvR2Vtcy9OZXcvTmV3U3VwcG9ydC9DYXRhbHlzaW5nRWxlbWVudHNTdXBwb3J0R2VtIiwidyI6MSwiaCI6MSwic2NhbGUiOjEsInJlYWxtIjoicG9lMiJ9XQ/25e95d9d6e/CatalysingElementsSupportGem.png	
gem	Catha's Brilliance	Великолепие Каты	WzI1LDE0LHsiZiI6IjJESXRlbXMvR2Vtcy9OZXcvTmV3U3VwcG9ydC9MaW5lYWdlL0NhdGhhc0JyaWxsaWFuY2UiLCJzY2FsZSI6MSwicmVhbG0iOiJwb2UyIn1d/101f7491fe/CathasBrilliance.png	
gem	Catharsis	Катарсис	WzI1LDE0LHsiZiI6IjJESXRlbXMvR2Vtcy9OZXcvTmV3U3VwcG9ydC9DbGVhbnNlU3VwcG9ydEdlbSIsInciOjEsImgiOjEsInNjYWxlIjoxLCJyZWFsbSI6InBvZTIifV0/1aa04a4419/CleanseSupportGem.png	
gem	Chain I	Цепь I	WzI1LDE0LHsiZiI6IjJESXRlbXMvR2Vtcy9OZXcvTmV3U3VwcG9ydC9DaGFpblN1cHBvcnRHZW0iLCJ3IjoxLCJoIjoxLCJzY2FsZSI6MSwicmVhbG0iOiJwb2UyIn1d/73c4e98976/ChainSupportGem.png	
gem	Chain II	Цепь II	WzI1LDE0LHsiZiI6IjJESXRlbXMvR2Vtcy9OZXcvTmV3U3VwcG9ydC9DaGFpblN1cHBvcnRHZW0iLCJ3IjoxLCJoIjoxLCJzY2FsZSI6MSwicmVhbG0iOiJwb2UyIn1d/73c4e98976/ChainSupportGem.png	
gem	Chain III	Цепь III	WzI1LDE0LHsiZiI6IjJESXRlbXMvR2Vtcy9OZXcvTmV3U3VwcG9ydC9DaGFpblN1cHBvcnRHZW0iLCJ3IjoxLCJoIjoxLCJzY2FsZSI6MSwicmVhbG0iOiJwb2UyIn1d/73c4e98976/ChainSupportGem.png	
gem	Chaos Attunement	Власть хаоса	WzI1LDE0LHsiZiI6IjJESXRlbXMvR2Vtcy9OZXcvTmV3U3VwcG9ydC9BZGRlZENoYW9zRGFtYWdlU3VwcG9ydEdlbSIsInciOjEsImgiOjEsInNjYWxlIjoxLCJyZWFsbSI6InBvZTIifV0/5d92efd19b/AddedChaosDamageSupportGem.png	
gem	Chaos Mastery	Мастерство хаоса	WzI1LDE0LHsiZiI6IjJESXRlbXMvR2Vtcy9OZXcvTmV3U3VwcG9ydC9DaGFvc01hc3RlcnlTdXBwb3J0R2VtIiwidyI6MSwiaCI6MSwic2NhbGUiOjEsInJlYWxtIjoicG9lMiJ9XQ/0cedd39c5b/ChaosMasterySupportGem.png	
gem	Chaotic Freeze	Хаотичная заморозка	WzI1LDE0LHsiZiI6IjJESXRlbXMvR2Vtcy9OZXcvTmV3U3VwcG9ydC9DaGFvdGljRnJlZXplU3VwcG9ydEdlbSIsInciOjEsImgiOjEsInNjYWxlIjoxLCJyZWFsbSI6InBvZTIifV0/309c314966/ChaoticFreezeSupportGem.png	
gem	Charge Profusion I	Избыток зарядов I	WzI1LDE0LHsiZiI6IjJESXRlbXMvR2Vtcy9OZXcvTmV3U3VwcG9ydC9NdWx0aXBsZUNoYXJnZXNTdXBwb3J0R2VtIiwidyI6MSwiaCI6MSwic2NhbGUiOjEsInJlYWxtIjoicG9lMiJ9XQ/a09aec6021/MultipleChargesSupportGem.png	
gem	Charge Profusion II	Избыток зарядов II	WzI1LDE0LHsiZiI6IjJESXRlbXMvR2Vtcy9OZXcvTmV3U3VwcG9ydC9NdWx0aXBsZUNoYXJnZXNTdXBwb3J0R2VtIiwidyI6MSwiaCI6MSwic2NhbGUiOjEsInJlYWxtIjoicG9lMiJ9XQ/a09aec6021/MultipleChargesSupportGem.png	
gem	Charge Regulation	Управление зарядами	WzI1LDE0LHsiZiI6IjJESXRlbXMvR2Vtcy9OZXcvQ2hhcmdlTWFzdGVyeVNraWxsR2VtIiwidyI6MSwiaCI6MSwic2NhbGUiOjEsInJlYWxtIjoicG9lMiJ9XQ/ced4834236/ChargeMasterySkillGem.png	
gem	Charged Mark	Заряженная метка	WzI1LDE0LHsiZiI6IjJESXRlbXMvR2Vtcy9OZXcvTmV3U3VwcG9ydC9DaGFyZ2VkTWFya1N1cHBvcnRHZW0iLCJ3IjoxLCJoIjoxLCJzY2FsZSI6MSwicmVhbG0iOiJwb2UyIn1d/50c6af6222/ChargedMarkSupportGem.png	
gem	Charged Shots I	Заряженные выстрелы I	WzI1LDE0LHsiZiI6IjJESXRlbXMvR2Vtcy9OZXcvTmV3U3VwcG9ydC9DaGFyZ2VkU2hvdHNTdXBwb3J0R2VtIiwidyI6MSwiaCI6MSwic2NhbGUiOjEsInJlYWxtIjoicG9lMiJ9XQ/7b2fe39f16/ChargedShotsSupportGem.png	
gem	Charged Shots II	Заряженные выстрелы II	WzI1LDE0LHsiZiI6IjJESXRlbXMvR2Vtcy9OZXcvTmV3U3VwcG9ydC9DaGFyZ2VkU2hvdHNTdXBwb3J0R2VtIiwidyI6MSwiaCI6MSwic2NhbGUiOjEsInJlYWxtIjoicG9lMiJ9XQ/7b2fe39f16/ChargedShotsSupportGem.png	
gem	Charged Staff	Заряженный посох	WzI1LDE0LHsiZiI6IjJESXRlbXMvR2Vtcy9OZXcvQ2hhcmdlZFN0YWZmU2tpbGxHZW0iLCJ3IjoxLCJoIjoxLCJzY2FsZSI6MSwicmVhbG0iOiJwb2UyIn1d/c88547e141/ChargedStaffSkillGem.png	
gem	Charm Bounty	Щедрый оберег	WzI1LDE0LHsiZiI6IjJESXRlbXMvR2Vtcy9OZXcvTmV3U3VwcG9ydC9DaGFybUJvdW50eVN1cHBvcnRHZW0iLCJ3IjoxLCJoIjoxLCJzY2FsZSI6MSwicmVhbG0iOiJwb2UyIn1d/8964ebc6d1/CharmBountySupportGem.png	
gem	Cirel's Cultivation	Культивация Сирэл	WzI1LDE0LHsiZiI6IjJESXRlbXMvR2Vtcy9OZXcvTmV3U3VwcG9ydC9MaW5lYWdlL0dyZWF0d29vZCIsInNjYWxlIjoxLCJyZWFsbSI6InBvZTIifV0/9d2739c22d/Greatwood.png	
gem	Clarity I	Ясность ума I	WzI1LDE0LHsiZiI6IjJESXRlbXMvR2Vtcy9OZXcvTmV3U3VwcG9ydC9DbGFyaXR5U3VwcG9ydEdlbSIsInciOjEsImgiOjEsInNjYWxlIjoxLCJyZWFsbSI6InBvZTIifV0/b8cfb97d8c/ClaritySupportGem.png	
gem	Clarity II	Ясность ума II	WzI1LDE0LHsiZiI6IjJESXRlbXMvR2Vtcy9OZXcvTmV3U3VwcG9ydC9DbGFyaXR5U3VwcG9ydEdlbSIsInciOjEsImgiOjEsInNjYWxlIjoxLCJyZWFsbSI6InBvZTIifV0/b8cfb97d8c/ClaritySupportGem.png	
gem	Clash	Стычка	WzI1LDE0LHsiZiI6IjJESXRlbXMvR2Vtcy9OZXcvTmV3U3VwcG9ydC9DbGFzaFN1cHBvcnRHZW0iLCJ3IjoxLCJoIjoxLCJzY2FsZSI6MSwicmVhbG0iOiJwb2UyIn1d/0ea81dc3bc/ClashSupportGem.png	
gem	Close Combat I	Бой вплотную I	WzI1LDE0LHsiZiI6IjJESXRlbXMvR2Vtcy9OZXcvTmV3U3VwcG9ydC9DbG9zZUNvbWJhdFN1cHBvcnRHZW0iLCJ3IjoxLCJoIjoxLCJzY2FsZSI6MSwicmVhbG0iOiJwb2UyIn1d/8a1b540798/CloseCombatSupportGem.png	
gem	Close Combat II	Бой вплотную II	WzI1LDE0LHsiZiI6IjJESXRlbXMvR2Vtcy9OZXcvTmV3U3VwcG9ydC9DbG9zZUNvbWJhdFN1cHBvcnRHZW0iLCJ3IjoxLCJoIjoxLCJzY2FsZSI6MSwicmVhbG0iOiJwb2UyIn1d/8a1b540798/CloseCombatSupportGem.png	
gem	Cluster Grenade	Кластерная граната	WzI1LDE0LHsiZiI6IjJESXRlbXMvR2Vtcy9OZXcvQ2x1c3RlckdyZW5hZGVTa2lsbEdlbSIsInciOjEsImgiOjEsInNjYWxlIjoxLCJyZWFsbSI6InBvZTIifV0/abeb2dd7e8/ClusterGrenadeSkillGem.png	
gem	Cold Attunement	Власть холода	WzI1LDE0LHsiZiI6IjJESXRlbXMvR2Vtcy9OZXcvTmV3U3VwcG9ydC9BZGRlZENvbGREYW1hZ2VTdXBwb3J0R2VtIiwidyI6MSwiaCI6MSwic2NhbGUiOjEsInJlYWxtIjoicG9lMiJ9XQ/a304f9e591/AddedColdDamageSupportGem.png	
gem	Cold Exposure	Восприимчивость к холоду	WzI1LDE0LHsiZiI6IjJESXRlbXMvR2Vtcy9OZXcvTmV3U3VwcG9ydC9Db2xkRXhwb3N1cmVTdXBwb3J0R2VtIiwidyI6MSwiaCI6MSwic2NhbGUiOjEsInJlYWxtIjoicG9lMiJ9XQ/02cb905a1b/ColdExposureSupportGem.png	
gem	Cold Mastery	Мастерство холода	WzI1LDE0LHsiZiI6IjJESXRlbXMvR2Vtcy9OZXcvTmV3U3VwcG9ydC9Db2xkTWFzdGVyeVN1cHBvcnRHZW0iLCJ3IjoxLCJoIjoxLCJzY2FsZSI6MSwicmVhbG0iOiJwb2UyIn1d/5b94287aed/ColdMasterySupportGem.png	
gem	Cold Penetration	Пронизывающий холод	WzI1LDE0LHsiZiI6IjJESXRlbXMvR2Vtcy9OZXcvTmV3U3VwcG9ydC9Db2xkUGVuZXRyYXRpb25TdXBwb3J0R2VtIiwidyI6MSwiaCI6MSwic2NhbGUiOjEsInJlYWxtIjoicG9lMiJ9XQ/284b6b2b11/ColdPenetrationSupportGem.png	
gem	Combat Frenzy	Боевое бешенство	WzI1LDE0LHsiZiI6IjJESXRlbXMvR2Vtcy9OZXcvUmFuZ2VyQ29tYmF0RnJlbnp5U2tpbGxHZW0iLCJ3IjoxLCJoIjoxLCJzY2FsZSI6MSwicmVhbG0iOiJwb2UyIn1d/4f307530ce/RangerCombatFrenzySkillGem.png	
gem	Combo Finisher I	Финальный удар I	WzI1LDE0LHsiZiI6IjJESXRlbXMvR2Vtcy9OZXcvTmV3U3VwcG9ydC9Db21ib0ZpbmlzaGVyU3VwcG9ydEdlbSIsInciOjEsImgiOjEsInNjYWxlIjoxLCJyZWFsbSI6InBvZTIifV0/864812554f/ComboFinisherSupportGem.png	
gem	Combo Finisher II	Финальный удар II	WzI1LDE0LHsiZiI6IjJESXRlbXMvR2Vtcy9OZXcvTmV3U3VwcG9ydC9Db21ib0ZpbmlzaGVyU3VwcG9ydEdlbSIsInciOjEsImgiOjEsInNjYWxlIjoxLCJyZWFsbSI6InBvZTIifV0/864812554f/ComboFinisherSupportGem.png	
gem	Comet	Комета	WzI1LDE0LHsiZiI6IjJESXRlbXMvR2Vtcy9OZXcvQ29tZXRTa2lsbEdlbSIsInciOjEsImgiOjEsInNjYWxlIjoxLCJyZWFsbSI6InBvZTIifV0/212d23c28b/CometSkillGem.png	
gem	Commandment	Повеление	WzI1LDE0LHsiZiI6IjJESXRlbXMvR2Vtcy9OZXcvTmV3U3VwcG9ydC9QdXJlQ29tbWFuZFN1cHBvcnRHZW0iLCJ3IjoxLCJoIjoxLCJzY2FsZSI6MSwicmVhbG0iOiJwb2UyIn1d/1da51bcd2f/PureCommandSupportGem.png	
gem	Commiserate	Сострадание	WzI1LDE0LHsiZiI6IjJESXRlbXMvR2Vtcy9OZXcvTmV3U3VwcG9ydC9Db21taXNlcmF0ZVN1cHBvcnRHZW0iLCJ3IjoxLCJoIjoxLCJzY2FsZSI6MSwicmVhbG0iOiJwb2UyIn1d/8de76e2fb5/CommiserateSupportGem.png	
gem	Compressed Duration I	Сокращение длительности I	WzI1LDE0LHsiZiI6IjJESXRlbXMvR2Vtcy9OZXcvTmV3U3VwcG9ydC9MZXNzRHVyYXRpb25TdXBwb3J0R2VtIiwidyI6MSwiaCI6MSwic2NhbGUiOjEsInJlYWxtIjoicG9lMiJ9XQ/5d61c1a8eb/LessDurationSupportGem.png	
gem	Compressed Duration II	Сокращение длительности II	WzI1LDE0LHsiZiI6IjJESXRlbXMvR2Vtcy9OZXcvTmV3U3VwcG9ydC9MZXNzRHVyYXRpb25TdXBwb3J0R2VtIiwidyI6MSwiaCI6MSwic2NhbGUiOjEsInJlYWxtIjoicG9lMiJ9XQ/5d61c1a8eb/LessDurationSupportGem.png	
gem	Concentrated Area	Средоточие	WzI1LDE0LHsiZiI6IjJESXRlbXMvR2Vtcy9OZXcvTmV3U3VwcG9ydC9Db25jZW50cmF0ZWRFZmZlY3RTdXBwb3J0R2VtIiwidyI6MSwiaCI6MSwic2NhbGUiOjEsInJlYWxtIjoicG9lMiJ9XQ/b2b4865296/ConcentratedEffectSupportGem.png	
gem	Concoct I	Варево I	WzI1LDE0LHsiZiI6IjJESXRlbXMvR2Vtcy9OZXcvTmV3U3VwcG9ydC9Db25jb2N0U3VwcG9ydEdlbSIsInciOjEsImgiOjEsInNjYWxlIjoxLCJyZWFsbSI6InBvZTIifV0/6b14c5bc24/ConcoctSupportGem.png	
gem	Concoct II	Варево II	WzI1LDE0LHsiZiI6IjJESXRlbXMvR2Vtcy9OZXcvTmV3U3VwcG9ydC9Db25jb2N0U3VwcG9ydEdlbSIsInciOjEsImgiOjEsInNjYWxlIjoxLCJyZWFsbSI6InBvZTIifV0/6b14c5bc24/ConcoctSupportGem.png	
gem	Concussive Runes	Сотрясающие руны	WzI1LDE0LHsiZiI6IjJESXRlbXMvR2Vtcy9OZXcvTmV3U3VwcG9ydC9FeHBlZGl0aW9uUHVtbWVsR2VtIiwidyI6MSwiaCI6MSwic2NhbGUiOjEsInJlYWxtIjoicG9lMiJ9XQ/7dee65055b/ExpeditionPummelGem.png	
gem	Concussive Spells	Сотрясающие чары	WzI1LDE0LHsiZiI6IjJESXRlbXMvR2Vtcy9OZXcvTmV3U3VwcG9ydC9EYXplb25Dcml0U3VwcG9ydEdlbSIsInciOjEsImgiOjEsInNjYWxlIjoxLCJyZWFsbSI6InBvZTIifV0/3a9a902fd5/DazeonCritSupportGem.png	
gem	Conductive Runes	Проводящие руны	WzI1LDE0LHsiZiI6IjJESXRlbXMvR2Vtcy9OZXcvRXhwZWRpdGlvblJ1bmV3b3JkSGF6YXJkR2VtIiwidyI6MSwiaCI6MSwic2NhbGUiOjEsInJlYWxtIjoicG9lMiJ9XQ/8cf57b277b/ExpeditionRunewordHazardGem.png	
gem	Conductivity	Проводимость	WzI1LDE0LHsiZiI6IjJESXRlbXMvR2Vtcy9OZXcvQ29uZHVjdGl2aXR5U2tpbGxHZW0iLCJ3IjoxLCJoIjoxLCJzY2FsZSI6MSwicmVhbG0iOiJwb2UyIn1d/675baceb4f/ConductivitySkillGem.png	
gem	Considered Casting	Вдумчивое сотворение	WzI1LDE0LHsiZiI6IjJESXRlbXMvR2Vtcy9OZXcvTmV3U3VwcG9ydC9BZGRlZENvbnNpZGVyZWRDYXN0aW5nU3VwcG9ydEdlbSIsInciOjEsImgiOjEsInNjYWxlIjoxLCJyZWFsbSI6InBvZTIifV0/90352fb0e0/AddedConsideredCastingSupportGem.png	
gem	Contagion	Инфекция	WzI1LDE0LHsiZiI6IjJESXRlbXMvR2Vtcy9OZXcvV2l0Y2hDb250YWdpb25Ta2lsbEdlbSIsInciOjEsImgiOjEsInNjYWxlIjoxLCJyZWFsbSI6InBvZTIifV0/146966a691/WitchContagionSkillGem.png	
gem	Controlled Destruction	Контролируемое разрушение	WzI1LDE0LHsiZiI6IjJESXRlbXMvR2Vtcy9OZXcvTmV3U3VwcG9ydC9Db250cm9sbGVkRGVzdHJ1Y3Rpb25TdXBwb3J0R2VtIiwidyI6MSwiaCI6MSwic2NhbGUiOjEsInJlYWxtIjoicG9lMiJ9XQ/72ec89855b/ControlledDestructionSupportGem.png	
gem	Controlled Hazard	Управляемые помехи	WzI1LDE0LHsiZiI6IjJESXRlbXMvR2Vtcy9OZXcvTmV3U3VwcG9ydC9Db250cm9sbGVkSGF6YXJkU3VwcG9ydEdlbSIsInciOjEsImgiOjEsInNjYWxlIjoxLCJyZWFsbSI6InBvZTIifV0/36bcd8b312/ControlledHazardSupportGem.png	
gem	Convalescence	Оздоровление	WzI1LDE0LHsiZiI6IjJESXRlbXMvR2Vtcy9OZXcvQ29udmFsZXNjZW5jZVNraWxsR2VtIiwidyI6MSwiaCI6MSwic2NhbGUiOjEsInJlYWxtIjoicG9lMiJ9XQ/ad47bb93b6/ConvalescenceSkillGem.png	
gem	Cool Headed	Хладнокровие	WzI1LDE0LHsiZiI6IjJESXRlbXMvR2Vtcy9OZXcvTmV3U3VwcG9ydC9Db29sSGVhZGVkU3VwcG9ydEdlbSIsInciOjEsImgiOjEsInNjYWxlIjoxLCJyZWFsbSI6InBvZTIifV0/6694f34aa4/CoolHeadedSupportGem.png	
gem	Cooldown Recovery I	Ускорение перезарядки I	WzI1LDE0LHsiZiI6IjJESXRlbXMvR2Vtcy9OZXcvTmV3U3VwcG9ydC9Db29sZG93blJlZHVjdGlvblN1cHBvcnRHZW0iLCJ3IjoxLCJoIjoxLCJzY2FsZSI6MSwicmVhbG0iOiJwb2UyIn1d/aeed090552/CooldownReductionSupportGem.png	
gem	Cooldown Recovery II	Ускорение перезарядки II	WzI1LDE0LHsiZiI6IjJESXRlbXMvR2Vtcy9OZXcvTmV3U3VwcG9ydC9Db29sZG93blJlZHVjdGlvblN1cHBvcnRHZW0iLCJ3IjoxLCJoIjoxLCJzY2FsZSI6MSwicmVhbG0iOiJwb2UyIn1d/aeed090552/CooldownReductionSupportGem.png	
gem	Corpse Conservation	Сохранение трупов	WzI1LDE0LHsiZiI6IjJESXRlbXMvR2Vtcy9OZXcvTmV3U3VwcG9ydC9Db3Jwc2VDb25zZXJ2YXRpb25TdXBwb3J0R2VtIiwidyI6MSwiaCI6MSwic2NhbGUiOjEsInJlYWxtIjoicG9lMiJ9XQ/712885fa44/CorpseConservationSupportGem.png	
gem	Corrosion	Коррозия	WzI1LDE0LHsiZiI6IjJESXRlbXMvR2Vtcy9OZXcvTmV3U3VwcG9ydC9Db3Jyb3Npb25TdXBwb3J0R2VtIiwidyI6MSwiaCI6MSwic2NhbGUiOjEsInJlYWxtIjoicG9lMiJ9XQ/c822a200d3/CorrosionSupportGem.png	
gem	Corrupting Cry I	Оскверняющий клич I	WzI1LDE0LHsiZiI6IjJESXRlbXMvR2Vtcy9OZXcvTmV3U3VwcG9ydC9Db3JydXB0aW5nQ3J5U3VwcG9ydEdlbSIsInciOjEsImgiOjEsInNjYWxlIjoxLCJyZWFsbSI6InBvZTIifV0/368aee75e8/CorruptingCrySupportGem.png	
gem	Corrupting Cry II	Оскверняющий клич II	WzI1LDE0LHsiZiI6IjJESXRlbXMvR2Vtcy9OZXcvTmV3U3VwcG9ydC9Db3JydXB0aW5nQ3J5U3VwcG9ydEdlbSIsInciOjEsImgiOjEsInNjYWxlIjoxLCJyZWFsbSI6InBvZTIifV0/368aee75e8/CorruptingCrySupportGem.png	
gem	Coursing Current	Скачущее напряжение	WzI1LDE0LHsiZiI6IjJESXRlbXMvR2Vtcy9OZXcvTmV3U3VwcG9ydC9TaG9ja2luZ1Byb2xpZmVyYXRpb25TdXBwb3J0R2VtIiwidyI6MSwiaCI6MSwic2NhbGUiOjEsInJlYWxtIjoicG9lMiJ9XQ/c80b82e61e/ShockingProliferationSupportGem.png	
gem	Crackling Barrier	Искрящий барьер	WzI1LDE0LHsiZiI6IjJESXRlbXMvR2Vtcy9OZXcvTmV3U3VwcG9ydC9MaWdodG5pbmdUaG9ybnNTdXBwb3J0R2VtIiwidyI6MSwiaCI6MSwic2NhbGUiOjEsInJlYWxtIjoicG9lMiJ9XQ/80c17d4414/LightningThornsSupportGem.png	
gem	Crater	Кратер	WzI1LDE0LHsiZiI6IjJESXRlbXMvR2Vtcy9OZXcvTmV3U3VwcG9ydC9GaXNzdXJlT25MYW5kaW5nU3VwcG9ydEdlbSIsInciOjEsImgiOjEsInNjYWxlIjoxLCJyZWFsbSI6InBvZTIifV0/a64c745890/FissureOnLandingSupportGem.png	
gem	Crazed Minions	Шальные приспешники	WzI1LDE0LHsiZiI6IjJESXRlbXMvR2Vtcy9OZXcvTmV3U3VwcG9ydC9DcmF6ZWRNaW5pb25zU3VwcG9ydEdlbSIsInciOjEsImgiOjEsInNjYWxlIjoxLCJyZWFsbSI6InBvZTIifV0/2723da4182/CrazedMinionsSupportGem.png	
gem	Creeping Chill	Ползучий хлад	WzI1LDE0LHsiZiI6IjJESXRlbXMvR2Vtcy9OZXcvTmV3U3VwcG9ydC9DcmVlcGluZ0NoaWxsU3VwcG9ydEdlbSIsInciOjEsImgiOjEsInNjYWxlIjoxLCJyZWFsbSI6InBvZTIifV0/95a74e9c60/CreepingChillSupportGem.png	
gem	Crescendo I	Крещендо I	WzI1LDE0LHsiZiI6IjJESXRlbXMvR2Vtcy9OZXcvTmV3U3VwcG9ydC9FeHRlbmRlZENvbWJvU3VwcG9ydEdlbSIsInciOjEsImgiOjEsInNjYWxlIjoxLCJyZWFsbSI6InBvZTIifV0/305c6013d0/ExtendedComboSupportGem.png	
gem	Crescendo II	Крещендо II	WzI1LDE0LHsiZiI6IjJESXRlbXMvR2Vtcy9OZXcvTmV3U3VwcG9ydC9FeHRlbmRlZENvbWJvU3VwcG9ydEdlbSIsInciOjEsImgiOjEsInNjYWxlIjoxLCJyZWFsbSI6InBvZTIifV0/305c6013d0/ExtendedComboSupportGem.png	
gem	Crescendo III	Крещендо III	WzI1LDE0LHsiZiI6IjJESXRlbXMvR2Vtcy9OZXcvTmV3U3VwcG9ydC9FeHRlbmRlZENvbWJvU3VwcG9ydEdlbSIsInciOjEsImgiOjEsInNjYWxlIjoxLCJyZWFsbSI6InBvZTIifV0/305c6013d0/ExtendedComboSupportGem.png	
gem	Cross Slash	Крестовой удар	WzI1LDE0LHsiZiI6IjJESXRlbXMvR2Vtcy9OZXcvRHJ1aWRDcm9zc1NsYXNoU2tpbGxHZW0iLCJ3IjoxLCJoIjoxLCJzY2FsZSI6MSwicmVhbG0iOiJwb2UyIn1d/bdf00f20b7/DruidCrossSlashSkillGem.png	
gem	Crystalline Shards	Кристальные осколки	WzI1LDE0LHsiZiI6IjJESXRlbXMvR2Vtcy9OZXcvTmV3U3VwcG9ydC9DcnlzdGFsbGluZVNoYXJkc1N1cHBvcnRHZW0iLCJ3IjoxLCJoIjoxLCJzY2FsZSI6MSwicmVhbG0iOiJwb2UyIn1d/b138636232/CrystallineShardsSupportGem.png	
gem	Cull The Weak	Добивание слабых	WzI1LDE0LHsiZiI6IjJESXRlbXMvR2Vtcy9OZXcvRnJlbnppZWRMdW5nZVNraWxsR2VtIiwidyI6MSwiaCI6MSwic2NhbGUiOjEsInJlYWxtIjoicG9lMiJ9XQ/b7725e1ddb/FrenziedLungeSkillGem.png	
gem	Culling Strike I	Добивание I	WzI1LDE0LHsiZiI6IjJESXRlbXMvR2Vtcy9OZXcvTmV3U3VwcG9ydC9DdWxsaW5nU3RyaWtlU3VwcG9ydEdlbSIsInciOjEsImgiOjEsInNjYWxlIjoxLCJyZWFsbSI6InBvZTIifV0/86fcc9e319/CullingStrikeSupportGem.png	
gem	Culling Strike II	Добивание II	WzI1LDE0LHsiZiI6IjJESXRlbXMvR2Vtcy9OZXcvTmV3U3VwcG9ydC9DdWxsaW5nU3RyaWtlU3VwcG9ydEdlbSIsInciOjEsImgiOjEsInNjYWxlIjoxLCJyZWFsbSI6InBvZTIifV0/86fcc9e319/CullingStrikeSupportGem.png	
gem	Culmination I	Кульминация I	WzI1LDE0LHsiZiI6IjJESXRlbXMvR2Vtcy9OZXcvTmV3U3VwcG9ydC9DdWxtaW5hdGlvblN1cHBvcnRHZW0iLCJ3IjoxLCJoIjoxLCJzY2FsZSI6MSwicmVhbG0iOiJwb2UyIn1d/18cae4b102/CulminationSupportGem.png	
gem	Culmination II	Кульминация II	WzI1LDE0LHsiZiI6IjJESXRlbXMvR2Vtcy9OZXcvTmV3U3VwcG9ydC9DdWxtaW5hdGlvblN1cHBvcnRHZW0iLCJ3IjoxLCJoIjoxLCJzY2FsZSI6MSwicmVhbG0iOiJwb2UyIn1d/18cae4b102/CulminationSupportGem.png	
gem	Cursed Ground	Проклятая земля	WzI1LDE0LHsiZiI6IjJESXRlbXMvR2Vtcy9OZXcvTmV3U3VwcG9ydC9DdXJzZWRHcm91bmRTdXBwb3J0R2VtIiwidyI6MSwiaCI6MSwic2NhbGUiOjEsInJlYWxtIjoicG9lMiJ9XQ/9f05751dd6/CursedGroundSupportGem.png	
gem	Danse Macabre	Пляска смерти	WzI1LDE0LHsiZiI6IjJESXRlbXMvR2Vtcy9OZXcvTmV3U3VwcG9ydC9BZGRlZERhbnNlTWFjYWJyZVN1cHBvcnRHZW0iLCJ3IjoxLCJoIjoxLCJzY2FsZSI6MSwicmVhbG0iOiJwb2UyIn1d/1f98fdf53c/AddedDanseMacabreSupportGem.png	
gem	Daresso's Passion	Страсть Дарессо	WzI1LDE0LHsiZiI6IjJESXRlbXMvR2Vtcy9OZXcvTmV3U3VwcG9ydC9MaW5lYWdlL0xpbmVhZ2VEYXJlc3NvIiwic2NhbGUiOjEsInJlYWxtIjoicG9lMiJ9XQ/31805870df/LineageDaresso.png	
gem	Dark Effigy	Тёмное чучело	WzI1LDE0LHsiZiI6IjJESXRlbXMvR2Vtcy9OZXcvV2l0Y2hEYXJrRWZmaWd5U2tpbGxHZW0iLCJ3IjoxLCJoIjoxLCJzY2FsZSI6MSwicmVhbG0iOiJwb2UyIn1d/20f8fbc1ae/WitchDarkEffigySkillGem.png	
gem	Dauntless	Бесстрашие	WzI1LDE0LHsiZiI6IjJESXRlbXMvR2Vtcy9OZXcvTmV3U3VwcG9ydC9Vbm1vdmluZ1N1cHBvcnRHZW0iLCJ3IjoxLCJoIjoxLCJzY2FsZSI6MSwicmVhbG0iOiJwb2UyIn1d/82563fd5c1/UnmovingSupportGem.png	
gem	Daze	Оцепенение		
gem	Dazing Cry	Оцепеняющий клич	WzI1LDE0LHsiZiI6IjJESXRlbXMvR2Vtcy9OZXcvTmV3U3VwcG9ydC9EYXppbmdDcnlTdXBwb3J0R2VtIiwidyI6MSwiaCI6MSwic2NhbGUiOjEsInJlYWxtIjoicG9lMiJ9XQ/590a2225f5/DazingCrySupportGem.png	
gem	Dazzle	Вспышка	WzI1LDE0LHsiZiI6IjJESXRlbXMvR2Vtcy9OZXcvTmV3U3VwcG9ydC9EYXp6bGVTdXBwb3J0R2VtIiwidyI6MSwiaCI6MSwic2NhbGUiOjEsInJlYWxtIjoicG9lMiJ9XQ/89b806f7c3/DazzleSupportGem.png	
gem	Deadly Herald	Смертоносный вестник	WzI1LDE0LHsiZiI6IjJESXRlbXMvR2Vtcy9OZXcvTmV3U3VwcG9ydC9EZWFkbHlIZXJhbGRTdXBwb3J0R2VtIiwidyI6MSwiaCI6MSwic2NhbGUiOjEsInJlYWxtIjoicG9lMiJ9XQ/4e98f6a965/DeadlyHeraldSupportGem.png	
gem	Deadly Poison I	Смертельный яд I	WzI1LDE0LHsiZiI6IjJESXRlbXMvR2Vtcy9OZXcvTmV3U3VwcG9ydC9EZWFkbHlQb2lzb25TdXBwb3J0R2VtIiwidyI6MSwiaCI6MSwic2NhbGUiOjEsInJlYWxtIjoicG9lMiJ9XQ/0c89a49c4d/DeadlyPoisonSupportGem.png	
gem	Deadly Poison II	Смертельный яд II	WzI1LDE0LHsiZiI6IjJESXRlbXMvR2Vtcy9OZXcvTmV3U3VwcG9ydC9EZWFkbHlQb2lzb25TdXBwb3J0R2VtIiwidyI6MSwiaCI6MSwic2NhbGUiOjEsInJlYWxtIjoicG9lMiJ9XQ/0c89a49c4d/DeadlyPoisonSupportGem.png	
gem	Deadly Resolve	Смертоносная решимость	WzI1LDE0LHsiZiI6IjJESXRlbXMvR2Vtcy9OZXcvTmV3U3VwcG9ydC9EYW5nZXJvdXNSZXNvbHZlU3VwcG9ydEdlbSIsInciOjEsImgiOjEsInNjYWxlIjoxLCJyZWFsbSI6InBvZTIifV0/abf93bfe4e/DangerousResolveSupportGem.png	
gem	Deathmarch	Марш смерти	WzI1LDE0LHsiZiI6IjJESXRlbXMvR2Vtcy9OZXcvTmV3U3VwcG9ydC9DbGVhbnNpbmdTdXBwb3J0R2VtIiwidyI6MSwiaCI6MSwic2NhbGUiOjEsInJlYWxtIjoicG9lMiJ9XQ/4d3d606307/CleansingSupportGem.png	
gem	Decaying Hex	Разлагающая порча	WzI1LDE0LHsiZiI6IjJESXRlbXMvR2Vtcy9OZXcvTmV3U3VwcG9ydC9Db3Jwc2VDb25zZXJ2YXRpb25TdXBwb3J0R2VtIiwidyI6MSwiaCI6MSwic2NhbGUiOjEsInJlYWxtIjoicG9lMiJ9XQ/712885fa44/CorpseConservationSupportGem.png	
gem	Deep Cuts I	Глубокие порезы I	WzI1LDE0LHsiZiI6IjJESXRlbXMvR2Vtcy9OZXcvTmV3U3VwcG9ydC9EZWVwQ3V0c1N1cHBvcnRHZW0iLCJ3IjoxLCJoIjoxLCJzY2FsZSI6MSwicmVhbG0iOiJwb2UyIn1d/49ee84e9f0/DeepCutsSupportGem.png	
gem	Deep Cuts II	Глубокие порезы II	WzI1LDE0LHsiZiI6IjJESXRlbXMvR2Vtcy9OZXcvTmV3U3VwcG9ydC9EZWVwQ3V0c1N1cHBvcnRHZW0iLCJ3IjoxLCJoIjoxLCJzY2FsZSI6MSwicmVhbG0iOiJwb2UyIn1d/49ee84e9f0/DeepCutsSupportGem.png	
gem	Deep Freeze	Глубокая заморозка	WzI1LDE0LHsiZiI6IjJESXRlbXMvR2Vtcy9OZXcvTmV3U3VwcG9ydC9EZWVwRnJlZXplU3VwcG9ydEdlbSIsInciOjEsImgiOjEsInNjYWxlIjoxLCJyZWFsbSI6InBvZTIifV0/898dbc6670/DeepFreezeSupportGem.png	
gem	Defiance Banner	Знамя непокорности	WzI1LDE0LHsiZiI6IjJESXRlbXMvR2Vtcy9OZXcvRGVmaWFuY2VCYW5uZXJTa2lsbEdlbSIsInciOjEsImgiOjEsInNjYWxlIjoxLCJyZWFsbSI6InBvZTIifV0/48e4a9cd86/DefianceBannerSkillGem.png	
gem	Defy I	Неповиновение I	WzI1LDE0LHsiZiI6IjJESXRlbXMvR2Vtcy9OZXcvTmV3U3VwcG9ydC9EZWZ5U3VwcG9ydEdlbSIsInciOjEsImgiOjEsInNjYWxlIjoxLCJyZWFsbSI6InBvZTIifV0/4563a1d4d0/DefySupportGem.png	
gem	Defy II	Неповиновение II	WzI1LDE0LHsiZiI6IjJESXRlbXMvR2Vtcy9OZXcvTmV3U3VwcG9ydC9EZWZ5U3VwcG9ydEdlbSIsInciOjEsImgiOjEsInNjYWxlIjoxLCJyZWFsbSI6InBvZTIifV0/4563a1d4d0/DefySupportGem.png	
gem	Delayed Gratification	Отложенная награда	WzI1LDE0LHsiZiI6IjJESXRlbXMvR2Vtcy9OZXcvTmV3U3VwcG9ydC9BZHZlcnNpdHlTdXBwb3J0R2VtIiwidyI6MSwiaCI6MSwic2NhbGUiOjEsInJlYWxtIjoicG9lMiJ9XQ/4f6e697a78/AdversitySupportGem.png	
gem	Delayed Reaction	Задержка срабатывания	WzI1LDE0LHsiZiI6IjJESXRlbXMvR2Vtcy9OZXcvTmV3U3VwcG9ydC9EZWxheWVkUmVhY3Rpb25TdXBwb3J0R2VtIiwidyI6MSwiaCI6MSwic2NhbGUiOjEsInJlYWxtIjoicG9lMiJ9XQ/008e58d8eb/DelayedReactionSupportGem.png	
gem	Deliberation	Целеустремлённость	WzI1LDE0LHsiZiI6IjJESXRlbXMvR2Vtcy9OZXcvTmV3U3VwcG9ydC9DZXNzYXRpb25TdXBwb3J0R2VtIiwidyI6MSwiaCI6MSwic2NhbGUiOjEsInJlYWxtIjoicG9lMiJ9XQ/a70bb9bb3b/CessationSupportGem.png	
gem	Derange	Разлад	WzI1LDE0LHsiZiI6IjJESXRlbXMvR2Vtcy9OZXcvTmV3U3VwcG9ydC9EZXJhbmdlU3VwcG9ydEdlbSIsInciOjEsImgiOjEsInNjYWxlIjoxLCJyZWFsbSI6InBvZTIifV0/c999148ef5/DerangeSupportGem.png	
gem	Despair	Отчаяние	WzI1LDE0LHsiZiI6IjJESXRlbXMvR2Vtcy9OZXcvV2l0Y2hEZXNwYWlyU2tpbGxHZW0iLCJ3IjoxLCJoIjoxLCJzY2FsZSI6MSwicmVhbG0iOiJwb2UyIn1d/6f128be013/WitchDespairSkillGem.png	
gem	Desperation	Безысходность	WzI1LDE0LHsiZiI6IjJESXRlbXMvR2Vtcy9OZXcvTmV3U3VwcG9ydC9EZXNwZXJhdGlvblN1cHBvcnRHZW0iLCJ3IjoxLCJoIjoxLCJzY2FsZSI6MSwicmVhbG0iOiJwb2UyIn1d/8f140deece/DesperationSupportGem.png	
gem	Detonate Dead	Подрыв трупа	WzI1LDE0LHsiZiI6IjJESXRlbXMvR2Vtcy9OZXcvV2l0Y2hEZXRvbmF0ZURlYWRTa2lsbEdlbSIsInciOjEsImgiOjEsInNjYWxlIjoxLCJyZWFsbSI6InBvZTIifV0/173f4432d9/WitchDetonateDeadSkillGem.png	
gem	Detonate Living	Взрывная агония	WzI1LDE0LHsiZiI6IjJESXRlbXMvR2Vtcy9OZXcvRXhwZWRpdGlvbkRldG9uYXRlTGl2aW5nR2VtIiwidyI6MSwiaCI6MSwic2NhbGUiOjEsInJlYWxtIjoicG9lMiJ9XQ/490cae1422/ExpeditionDetonateLivingGem.png	
gem	Detonating Arrow	Взрывная стрела	WzI1LDE0LHsiZiI6IjJESXRlbXMvR2Vtcy9OZXcvRGV0b25hdGluZ0Fycm93U2tpbGxHZW0iLCJ3IjoxLCJoIjoxLCJzY2FsZSI6MSwicmVhbG0iOiJwb2UyIn1d/b3bf2a9f1e/DetonatingArrowSkillGem.png	
gem	Devastate	Разгром	WzI1LDE0LHsiZiI6IjJESXRlbXMvR2Vtcy9OZXcvTmV3U3VwcG9ydC9EZXZhc3RhdGVTdXBwb3J0R2VtIiwidyI6MSwiaCI6MSwic2NhbGUiOjEsInJlYWxtIjoicG9lMiJ9XQ/d52a0bab75/DevastateSupportGem.png	
gem	Devour	Пожирание	WzI1LDE0LHsiZiI6IjJESXRlbXMvR2Vtcy9OZXcvRHJ1aWREZXZvdXJTaG9ja1NraWxsR2VtIiwidyI6MSwiaCI6MSwic2NhbGUiOjEsInJlYWxtIjoicG9lMiJ9XQ/e5d265be73/DruidDevourShockSkillGem.png	
gem	Dialla's Desire	Желание Диаллы	WzI1LDE0LHsiZiI6IjJESXRlbXMvR2Vtcy9OZXcvTmV3U3VwcG9ydC9MaW5lYWdlL0RpYWxsYSIsInNjYWxlIjoxLCJyZWFsbSI6InBvZTIifV0/1b959c86b4/Dialla.png	
gem	Direstrike I	Отчаянный удар I	WzI1LDE0LHsiZiI6IjJESXRlbXMvR2Vtcy9OZXcvTmV3U3VwcG9ydC9EaXJlU3RyaWtlU3VwcG9ydEdlbSIsInciOjEsImgiOjEsInNjYWxlIjoxLCJyZWFsbSI6InBvZTIifV0/123a5b7c9f/DireStrikeSupportGem.png	
gem	Direstrike II	Отчаянный удар II	WzI1LDE0LHsiZiI6IjJESXRlbXMvR2Vtcy9OZXcvTmV3U3VwcG9ydC9EaXJlU3RyaWtlU3VwcG9ydEdlbSIsInciOjEsImgiOjEsInNjYWxlIjoxLCJyZWFsbSI6InBvZTIifV0/123a5b7c9f/DireStrikeSupportGem.png	
gem	Disengage	Отступление	WzI1LDE0LHsiZiI6IjJESXRlbXMvR2Vtcy9OZXcvSW1wYWxlU2tpbGxHZW0iLCJ3IjoxLCJoIjoxLCJzY2FsZSI6MSwicmVhbG0iOiJwb2UyIn1d/19dc789dc2/ImpaleSkillGem.png	
gem	Doedre's Undoing	Пагуба Доэдре	WzI1LDE0LHsiZiI6IjJESXRlbXMvR2Vtcy9OZXcvTmV3U3VwcG9ydC9MaW5lYWdlL0xpbmVhZ2VEb2VkcmUiLCJzY2FsZSI6MSwicmVhbG0iOiJwb2UyIn1d/83dad35313/LineageDoedre.png	
gem	Dominus' Grasp	Хватка Владыки	WzI1LDE0LHsiZiI6IjJESXRlbXMvR2Vtcy9OZXcvTmV3U3VwcG9ydC9MaW5lYWdlL0xpbmVhZ2VNZXJjeSIsInNjYWxlIjoxLCJyZWFsbSI6InBvZTIifV0/38123ca95d/LineageMercy.png	
gem	Double Barrel I	Два ствола I	WzI1LDE0LHsiZiI6IjJESXRlbXMvR2Vtcy9OZXcvTmV3U3VwcG9ydC9Eb3VibGVCYXJyZWxTdXBwb3J0R2VtIiwidyI6MSwiaCI6MSwic2NhbGUiOjEsInJlYWxtIjoicG9lMiJ9XQ/1b8f1f3df8/DoubleBarrelSupportGem.png	
gem	Double Barrel II	Два ствола II	WzI1LDE0LHsiZiI6IjJESXRlbXMvR2Vtcy9OZXcvTmV3U3VwcG9ydC9Eb3VibGVCYXJyZWxTdXBwb3J0R2VtIiwidyI6MSwiaCI6MSwic2NhbGUiOjEsInJlYWxtIjoicG9lMiJ9XQ/1b8f1f3df8/DoubleBarrelSupportGem.png	
gem	Double Barrel III	Два ствола III	WzI1LDE0LHsiZiI6IjJESXRlbXMvR2Vtcy9OZXcvTmV3U3VwcG9ydC9Eb3VibGVCYXJyZWxTdXBwb3J0R2VtIiwidyI6MSwiaCI6MSwic2NhbGUiOjEsInJlYWxtIjoicG9lMiJ9XQ/1b8f1f3df8/DoubleBarrelSupportGem.png	
gem	Drain Ailments	Поглощение состояний	WzI1LDE0LHsiZiI6IjJESXRlbXMvR2Vtcy9OZXcvTmV3U3VwcG9ydC9EcmFpbkFmZmxpY3Rpb25TdXBwb3J0R2VtIiwidyI6MSwiaCI6MSwic2NhbGUiOjEsInJlYWxtIjoicG9lMiJ9XQ/99ca23780f/DrainAfflictionSupportGem.png	
gem	Dread Banner	Знамя страха	WzI1LDE0LHsiZiI6IjJESXRlbXMvR2Vtcy9OZXcvRHJlYWRCYW5uZXJTa2lsbEdlbSIsInciOjEsImgiOjEsInNjYWxlIjoxLCJyZWFsbSI6InBvZTIifV0/ea88f76031/DreadBannerSkillGem.png	
gem	Durability	Прочность	WzI1LDE0LHsiZiI6IjJESXRlbXMvR2Vtcy9OZXcvTmV3U3VwcG9ydC9EdXJhYmlsaXR5U3VwcG9ydEdlbSIsInciOjEsImgiOjEsInNjYWxlIjoxLCJyZWFsbSI6InBvZTIifV0/c9a7d01f61/DurabilitySupportGem.png	
gem	Earthquake	Землетрясение	WzI1LDE0LHsiZiI6IjJESXRlbXMvR2Vtcy9OZXcvRWFydGhxdWFrZVNraWxsR2VtIiwidyI6MSwiaCI6MSwic2NhbGUiOjEsInJlYWxtIjoicG9lMiJ9XQ/b91f4d171c/EarthquakeSkillGem.png	
gem	Earthshatter	Разлом земли	WzI1LDE0LHsiZiI6IjJESXRlbXMvR2Vtcy9OZXcvRWFydGhzaGF0dGVyU2tpbGxHZW0iLCJ3IjoxLCJoIjoxLCJzY2FsZSI6MSwicmVhbG0iOiJwb2UyIn1d/39b600caf4/EarthshatterSkillGem.png	
gem	Echoing Cry	Отдающийся крик	WzI1LDE0LHsiZiI6IjJESXRlbXMvR2Vtcy9OZXcvTmV3U3VwcG9ydC9FY2hvaW5nQ3J5U3VwcG9ydEdlbSIsInciOjEsImgiOjEsInNjYWxlIjoxLCJyZWFsbSI6InBvZTIifV0/76e8160c3b/EchoingCrySupportGem.png	
gem	Efficiency I	Эффективность I	WzI1LDE0LHsiZiI6IjJESXRlbXMvR2Vtcy9OZXcvTmV3U3VwcG9ydC9JbnNwaXJhdGlvblN1cHBvcnRHZW0iLCJ3IjoxLCJoIjoxLCJzY2FsZSI6MSwicmVhbG0iOiJwb2UyIn1d/744943c6f1/InspirationSupportGem.png	
gem	Efficiency II	Эффективность II	WzI1LDE0LHsiZiI6IjJESXRlbXMvR2Vtcy9OZXcvTmV3U3VwcG9ydC9JbnNwaXJhdGlvblN1cHBvcnRHZW0iLCJ3IjoxLCJoIjoxLCJzY2FsZSI6MSwicmVhbG0iOiJwb2UyIn1d/744943c6f1/InspirationSupportGem.png	
gem	Einhar's Beastrite	Ритуал Эйнара	WzI1LDE0LHsiZiI6IjJESXRlbXMvR2Vtcy9OZXcvTmV3U3VwcG9ydC9MaW5lYWdlL0xpbmVhZ2VFaW5oYXIiLCJzY2FsZSI6MSwicmVhbG0iOiJwb2UyIn1d/aec9088873/LineageEinhar.png	
gem	Electrocute	Электризация	WzI1LDE0LHsiZiI6IjJESXRlbXMvR2Vtcy9OZXcvTmV3U3VwcG9ydC9FbGVjdHJvY3V0ZVN1cHBvcnRHZW0iLCJ3IjoxLCJoIjoxLCJzY2FsZSI6MSwicmVhbG0iOiJwb2UyIn1d/5c88887fac/ElectrocuteSupportGem.png	
gem	Electrocuting Arrow	Стрела-проводник	WzI1LDE0LHsiZiI6IjJESXRlbXMvR2Vtcy9OZXcvRWxlY3Ryb2N1dGluZ1JvZFNraWxsR2VtIiwidyI6MSwiaCI6MSwic2NhbGUiOjEsInJlYWxtIjoicG9lMiJ9XQ/009dab089e/ElectrocutingRodSkillGem.png	
gem	Electromagnetism	Электромагнетизм	WzI1LDE0LHsiZiI6IjJESXRlbXMvR2Vtcy9OZXcvTmV3U3VwcG9ydC9TaG9ja2luZ1JpZnRTdXBwb3J0R2VtIiwidyI6MSwiaCI6MSwic2NhbGUiOjEsInJlYWxtIjoicG9lMiJ9XQ/d9bd85a9f9/ShockingRiftSupportGem.png	
gem	Elemental Armament I	Стихийное оружие I	WzI1LDE0LHsiZiI6IjJESXRlbXMvR2Vtcy9OZXcvTmV3U3VwcG9ydC9XZWFwb25FbGVtZW50YWxEYW1hZ2VTdXBwb3J0R2VtIiwidyI6MSwiaCI6MSwic2NhbGUiOjEsInJlYWxtIjoicG9lMiJ9XQ/bc4396d18c/WeaponElementalDamageSupportGem.png	
gem	Elemental Armament II	Стихийное оружие II	WzI1LDE0LHsiZiI6IjJESXRlbXMvR2Vtcy9OZXcvTmV3U3VwcG9ydC9XZWFwb25FbGVtZW50YWxEYW1hZ2VTdXBwb3J0R2VtIiwidyI6MSwiaCI6MSwic2NhbGUiOjEsInJlYWxtIjoicG9lMiJ9XQ/bc4396d18c/WeaponElementalDamageSupportGem.png	
gem	Elemental Armament III	Стихийное оружие III	WzI1LDE0LHsiZiI6IjJESXRlbXMvR2Vtcy9OZXcvTmV3U3VwcG9ydC9XZWFwb25FbGVtZW50YWxEYW1hZ2VTdXBwb3J0R2VtIiwidyI6MSwiaCI6MSwic2NhbGUiOjEsInJlYWxtIjoicG9lMiJ9XQ/bc4396d18c/WeaponElementalDamageSupportGem.png	
gem	Elemental Army	Стихийное войско	WzI1LDE0LHsiZiI6IjJESXRlbXMvR2Vtcy9OZXcvTmV3U3VwcG9ydC9FbGVtZW50YWxBcm15U3VwcG9ydEdlbSIsInciOjEsImgiOjEsInNjYWxlIjoxLCJyZWFsbSI6InBvZTIifV0/e3e9c2d8d6/ElementalArmySupportGem.png	
gem	Elemental Conflux	Слияние стихий	WzI1LDE0LHsiZiI6IjJESXRlbXMvR2Vtcy9OZXcvRWxlbWVudGFsQ29uZmx1eFNraWxsR2VtIiwidyI6MSwiaCI6MSwic2NhbGUiOjEsInJlYWxtIjoicG9lMiJ9XQ/09082b83c1/ElementalConfluxSkillGem.png	
gem	Elemental Discharge	Разряд стихий	WzI1LDE0LHsiZiI6IjJESXRlbXMvR2Vtcy9OZXcvTmV3U3VwcG9ydC9FbGVtZW50YWxEaXNjaGFyZ2VTdXBwb3J0R2VtIiwidyI6MSwiaCI6MSwic2NhbGUiOjEsInJlYWxtIjoicG9lMiJ9XQ/bfef2ab2b5/ElementalDischargeSupportGem.png	
gem	Elemental Focus	Концентрация стихий	WzI1LDE0LHsiZiI6IjJESXRlbXMvR2Vtcy9OZXcvTmV3U3VwcG9ydC9FbGVtZW50YWxGb2N1c1N1cHBvcnRHZW0iLCJ3IjoxLCJoIjoxLCJzY2FsZSI6MSwicmVhbG0iOiJwb2UyIn1d/0719960753/ElementalFocusSupportGem.png	
gem	Elemental Invocation	Вызов стихии	WzI1LDE0LHsiZiI6IjJESXRlbXMvR2Vtcy9OZXcvRWxlbWVudGFsSW52b2NhdGlvbk1ldGFTa2lsbEdlbSIsInciOjEsImgiOjEsInNjYWxlIjoxLCJyZWFsbSI6InBvZTIifV0/94722beec3/ElementalInvocationMetaSkillGem.png	
gem	Elemental Sundering	Стихийный раскол	WzI1LDE0LHsiZiI6IjJESXRlbXMvR2Vtcy9OZXcvRXh0cmFFbGVtZW50c1NraWxsR2VtIiwidyI6MSwiaCI6MSwic2NhbGUiOjEsInJlYWxtIjoicG9lMiJ9XQ/1fb56d5b71/ExtraElementsSkillGem.png	
gem	Elemental Weakness	Уязвимость к стихиям	WzI1LDE0LHsiZiI6IjJESXRlbXMvR2Vtcy9OZXcvRWxlbWVudGFsV2Vha25lc3NTa2lsbEdlbSIsInciOjEsImgiOjEsInNjYWxlIjoxLCJyZWFsbSI6InBvZTIifV0/9f76295f21/ElementalWeaknessSkillGem.png	
gem	Ember Fusillade	Янтарный шквал	WzI1LDE0LHsiZiI6IjJESXRlbXMvR2Vtcy9OZXcvQmxhemluZ0NsdXN0ZXJTa2lsbEdlbSIsInciOjEsImgiOjEsInNjYWxlIjoxLCJyZWFsbSI6InBvZTIifV0/9a66168b32/BlazingClusterSkillGem.png	
gem	Embitter	Охлаждение	WzI1LDE0LHsiZiI6IjJESXRlbXMvR2Vtcy9OZXcvTmV3U3VwcG9ydC9FbWJpdHRlclN1cHBvcnRHZW0iLCJ3IjoxLCJoIjoxLCJzY2FsZSI6MSwicmVhbG0iOiJwb2UyIn1d/71251eac93/EmbitterSupportGem.png	
gem	Emergency Reload	Экстренная перезарядка	WzI1LDE0LHsiZiI6IjJESXRlbXMvR2Vtcy9OZXcvRW1lcmdlbmN5UmVsb2FkTWVyY0dlbSIsInciOjEsImgiOjEsInNjYWxlIjoxLCJyZWFsbSI6InBvZTIifV0/f68e0db88d/EmergencyReloadMercGem.png	
gem	Empowered Sparks I	Заряженные искры I	WzI1LDE0LHsiZiI6IjJESXRlbXMvR2Vtcy9OZXcvTmV3U3VwcG9ydC9FbXBvd2VyZWRTcGFya3NTdXBwb3J0R2VtIiwidyI6MSwiaCI6MSwic2NhbGUiOjEsInJlYWxtIjoicG9lMiJ9XQ/7921331aa5/EmpoweredSparksSupportGem.png	
gem	Empowered Sparks II	Заряженные искры II	WzI1LDE0LHsiZiI6IjJESXRlbXMvR2Vtcy9OZXcvTmV3U3VwcG9ydC9FbXBvd2VyZWRTcGFya3NTdXBwb3J0R2VtIiwidyI6MSwiaCI6MSwic2NhbGUiOjEsInJlYWxtIjoicG9lMiJ9XQ/7921331aa5/EmpoweredSparksSupportGem.png	
gem	Encroaching Ground	Охватывающая земля	WzI1LDE0LHsiZiI6IjJESXRlbXMvR2Vtcy9OZXcvTmV3U3VwcG9ydC9FeHBhbmRpbmdHcm91bmRTdXBwb3J0R2VtIiwidyI6MSwiaCI6MSwic2NhbGUiOjEsInJlYWxtIjoicG9lMiJ9XQ/2d9183c8ca/ExpandingGroundSupportGem.png	
gem	Enduring Impact I	Выносливый удар I	WzI1LDE0LHsiZiI6IjJESXRlbXMvR2Vtcy9OZXcvTmV3U3VwcG9ydC9FbmR1cmFuY2VPbkhlYXZ5U3R1blN1cHBvcnRHZW0iLCJ3IjoxLCJoIjoxLCJzY2FsZSI6MSwicmVhbG0iOiJwb2UyIn1d/f95f9baa5d/EnduranceOnHeavyStunSupportGem.png	
gem	Enduring Impact II	Выносливый удар II	WzI1LDE0LHsiZiI6IjJESXRlbXMvR2Vtcy9OZXcvTmV3U3VwcG9ydC9FbmR1cmFuY2VPbkhlYXZ5U3R1blN1cHBvcnRHZW0iLCJ3IjoxLCJoIjoxLCJzY2FsZSI6MSwicmVhbG0iOiJwb2UyIn1d/f95f9baa5d/EnduranceOnHeavyStunSupportGem.png	
gem	Energy Barrier	Энергетический барьер	WzI1LDE0LHsiZiI6IjJESXRlbXMvR2Vtcy9OZXcvTmV3U3VwcG9ydC9FbmVyZ3lCYXJyaWVyU3VwcG9ydEdlbSIsInciOjEsImgiOjEsInNjYWxlIjoxLCJyZWFsbSI6InBvZTIifV0/58c49c1f13/EnergyBarrierSupportGem.png	
gem	Energy Capacitor	Накопитель энергии	WzI1LDE0LHsiZiI6IjJESXRlbXMvR2Vtcy9OZXcvTmV3U3VwcG9ydC9BZGRlZENhcGFjaXRvclN1cHBvcnRHZW0iLCJ3IjoxLCJoIjoxLCJzY2FsZSI6MSwicmVhbG0iOiJwb2UyIn1d/5cd4b3bf04/AddedCapacitorSupportGem.png	
gem	Energy Retention	Сохранение энергии	WzI1LDE0LHsiZiI6IjJESXRlbXMvR2Vtcy9OZXcvTmV3U3VwcG9ydC9BZGRlZEVuZXJneVJldGVudGlvblN1cHBvcnRHZW0iLCJ3IjoxLCJoIjoxLCJzY2FsZSI6MSwicmVhbG0iOiJwb2UyIn1d/328687daef/AddedEnergyRetentionSupportGem.png	
gem	Enfeeble	Слабость	WzI1LDE0LHsiZiI6IjJESXRlbXMvR2Vtcy9OZXcvV2l0Y2hFbmZlZWJsZVNraWxsR2VtIiwidyI6MSwiaCI6MSwic2NhbGUiOjEsInJlYWxtIjoicG9lMiJ9XQ/1815e83d7e/WitchEnfeebleSkillGem.png	
gem	Enraged Warcry I	Яростный крик I	WzI1LDE0LHsiZiI6IjJESXRlbXMvR2Vtcy9OZXcvTmV3U3VwcG9ydC9FbnJhZ2VkV2FyY3J5U3VwcG9ydEdlbSIsInciOjEsImgiOjEsInNjYWxlIjoxLCJyZWFsbSI6InBvZTIifV0/94f04c65b3/EnragedWarcrySupportGem.png	
gem	Enraged Warcry II	Яростный крик II	WzI1LDE0LHsiZiI6IjJESXRlbXMvR2Vtcy9OZXcvTmV3U3VwcG9ydC9FbnJhZ2VkV2FyY3J5U3VwcG9ydEdlbSIsInciOjEsImgiOjEsInNjYWxlIjoxLCJyZWFsbSI6InBvZTIifV0/94f04c65b3/EnragedWarcrySupportGem.png	
gem	Entangle	Оплетение	WzI1LDE0LHsiZiI6IjJESXRlbXMvR2Vtcy9OZXcvRHJ1aWRFbnRhbmdsZVNraWxsR2VtIiwidyI6MSwiaCI6MSwic2NhbGUiOjEsInJlYWxtIjoicG9lMiJ9XQ/f5d44ff677/DruidEntangleSkillGem.png	
gem	Eonyr's Thunder	Гром Эонира	WzI1LDE0LHsiZiI6IjJESXRlbXMvR2Vtcy9OZXcvTmV3U3VwcG9ydC9MaW5lYWdlL1NjYWxlb2ZFb255ciIsInciOjEsImgiOjEsInNjYWxlIjoxLCJyZWFsbSI6InBvZTIifV0/28084d3c8e/ScaleofEonyr.png	
gem	Escalating Poison	Нарастающий яд	WzI1LDE0LHsiZiI6IjJESXRlbXMvR2Vtcy9OZXcvTmV3U3VwcG9ydC9NdWx0aXBsZVBvaXNvblN1cHBvcnRHZW0iLCJ3IjoxLCJoIjoxLCJzY2FsZSI6MSwicmVhbG0iOiJwb2UyIn1d/64ad1a6bfc/MultiplePoisonSupportGem.png	
gem	Escape Shot	Выстрел с отскоком	WzI1LDE0LHsiZiI6IjJESXRlbXMvR2Vtcy9OZXcvRnJvc3RFc2NhcGVTa2lsbEdlbSIsInciOjEsImgiOjEsInNjYWxlIjoxLCJyZWFsbSI6InBvZTIifV0/a189d6d5b9/FrostEscapeSkillGem.png	
gem	Esh's Prowess	Умение Иш	WzI1LDE0LHsiZiI6IjJESXRlbXMvR2Vtcy9OZXcvTmV3U3VwcG9ydC9MaW5lYWdlL0VzaHNQcm93ZXNzIiwic2NhbGUiOjEsInJlYWxtIjoicG9lMiJ9XQ/5deb667226/EshsProwess.png	
gem	Esh's Radiance	Сияние Иш	WzI1LDE0LHsiZiI6IjJESXRlbXMvR2Vtcy9OZXcvTmV3U3VwcG9ydC9MaW5lYWdlL0xpbmVhZ2VFc2giLCJzY2FsZSI6MSwicmVhbG0iOiJwb2UyIn1d/2bdbf8be07/LineageEsh.png	
gem	Essence Drain	Похищение сущности	WzI1LDE0LHsiZiI6IjJESXRlbXMvR2Vtcy9OZXcvV2l0Y2hFc3NlbmNlRHJhaW5Ta2lsbEdlbSIsInciOjEsImgiOjEsInNjYWxlIjoxLCJyZWFsbSI6InBvZTIifV0/f8e785bcd0/WitchEssenceDrainSkillGem.png	
gem	Essence Harvest	Жатва сущности	WzI1LDE0LHsiZiI6IjJESXRlbXMvR2Vtcy9OZXcvTmV3U3VwcG9ydC9Fc3NlbmNlSGFydmVzdFN1cHBvcnRHZW0iLCJ3IjoxLCJoIjoxLCJzY2FsZSI6MSwicmVhbG0iOiJwb2UyIn1d/decc61c7f4/EssenceHarvestSupportGem.png	
gem	Eternal Flame I	Вечное пламя I	WzI1LDE0LHsiZiI6IjJESXRlbXMvR2Vtcy9OZXcvTmV3U3VwcG9ydC9FdGVybmFsRmxhbWVTdXBwb3J0R2VtIiwidyI6MSwiaCI6MSwic2NhbGUiOjEsInJlYWxtIjoicG9lMiJ9XQ/cc5cec0f49/EternalFlameSupportGem.png	
gem	Eternal Flame II	Вечное пламя II	WzI1LDE0LHsiZiI6IjJESXRlbXMvR2Vtcy9OZXcvTmV3U3VwcG9ydC9FdGVybmFsRmxhbWVTdXBwb3J0R2VtIiwidyI6MSwiaCI6MSwic2NhbGUiOjEsInJlYWxtIjoicG9lMiJ9XQ/cc5cec0f49/EternalFlameSupportGem.png	
gem	Eternal Flame III	Вечное пламя III	WzI1LDE0LHsiZiI6IjJESXRlbXMvR2Vtcy9OZXcvTmV3U3VwcG9ydC9FdGVybmFsRmxhbWVTdXBwb3J0R2VtIiwidyI6MSwiaCI6MSwic2NhbGUiOjEsInJlYWxtIjoicG9lMiJ9XQ/cc5cec0f49/EternalFlameSupportGem.png	
gem	Eternal March	Вечный марш	WzI1LDE0LHsiZiI6IjJESXRlbXMvR2Vtcy9OZXcvRXhwZWRpdGlvbldhcmRmb3JnZWRNaW5pb25zR2VtIiwidyI6MSwiaCI6MSwic2NhbGUiOjEsInJlYWxtIjoicG9lMiJ9XQ/f9aedddb36/ExpeditionWardforgedMinionsGem.png	
gem	Eternal Mark	Вечная метка	WzI1LDE0LHsiZiI6IjJESXRlbXMvR2Vtcy9OZXcvTmV3U3VwcG9ydC9EYXplb25Dcml0U3VwcG9ydEdlbSIsInciOjEsImgiOjEsInNjYWxlIjoxLCJyZWFsbSI6InBvZTIifV0/3a9a902fd5/DazeonCritSupportGem.png	
gem	Eternal Rage	Вечная ярость	WzI1LDE0LHsiZiI6IjJESXRlbXMvR2Vtcy9OZXcvQ2Vhc2VsZXNzUmFnZSIsInciOjEsImgiOjEsInNjYWxlIjoxLCJyZWFsbSI6InBvZTIifV0/0ebd9a88fa/CeaselessRage.png	
gem	Excise	Рассечение	WzI1LDE0LHsiZiI6IjJESXRlbXMvR2Vtcy9OZXcvTmV3U3VwcG9ydC9FeGNpc2VTdXBwb3J0R2VtIiwidyI6MSwiaCI6MSwic2NhbGUiOjEsInJlYWxtIjoicG9lMiJ9XQ/fd1f9c8a06/ExciseSupportGem.png	
gem	Excoriate	Содранная кожа	WzI1LDE0LHsiZiI6IjJESXRlbXMvR2Vtcy9OZXcvTmV3U3VwcG9ydC9FbGVtZW50YWxBc3NhdWx0U3VwcG9ydEdlbSIsInciOjEsImgiOjEsInNjYWxlIjoxLCJyZWFsbSI6InBvZTIifV0/ed8e7c2f1d/ElementalAssaultSupportGem.png	
gem	Execrate	Расправа	WzI1LDE0LHsiZiI6IjJESXRlbXMvR2Vtcy9OZXcvTmV3U3VwcG9ydC9FeHBhbnNlU3VwcG9ydEdlbSIsInciOjEsImgiOjEsInNjYWxlIjoxLCJyZWFsbSI6InBvZTIifV0/3996b278b0/ExpanseSupportGem.png	
gem	Execute I	Казнь I	WzI1LDE0LHsiZiI6IjJESXRlbXMvR2Vtcy9OZXcvTmV3U3VwcG9ydC9FeGVjdXRlU3VwcG9ydEdlbSIsInciOjEsImgiOjEsInNjYWxlIjoxLCJyZWFsbSI6InBvZTIifV0/2d119a5f9c/ExecuteSupportGem.png	
gem	Execute II	Казнь II	WzI1LDE0LHsiZiI6IjJESXRlbXMvR2Vtcy9OZXcvTmV3U3VwcG9ydC9FeGVjdXRlU3VwcG9ydEdlbSIsInciOjEsImgiOjEsInNjYWxlIjoxLCJyZWFsbSI6InBvZTIifV0/2d119a5f9c/ExecuteSupportGem.png	
gem	Execute III	Казнь III	WzI1LDE0LHsiZiI6IjJESXRlbXMvR2Vtcy9OZXcvTmV3U3VwcG9ydC9FeGVjdXRlU3VwcG9ydEdlbSIsInciOjEsImgiOjEsInNjYWxlIjoxLCJyZWFsbSI6InBvZTIifV0/2d119a5f9c/ExecuteSupportGem.png	
gem	Expand	Расширение	WzI1LDE0LHsiZiI6IjJESXRlbXMvR2Vtcy9OZXcvTmV3U3VwcG9ydC9FeHBhbmRTdXBwb3J0R2VtIiwidyI6MSwiaCI6MSwic2NhbGUiOjEsInJlYWxtIjoicG9lMiJ9XQ/be63e936fb/ExpandSupportGem.png	
gem	Expanse	Широкий охват	WzI1LDE0LHsiZiI6IjJESXRlbXMvR2Vtcy9OZXcvTmV3U3VwcG9ydC9FeGVjcmF0ZVN1cHBvcnRHZW0iLCJ3IjoxLCJoIjoxLCJzY2FsZSI6MSwicmVhbG0iOiJwb2UyIn1d/759467cfe0/ExecrateSupportGem.png	
gem	Exploit Weakness	Брешь	WzI1LDE0LHsiZiI6IjJESXRlbXMvR2Vtcy9OZXcvTmV3U3VwcG9ydC9FeHBsb2l0V2Vha25lc3NTdXBwb3J0R2VtIiwidyI6MSwiaCI6MSwic2NhbGUiOjEsInJlYWxtIjoicG9lMiJ9XQ/134c1b293f/ExploitWeaknessSupportGem.png	
gem	Explosive Grenade	Взрывная граната	WzI1LDE0LHsiZiI6IjJESXRlbXMvR2Vtcy9OZXcvRXhwbG9zaXZlR3JlbmFkZU1lcmNHZW0iLCJ3IjoxLCJoIjoxLCJzY2FsZSI6MSwicmVhbG0iOiJwb2UyIn1d/73e6e3cd9f/ExplosiveGrenadeMercGem.png	
gem	Explosive Shot	Взрывной выстрел	WzI1LDE0LHsiZiI6IjJESXRlbXMvR2Vtcy9OZXcvUG93ZXJTaG90SW5jZW5kaWFyeVNraWxsR2VtIiwidyI6MSwiaCI6MSwic2NhbGUiOjEsInJlYWxtIjoicG9lMiJ9XQ/91d811d5f7/PowerShotIncendiarySkillGem.png	
gem	Explosive Spear	Взрывное копьё	WzI1LDE0LHsiZiI6IjJESXRlbXMvR2Vtcy9OZXcvUmVtb3RlTWluZVNwZWFyU2tpbGxHZW0iLCJ3IjoxLCJoIjoxLCJzY2FsZSI6MSwicmVhbG0iOiJwb2UyIn1d/98f7f7ec82/RemoteMineSpearSkillGem.png	
gem	Explosive Transmutation	Взрывное преображение	WzI1LDE0LHsiZiI6IjJESXRlbXMvR2Vtcy9OZXcvRXhwZWRpdGlvbkV4cGxvc2l2ZVRyYW5zbXV0YXRpb25HZW0iLCJ3IjoxLCJoIjoxLCJzY2FsZSI6MSwicmVhbG0iOiJwb2UyIn1d/fb821851df/ExpeditionExplosiveTransmutationGem.png	
gem	Exposing Cry	Клич восприимчивости	WzI1LDE0LHsiZiI6IjJESXRlbXMvR2Vtcy9OZXcvTmV3U3VwcG9ydC9FeHBvc2l0aW9uU3VwcG9ydEdlbSIsInciOjEsImgiOjEsInNjYWxlIjoxLCJyZWFsbSI6InBvZTIifV0/c61781ea23/ExpositionSupportGem.png	
gem	Extraction	Извлечение	WzI1LDE0LHsiZiI6IjJESXRlbXMvR2Vtcy9OZXcvTmV3U3VwcG9ydC9FeHRyYWN0aW9uU3VwcG9ydEdlbSIsInciOjEsImgiOjEsInNjYWxlIjoxLCJyZWFsbSI6InBvZTIifV0/cb3f133089/ExtractionSupportGem.png	
gem	Eye of Winter	Око зимы	WzI1LDE0LHsiZiI6IjJESXRlbXMvR2Vtcy9OZXcvRXllT2ZXaW50ZXJTa2lsbEdlbSIsInciOjEsImgiOjEsInNjYWxlIjoxLCJyZWFsbSI6InBvZTIifV0/b8aa27b454/EyeOfWinterSkillGem.png	
gem	Falling Thunder	Раскаты грома	WzI1LDE0LHsiZiI6IjJESXRlbXMvR2Vtcy9OZXcvTGlnaHRuaW5nU3RyaWtlU2tpbGxHZW0iLCJ3IjoxLCJoIjoxLCJzY2FsZSI6MSwicmVhbG0iOiJwb2UyIn1d/6308f8d347/LightningStrikeSkillGem.png	
gem	Fan The Flames	Раздувшееся пламя	WzI1LDE0LHsiZiI6IjJESXRlbXMvR2Vtcy9OZXcvTmV3U3VwcG9ydC9GYW50aGVGbGFtZXNTdXBwb3J0R2VtIiwidyI6MSwiaCI6MSwic2NhbGUiOjEsInJlYWxtIjoicG9lMiJ9XQ/701bf447aa/FantheFlamesSupportGem.png	
gem	Fan The Flames II	Раздувшееся пламя II	WzI1LDE0LHsiZiI6IjJESXRlbXMvR2Vtcy9OZXcvTmV3U3VwcG9ydC9GYW50aGVGbGFtZXNTdXBwb3J0R2VtIiwidyI6MSwiaCI6MSwic2NhbGUiOjEsInJlYWxtIjoicG9lMiJ9XQ/701bf447aa/FantheFlamesSupportGem.png	
gem	Fangs of Frost	Ледяные клыки	WzI1LDE0LHsiZiI6IjJESXRlbXMvR2Vtcy9OZXcvRmFuZ3NvZkZyb3N0U2tpbGxHZW0iLCJ3IjoxLCJoIjoxLCJzY2FsZSI6MSwicmVhbG0iOiJwb2UyIn1d/11f199cab2/FangsofFrostSkillGem.png	
gem	Feeding Frenzy I	Голодное остервенение I	WzI1LDE0LHsiZiI6IjJESXRlbXMvR2Vtcy9OZXcvTmV3U3VwcG9ydC9GZWVkaW5nRnJlbnp5U3VwcG9ydEdlbSIsInciOjEsImgiOjEsInNjYWxlIjoxLCJyZWFsbSI6InBvZTIifV0/cbe5bb753a/FeedingFrenzySupportGem.png	
gem	Feeding Frenzy II	Голодное остервенение II	WzI1LDE0LHsiZiI6IjJESXRlbXMvR2Vtcy9OZXcvTmV3U3VwcG9ydC9GZWVkaW5nRnJlbnp5U3VwcG9ydEdlbSIsInciOjEsImgiOjEsInNjYWxlIjoxLCJyZWFsbSI6InBvZTIifV0/cbe5bb753a/FeedingFrenzySupportGem.png	
gem	Feral Invocation	Вызов дикости	WzI1LDE0LHsiZiI6IjJESXRlbXMvR2Vtcy9OZXcvRHJ1aWRGZXJhbEludm9jYXRpb25Ta2lsbEdlbSIsInciOjEsImgiOjEsInNjYWxlIjoxLCJyZWFsbSI6InBvZTIifV0/325f4daf5c/DruidFeralInvocationSkillGem.png	
gem	Ferocious Roar	Свирепый рёв	WzI1LDE0LHsiZiI6IjJESXRlbXMvR2Vtcy9OZXcvQmVhcldhcmNyeU1ldGFTa2lsbEdlbSIsInciOjEsImgiOjEsInNjYWxlIjoxLCJyZWFsbSI6InBvZTIifV0/b011aa1403/BearWarcryMetaSkillGem.png	
gem	Ferocity	Дикость	WzI1LDE0LHsiZiI6IjJESXRlbXMvR2Vtcy9OZXcvTmV3U3VwcG9ydC9BZGRlZEZlcm9jaXR5U3VwcG9ydEdlbSIsInciOjEsImgiOjEsInNjYWxlIjoxLCJyZWFsbSI6InBvZTIifV0/73b385514c/AddedFerocitySupportGem.png	
gem	Fiery Death	Пламенная смерть	WzI1LDE0LHsiZiI6IjJESXRlbXMvR2Vtcy9OZXcvTmV3U3VwcG9ydC9GaWVyeURlYXRoU3VwcG9ydEdlbSIsInciOjEsImgiOjEsInNjYWxlIjoxLCJyZWFsbSI6InBvZTIifV0/cb93f3ecfb/FieryDeathSupportGem.png	
gem	Fire Attunement	Власть огня	WzI1LDE0LHsiZiI6IjJESXRlbXMvR2Vtcy9OZXcvTmV3U3VwcG9ydC9BZGRlZEZpcmVEYW1hZ2VTdXBwb3J0R2VtIiwidyI6MSwiaCI6MSwic2NhbGUiOjEsInJlYWxtIjoicG9lMiJ9XQ/50a598cb35/AddedFireDamageSupportGem.png	
gem	Fire Exposure	Восприимчивость к огню	WzI1LDE0LHsiZiI6IjJESXRlbXMvR2Vtcy9OZXcvTmV3U3VwcG9ydC9GaXJlRXhwb3N1cmVTdXBwb3J0R2VtIiwidyI6MSwiaCI6MSwic2NhbGUiOjEsInJlYWxtIjoicG9lMiJ9XQ/d6f8f42052/FireExposureSupportGem.png	
gem	Fire Mastery	Мастерство огня	WzI1LDE0LHsiZiI6IjJESXRlbXMvR2Vtcy9OZXcvTmV3U3VwcG9ydC9GaXJlTWFzdGVyeVN1cHBvcnRHZW0iLCJ3IjoxLCJoIjoxLCJzY2FsZSI6MSwicmVhbG0iOiJwb2UyIn1d/ee32e2c8bf/FireMasterySupportGem.png	
gem	Fire Penetration I	Пронизывающий жар I	WzI1LDE0LHsiZiI6IjJESXRlbXMvR2Vtcy9OZXcvTmV3U3VwcG9ydC9GaXJlUGVuZXRyYXRpb25TdXBwb3J0R2VtIiwidyI6MSwiaCI6MSwic2NhbGUiOjEsInJlYWxtIjoicG9lMiJ9XQ/2a067e75f7/FirePenetrationSupportGem.png	
gem	Fire Penetration II	Пронизывающий жар II	WzI1LDE0LHsiZiI6IjJESXRlbXMvR2Vtcy9OZXcvTmV3U3VwcG9ydC9GaXJlUGVuZXRyYXRpb25TdXBwb3J0R2VtIiwidyI6MSwiaCI6MSwic2NhbGUiOjEsInJlYWxtIjoicG9lMiJ9XQ/2a067e75f7/FirePenetrationSupportGem.png	
gem	Fireball	Огненный шар	WzI1LDE0LHsiZiI6IjJESXRlbXMvR2Vtcy9OZXcvR3JlYXRlckZpcmViYWxsU2tpbGxHZW0iLCJ3IjoxLCJoIjoxLCJzY2FsZSI6MSwicmVhbG0iOiJwb2UyIn1d/8c5a38ce48/GreaterFireballSkillGem.png	
gem	Firestorm	Огненный шторм	WzI1LDE0LHsiZiI6IjJESXRlbXMvR2Vtcy9OZXcvV2l0Y2hGaXJlc3Rvcm1Ta2lsbEdlbSIsInciOjEsImgiOjEsInNjYWxlIjoxLCJyZWFsbSI6InBvZTIifV0/bc713a9da1/WitchFirestormSkillGem.png	
gem	First Blood	Первая кровь	WzI1LDE0LHsiZiI6IjJESXRlbXMvR2Vtcy9OZXcvTmV3U3VwcG9ydC9GaXJzdEJsb29kU3VwcG9ydEdlbSIsInciOjEsImgiOjEsInNjYWxlIjoxLCJyZWFsbSI6InBvZTIifV0/5e4eeb2943/FirstBloodSupportGem.png	
gem	Fist Of Kalguur	Кулак Калгуура	WzI1LDE0LHsiZiI6IjJESXRlbXMvR2Vtcy9OZXcvTmV3U3VwcG9ydC9FeHBlZGl0aW9uRmlzdG9mS2FsZ3V1ckdlbSIsInciOjEsImgiOjEsInNjYWxlIjoxLCJyZWFsbSI6InBvZTIifV0/1a19bc0fbe/ExpeditionFistofKalguurGem.png	
gem	Fist of War I	Кулак войны I	WzI1LDE0LHsiZiI6IjJESXRlbXMvR2Vtcy9OZXcvTmV3U3VwcG9ydC9GaXN0b2ZXYXJTdXBwb3J0R2VtIiwidyI6MSwiaCI6MSwic2NhbGUiOjEsInJlYWxtIjoicG9lMiJ9XQ/86c556a051/FistofWarSupportGem.png	
gem	Fist of War II	Кулак войны II	WzI1LDE0LHsiZiI6IjJESXRlbXMvR2Vtcy9OZXcvTmV3U3VwcG9ydC9GaXN0b2ZXYXJTdXBwb3J0R2VtIiwidyI6MSwiaCI6MSwic2NhbGUiOjEsInJlYWxtIjoicG9lMiJ9XQ/86c556a051/FistofWarSupportGem.png	
gem	Fist of War III	Кулак войны III	WzI1LDE0LHsiZiI6IjJESXRlbXMvR2Vtcy9OZXcvTmV3U3VwcG9ydC9GaXN0b2ZXYXJTdXBwb3J0R2VtIiwidyI6MSwiaCI6MSwic2NhbGUiOjEsInJlYWxtIjoicG9lMiJ9XQ/86c556a051/FistofWarSupportGem.png	
gem	Flame Breath	Пламенное дыхание	WzI1LDE0LHsiZiI6IjJESXRlbXMvR2Vtcy9OZXcvRHJ1aWRGbGFtZUJyZWF0aFNraWxsR2VtIiwidyI6MSwiaCI6MSwic2NhbGUiOjEsInJlYWxtIjoicG9lMiJ9XQ/18137c8820/DruidFlameBreathSkillGem.png	
gem	Flame Wall	Стена пламени	WzI1LDE0LHsiZiI6IjJESXRlbXMvR2Vtcy9OZXcvRmxhbWVXYWxsU2tpbGxHZW0iLCJ3IjoxLCJoIjoxLCJzY2FsZSI6MSwicmVhbG0iOiJwb2UyIn1d/20c73643e6/FlameWallSkillGem.png	
gem	Flameblast	Пламенный взрыв	WzI1LDE0LHsiZiI6IjJESXRlbXMvR2Vtcy9OZXcvRmxhbWVibGFzdFNraWxsR2VtIiwidyI6MSwiaCI6MSwic2NhbGUiOjEsInJlYWxtIjoicG9lMiJ9XQ/147d18e9c4/FlameblastSkillGem.png	
gem	Flamepierce	Пронзание пламени	WzI1LDE0LHsiZiI6IjJESXRlbXMvR2Vtcy9OZXcvTmV3U3VwcG9ydC9GbGFtZXBpZXJjZVN1cHBvcnRHZW0iLCJ3IjoxLCJoIjoxLCJzY2FsZSI6MSwicmVhbG0iOiJwb2UyIn1d/6c160b3e04/FlamepierceSupportGem.png	
gem	Flammability	Горючесть	WzI1LDE0LHsiZiI6IjJESXRlbXMvR2Vtcy9OZXcvRmxhbW1hYmlsaXR5U2tpbGxHZW0iLCJ3IjoxLCJoIjoxLCJzY2FsZSI6MSwicmVhbG0iOiJwb2UyIn1d/ed0d50390c/FlammabilitySkillGem.png	
gem	Flash Grenade	Ослепляющая граната	WzI1LDE0LHsiZiI6IjJESXRlbXMvR2Vtcy9OZXcvRmxhc2hiYW5nR3JlbmFkZU1lcmNHZW0iLCJ3IjoxLCJoIjoxLCJzY2FsZSI6MSwicmVhbG0iOiJwb2UyIn1d/507e1eb9df/FlashbangGrenadeMercGem.png	
gem	Flicker Strike	Внезапный удар	WzI1LDE0LHsiZiI6IjJESXRlbXMvR2Vtcy9OZXcvRmxpY2tlclN0cmlrZVRlbGVwb3J0U2tpbGxHZW0iLCJ3IjoxLCJoIjoxLCJzY2FsZSI6MSwicmVhbG0iOiJwb2UyIn1d/d82d8f10cb/FlickerStrikeTeleportSkillGem.png	
gem	Flow	Поток	WzI1LDE0LHsiZiI6IjJESXRlbXMvR2Vtcy9OZXcvTmV3U3VwcG9ydC9MaW5nZXJpbmdDb21ib1N1cHBvcnRHZW0iLCJ3IjoxLCJoIjoxLCJzY2FsZSI6MSwicmVhbG0iOiJwb2UyIn1d/48623d0510/LingeringComboSupportGem.png	
gem	Fluke	Разброс	WzI1LDE0LHsiZiI6IjJESXRlbXMvR2Vtcy9OZXcvTmV3U3VwcG9ydC9SYW5kb21pc2VkVHJpZ2dlclN1cHBvcnRHZW0iLCJ3IjoxLCJoIjoxLCJzY2FsZSI6MSwicmVhbG0iOiJwb2UyIn1d/a29e46c2be/RandomisedTriggerSupportGem.png	
gem	Focused Curse	Наведённое проклятие	WzI1LDE0LHsiZiI6IjJESXRlbXMvR2Vtcy9OZXcvTmV3U3VwcG9ydC9CbGFua0JsdWVTdXBwb3J0R2VtIiwidyI6MSwiaCI6MSwic2NhbGUiOjEsInJlYWxtIjoicG9lMiJ9XQ/b420545308/BlankBlueSupportGem.png	
gem	Font of Blood	Купель крови	WzI1LDE0LHsiZiI6IjJESXRlbXMvR2Vtcy9OZXcvTmV3U3VwcG9ydC9Gb250T2ZCbG9vZFN1cHBvcnRHZW0iLCJ3IjoxLCJoIjoxLCJzY2FsZSI6MSwicmVhbG0iOiJwb2UyIn1d/e0ad4e05d3/FontOfBloodSupportGem.png	
gem	Font of Mana	Купель маны	WzI1LDE0LHsiZiI6IjJESXRlbXMvR2Vtcy9OZXcvTmV3U3VwcG9ydC9NYW5hRm91bnRhaW5TdXBwb3J0R2VtIiwidyI6MSwiaCI6MSwic2NhbGUiOjEsInJlYWxtIjoicG9lMiJ9XQ/44486f1845/ManaFountainSupportGem.png	
gem	Font of Rage	Купель свирепости	WzI1LDE0LHsiZiI6IjJESXRlbXMvR2Vtcy9OZXcvTmV3U3VwcG9ydC9Gb250T2ZSYWdlU3VwcG9ydEdlbSIsInciOjEsImgiOjEsInNjYWxlIjoxLCJyZWFsbSI6InBvZTIifV0/1eee945dc3/FontOfRageSupportGem.png	
gem	Forge Hammer	Молот кузни	WzI1LDE0LHsiZiI6IjJESXRlbXMvR2Vtcy9OZXcvV2FycmlvckZvcmdlSGFtbWVyU2tpbGxHZW0iLCJ3IjoxLCJoIjoxLCJzY2FsZSI6MSwicmVhbG0iOiJwb2UyIn1d/f2ad2bbe40/WarriorForgeHammerSkillGem.png	
gem	Fork	Разветвление	WzI1LDE0LHsiZiI6IjJESXRlbXMvR2Vtcy9OZXcvTmV3U3VwcG9ydC9Gb3JrU3VwcG9ydEdlbSIsInciOjEsImgiOjEsInNjYWxlIjoxLCJyZWFsbSI6InBvZTIifV0/c0a87bb24f/ForkSupportGem.png	
gem	Fortifying Cry	Укрепляющий клич	WzI1LDE0LHsiZiI6IjJESXRlbXMvR2Vtcy9OZXcvV2FycmlvclNoaWVsZGluZ0NyeVNraWxsR2VtIiwidyI6MSwiaCI6MSwic2NhbGUiOjEsInJlYWxtIjoicG9lMiJ9XQ/47efafdaf2/WarriorShieldingCrySkillGem.png	
gem	Fortress I	Крепость I	WzI1LDE0LHsiZiI6IjJESXRlbXMvR2Vtcy9OZXcvTmV3U3VwcG9ydC9XYWxsRm9ydHJlc3NTdXBwb3J0R2VtIiwidyI6MSwiaCI6MSwic2NhbGUiOjEsInJlYWxtIjoicG9lMiJ9XQ/1be6f23e4c/WallFortressSupportGem.png	
gem	Fortress II	Крепость II	WzI1LDE0LHsiZiI6IjJESXRlbXMvR2Vtcy9OZXcvTmV3U3VwcG9ydC9XYWxsRm9ydHJlc3NTdXBwb3J0R2VtIiwidyI6MSwiaCI6MSwic2NhbGUiOjEsInJlYWxtIjoicG9lMiJ9XQ/1be6f23e4c/WallFortressSupportGem.png	
gem	Fragmentation Rounds	Осколочные снаряды	WzI1LDE0LHsiZiI6IjJESXRlbXMvR2Vtcy9OZXcvQnVyc3RTaG90UGh5c2ljYWxTa2lsbEdlbSIsInciOjEsImgiOjEsInNjYWxlIjoxLCJyZWFsbSI6InBvZTIifV0/522ca8e5ba/BurstShotPhysicalSkillGem.png	
gem	Fragments Of The Past	Фрагменты прошлого	WzI1LDE0LHsiZiI6IjJESXRlbXMvR2Vtcy9OZXcvRXhwZWRpdGlvbkZyYWdtZW50c29mdGhlUGFzdEdlbSIsInciOjEsImgiOjEsInNjYWxlIjoxLCJyZWFsbSI6InBvZTIifV0/eaddad91c3/ExpeditionFragmentsofthePastGem.png	
gem	Freeze	Заморозка	WzI1LDE0LHsiZiI6IjJESXRlbXMvR2Vtcy9OZXcvTmV3U3VwcG9ydC9IeXBvdGhlcm1pYVN1cHBvcnRHZW0iLCJ3IjoxLCJoIjoxLCJzY2FsZSI6MSwicmVhbG0iOiJwb2UyIn1d/7cbdd8a882/HypothermiaSupportGem.png	
gem	Freezefork	Морозное разветвление	WzI1LDE0LHsiZiI6IjJESXRlbXMvR2Vtcy9OZXcvTmV3U3VwcG9ydC9GcmVlemVmb3JrU3VwcG9ydEdlbSIsInciOjEsImgiOjEsInNjYWxlIjoxLCJyZWFsbSI6InBvZTIifV0/0f99b53eec/FreezeforkSupportGem.png	
gem	Freezing Mark	Морозная метка	WzI1LDE0LHsiZiI6IjJESXRlbXMvR2Vtcy9OZXcvRnJlZXppbmdNYXJrU2tpbGxHZW0iLCJ3IjoxLCJoIjoxLCJzY2FsZSI6MSwicmVhbG0iOiJwb2UyIn1d/cbcf0b9c69/FreezingMarkSkillGem.png	
gem	Freezing Salvo	Замораживающий залп	WzI1LDE0LHsiZiI6IjJESXRlbXMvR2Vtcy9OZXcvUmFuZ2VyRnJlZXppbmdTYWx2b1NraWxsR2VtIiwidyI6MSwiaCI6MSwic2NhbGUiOjEsInJlYWxtIjoicG9lMiJ9XQ/4948549497/RangerFreezingSalvoSkillGem.png	
gem	Frenzied Riposte	Яростное парирование	WzI1LDE0LHsiZiI6IjJESXRlbXMvR2Vtcy9OZXcvTmV3U3VwcG9ydC9SZXRvcnRTdXBwb3J0R2VtIiwidyI6MSwiaCI6MSwic2NhbGUiOjEsInJlYWxtIjoicG9lMiJ9XQ/19abab72ac/RetortSupportGem.png	
gem	Fresh Clip I	Сменный магазин I	WzI1LDE0LHsiZiI6IjJESXRlbXMvR2Vtcy9OZXcvTmV3U3VwcG9ydC9EYW1hZ2VQZXJCb2x0UmVsb2FkZWRSZWNlbnRseVN1cHBvcnRHZW0iLCJ3IjoxLCJoIjoxLCJzY2FsZSI6MSwicmVhbG0iOiJwb2UyIn1d/718003d3bf/DamagePerBoltReloadedRecentlySupportGem.png	
gem	Fresh Clip II	Сменный магазин II	WzI1LDE0LHsiZiI6IjJESXRlbXMvR2Vtcy9OZXcvTmV3U3VwcG9ydC9EYW1hZ2VQZXJCb2x0UmVsb2FkZWRSZWNlbnRseVN1cHBvcnRHZW0iLCJ3IjoxLCJoIjoxLCJzY2FsZSI6MSwicmVhbG0iOiJwb2UyIn1d/718003d3bf/DamagePerBoltReloadedRecentlySupportGem.png	
gem	Frost Bomb	Морозная бомба	WzI1LDE0LHsiZiI6IjJESXRlbXMvR2Vtcy9OZXcvRnJvc3RCb21iU2tpbGxHZW0iLCJ3IjoxLCJoIjoxLCJzY2FsZSI6MSwicmVhbG0iOiJwb2UyIn1d/454c4ecc07/FrostBombSkillGem.png	
gem	Frost Darts	Морозные иглы	WzI1LDE0LHsiZiI6IjJESXRlbXMvR2Vtcy9OZXcvRnJvc3REYXJ0c1NraWxsR2VtIiwidyI6MSwiaCI6MSwic2NhbGUiOjEsInJlYWxtIjoicG9lMiJ9XQ/640c31a873/FrostDartsSkillGem.png	
gem	Frost Nexus	Очаг холода	WzI1LDE0LHsiZiI6IjJESXRlbXMvR2Vtcy9OZXcvTmV3U3VwcG9ydC9Gcm96ZW5OZXh1c1N1cHBvcnRHZW0iLCJ3IjoxLCJoIjoxLCJzY2FsZSI6MSwicmVhbG0iOiJwb2UyIn1d/8ebe8683c3/FrozenNexusSupportGem.png	
gem	Frost Wall	Стена льда	WzI1LDE0LHsiZiI6IjJESXRlbXMvR2Vtcy9OZXcvRnJvc3RXYWxsU2tpbGxHZW0iLCJ3IjoxLCJoIjoxLCJzY2FsZSI6MSwicmVhbG0iOiJwb2UyIn1d/b63bdf07e5/FrostWallSkillGem.png	
gem	Frostbolt	Морозный шар	WzI1LDE0LHsiZiI6IjJESXRlbXMvR2Vtcy9OZXcvRnJvc3RCb2x0U2tpbGxHZW0iLCJ3IjoxLCJoIjoxLCJzY2FsZSI6MSwicmVhbG0iOiJwb2UyIn1d/f25017e94e/FrostBoltSkillGem.png	
gem	Frostfire	Из холода в жар	WzI1LDE0LHsiZiI6IjJESXRlbXMvR2Vtcy9OZXcvTmV3U3VwcG9ydC9Gcm9zdGZpcmVTdXBwb3J0R2VtIiwidyI6MSwiaCI6MSwic2NhbGUiOjEsInJlYWxtIjoicG9lMiJ9XQ/b022343a01/FrostfireSupportGem.png	
gem	Frostflame Nova	Кольцо морозного пламени	WzI1LDE0LHsiZiI6IjJESXRlbXMvR2Vtcy9OZXcvRXhwZWRpdGlvbkZyb3N0ZmlyZU5vdmFHZW0iLCJ3IjoxLCJoIjoxLCJzY2FsZSI6MSwicmVhbG0iOiJwb2UyIn1d/0693e1f6cb/ExpeditionFrostfireNovaGem.png	
gem	Frozen Locus	Направленная заморозка	WzI1LDE0LHsiZiI6IjJESXRlbXMvR2Vtcy9OZXcvSWNlQW1idXNoU2tpbGxHZW0iLCJ3IjoxLCJoIjoxLCJzY2FsZSI6MSwicmVhbG0iOiJwb2UyIn1d/46cce45a5b/IceAmbushSkillGem.png	
gem	Frozen Spite	Замёрзший гнев	WzI1LDE0LHsiZiI6IjJESXRlbXMvR2Vtcy9OZXcvTmV3U3VwcG9ydC9Gcm96ZW5TcGl0ZVN1cHBvcnRHZW0iLCJ3IjoxLCJoIjoxLCJzY2FsZSI6MSwicmVhbG0iOiJwb2UyIn1d/64dbc7defa/FrozenSpiteSupportGem.png	
gem	Furious Slam	Яростный удар	WzI1LDE0LHsiZiI6IjJESXRlbXMvR2Vtcy9OZXcvQmVhclNsYW1sU2tpbGxHZW0iLCJ3IjoxLCJoIjoxLCJzY2FsZSI6MSwicmVhbG0iOiJwb2UyIn1d/dbcadf5ce6/BearSlamlSkillGem.png	
gem	Fury of the Mountain	Ярость горы	WzI1LDE0LHsiZiI6IjJESXRlbXMvR2Vtcy9OZXcvRHJ1aWRGdXJ5b2Z0aGVNb3VudGFpblNraWxsR2VtIiwidyI6MSwiaCI6MSwic2NhbGUiOjEsInJlYWxtIjoicG9lMiJ9XQ/f8d23186e7/DruidFuryoftheMountainSkillGem.png	
gem	Galvanic Shards	Электризующие осколки	WzI1LDE0LHsiZiI6IjJESXRlbXMvR2Vtcy9OZXcvQnVyc3RTaG90U3Rvcm1ibGFzdFNraWxsR2VtIiwidyI6MSwiaCI6MSwic2NhbGUiOjEsInJlYWxtIjoicG9lMiJ9XQ/d6d35114bf/BurstShotStormblastSkillGem.png	
gem	Gambleshot	Выстрел наудачу	WzI1LDE0LHsiZiI6IjJESXRlbXMvR2Vtcy9OZXcvTmV3U3VwcG9ydC9HYW1ibGVzaG90U3VwcG9ydEdlbSIsInciOjEsImgiOjEsInNjYWxlIjoxLCJyZWFsbSI6InBvZTIifV0/07af3b55e0/GambleshotSupportGem.png	
gem	Garukhan's Resolve	Решимость Гарухан	WzI1LDE0LHsiZiI6IjJESXRlbXMvR2Vtcy9OZXcvTmV3U3VwcG9ydC9MaW5lYWdlL0dhcnVraGFuIiwic2NhbGUiOjEsInJlYWxtIjoicG9lMiJ9XQ/392773e9fd/Garukhan.png	
gem	Gas Arrow	Газовая стрела	WzI1LDE0LHsiZiI6IjJESXRlbXMvR2Vtcy9OZXcvR2FzQ2xvdWRBcnJvd1NraWxsR2VtIiwidyI6MSwiaCI6MSwic2NhbGUiOjEsInJlYWxtIjoicG9lMiJ9XQ/48b4722d94/GasCloudArrowSkillGem.png	
gem	Gas Grenade	Газовая граната	WzI1LDE0LHsiZiI6IjJESXRlbXMvR2Vtcy9OZXcvVG94aWNHcmVuYWRlTWVyY0dlbSIsInciOjEsImgiOjEsInNjYWxlIjoxLCJyZWFsbSI6InBvZTIifV0/7feb571492/ToxicGrenadeMercGem.png	
gem	Gathering Storm	Грядущая буря	WzI1LDE0LHsiZiI6IjJESXRlbXMvR2Vtcy9OZXcvR2F0aGVyaW5nU3Rvcm1Ta2lsbEdlbSIsInciOjEsImgiOjEsInNjYWxlIjoxLCJyZWFsbSI6InBvZTIifV0/1b04ebca7f/GatheringStormSkillGem.png	
gem	Ghost Dance	Призрачный танец	WzI1LDE0LHsiZiI6IjJESXRlbXMvR2Vtcy9OZXcvR2hvc3REYW5jZVNraWxsR2VtIiwidyI6MSwiaCI6MSwic2NhbGUiOjEsInJlYWxtIjoicG9lMiJ9XQ/5ac9e78c5e/GhostDanceSkillGem.png	
gem	Glacial Bolt	Леденящий болт	WzI1LDE0LHsiZiI6IjJESXRlbXMvR2Vtcy9OZXcvUG93ZXJTaG90UGVybWFmcm9zdFNraWxsR2VtIiwidyI6MSwiaCI6MSwic2NhbGUiOjEsInJlYWxtIjoicG9lMiJ9XQ/81c1f8f144/PowerShotPermafrostSkillGem.png	
gem	Glacial Cascade	Ледяной каскад	WzI1LDE0LHsiZiI6IjJESXRlbXMvR2Vtcy9OZXcvR2xhY2lhbENhc2NhZGVTa2lsbEdlbSIsInciOjEsImgiOjEsInNjYWxlIjoxLCJyZWFsbSI6InBvZTIifV0/d93afd9a51/GlacialCascadeSkillGem.png	
gem	Glacial Lance	Леденящее копьё	WzI1LDE0LHsiZiI6IjJESXRlbXMvR2Vtcy9OZXcvR2xhY2lhbExhbmNlU2tpbGxHZW0iLCJ3IjoxLCJoIjoxLCJzY2FsZSI6MSwicmVhbG0iOiJwb2UyIn1d/d50ca868bb/GlacialLanceSkillGem.png	
gem	Glacier	Ледник	WzI1LDE0LHsiZiI6IjJESXRlbXMvR2Vtcy9OZXcvTmV3U3VwcG9ydC9JY2VDcnlzdGFsTW9yZUxpZmVTdXBwb3J0R2VtIiwidyI6MSwiaCI6MSwic2NhbGUiOjEsInJlYWxtIjoicG9lMiJ9XQ/dbec199521/IceCrystalMoreLifeSupportGem.png	
gem	Gorge	Пресыщение	WzI1LDE0LHsiZiI6IjJESXRlbXMvR2Vtcy9OZXcvTmV3U3VwcG9ydC9Nb3J0dWFyeVN1cHBvcnRHZW0iLCJ3IjoxLCJoIjoxLCJzY2FsZSI6MSwicmVhbG0iOiJwb2UyIn1d/5bc138c239/MortuarySupportGem.png	
gem	Greatwood II	Могучее дерево II	WzI1LDE0LHsiZiI6IjJESXRlbXMvR2Vtcy9OZXcvTmV3U3VwcG9ydC9HcmVhdHdvb2RTdXBwb3J0R2VtIiwidyI6MSwiaCI6MSwic2NhbGUiOjEsInJlYWxtIjoicG9lMiJ9XQ/75c4ae0693/GreatwoodSupportGem.png	
gem	Grim Feast	Мрачный пир	WzI1LDE0LHsiZiI6IjJESXRlbXMvR2Vtcy9OZXcvV2l0Y2hHcmltRmVhc3RTa2lsbEdlbSIsInciOjEsImgiOjEsInNjYWxlIjoxLCJyZWFsbSI6InBvZTIifV0/856a99e3b4/WitchGrimFeastSkillGem.png	
gem	Grim Pillars	Мрачные столпы	WzI1LDE0LHsiZiI6IjJESXRlbXMvR2Vtcy9OZXcvRXhwZWRpdGlvbkdyaW1QaWxsYXJzR2VtIiwidyI6MSwiaCI6MSwic2NhbGUiOjEsInJlYWxtIjoicG9lMiJ9XQ/afece60329/ExpeditionGrimPillarsGem.png	
gem	Guatelitzi's Ablation	Отсечение Гвателитзи	WzI1LDE0LHsiZiI6IjJESXRlbXMvR2Vtcy9OZXcvTmV3U3VwcG9ydC9MaW5lYWdlL0d1YXRlbGl0emkiLCJzY2FsZSI6MSwicmVhbG0iOiJwb2UyIn1d/8ea2f0077d/Guatelitzi.png	
gem	Haemocrystals	Гемокристаллы	WzI1LDE0LHsiZiI6IjJESXRlbXMvR2Vtcy9OZXcvTmV3U3VwcG9ydC9IYWVtb2NyeXN0YWxzU3VwcG9ydEdlbSIsInciOjEsImgiOjEsInNjYWxlIjoxLCJyZWFsbSI6InBvZTIifV0/dc3cf047b2/HaemocrystalsSupportGem.png	
gem	Hailstorm Rounds	Град снарядов	WzI1LDE0LHsiZiI6IjJESXRlbXMvR2Vtcy9OZXcvU2llZ2VDYXNjYWRlUGVybWFmcm9zdFNraWxsR2VtIiwidyI6MSwiaCI6MSwic2NhbGUiOjEsInJlYWxtIjoicG9lMiJ9XQ/b39a36594a/SiegeCascadePermafrostSkillGem.png	
gem	Hammer of the Gods	Молот богов	WzI1LDE0LHsiZiI6IjJESXRlbXMvR2Vtcy9OZXcvSGFtbWVyT2ZUaGVHb2RzU2tpbGxHZW0iLCJ3IjoxLCJoIjoxLCJzY2FsZSI6MSwicmVhbG0iOiJwb2UyIn1d/b814a46bec/HammerOfTheGodsSkillGem.png	
gem	Hand of Chayula	Длань Чаюлы	WzI1LDE0LHsiZiI6IjJESXRlbXMvR2Vtcy9OZXcvQWNvbHl0ZU9mQ2hheXVsYVNraWxsR2VtIiwidyI6MSwiaCI6MSwic2NhbGUiOjEsInJlYWxtIjoicG9lMiJ9XQ/c61728f6e4/AcolyteOfChayulaSkillGem.png	
gem	Hardy Totems I	Прочные тотемы I	WzI1LDE0LHsiZiI6IjJESXRlbXMvR2Vtcy9OZXcvTmV3U3VwcG9ydC9Nb3JlVG90ZW1MaWZlU3VwcG9ydEdlbSIsInciOjEsImgiOjEsInNjYWxlIjoxLCJyZWFsbSI6InBvZTIifV0/ea0ef9231b/MoreTotemLifeSupportGem.png	
gem	Hardy Totems II	Прочные тотемы II	WzI1LDE0LHsiZiI6IjJESXRlbXMvR2Vtcy9OZXcvTmV3U3VwcG9ydC9Nb3JlVG90ZW1MaWZlU3VwcG9ydEdlbSIsInciOjEsImgiOjEsInNjYWxlIjoxLCJyZWFsbSI6InBvZTIifV0/ea0ef9231b/MoreTotemLifeSupportGem.png	
gem	Harmonic Remnants I	Бренные останки I	WzI1LDE0LHsiZiI6IjJESXRlbXMvR2Vtcy9OZXcvTmV3U3VwcG9ydC9SdXNoZWRSZW1uYW50c1N1cHBvcnRHZW0iLCJ3IjoxLCJoIjoxLCJzY2FsZSI6MSwicmVhbG0iOiJwb2UyIn1d/bf571a0d70/RushedRemnantsSupportGem.png	
gem	Harmonic Remnants II	Бренные останки II	WzI1LDE0LHsiZiI6IjJESXRlbXMvR2Vtcy9OZXcvTmV3U3VwcG9ydC9SdXNoZWRSZW1uYW50c1N1cHBvcnRHZW0iLCJ3IjoxLCJoIjoxLCJzY2FsZSI6MSwicmVhbG0iOiJwb2UyIn1d/bf571a0d70/RushedRemnantsSupportGem.png	
gem	Hayoxi's Fulmination	Взрыв Хайоши	WzI1LDE0LHsiZiI6IjJESXRlbXMvR2Vtcy9OZXcvTmV3U3VwcG9ydC9MaW5lYWdlL0hheW94aSIsInNjYWxlIjoxLCJyZWFsbSI6InBvZTIifV0/e0817c923c/Hayoxi.png	
gem	Healing Runes	Исцеляющие руны	WzI1LDE0LHsiZiI6IjJESXRlbXMvR2Vtcy9OZXcvTmV3U3VwcG9ydC9FeHBlZGl0aW9uSGVhbGluZ1J1bmVzR2VtIiwidyI6MSwiaCI6MSwic2NhbGUiOjEsInJlYWxtIjoicG9lMiJ9XQ/008bee7c04/ExpeditionHealingRunesGem.png	
gem	Heavy Swing	Тяжёлый замах	WzI1LDE0LHsiZiI6IjJESXRlbXMvR2Vtcy9OZXcvTmV3U3VwcG9ydC9NZWxlZVBoeXNpY2FsRGFtYWdlU3VwcG9ydEdlbSIsInciOjEsImgiOjEsInNjYWxlIjoxLCJyZWFsbSI6InBvZTIifV0/7e83346769/MeleePhysicalDamageSupportGem.png	
gem	Heft	Тяжесть	WzI1LDE0LHsiZiI6IjJESXRlbXMvR2Vtcy9OZXcvTmV3U3VwcG9ydC9BZGRlZEhlZnRTdXBwb3J0R2VtIiwidyI6MSwiaCI6MSwic2NhbGUiOjEsInJlYWxtIjoicG9lMiJ9XQ/c80459854d/AddedHeftSupportGem.png	
gem	Heightened Accuracy I	Повышенная меткость I	WzI1LDE0LHsiZiI6IjJESXRlbXMvR2Vtcy9OZXcvTmV3U3VwcG9ydC9BZGRpdGlvbmFsQWNjdXJhY3lTdXBwb3J0R2VtIiwidyI6MSwiaCI6MSwic2NhbGUiOjEsInJlYWxtIjoicG9lMiJ9XQ/08c0bde3ca/AdditionalAccuracySupportGem.png	
gem	Heightened Accuracy II	Повышенная меткость II	WzI1LDE0LHsiZiI6IjJESXRlbXMvR2Vtcy9OZXcvTmV3U3VwcG9ydC9BZGRpdGlvbmFsQWNjdXJhY3lTdXBwb3J0R2VtIiwidyI6MSwiaCI6MSwic2NhbGUiOjEsInJlYWxtIjoicG9lMiJ9XQ/08c0bde3ca/AdditionalAccuracySupportGem.png	
gem	Heightened Charges	Возвышенные заряды	WzI1LDE0LHsiZiI6IjJESXRlbXMvR2Vtcy9OZXcvTmV3U3VwcG9ydC9Qb3RlbmN5U3VwcG9ydEdlbSIsInciOjEsImgiOjEsInNjYWxlIjoxLCJyZWFsbSI6InBvZTIifV0/9f66b1989d/PotencySupportGem.png	
gem	Heightened Curse	Возвышенное проклятие	WzI1LDE0LHsiZiI6IjJESXRlbXMvR2Vtcy9OZXcvTmV3U3VwcG9ydC9DdXJzZUVmZmVjdFN1cHBvcnRHZW0iLCJ3IjoxLCJoIjoxLCJzY2FsZSI6MSwicmVhbG0iOiJwb2UyIn1d/014c0f2077/CurseEffectSupportGem.png	
gem	Helbrym's Hide	Шкура Хельбрима	WzI1LDE0LHsiZiI6IjJESXRlbXMvR2Vtcy9OZXcvTmV3U3VwcG9ydC9MaW5lYWdlL0hpZGVvZkhlbGJyeW0iLCJ3IjoxLCJoIjoxLCJzY2FsZSI6MSwicmVhbG0iOiJwb2UyIn1d/b1400215de/HideofHelbrym.png	
gem	Her Declaration	Её заявление	WzI1LDE0LHsiZiI6IjJESXRlbXMvR2Vtcy9OZXcvTmV3U3VwcG9ydC9MaW5lYWdlL01vdGhlcnNEZWNsYXJhdGlvbiIsInNjYWxlIjoxLCJyZWFsbSI6InBvZTIifV0/b3b8f71aec/MothersDeclaration.png	
gem	Herald of Ash	Вестник пепла	WzI1LDE0LHsiZiI6IjJESXRlbXMvR2Vtcy9OZXcvSGVyYWxkb2ZBc2hTa2lsbEdlbSIsInciOjEsImgiOjEsInNjYWxlIjoxLCJyZWFsbSI6InBvZTIifV0/9dc5e3e957/HeraldofAshSkillGem.png	
gem	Herald of Blood	Вестник крови	WzI1LDE0LHsiZiI6IjJESXRlbXMvR2Vtcy9OZXcvSGVyYWxkb2ZCbG9vZFNraWxsR2VtIiwidyI6MSwiaCI6MSwic2NhbGUiOjEsInJlYWxtIjoicG9lMiJ9XQ/363beda1e0/HeraldofBloodSkillGem.png	
gem	Herald of Ice	Вестник льда	WzI1LDE0LHsiZiI6IjJESXRlbXMvR2Vtcy9OZXcvSGVyYWxkb2ZJY2VTa2lsbEdlbSIsInciOjEsImgiOjEsInNjYWxlIjoxLCJyZWFsbSI6InBvZTIifV0/4da6fadc12/HeraldofIceSkillGem.png	
gem	Herald of Plague	Вестник чумы	WzI1LDE0LHsiZiI6IjJESXRlbXMvR2Vtcy9OZXcvSGVyYWxkT2ZBZ29ueVNraWxsR2VtIiwidyI6MSwiaCI6MSwic2NhbGUiOjEsInJlYWxtIjoicG9lMiJ9XQ/e7c1d9de27/HeraldOfAgonySkillGem.png	
gem	Herald of Thunder	Вестник грома	WzI1LDE0LHsiZiI6IjJESXRlbXMvR2Vtcy9OZXcvSGVyYWxkb2ZUaHVuZGVyU2tpbGxHZW0iLCJ3IjoxLCJoIjoxLCJzY2FsZSI6MSwicmVhbG0iOiJwb2UyIn1d/23b055fe42/HeraldofThunderSkillGem.png	
gem	Herbalism I	Травничество I	WzI1LDE0LHsiZiI6IjJESXRlbXMvR2Vtcy9OZXcvTmV3U3VwcG9ydC9IZXJiYWxpc21TdXBwb3J0R2VtIiwidyI6MSwiaCI6MSwic2NhbGUiOjEsInJlYWxtIjoicG9lMiJ9XQ/8e6f839c30/HerbalismSupportGem.png	
gem	Herbalism II	Травничество II	WzI1LDE0LHsiZiI6IjJESXRlbXMvR2Vtcy9OZXcvTmV3U3VwcG9ydC9IZXJiYWxpc21TdXBwb3J0R2VtIiwidyI6MSwiaCI6MSwic2NhbGUiOjEsInJlYWxtIjoicG9lMiJ9XQ/8e6f839c30/HerbalismSupportGem.png	
gem	Hex Bloom	Расцвет порчи	WzI1LDE0LHsiZiI6IjJESXRlbXMvR2Vtcy9OZXcvTmV3U3VwcG9ydC9IZXhCbG9vbVN1cHBvcnRHZW0iLCJ3IjoxLCJoIjoxLCJzY2FsZSI6MSwicmVhbG0iOiJwb2UyIn1d/6d616ddd58/HexBloomSupportGem.png	
gem	Hexblast	Взрыв порчи	WzI1LDE0LHsiZiI6IjJESXRlbXMvR2Vtcy9OZXcvV2l0Y2hIZXhibGFzdFNraWxsR2VtIiwidyI6MSwiaCI6MSwic2NhbGUiOjEsInJlYWxtIjoicG9lMiJ9XQ/58e4745281/WitchHexblastSkillGem.png	
gem	High Velocity Rounds	Высокоскоростные снаряды	WzI1LDE0LHsiZiI6IjJESXRlbXMvR2Vtcy9OZXcvUG93ZXJTaG90UGh5c2ljYWxTa2lsbEdlbSIsInciOjEsImgiOjEsInNjYWxlIjoxLCJyZWFsbSI6InBvZTIifV0/5338aed1cd/PowerShotPhysicalSkillGem.png	
gem	Hinder	Скованность	WzI1LDE0LHsiZiI6IjJESXRlbXMvR2Vtcy9OZXcvTmV3U3VwcG9ydC9IaW5kZXJTdXBwb3J0R2VtIiwidyI6MSwiaCI6MSwic2NhbGUiOjEsInJlYWxtIjoicG9lMiJ9XQ/33c799601c/HinderSupportGem.png	
gem	Hit and Run	Удар с разбега	WzI1LDE0LHsiZiI6IjJESXRlbXMvR2Vtcy9OZXcvTmV3U3VwcG9ydC9Nb2JpbGVBc3NhdWx0U3VwcG9ydEdlbSIsInciOjEsImgiOjEsInNjYWxlIjoxLCJyZWFsbSI6InBvZTIifV0/b3944fecb3/MobileAssaultSupportGem.png	
gem	Hobble	Стреноживание		
gem	Hollow Shell	Пустая оболочка	WzI1LDE0LHsiZiI6IjJESXRlbXMvR2Vtcy9OZXcvRXhwZWRpdGlvbkhvbGxvd1NoZWxsR2VtIiwidyI6MSwiaCI6MSwic2NhbGUiOjEsInJlYWxtIjoicG9lMiJ9XQ/4580b0926f/ExpeditionHollowShellGem.png	
gem	Holy Descent	Священное сошествие	WzI1LDE0LHsiZiI6IjJESXRlbXMvR2Vtcy9OZXcvTmV3U3VwcG9ydC9Ib2x5RGVzY2VudFN1cHBvcnRHZW0iLCJ3IjoxLCJoIjoxLCJzY2FsZSI6MSwicmVhbG0iOiJwb2UyIn1d/4297c498c6/HolyDescentSupportGem.png	
gem	Hourglass	Песочные часы	WzI1LDE0LHsiZiI6IjJESXRlbXMvR2Vtcy9OZXcvTmV3U3VwcG9ydC9Ib3VyZ2xhc3NTdXBwb3J0R2VtIiwidyI6MSwiaCI6MSwic2NhbGUiOjEsInJlYWxtIjoicG9lMiJ9XQ/8391334962/HourglassSupportGem.png	
gem	Hulking Minions	Громадные приспешники	WzI1LDE0LHsiZiI6IjJESXRlbXMvR2Vtcy9OZXcvTmV3U3VwcG9ydC9Fbm9ybWl0eVN1cHBvcnRHZW0iLCJ3IjoxLCJoIjoxLCJzY2FsZSI6MSwicmVhbG0iOiJwb2UyIn1d/c70a884f65/EnormitySupportGem.png	
gem	Hypothermia	Обморожение	WzI1LDE0LHsiZiI6IjJESXRlbXMvR2Vtcy9OZXcvRnJvc3RiaXRlU2tpbGxHZW0iLCJ3IjoxLCJoIjoxLCJzY2FsZSI6MSwicmVhbG0iOiJwb2UyIn1d/403b0ed473/FrostbiteSkillGem.png	
gem	Ice Bite I	Укус льда I	WzI1LDE0LHsiZiI6IjJESXRlbXMvR2Vtcy9OZXcvTmV3U3VwcG9ydC9JY2VCaXRlU3VwcG9ydEdlbSIsInciOjEsImgiOjEsInNjYWxlIjoxLCJyZWFsbSI6InBvZTIifV0/9723b702bd/IceBiteSupportGem.png	
gem	Ice Bite II	Укус льда II	WzI1LDE0LHsiZiI6IjJESXRlbXMvR2Vtcy9OZXcvTmV3U3VwcG9ydC9JY2VCaXRlU3VwcG9ydEdlbSIsInciOjEsImgiOjEsInNjYWxlIjoxLCJyZWFsbSI6InBvZTIifV0/9723b702bd/IceBiteSupportGem.png	
gem	Ice Nova	Кольцо льда	WzI1LDE0LHsiZiI6IjJESXRlbXMvR2Vtcy9OZXcvSWNlTm92YVNraWxsR2VtIiwidyI6MSwiaCI6MSwic2NhbGUiOjEsInJlYWxtIjoicG9lMiJ9XQ/c22987ca6d/IceNovaSkillGem.png	
gem	Ice Shards	Ледяные осколки	WzI1LDE0LHsiZiI6IjJESXRlbXMvR2Vtcy9OZXcvUmFwaWRTaG90UGVybWFmcm9zdFNraWxsR2VtIiwidyI6MSwiaCI6MSwic2NhbGUiOjEsInJlYWxtIjoicG9lMiJ9XQ/b36991e278/RapidShotPermafrostSkillGem.png	
gem	Ice Shot	Ледяной выстрел	WzI1LDE0LHsiZiI6IjJESXRlbXMvR2Vtcy9OZXcvSWNlU2hvdFNraWxsR2VtIiwidyI6MSwiaCI6MSwic2NhbGUiOjEsInJlYWxtIjoicG9lMiJ9XQ/32f9c0922d/IceShotSkillGem.png	
gem	Ice Strike	Ледяной удар	WzI1LDE0LHsiZiI6IjJESXRlbXMvR2Vtcy9OZXcvQ29tYm9BdHRhY2tTa2lsbEdlbSIsInciOjEsImgiOjEsInNjYWxlIjoxLCJyZWFsbSI6InBvZTIifV0/f2e380930c/ComboAttackSkillGem.png	
gem	Ice-Tipped Arrows	Льдистые стрелы	WzI1LDE0LHsiZiI6IjJESXRlbXMvR2Vtcy9OZXcvUmFuZ2VyU2hlYXJpbmdCb2x0c1NraWxsR2VtIiwidyI6MSwiaCI6MSwic2NhbGUiOjEsInJlYWxtIjoicG9lMiJ9XQ/be08e968f0/RangerShearingBoltsSkillGem.png	
gem	Icicle	Сосулька	WzI1LDE0LHsiZiI6IjJESXRlbXMvR2Vtcy9OZXcvTmV3U3VwcG9ydC9JY2VDcnlzdGFsTGVzc0xpZmVTdXBwb3J0R2VtIiwidyI6MSwiaCI6MSwic2NhbGUiOjEsInJlYWxtIjoicG9lMiJ9XQ/810769061b/IceCrystalLessLifeSupportGem.png	
gem	Ignite I	Поджог I	WzI1LDE0LHsiZiI6IjJESXRlbXMvR2Vtcy9OZXcvTmV3U3VwcG9ydC9JZ25pdGlvblN1cHBvcnRHZW0iLCJ3IjoxLCJoIjoxLCJzY2FsZSI6MSwicmVhbG0iOiJwb2UyIn1d/ff097cc42f/IgnitionSupportGem.png	
gem	Ignite II	Поджог II	WzI1LDE0LHsiZiI6IjJESXRlbXMvR2Vtcy9OZXcvTmV3U3VwcG9ydC9JZ25pdGlvblN1cHBvcnRHZW0iLCJ3IjoxLCJoIjoxLCJzY2FsZSI6MSwicmVhbG0iOiJwb2UyIn1d/ff097cc42f/IgnitionSupportGem.png	
gem	Ignite III	Поджог III	WzI1LDE0LHsiZiI6IjJESXRlbXMvR2Vtcy9OZXcvTmV3U3VwcG9ydC9JZ25pdGlvblN1cHBvcnRHZW0iLCJ3IjoxLCJoIjoxLCJzY2FsZSI6MSwicmVhbG0iOiJwb2UyIn1d/ff097cc42f/IgnitionSupportGem.png	
gem	Immolate	Жертвенность	WzI1LDE0LHsiZiI6IjJESXRlbXMvR2Vtcy9OZXcvTmV3U3VwcG9ydC9JbW1vbGF0aW9uU3VwcG9ydEdlbSIsInciOjEsImgiOjEsInNjYWxlIjoxLCJyZWFsbSI6InBvZTIifV0/e41905ef0f/ImmolationSupportGem.png	
gem	Impact Shockwave	Ударная волна	WzI1LDE0LHsiZiI6IjJESXRlbXMvR2Vtcy9OZXcvTmV3U3VwcG9ydC9JbXBhY3RTaG9ja3dhdmVTdXBwb3J0R2VtIiwidyI6MSwiaCI6MSwic2NhbGUiOjEsInJlYWxtIjoicG9lMiJ9XQ/5b3ad088c3/ImpactShockwaveSupportGem.png	
gem	Impale	Прокол	WzI1LDE0LHsiZiI6IjJESXRlbXMvR2Vtcy9OZXcvTmV3U3VwcG9ydC9JbXBhbGVTdXBwb3J0R2VtIiwidyI6MSwiaCI6MSwic2NhbGUiOjEsInJlYWxtIjoicG9lMiJ9XQ/85abf5d762/ImpaleSupportGem.png	
gem	Impending Doom	Обречённость	WzI1LDE0LHsiZiI6IjJESXRlbXMvR2Vtcy9OZXcvTmV3U3VwcG9ydC9JbXBlbmRpbmdEb29tU3VwcG9ydEdlbSIsInciOjEsImgiOjEsInNjYWxlIjoxLCJyZWFsbSI6InBvZTIifV0/49008542ad/ImpendingDoomSupportGem.png	
gem	Incendiary Shot	Поджигающий выстрел	WzI1LDE0LHsiZiI6IjJESXRlbXMvR2Vtcy9OZXcvQnVyc3RTaG90SW5jZW5kaWFyeVNraWxsR2VtIiwidyI6MSwiaCI6MSwic2NhbGUiOjEsInJlYWxtIjoicG9lMiJ9XQ/851bba5e35/BurstShotIncendiarySkillGem.png	
gem	Incinerate	Испепеление	WzI1LDE0LHsiZiI6IjJESXRlbXMvR2Vtcy9OZXcvSW5jaW5lcmF0ZVNraWxsR2VtIiwidyI6MSwiaCI6MSwic2NhbGUiOjEsInJlYWxtIjoicG9lMiJ9XQ/a7c951a441/IncinerateSkillGem.png	
gem	Incision	Разрез	WzI1LDE0LHsiZiI6IjJESXRlbXMvR2Vtcy9OZXcvTmV3U3VwcG9ydC9JbmNpc2lvblN1cHBvcnRHZW0iLCJ3IjoxLCJoIjoxLCJzY2FsZSI6MSwicmVhbG0iOiJwb2UyIn1d/d7d1640a7c/IncisionSupportGem.png	
gem	Inexorable Critical I	Неотвратимые критические удары I	WzI1LDE0LHsiZiI6IjJESXRlbXMvR2Vtcy9OZXcvTmV3U3VwcG9ydC9JbmV2aXRhYmxlQ3JpdGljYWxzU3VwcG9ydEdlbSIsInciOjEsImgiOjEsInNjYWxlIjoxLCJyZWFsbSI6InBvZTIifV0/03a4a4d26d/InevitableCriticalsSupportGem.png	
gem	Inexorable Critical II	Неотвратимые критические удары II	WzI1LDE0LHsiZiI6IjJESXRlbXMvR2Vtcy9OZXcvTmV3U3VwcG9ydC9JbmV2aXRhYmxlQ3JpdGljYWxzU3VwcG9ydEdlbSIsInciOjEsImgiOjEsInNjYWxlIjoxLCJyZWFsbSI6InBvZTIifV0/03a4a4d26d/InevitableCriticalsSupportGem.png	
gem	Infernal Cry	Клич преисподней	WzI1LDE0LHsiZiI6IjJESXRlbXMvR2Vtcy9OZXcvSW5mZXJuYWxDcnlTa2lsbEdlbSIsInciOjEsImgiOjEsInNjYWxlIjoxLCJyZWFsbSI6InBvZTIifV0/2d1084d36a/InfernalCrySkillGem.png	
gem	Infernal Legion I	Пылающий легион I	WzI1LDE0LHsiZiI6IjJESXRlbXMvR2Vtcy9OZXcvTmV3U3VwcG9ydC9JbmZlcm5hbExlZ2lvblN1cHBvcnRHZW0iLCJ3IjoxLCJoIjoxLCJzY2FsZSI6MSwicmVhbG0iOiJwb2UyIn1d/8b46d92935/InfernalLegionSupportGem.png	
gem	Infernal Legion II	Пылающий легион II	WzI1LDE0LHsiZiI6IjJESXRlbXMvR2Vtcy9OZXcvTmV3U3VwcG9ydC9JbmZlcm5hbExlZ2lvblN1cHBvcnRHZW0iLCJ3IjoxLCJoIjoxLCJzY2FsZSI6MSwicmVhbG0iOiJwb2UyIn1d/8b46d92935/InfernalLegionSupportGem.png	
gem	Infernal Legion III	Пылающий легион III	WzI1LDE0LHsiZiI6IjJESXRlbXMvR2Vtcy9OZXcvTmV3U3VwcG9ydC9JbmZlcm5hbExlZ2lvblN1cHBvcnRHZW0iLCJ3IjoxLCJoIjoxLCJzY2FsZSI6MSwicmVhbG0iOiJwb2UyIn1d/8b46d92935/InfernalLegionSupportGem.png	
gem	Inhibitor	Ингибитор	WzI1LDE0LHsiZiI6IjJESXRlbXMvR2Vtcy9OZXcvTmV3U3VwcG9ydC9JbmhpYml0b3JTdXBwb3J0R2VtIiwidyI6MSwiaCI6MSwic2NhbGUiOjEsInJlYWxtIjoicG9lMiJ9XQ/7b23904dc2/InhibitorSupportGem.png	
gem	Innervate	Возбуждение	WzI1LDE0LHsiZiI6IjJESXRlbXMvR2Vtcy9OZXcvTmV3U3VwcG9ydC9Jbm5lcnZhdGVTdXBwb3J0R2VtIiwidyI6MSwiaCI6MSwic2NhbGUiOjEsInJlYWxtIjoicG9lMiJ9XQ/0e27580aea/InnervateSupportGem.png	
gem	Intense Agony	Интенсивная агония	WzI1LDE0LHsiZiI6IjJESXRlbXMvR2Vtcy9OZXcvTmV3U3VwcG9ydC9JbnRlbnNlQWdvbnlTdXBwb3J0R2VtIiwidyI6MSwiaCI6MSwic2NhbGUiOjEsInJlYWxtIjoicG9lMiJ9XQ/b26c3bdc15/IntenseAgonySupportGem.png	
gem	Iron Ward	Железный барьер	WzI1LDE0LHsiZiI6IjJESXRlbXMvR2Vtcy9OZXcvV2FyZGluZ1N0ZWVsU2tpbGxHZW0iLCJ3IjoxLCJoIjoxLCJzY2FsZSI6MSwicmVhbG0iOiJwb2UyIn1d/712f9da9d9/WardingSteelSkillGem.png	
gem	Ixchel's Torment	Мука Ишчейла	WzI1LDE0LHsiZiI6IjJESXRlbXMvR2Vtcy9OZXcvTmV3U3VwcG9ydC9MaW5lYWdlL1RyaWFsbWFzdGVyIiwic2NhbGUiOjEsInJlYWxtIjoicG9lMiJ9XQ/231195f1b3/Trialmaster.png	
gem	Jagged Ground I	Вздыбленная земля I	WzI1LDE0LHsiZiI6IjJESXRlbXMvR2Vtcy9OZXcvTmV3U3VwcG9ydC9KYWdnZWRHcm91bmRTdXBwb3J0R2VtIiwidyI6MSwiaCI6MSwic2NhbGUiOjEsInJlYWxtIjoicG9lMiJ9XQ/c187165435/JaggedGroundSupportGem.png	
gem	Jagged Ground II	Вздыбленная земля II	WzI1LDE0LHsiZiI6IjJESXRlbXMvR2Vtcy9OZXcvTmV3U3VwcG9ydC9KYWdnZWRHcm91bmRTdXBwb3J0R2VtIiwidyI6MSwiaCI6MSwic2NhbGUiOjEsInJlYWxtIjoicG9lMiJ9XQ/c187165435/JaggedGroundSupportGem.png	
gem	Kalisa's Crescendo	Крещендо Калисы	WzI1LDE0LHsiZiI6IjJESXRlbXMvR2Vtcy9OZXcvTmV3U3VwcG9ydC9MaW5lYWdlL0xpbmVhZ2VLYWxpc2FDaG9ydXMiLCJzY2FsZSI6MSwicmVhbG0iOiJwb2UyIn1d/1d60b0db2f/LineageKalisaChorus.png	
gem	Kaom's Madness	Безумие Каома	WzI1LDE0LHsiZiI6IjJESXRlbXMvR2Vtcy9OZXcvTmV3U3VwcG9ydC9MaW5lYWdlL0xpbmVhZ2VLYW9tIiwic2NhbGUiOjEsInJlYWxtIjoicG9lMiJ9XQ/82eacd9fdc/LineageKaom.png	
gem	Khatal's Rejuvenation	Оживление Хаталя	WzI1LDE0LHsiZiI6IjJESXRlbXMvR2Vtcy9OZXcvTmV3U3VwcG9ydC9MaW5lYWdlL0xpbmVhZ2VLaGF0YWwiLCJzY2FsZSI6MSwicmVhbG0iOiJwb2UyIn1d/e67d6a908e/LineageKhatal.png	
gem	Killing Palm	Смертельная длань	WzI1LDE0LHsiZiI6IjJESXRlbXMvR2Vtcy9OZXcvS2lsbGluZ1BhbG1Ta2lsbEdlbSIsInciOjEsImgiOjEsInNjYWxlIjoxLCJyZWFsbSI6InBvZTIifV0/0b7b9a3ff8/KillingPalmSkillGem.png	
gem	Knockback	Отбрасывание	WzI1LDE0LHsiZiI6IjJESXRlbXMvR2Vtcy9OZXcvTmV3U3VwcG9ydC9Lbm9ja2JhY2tTdXBwb3J0R2VtIiwidyI6MSwiaCI6MSwic2NhbGUiOjEsInJlYWxtIjoicG9lMiJ9XQ/dba803f507/KnockbackSupportGem.png	
gem	Kulemak's Dominion	Господство Кулемака	WzI1LDE0LHsiZiI6IjJESXRlbXMvR2Vtcy9OZXcvTmV3U3VwcG9ydC9MaW5lYWdlL0xpbmVhZ2VLdWxlbWFrU3BpcmUiLCJzY2FsZSI6MSwicmVhbG0iOiJwb2UyIn1d/7f63599d16/LineageKulemakSpire.png	
gem	Kurgal's Leash	Поводок Каргала	WzI1LDE0LHsiZiI6IjJESXRlbXMvR2Vtcy9OZXcvTmV3U3VwcG9ydC9MaW5lYWdlL0FieXNzS3VyZ2FsIiwic2NhbGUiOjEsInJlYWxtIjoicG9lMiJ9XQ/3fbc251a84/AbyssKurgal.png	
gem	Last Gasp	Последний вздох	WzI1LDE0LHsiZiI6IjJESXRlbXMvR2Vtcy9OZXcvTmV3U3VwcG9ydC9CbGFua0JsdWVTdXBwb3J0R2VtIiwidyI6MSwiaCI6MSwic2NhbGUiOjEsInJlYWxtIjoicG9lMiJ9XQ/b420545308/BlankBlueSupportGem.png	
gem	Lasting Ground	Долговременная земля		
gem	Lasting Shock	Длительный шок	WzI1LDE0LHsiZiI6IjJESXRlbXMvR2Vtcy9OZXcvTmV3U3VwcG9ydC9MYXN0aW5nU2hvY2tTdXBwb3J0R2VtIiwidyI6MSwiaCI6MSwic2NhbGUiOjEsInJlYWxtIjoicG9lMiJ9XQ/518d94b982/LastingShockSupportGem.png	
gem	Leap Slam	Наскок	WzI1LDE0LHsiZiI6IjJESXRlbXMvR2Vtcy9OZXcvTGVhcFNsYW1Ta2lsbEdlbSIsInciOjEsImgiOjEsInNjYWxlIjoxLCJyZWFsbSI6InBvZTIifV0/c6b9184bb1/LeapSlamSkillGem.png	
gem	Leverage	Перевес	WzI1LDE0LHsiZiI6IjJESXRlbXMvR2Vtcy9OZXcvTmV3U3VwcG9ydC9MZXZlcmFnZVN1cHBvcnRHZW0iLCJ3IjoxLCJoIjoxLCJzY2FsZSI6MSwicmVhbG0iOiJwb2UyIn1d/2f7b06c9a4/LeverageSupportGem.png	
gem	Leylines	Силовые линии	WzI1LDE0LHsiZiI6IjJESXRlbXMvR2Vtcy9OZXcvRXhwZWRpdGlvbkxleWxpbmVzR2VtIiwidyI6MSwiaCI6MSwic2NhbGUiOjEsInJlYWxtIjoicG9lMiJ9XQ/e00c213cd0/ExpeditionLeylinesGem.png	
gem	Life Bounty	Дар жизни	WzI1LDE0LHsiZiI6IjJESXRlbXMvR2Vtcy9OZXcvTmV3U3VwcG9ydC9MaWZlRmxhc2tTdXBwb3J0R2VtIiwidyI6MSwiaCI6MSwic2NhbGUiOjEsInJlYWxtIjoicG9lMiJ9XQ/9700d73019/LifeFlaskSupportGem.png	
gem	Life Drain	Вытягивание жизни	WzI1LDE0LHsiZiI6IjJESXRlbXMvR2Vtcy9OZXcvTmV3U3VwcG9ydC9MaWZlT25DdWxsU3VwcG9ydEdlbSIsInciOjEsImgiOjEsInNjYWxlIjoxLCJyZWFsbSI6InBvZTIifV0/08fa7e5e3d/LifeOnCullSupportGem.png	
gem	Life Leech I	Похищение здоровья I	WzI1LDE0LHsiZiI6IjJESXRlbXMvR2Vtcy9OZXcvTmV3U3VwcG9ydC9MaWZlTGVlY2hTdXBwb3J0R2VtIiwidyI6MSwiaCI6MSwic2NhbGUiOjEsInJlYWxtIjoicG9lMiJ9XQ/f3d7db9ad0/LifeLeechSupportGem.png	
gem	Life Leech II	Похищение здоровья II	WzI1LDE0LHsiZiI6IjJESXRlbXMvR2Vtcy9OZXcvTmV3U3VwcG9ydC9MaWZlTGVlY2hTdXBwb3J0R2VtIiwidyI6MSwiaCI6MSwic2NhbGUiOjEsInJlYWxtIjoicG9lMiJ9XQ/f3d7db9ad0/LifeLeechSupportGem.png	
gem	Life Leech III	Похищение здоровья III	WzI1LDE0LHsiZiI6IjJESXRlbXMvR2Vtcy9OZXcvTmV3U3VwcG9ydC9MaWZlTGVlY2hTdXBwb3J0R2VtIiwidyI6MSwiaCI6MSwic2NhbGUiOjEsInJlYWxtIjoicG9lMiJ9XQ/f3d7db9ad0/LifeLeechSupportGem.png	
gem	Lifetap	Жизнеотвод	WzI1LDE0LHsiZiI6IjJESXRlbXMvR2Vtcy9OZXcvTmV3U3VwcG9ydC9CbG9vZE1hZ2ljU3VwcG9ydEdlbSIsInciOjEsImgiOjEsInNjYWxlIjoxLCJyZWFsbSI6InBvZTIifV0/6fad396a40/BloodMagicSupportGem.png	
gem	Lightning Arrow	Стрела молнии	WzI1LDE0LHsiZiI6IjJESXRlbXMvR2Vtcy9OZXcvTGlnaHRuaW5nQXJyb3dTa2lsbEdlbSIsInciOjEsImgiOjEsInNjYWxlIjoxLCJyZWFsbSI6InBvZTIifV0/f803440d2b/LightningArrowSkillGem.png	
gem	Lightning Attunement	Власть молний	WzI1LDE0LHsiZiI6IjJESXRlbXMvR2Vtcy9OZXcvTmV3U3VwcG9ydC9BZGRlZExpZ2h0bmluZ0RhbWFnZVN1cHBvcnRHZW0iLCJ3IjoxLCJoIjoxLCJzY2FsZSI6MSwicmVhbG0iOiJwb2UyIn1d/57be334cd5/AddedLightningDamageSupportGem.png	
gem	Lightning Conduit	Проводник молнии	WzI1LDE0LHsiZiI6IjJESXRlbXMvR2Vtcy9OZXcvTGlnaHRuaW5nQ29uZHVpdFNraWxsR2VtIiwidyI6MSwiaCI6MSwic2NhbGUiOjEsInJlYWxtIjoicG9lMiJ9XQ/207f7acfdb/LightningConduitSkillGem.png	
gem	Lightning Exposure	Восприимчивость к молнии	WzI1LDE0LHsiZiI6IjJESXRlbXMvR2Vtcy9OZXcvTmV3U3VwcG9ydC9MaWdodG5pbmdFeHBvc3VyZVN1cHBvcnRHZW0iLCJ3IjoxLCJoIjoxLCJzY2FsZSI6MSwicmVhbG0iOiJwb2UyIn1d/1a75ff8edc/LightningExposureSupportGem.png	
gem	Lightning Mastery	Мастерство молнии	WzI1LDE0LHsiZiI6IjJESXRlbXMvR2Vtcy9OZXcvTmV3U3VwcG9ydC9MaWdodG5pbmdNYXN0ZXJ5U3VwcG9ydEdlbSIsInciOjEsImgiOjEsInNjYWxlIjoxLCJyZWFsbSI6InBvZTIifV0/46e2070e89/LightningMasterySupportGem.png	
gem	Lightning Penetration	Пронизывающие молнии	WzI1LDE0LHsiZiI6IjJESXRlbXMvR2Vtcy9OZXcvTmV3U3VwcG9ydC9MaWdodG5pbmdQZW5ldHJhdGlvblN1cHBvcnRHZW0iLCJ3IjoxLCJoIjoxLCJzY2FsZSI6MSwicmVhbG0iOiJwb2UyIn1d/75e9801e13/LightningPenetrationSupportGem.png	
gem	Lightning Rod	Громоотвод	WzI1LDE0LHsiZiI6IjJESXRlbXMvR2Vtcy9OZXcvUmFuZ2VyTGlnaHRuaW5nUm9kUmFpblNraWxsR2VtIiwidyI6MSwiaCI6MSwic2NhbGUiOjEsInJlYWxtIjoicG9lMiJ9XQ/dbb4597574/RangerLightningRodRainSkillGem.png	
gem	Lightning Spear	Копьё молнии	WzI1LDE0LHsiZiI6IjJESXRlbXMvR2Vtcy9OZXcvU3Rvcm1TcGVhclNraWxsR2VtIiwidyI6MSwiaCI6MSwic2NhbGUiOjEsInJlYWxtIjoicG9lMiJ9XQ/746ba47e50/StormSpearSkillGem.png	
gem	Lightning Warp	Грозовой переход	WzI1LDE0LHsiZiI6IjJESXRlbXMvR2Vtcy9OZXcvTGlnaHRuaW5nV2FycFNraWxsR2VtIiwidyI6MSwiaCI6MSwic2NhbGUiOjEsInJlYWxtIjoicG9lMiJ9XQ/2f60a166a9/LightningWarpSkillGem.png	
gem	Lingering Illusion	Временная иллюзия	WzI1LDE0LHsiZiI6IjJESXRlbXMvR2Vtcy9OZXcvTGluZ2VyaW5nSWxsdXNpb25Ta2lsbEdlbSIsInciOjEsImgiOjEsInNjYWxlIjoxLCJyZWFsbSI6InBvZTIifV0/e67c6298e7/LingeringIllusionSkillGem.png	
gem	Living Bomb	Живая бомба	WzI1LDE0LHsiZiI6IjJESXRlbXMvR2Vtcy9OZXcvTGl2aW5nQm9tYlNraWxsR2VtIiwidyI6MSwiaCI6MSwic2NhbGUiOjEsInJlYWxtIjoicG9lMiJ9XQ/e1c7881c93/LivingBombSkillGem.png	
gem	Living Lightning	Живая молния	WzI1LDE0LHsiZiI6IjJESXRlbXMvR2Vtcy9OZXcvTmV3U3VwcG9ydC9MaXZpbmdMaWdodG5pbmdTdXBwb3J0R2VtIiwidyI6MSwiaCI6MSwic2NhbGUiOjEsInJlYWxtIjoicG9lMiJ9XQ/3244fa7fc2/LivingLightningSupportGem.png	
gem	Living Lightning II	Живая молния II	WzI1LDE0LHsiZiI6IjJESXRlbXMvR2Vtcy9OZXcvTmV3U3VwcG9ydC9MaXZpbmdMaWdodG5pbmdTdXBwb3J0R2VtIiwidyI6MSwiaCI6MSwic2NhbGUiOjEsInJlYWxtIjoicG9lMiJ9XQ/3244fa7fc2/LivingLightningSupportGem.png	
gem	Lockdown	Обездвиживание	WzI1LDE0LHsiZiI6IjJESXRlbXMvR2Vtcy9OZXcvTmV3U3VwcG9ydC9Mb2NrZG93blN1cHBvcnRHZW0iLCJ3IjoxLCJoIjoxLCJzY2FsZSI6MSwicmVhbG0iOiJwb2UyIn1d/b07067dcf5/LockdownSupportGem.png	
gem	Long Fuse I	Длинный запал I	WzI1LDE0LHsiZiI6IjJESXRlbXMvR2Vtcy9OZXcvTmV3U3VwcG9ydC9Mb25nRnVzZVN1cHBvcnRHZW0iLCJ3IjoxLCJoIjoxLCJzY2FsZSI6MSwicmVhbG0iOiJwb2UyIn1d/a8c1fd3141/LongFuseSupportGem.png	
gem	Long Fuse II	Длинный запал II	WzI1LDE0LHsiZiI6IjJESXRlbXMvR2Vtcy9OZXcvTmV3U3VwcG9ydC9Mb25nRnVzZVN1cHBvcnRHZW0iLCJ3IjoxLCJoIjoxLCJzY2FsZSI6MSwicmVhbG0iOiJwb2UyIn1d/a8c1fd3141/LongFuseSupportGem.png	
gem	Longshot I	Дальний выстрел I	WzI1LDE0LHsiZiI6IjJESXRlbXMvR2Vtcy9OZXcvTmV3U3VwcG9ydC9GYXJDb21iYXRTdXBwb3J0R2VtIiwidyI6MSwiaCI6MSwic2NhbGUiOjEsInJlYWxtIjoicG9lMiJ9XQ/bc2cb070da/FarCombatSupportGem.png	
gem	Longshot II	Дальний выстрел II	WzI1LDE0LHsiZiI6IjJESXRlbXMvR2Vtcy9OZXcvTmV3U3VwcG9ydC9GYXJDb21iYXRTdXBwb3J0R2VtIiwidyI6MSwiaCI6MSwic2NhbGUiOjEsInJlYWxtIjoicG9lMiJ9XQ/bc2cb070da/FarCombatSupportGem.png	
gem	Loyalty	Преданность	WzI1LDE0LHsiZiI6IjJESXRlbXMvR2Vtcy9OZXcvTmV3U3VwcG9ydC9UcnVzdHlDb21wYW5pb25TdXBwb3J0R2VtIiwidyI6MSwiaCI6MSwic2NhbGUiOjEsInJlYWxtIjoicG9lMiJ9XQ/d9e3539e23/TrustyCompanionSupportGem.png	
gem	Lunar Assault	Лунное нападение	WzI1LDE0LHsiZiI6IjJESXRlbXMvR2Vtcy9OZXcvRHJ1aWRMdW5hckFzc2F1bHRTa2lsbEdlbSIsInciOjEsImgiOjEsInNjYWxlIjoxLCJyZWFsbSI6InBvZTIifV0/a0001e2448/DruidLunarAssaultSkillGem.png	
gem	Lunar Blessing	Лунное благословение	WzI1LDE0LHsiZiI6IjJESXRlbXMvR2Vtcy9OZXcvRHJ1aWRMdW5hckJsZXNzaW5nU2tpbGxHZW0iLCJ3IjoxLCJoIjoxLCJzY2FsZSI6MSwicmVhbG0iOiJwb2UyIn1d/d6f8440aa6/DruidLunarBlessingSkillGem.png	
gem	Magma Barrier	Магматический барьер	WzI1LDE0LHsiZiI6IjJESXRlbXMvR2Vtcy9OZXcvTWFnbWFCYXJyaWVyU2tpbGxHZW0iLCJ3IjoxLCJoIjoxLCJzY2FsZSI6MSwicmVhbG0iOiJwb2UyIn1d/a832884ac5/MagmaBarrierSkillGem.png	
gem	Magnetic Remnants	Магнитные останки		
gem	Magnetic Salvo	Магнетический залп	WzI1LDE0LHsiZiI6IjJESXRlbXMvR2Vtcy9OZXcvUmFuZ2VyTWFnbmV0aWNTYWx2b1NraWxsR2VtIiwidyI6MSwiaCI6MSwic2NhbGUiOjEsInJlYWxtIjoicG9lMiJ9XQ/a0ec8a6d0d/RangerMagneticSalvoSkillGem.png	
gem	Magnified Area I	Увеличенная область I	WzI1LDE0LHsiZiI6IjJESXRlbXMvR2Vtcy9OZXcvTmV3U3VwcG9ydC9JbmNyZWFzZWRBcmVhT2ZFZmZlY3RTdXBwb3J0R2VtIiwidyI6MSwiaCI6MSwic2NhbGUiOjEsInJlYWxtIjoicG9lMiJ9XQ/a6082d5155/IncreasedAreaOfEffectSupportGem.png	
gem	Magnified Area II	Увеличенная область II	WzI1LDE0LHsiZiI6IjJESXRlbXMvR2Vtcy9OZXcvTmV3U3VwcG9ydC9JbmNyZWFzZWRBcmVhT2ZFZmZlY3RTdXBwb3J0R2VtIiwidyI6MSwiaCI6MSwic2NhbGUiOjEsInJlYWxtIjoicG9lMiJ9XQ/a6082d5155/IncreasedAreaOfEffectSupportGem.png	
gem	Maim	Увечье	WzI1LDE0LHsiZiI6IjJESXRlbXMvR2Vtcy9OZXcvTmV3U3VwcG9ydC9NYWltU3VwcG9ydEdlbSIsInciOjEsImgiOjEsInNjYWxlIjoxLCJyZWFsbSI6InBvZTIifV0/b970a35b11/MaimSupportGem.png	
gem	Malady	Хворь	WzI1LDE0LHsiZiI6IjJESXRlbXMvR2Vtcy9OZXcvTmV3U3VwcG9ydC9NYWxhZHlTdXBwb3J0R2VtIiwidyI6MSwiaCI6MSwic2NhbGUiOjEsInJlYWxtIjoicG9lMiJ9XQ/7669073de3/MaladySupportGem.png	
gem	Mana Bounty	Дар маны	WzI1LDE0LHsiZiI6IjJESXRlbXMvR2Vtcy9OZXcvTmV3U3VwcG9ydC9NYW5hRmxhc2tTdXBwb3J0R2VtIiwidyI6MSwiaCI6MSwic2NhbGUiOjEsInJlYWxtIjoicG9lMiJ9XQ/2e4f1e480d/ManaFlaskSupportGem.png	
gem	Mana Flare	Вспышка маны	WzI1LDE0LHsiZiI6IjJESXRlbXMvR2Vtcy9OZXcvTmV3U3VwcG9ydC9NYW5hRmxhcmVTdXBwb3J0R2VtIiwidyI6MSwiaCI6MSwic2NhbGUiOjEsInJlYWxtIjoicG9lMiJ9XQ/977021c43b/ManaFlareSupportGem.png	
gem	Mana Leech	Похищение маны	WzI1LDE0LHsiZiI6IjJESXRlbXMvR2Vtcy9OZXcvTmV3U3VwcG9ydC9NYW5hTGVlY2hTdXBwb3J0R2VtIiwidyI6MSwiaCI6MSwic2NhbGUiOjEsInJlYWxtIjoicG9lMiJ9XQ/064ee86059/ManaLeechSupportGem.png	
gem	Mana Remnants	Сгустки маны	WzI1LDE0LHsiZiI6IjJESXRlbXMvR2Vtcy9OZXcvRW5lcmd5UmVtbmFudHNTa2lsbEdlbSIsInciOjEsImgiOjEsInNjYWxlIjoxLCJyZWFsbSI6InBvZTIifV0/7e60342154/EnergyRemnantsSkillGem.png	
gem	Mana Tempest	Буря маны	WzI1LDE0LHsiZiI6IjJESXRlbXMvR2Vtcy9OZXcvTWFuYVRlbXBlc3RTa2lsbEdlbSIsInciOjEsImgiOjEsInNjYWxlIjoxLCJyZWFsbSI6InBvZTIifV0/7c0dd44fc6/ManaTempestSkillGem.png	
gem	Mantra of Destruction	Мантра разрушения	WzI1LDE0LHsiZiI6IjJESXRlbXMvR2Vtcy9OZXcvTWFudHJhT2ZEZXN0cnVjdGlvblNraWxsR2VtIiwidyI6MSwiaCI6MSwic2NhbGUiOjEsInJlYWxtIjoicG9lMiJ9XQ/1afb5cadaf/MantraOfDestructionSkillGem.png	
gem	Mark for Death	Метка смерти	WzI1LDE0LHsiZiI6IjJESXRlbXMvR2Vtcy9OZXcvTmV3U3VwcG9ydC9TaW5nbGVPdXRTdXBwb3J0R2VtIiwidyI6MSwiaCI6MSwic2NhbGUiOjEsInJlYWxtIjoicG9lMiJ9XQ/6a5c117756/SingleOutSupportGem.png	
gem	Mark for Death II	Метка смерти II	WzI1LDE0LHsiZiI6IjJESXRlbXMvR2Vtcy9OZXcvTmV3U3VwcG9ydC9TaW5nbGVPdXRTdXBwb3J0R2VtIiwidyI6MSwiaCI6MSwic2NhbGUiOjEsInJlYWxtIjoicG9lMiJ9XQ/6a5c117756/SingleOutSupportGem.png	
gem	Mark of Siphoning	Метка вытягивания	WzI1LDE0LHsiZiI6IjJESXRlbXMvR2Vtcy9OZXcvTmV3U3VwcG9ydC9NYXJrZWRGb3JEcmFpblN1cHBvcnRHZW0iLCJ3IjoxLCJoIjoxLCJzY2FsZSI6MSwicmVhbG0iOiJwb2UyIn1d/8d21d38c4f/MarkedForDrainSupportGem.png	
gem	Mark of Siphoning II	Метка вытягивания II	WzI1LDE0LHsiZiI6IjJESXRlbXMvR2Vtcy9OZXcvTmV3U3VwcG9ydC9NYXJrZWRGb3JEcmFpblN1cHBvcnRHZW0iLCJ3IjoxLCJoIjoxLCJzY2FsZSI6MSwicmVhbG0iOiJwb2UyIn1d/8d21d38c4f/MarkedForDrainSupportGem.png	
gem	Meat Shield I	Живой щит I	WzI1LDE0LHsiZiI6IjJESXRlbXMvR2Vtcy9OZXcvTmV3U3VwcG9ydC9NZWF0U2hpZWxkU3VwcG9ydEdlbSIsInciOjEsImgiOjEsInNjYWxlIjoxLCJyZWFsbSI6InBvZTIifV0/389355e2d2/MeatShieldSupportGem.png	
gem	Meat Shield II	Живой щит II	WzI1LDE0LHsiZiI6IjJESXRlbXMvR2Vtcy9OZXcvTmV3U3VwcG9ydC9NZWF0U2hpZWxkU3VwcG9ydEdlbSIsInciOjEsImgiOjEsInNjYWxlIjoxLCJyZWFsbSI6InBvZTIifV0/389355e2d2/MeatShieldSupportGem.png	
gem	Medved's Felling	Неистовство Медведя	WzI1LDE0LHsiZiI6IjJESXRlbXMvR2Vtcy9OZXcvTmV3U3VwcG9ydC9MaW5lYWdlL01lZHZlZHNGZWxsaW5nIiwic2NhbGUiOjEsInJlYWxtIjoicG9lMiJ9XQ/e4c502b452/MedvedsFelling.png	
gem	Minion Instability	Нестабильность приспешников	WzI1LDE0LHsiZiI6IjJESXRlbXMvR2Vtcy9OZXcvTmV3U3VwcG9ydC9NaW5pb25JbnN0YWJpbGl0eVN1cHBvcnRHZW0iLCJ3IjoxLCJoIjoxLCJzY2FsZSI6MSwicmVhbG0iOiJwb2UyIn1d/320a15e268/MinionInstabilitySupportGem.png	
gem	Minion Mastery	Мастерство приспешников	WzI1LDE0LHsiZiI6IjJESXRlbXMvR2Vtcy9OZXcvTmV3U3VwcG9ydC9QaHlzaWNhbE1hc3RlcnlTdXBwb3J0R2VtIiwidyI6MSwiaCI6MSwic2NhbGUiOjEsInJlYWxtIjoicG9lMiJ9XQ/4bcf555b22/PhysicalMasterySupportGem.png	
gem	Minion Pact I	Договор служения I	WzI1LDE0LHsiZiI6IjJESXRlbXMvR2Vtcy9OZXcvTmV3U3VwcG9ydC9CbGFua0JsdWVTdXBwb3J0R2VtIiwidyI6MSwiaCI6MSwic2NhbGUiOjEsInJlYWxtIjoicG9lMiJ9XQ/b420545308/BlankBlueSupportGem.png	
gem	Minion Pact II	Договор служения II	WzI1LDE0LHsiZiI6IjJESXRlbXMvR2Vtcy9OZXcvTmV3U3VwcG9ydC9CbGFua0JsdWVTdXBwb3J0R2VtIiwidyI6MSwiaCI6MSwic2NhbGUiOjEsInJlYWxtIjoicG9lMiJ9XQ/b420545308/BlankBlueSupportGem.png	
gem	Minion Splash I	Удар по площади приспешников I	WzI1LDE0LHsiZiI6IjJESXRlbXMvR2Vtcy9OZXcvTmV3U3VwcG9ydC9NaW5pb25NZWxlZVNwbGFzaFN1cHBvcnRHZW0iLCJ3IjoxLCJoIjoxLCJzY2FsZSI6MSwicmVhbG0iOiJwb2UyIn1d/46580777d9/MinionMeleeSplashSupportGem.png	
gem	Minion Splash II	Удар по площади приспешников II	WzI1LDE0LHsiZiI6IjJESXRlbXMvR2Vtcy9OZXcvTmV3U3VwcG9ydC9NaW5pb25NZWxlZVNwbGFzaFN1cHBvcnRHZW0iLCJ3IjoxLCJoIjoxLCJzY2FsZSI6MSwicmVhbG0iOiJwb2UyIn1d/46580777d9/MinionMeleeSplashSupportGem.png	
gem	Mirage Archer	Призрачный лучник	WzI1LDE0LHsiZiI6IjJESXRlbXMvR2Vtcy9OZXcvTGluZ2VyaW5nTWlyYWdlU2tpbGxHZW0iLCJ3IjoxLCJoIjoxLCJzY2FsZSI6MSwicmVhbG0iOiJwb2UyIn1d/e8d75b6e9f/LingeringMirageSkillGem.png	
gem	Mobility	Мобильность	WzI1LDE0LHsiZiI6IjJESXRlbXMvR2Vtcy9OZXcvTmV3U3VwcG9ydC9Nb2JpbGl0eVN1cHBvcnRHZW0iLCJ3IjoxLCJoIjoxLCJzY2FsZSI6MSwicmVhbG0iOiJwb2UyIn1d/b5771e1aa2/MobilitySupportGem.png	
gem	Molten Blast	Магмовый взрыв	WzI1LDE0LHsiZiI6IjJESXRlbXMvR2Vtcy9OZXcvQnJ1dGVNb2x0ZW5CbGFzdFNraWxsR2VtIiwidyI6MSwiaCI6MSwic2NhbGUiOjEsInJlYWxtIjoicG9lMiJ9XQ/c4f7eeaeaa/BruteMoltenBlastSkillGem.png	
gem	Momentum	Разбег	WzI1LDE0LHsiZiI6IjJESXRlbXMvR2Vtcy9OZXcvTmV3U3VwcG9ydC9Nb21lbnR1bVN1cHBvcnRHZW0iLCJ3IjoxLCJoIjoxLCJzY2FsZSI6MSwicmVhbG0iOiJwb2UyIn1d/70ed38b8ff/MomentumSupportGem.png	
gem	Morgana's Tempest	Буря Морганы	WzI1LDE0LHsiZiI6IjJESXRlbXMvR2Vtcy9OZXcvTmV3U3VwcG9ydC9MaW5lYWdlL01vcmdhbmFzVGVtcGVzdCIsInNjYWxlIjoxLCJyZWFsbSI6InBvZTIifV0/55ddb1bfc8/MorganasTempest.png	
gem	Mortar Cannon	Мортира	WzI1LDE0LHsiZiI6IjJESXRlbXMvR2Vtcy9OZXcvR3JlbmFkZUJhbGxpc3RhTWV0YVNraWxsR2VtIiwidyI6MSwiaCI6MSwic2NhbGUiOjEsInJlYWxtIjoicG9lMiJ9XQ/a13a28e2b2/GrenadeBallistaMetaSkillGem.png	
gem	Multishot I	Залповый огонь I	WzI1LDE0LHsiZiI6IjJESXRlbXMvR2Vtcy9OZXcvTmV3U3VwcG9ydC9NdWx0aXBsZVByb2plY3RpbGVzU3VwcG9ydEdlbSIsInciOjEsImgiOjEsInNjYWxlIjoxLCJyZWFsbSI6InBvZTIifV0/0b96c13e45/MultipleProjectilesSupportGem.png	
gem	Multishot II	Залповый огонь II	WzI1LDE0LHsiZiI6IjJESXRlbXMvR2Vtcy9OZXcvTmV3U3VwcG9ydC9NdWx0aXBsZVByb2plY3RpbGVzU3VwcG9ydEdlbSIsInciOjEsImgiOjEsInNjYWxlIjoxLCJyZWFsbSI6InBvZTIifV0/0b96c13e45/MultipleProjectilesSupportGem.png	
gem	Murderous Intent	Умышленное убийство	WzI1LDE0LHsiZiI6IjJESXRlbXMvR2Vtcy9OZXcvTmV3U3VwcG9ydC9FbXBvd2VyZWRDdWxsU3VwcG9ydEdlbSIsInciOjEsImgiOjEsInNjYWxlIjoxLCJyZWFsbSI6InBvZTIifV0/dc24abf427/EmpoweredCullSupportGem.png	
gem	Muster	Сборище	WzI1LDE0LHsiZiI6IjJESXRlbXMvR2Vtcy9OZXcvTmV3U3VwcG9ydC9WYXJpZWRUcm9vcHNTdXBwb3J0R2VtIiwidyI6MSwiaCI6MSwic2NhbGUiOjEsInJlYWxtIjoicG9lMiJ9XQ/32f4083e4c/VariedTroopsSupportGem.png	
gem	Mysticism I	Мистицизм I	WzI1LDE0LHsiZiI6IjJESXRlbXMvR2Vtcy9OZXcvTmV3U3VwcG9ydC9NeXN0aWNpc21TdXBwb3J0R2VtIiwidyI6MSwiaCI6MSwic2NhbGUiOjEsInJlYWxtIjoicG9lMiJ9XQ/19475ca1f0/MysticismSupportGem.png	
gem	Mysticism II	Мистицизм II	WzI1LDE0LHsiZiI6IjJESXRlbXMvR2Vtcy9OZXcvTmV3U3VwcG9ydC9NeXN0aWNpc21TdXBwb3J0R2VtIiwidyI6MSwiaCI6MSwic2NhbGUiOjEsInJlYWxtIjoicG9lMiJ9XQ/19475ca1f0/MysticismSupportGem.png	
gem	Mórrigan's Insight	Проницательность Морриган	WzI1LDE0LHsiZiI6IjJESXRlbXMvR2Vtcy9OZXcvTmV3U3VwcG9ydC9MaW5lYWdlL01vcnJpZ2Fuc1JlZnVnZSIsInNjYWxlIjoxLCJyZWFsbSI6InBvZTIifV0/38291028f0/MorrigansRefuge.png	
gem	Neural Overload	Нейронная перегрузка	WzI1LDE0LHsiZiI6IjJESXRlbXMvR2Vtcy9OZXcvTmV3U3VwcG9ydC9OZXVyYWxPdmVybG9hZFN1cHBvcnRHZW0iLCJ3IjoxLCJoIjoxLCJzY2FsZSI6MSwicmVhbG0iOiJwb2UyIn1d/2c8768cb13/NeuralOverloadSupportGem.png	
gem	Nimble Reload	Ловкая перезарядка	WzI1LDE0LHsiZiI6IjJESXRlbXMvR2Vtcy9OZXcvTmV3U3VwcG9ydC9SZWxvYWRTcGVlZFN1cHBvcnRHZW0iLCJ3IjoxLCJoIjoxLCJzY2FsZSI6MSwicmVhbG0iOiJwb2UyIn1d/3ef8de4bbc/ReloadSpeedSupportGem.png	
gem	Nova Projectiles I	Кольцо снарядов I	WzI1LDE0LHsiZiI6IjJESXRlbXMvR2Vtcy9OZXcvTmV3U3VwcG9ydC9Ob3ZhUHJvamVjdGlsZXNTdXBwb3J0R2VtIiwidyI6MSwiaCI6MSwic2NhbGUiOjEsInJlYWxtIjoicG9lMiJ9XQ/9b114c47a8/NovaProjectilesSupportGem.png	
gem	Nova Projectiles II	Кольцо снарядов II	WzI1LDE0LHsiZiI6IjJESXRlbXMvR2Vtcy9OZXcvTmV3U3VwcG9ydC9Ob3ZhUHJvamVjdGlsZXNTdXBwb3J0R2VtIiwidyI6MSwiaCI6MSwic2NhbGUiOjEsInJlYWxtIjoicG9lMiJ9XQ/9b114c47a8/NovaProjectilesSupportGem.png	
gem	Oil Barrage	Масляная очередь	WzI1LDE0LHsiZiI6IjJESXRlbXMvR2Vtcy9OZXcvRHJ1aWRFbGVjdHJpY1NwaXR0bGVTa2lsbEdlbSIsInciOjEsImgiOjEsInNjYWxlIjoxLCJyZWFsbSI6InBvZTIifV0/644b97128e/DruidElectricSpittleSkillGem.png	
gem	Oil Grenade	Масляная граната	WzI1LDE0LHsiZiI6IjJESXRlbXMvR2Vtcy9OZXcvT2lsR3JlbmFkZU1lcmNHZW0iLCJ3IjoxLCJoIjoxLCJzY2FsZSI6MSwicmVhbG0iOiJwb2UyIn1d/30c347ebb9/OilGrenadeMercGem.png	
gem	Oisín's Oath	Клятва Исина	WzI1LDE0LHsiZiI6IjJESXRlbXMvR2Vtcy9OZXcvTmV3U3VwcG9ydC9MaW5lYWdlL1dhbGtlcm9mdGhlV2lsZHMiLCJzY2FsZSI6MSwicmVhbG0iOiJwb2UyIn1d/50c27082f9/WalkeroftheWilds.png	
gem	Olroth's Conviction	Убеждённость Олрота	WzI1LDE0LHsiZiI6IjJESXRlbXMvR2Vtcy9OZXcvTmV3U3VwcG9ydC9MaW5lYWdlL09scm90aHNDb252aWN0aW9uIiwic2NhbGUiOjEsInJlYWxtIjoicG9lMiJ9XQ/1c1940061e/OlrothsConviction.png	
gem	Olroth's Hubris	Гордыня Олрота	WzI1LDE0LHsiZiI6IjJESXRlbXMvR2Vtcy9OZXcvTmV3U3VwcG9ydC9MaW5lYWdlL09scm90aHNIdWJyaXMiLCJzY2FsZSI6MSwicmVhbG0iOiJwb2UyIn1d/60d750261f/OlrothsHubris.png	
gem	Opening Move	Первый ход	WzI1LDE0LHsiZiI6IjJESXRlbXMvR2Vtcy9OZXcvTmV3U3VwcG9ydC9PcGVuaW5nTW92ZVN1cHBvcnRHZW0iLCJ3IjoxLCJoIjoxLCJzY2FsZSI6MSwicmVhbG0iOiJwb2UyIn1d/f57bcebd37/OpeningMoveSupportGem.png	
gem	Orb of Storms	Сфера бурь	WzI1LDE0LHsiZiI6IjJESXRlbXMvR2Vtcy9OZXcvT3JiT2ZTdG9ybXNTa2lsbEdlbSIsInciOjEsImgiOjEsInNjYWxlIjoxLCJyZWFsbSI6InBvZTIifV0/b5ffb14b46/OrbOfStormsSkillGem.png	
gem	Outmaneuver	Обходной манёвр	WzI1LDE0LHsiZiI6IjJESXRlbXMvR2Vtcy9OZXcvTmV3U3VwcG9ydC9PdXRtYW5ldXZlclN1cHBvcnRHZW0iLCJ3IjoxLCJoIjoxLCJzY2FsZSI6MSwicmVhbG0iOiJwb2UyIn1d/a2bc4e8754/OutmaneuverSupportGem.png	
gem	Overabundance I	Переизбыток I	WzI1LDE0LHsiZiI6IjJESXRlbXMvR2Vtcy9OZXcvTmV3U3VwcG9ydC9JbmNyZWFzZUxpbWl0U3VwcG9ydEdlbSIsInciOjEsImgiOjEsInNjYWxlIjoxLCJyZWFsbSI6InBvZTIifV0/504067e164/IncreaseLimitSupportGem.png	
gem	Overabundance II	Переизбыток II	WzI1LDE0LHsiZiI6IjJESXRlbXMvR2Vtcy9OZXcvTmV3U3VwcG9ydC9JbmNyZWFzZUxpbWl0U3VwcG9ydEdlbSIsInciOjEsImgiOjEsInNjYWxlIjoxLCJyZWFsbSI6InBvZTIifV0/504067e164/IncreaseLimitSupportGem.png	
gem	Overcharge	Перегрузка	WzI1LDE0LHsiZiI6IjJESXRlbXMvR2Vtcy9OZXcvTmV3U3VwcG9ydC9PdmVyY2hhcmdlU3VwcG9ydEdlbSIsInciOjEsImgiOjEsInNjYWxlIjoxLCJyZWFsbSI6InBvZTIifV0/fdbe270f66/OverchargeSupportGem.png	
gem	Overextend	Перенапряжение	WzI1LDE0LHsiZiI6IjJESXRlbXMvR2Vtcy9OZXcvTmV3U3VwcG9ydC9PdmVyZXh0ZW5kU3VwcG9ydEdlbSIsInciOjEsImgiOjEsInNjYWxlIjoxLCJyZWFsbSI6InBvZTIifV0/848f1bb2a1/OverextendSupportGem.png	
gem	Overreach	Охват	WzI1LDE0LHsiZiI6IjJESXRlbXMvR2Vtcy9OZXcvTmV3U3VwcG9ydC9SZWFjaFN1cHBvcnRHZW0iLCJ3IjoxLCJoIjoxLCJzY2FsZSI6MSwicmVhbG0iOiJwb2UyIn1d/d4047c74df/ReachSupportGem.png	
gem	Overwhelming Presence	Подавляющее присутствие	WzI1LDE0LHsiZiI6IjJESXRlbXMvR2Vtcy9OZXcvT3ZlcndoZWxtaW5nUHJlc3N1cmVTa2lsbEdlbSIsInciOjEsImgiOjEsInNjYWxlIjoxLCJyZWFsbSI6InBvZTIifV0/7301bccbaf/OverwhelmingPressureSkillGem.png	
gem	Pain Offering	Подношение боли	WzI1LDE0LHsiZiI6IjJESXRlbXMvR2Vtcy9OZXcvV2l0Y2hQYWluT2ZmZXJpbmdTa2lsbEdlbSIsInciOjEsImgiOjEsInNjYWxlIjoxLCJyZWFsbSI6InBvZTIifV0/b56e1f3ff6/WitchPainOfferingSkillGem.png	
gem	Paquate's Pact	Пакт Паквате	WzI1LDE0LHsiZiI6IjJESXRlbXMvR2Vtcy9OZXcvTmV3U3VwcG9ydC9MaW5lYWdlL1BhcXVhdGUiLCJzY2FsZSI6MSwicmVhbG0iOiJwb2UyIn1d/48c3b0fca2/Paquate.png	
gem	Payload	Боезаряд	WzI1LDE0LHsiZiI6IjJESXRlbXMvR2Vtcy9OZXcvTmV3U3VwcG9ydC9QYXlsb2FkU3VwcG9ydEdlbSIsInciOjEsImgiOjEsInNjYWxlIjoxLCJyZWFsbSI6InBvZTIifV0/7ab3ce3651/PayloadSupportGem.png	
gem	Perfect Strike	Совершенный удар	WzI1LDE0LHsiZiI6IjJESXRlbXMvR2Vtcy9OZXcvUGVyZmVjdFN0cmlrZVNraWxsR2VtIiwidyI6MSwiaCI6MSwic2NhbGUiOjEsInJlYWxtIjoicG9lMiJ9XQ/680b13faf6/PerfectStrikeSkillGem.png	
gem	Perfected Endurance	Исключительная выносливость	WzI1LDE0LHsiZiI6IjJESXRlbXMvR2Vtcy9OZXcvTmV3U3VwcG9ydC9FbmR1cmFuY2VDaGFyZ2VvblBlcmZlY3RUaW1pbmdTdXBwb3J0R2VtIiwidyI6MSwiaCI6MSwic2NhbGUiOjEsInJlYWxtIjoicG9lMiJ9XQ/6dd6e92db8/EnduranceChargeonPerfectTimingSupportGem.png	
gem	Perfection	Совершенство	WzI1LDE0LHsiZiI6IjJESXRlbXMvR2Vtcy9OZXcvTmV3U3VwcG9ydC9QZXJmZWN0aW9uU3VwcG9ydEdlbSIsInciOjEsImgiOjEsInNjYWxlIjoxLCJyZWFsbSI6InBvZTIifV0/bb20b42a3a/PerfectionSupportGem.png	
gem	Permafrost Bolts	Болты вечной мерзлоты	WzI1LDE0LHsiZiI6IjJESXRlbXMvR2Vtcy9OZXcvQnVyc3RTaG90UGVybWFmcm9zdFNraWxsR2VtIiwidyI6MSwiaCI6MSwic2NhbGUiOjEsInJlYWxtIjoicG9lMiJ9XQ/bc54a94025/BurstShotPermafrostSkillGem.png	
gem	Perpetual Charge	Постоянный заряд	WzI1LDE0LHsiZiI6IjJESXRlbXMvR2Vtcy9OZXcvTmV3U3VwcG9ydC9QZXJwZXR1YWxDaGFyZ2VTdXBwb3J0R2VtIiwidyI6MSwiaCI6MSwic2NhbGUiOjEsInJlYWxtIjoicG9lMiJ9XQ/3037c73867/PerpetualChargeSupportGem.png	
gem	Persistent Ground I	Постоянная земля I	WzI1LDE0LHsiZiI6IjJESXRlbXMvR2Vtcy9OZXcvTmV3U3VwcG9ydC9Eb21haW5TdXBwb3J0R2VtIiwidyI6MSwiaCI6MSwic2NhbGUiOjEsInJlYWxtIjoicG9lMiJ9XQ/f2567cbdb2/DomainSupportGem.png	
gem	Persistent Ground II	Постоянная земля II	WzI1LDE0LHsiZiI6IjJESXRlbXMvR2Vtcy9OZXcvTmV3U3VwcG9ydC9Eb21haW5TdXBwb3J0R2VtIiwidyI6MSwiaCI6MSwic2NhbGUiOjEsInJlYWxtIjoicG9lMiJ9XQ/f2567cbdb2/DomainSupportGem.png	
gem	Persistent Ground III	Постоянная земля III	WzI1LDE0LHsiZiI6IjJESXRlbXMvR2Vtcy9OZXcvTmV3U3VwcG9ydC9Eb21haW5TdXBwb3J0R2VtIiwidyI6MSwiaCI6MSwic2NhbGUiOjEsInJlYWxtIjoicG9lMiJ9XQ/f2567cbdb2/DomainSupportGem.png	
gem	Physical Mastery	Мастерство физического урона	WzI1LDE0LHsiZiI6IjJESXRlbXMvR2Vtcy9OZXcvTmV3U3VwcG9ydC9QaHlzaWNhbE1hc3RlcnlTdXBwb3J0R2VtIiwidyI6MSwiaCI6MSwic2NhbGUiOjEsInJlYWxtIjoicG9lMiJ9XQ/4bcf555b22/PhysicalMasterySupportGem.png	
gem	Pierce I	Пронзание I	WzI1LDE0LHsiZiI6IjJESXRlbXMvR2Vtcy9OZXcvTmV3U3VwcG9ydC9QaWVyY2VTdXBwb3J0R2VtIiwidyI6MSwiaCI6MSwic2NhbGUiOjEsInJlYWxtIjoicG9lMiJ9XQ/8f6815b95f/PierceSupportGem.png	
gem	Pierce II	Пронзание II	WzI1LDE0LHsiZiI6IjJESXRlbXMvR2Vtcy9OZXcvTmV3U3VwcG9ydC9QaWVyY2VTdXBwb3J0R2VtIiwidyI6MSwiaCI6MSwic2NhbGUiOjEsInJlYWxtIjoicG9lMiJ9XQ/8f6815b95f/PierceSupportGem.png	
gem	Pierce III	Пронзание III	WzI1LDE0LHsiZiI6IjJESXRlbXMvR2Vtcy9OZXcvTmV3U3VwcG9ydC9QaWVyY2VTdXBwb3J0R2VtIiwidyI6MSwiaCI6MSwic2NhbGUiOjEsInJlYWxtIjoicG9lMiJ9XQ/8f6815b95f/PierceSupportGem.png	
gem	Pin I	Пригвождение I	WzI1LDE0LHsiZiI6IjJESXRlbXMvR2Vtcy9OZXcvTmV3U3VwcG9ydC9QaW5TdXBwb3J0R2VtIiwidyI6MSwiaCI6MSwic2NhbGUiOjEsInJlYWxtIjoicG9lMiJ9XQ/9ec441ba09/PinSupportGem.png	
gem	Pin II	Пригвождение II	WzI1LDE0LHsiZiI6IjJESXRlbXMvR2Vtcy9OZXcvTmV3U3VwcG9ydC9QaW5TdXBwb3J0R2VtIiwidyI6MSwiaCI6MSwic2NhbGUiOjEsInJlYWxtIjoicG9lMiJ9XQ/9ec441ba09/PinSupportGem.png	
gem	Pin III	Пригвождение III	WzI1LDE0LHsiZiI6IjJESXRlbXMvR2Vtcy9OZXcvTmV3U3VwcG9ydC9QaW5TdXBwb3J0R2VtIiwidyI6MSwiaCI6MSwic2NhbGUiOjEsInJlYWxtIjoicG9lMiJ9XQ/9ec441ba09/PinSupportGem.png	
gem	Pinpoint Critical	Точечные критические удары	WzI1LDE0LHsiZiI6IjJESXRlbXMvR2Vtcy9OZXcvTmV3U3VwcG9ydC9QaW5wb2ludENyaXRpY2FsU3VwcG9ydEdlbSIsInciOjEsImgiOjEsInNjYWxlIjoxLCJyZWFsbSI6InBvZTIifV0/9b8e57083b/PinpointCriticalSupportGem.png	
gem	Plague Bearer	Носитель чумы	WzI1LDE0LHsiZiI6IjJESXRlbXMvR2Vtcy9OZXcvUGxhZ3VlQmVhcmVyU2tpbGxHZW0iLCJ3IjoxLCJoIjoxLCJzY2FsZSI6MSwicmVhbG0iOiJwb2UyIn1d/5ac9d13a7f/PlagueBearerSkillGem.png	
gem	Plasma Blast	Плазменный заряд	WzI1LDE0LHsiZiI6IjJESXRlbXMvR2Vtcy9OZXcvUG93ZXJTaG90U3Rvcm1ibGFzdFNraWxsR2VtIiwidyI6MSwiaCI6MSwic2NhbGUiOjEsInJlYWxtIjoicG9lMiJ9XQ/d5882646e7/PowerShotStormblastSkillGem.png	
gem	Poison I	Отравление I	WzI1LDE0LHsiZiI6IjJESXRlbXMvR2Vtcy9OZXcvTmV3U3VwcG9ydC9DaGFuY2V0b1BvaXNvblN1cHBvcnRHZW0iLCJ3IjoxLCJoIjoxLCJzY2FsZSI6MSwicmVhbG0iOiJwb2UyIn1d/aa10383916/ChancetoPoisonSupportGem.png	
gem	Poison II	Отравление II	WzI1LDE0LHsiZiI6IjJESXRlbXMvR2Vtcy9OZXcvTmV3U3VwcG9ydC9DaGFuY2V0b1BvaXNvblN1cHBvcnRHZW0iLCJ3IjoxLCJoIjoxLCJzY2FsZSI6MSwicmVhbG0iOiJwb2UyIn1d/aa10383916/ChancetoPoisonSupportGem.png	
gem	Poison III	Отравление III	WzI1LDE0LHsiZiI6IjJESXRlbXMvR2Vtcy9OZXcvTmV3U3VwcG9ydC9DaGFuY2V0b1BvaXNvblN1cHBvcnRHZW0iLCJ3IjoxLCJoIjoxLCJzY2FsZSI6MSwicmVhbG0iOiJwb2UyIn1d/aa10383916/ChancetoPoisonSupportGem.png	
gem	Poison Spores	Ядовитые споры	WzI1LDE0LHsiZiI6IjJESXRlbXMvR2Vtcy9OZXcvTmV3U3VwcG9ydC9Qb2lzb25TcG9yZXNTdXBwb3J0R2VtIiwidyI6MSwiaCI6MSwic2NhbGUiOjEsInJlYWxtIjoicG9lMiJ9XQ/e2bf786684/PoisonSporesSupportGem.png	
gem	Poisonburst Arrow	Ядовитая взрывная стрела	WzI1LDE0LHsiZiI6IjJESXRlbXMvR2Vtcy9OZXcvUmFuZ2VyUG9pc29uQXJyb3dTa2lsbEdlbSIsInciOjEsImgiOjEsInNjYWxlIjoxLCJyZWFsbSI6InBvZTIifV0/0cefdc7620/RangerPoisonArrowSkillGem.png	
gem	Potent Exposure	Сильная восприимчивость	WzI1LDE0LHsiZiI6IjJESXRlbXMvR2Vtcy9OZXcvTmV3U3VwcG9ydC9TdHJpcEF3YXlTdXBwb3J0R2VtIiwidyI6MSwiaCI6MSwic2NhbGUiOjEsInJlYWxtIjoicG9lMiJ9XQ/e1355836da/StripAwaySupportGem.png	
gem	Potential	Потенциал	WzI1LDE0LHsiZiI6IjJESXRlbXMvR2Vtcy9OZXcvTmV3U3VwcG9ydC9BZGRlZFBvdGVudGlhbFN1cHBvcnRHZW0iLCJ3IjoxLCJoIjoxLCJzY2FsZSI6MSwicmVhbG0iOiJwb2UyIn1d/2ab6c236da/AddedPotentialSupportGem.png	
gem	Pounce	Бросок	WzI1LDE0LHsiZiI6IjJESXRlbXMvR2Vtcy9OZXcvV29sZkxlYXBBdHRhY2tTa2lsbEdlbSIsInciOjEsImgiOjEsInNjYWxlIjoxLCJyZWFsbSI6InBvZTIifV0/7d5766517e/WolfLeapAttackSkillGem.png	
gem	Powered by Verisium	Питание веризием	WzI1LDE0LHsiZiI6IjJESXRlbXMvR2Vtcy9OZXcvRXhwZWRpdGlvblZlcmlzaXVtSW5mdXNpb25HZW0iLCJ3IjoxLCJoIjoxLCJzY2FsZSI6MSwicmVhbG0iOiJwb2UyIn1d/a2d8f27423/ExpeditionVerisiumInfusionGem.png	
gem	Practical Magic I	Практическая магия I	WzI1LDE0LHsiZiI6IjJESXRlbXMvR2Vtcy9OZXcvTmV3U3VwcG9ydC9TdHVubmluZ01hZ2ljU3VwcG9ydEdlbSIsInciOjEsImgiOjEsInNjYWxlIjoxLCJyZWFsbSI6InBvZTIifV0/8c4b53c842/StunningMagicSupportGem.png	
gem	Practical Magic II	Практическая магия II	WzI1LDE0LHsiZiI6IjJESXRlbXMvR2Vtcy9OZXcvTmV3U3VwcG9ydC9TdHVubmluZ01hZ2ljU3VwcG9ydEdlbSIsInciOjEsImgiOjEsInNjYWxlIjoxLCJyZWFsbSI6InBvZTIifV0/8c4b53c842/StunningMagicSupportGem.png	
gem	Practiced Combo	Отработанный приём	WzI1LDE0LHsiZiI6IjJESXRlbXMvR2Vtcy9OZXcvTmV3U3VwcG9ydC9QcmFjdGljZWRDb21ib1N1cHBvcnRHZW0iLCJ3IjoxLCJoIjoxLCJzY2FsZSI6MSwicmVhbG0iOiJwb2UyIn1d/65759eb35a/PracticedComboSupportGem.png	
gem	Precision I	Точность I	WzI1LDE0LHsiZiI6IjJESXRlbXMvR2Vtcy9OZXcvTmV3U3VwcG9ydC9QcmVjaXNpb25TdXBwb3J0R2VtIiwidyI6MSwiaCI6MSwic2NhbGUiOjEsInJlYWxtIjoicG9lMiJ9XQ/9739e056ca/PrecisionSupportGem.png	
gem	Precision II	Точность II	WzI1LDE0LHsiZiI6IjJESXRlbXMvR2Vtcy9OZXcvTmV3U3VwcG9ydC9QcmVjaXNpb25TdXBwb3J0R2VtIiwidyI6MSwiaCI6MSwic2NhbGUiOjEsInJlYWxtIjoicG9lMiJ9XQ/9739e056ca/PrecisionSupportGem.png	
gem	Premeditation	Предумышленность	WzI1LDE0LHsiZiI6IjJESXRlbXMvR2Vtcy9OZXcvTmV3U3VwcG9ydC9FbXBvd2VyZWREYW1hZ2VTdXBwb3J0R2VtIiwidyI6MSwiaCI6MSwic2NhbGUiOjEsInJlYWxtIjoicG9lMiJ9XQ/f67dd74410/EmpoweredDamageSupportGem.png	
gem	Primal Strikes	Первобытные удары	WzI1LDE0LHsiZiI6IjJESXRlbXMvR2Vtcy9OZXcvUHJpbWFsU3RyaWtlc1NraWxsR2VtIiwidyI6MSwiaCI6MSwic2NhbGUiOjEsInJlYWxtIjoicG9lMiJ9XQ/2b2d6062c2/PrimalStrikesSkillGem.png	
gem	Profane Ritual	Нечестивый ритуал	WzI1LDE0LHsiZiI6IjJESXRlbXMvR2Vtcy9OZXcvV2l0Y2hQcm9mYW5lUml0dWFsU2tpbGxHZW0iLCJ3IjoxLCJoIjoxLCJzY2FsZSI6MSwicmVhbG0iOiJwb2UyIn1d/7afd5291bc/WitchProfaneRitualSkillGem.png	
gem	Profanity I	Нечестивость I	WzI1LDE0LHsiZiI6IjJESXRlbXMvR2Vtcy9OZXcvTmV3U3VwcG9ydC9Qcm9mYW5pdHlTdXBwb3J0R2VtIiwidyI6MSwiaCI6MSwic2NhbGUiOjEsInJlYWxtIjoicG9lMiJ9XQ/666d72acda/ProfanitySupportGem.png	
gem	Profanity II	Нечестивость II	WzI1LDE0LHsiZiI6IjJESXRlbXMvR2Vtcy9OZXcvTmV3U3VwcG9ydC9Qcm9mYW5pdHlTdXBwb3J0R2VtIiwidyI6MSwiaCI6MSwic2NhbGUiOjEsInJlYWxtIjoicG9lMiJ9XQ/666d72acda/ProfanitySupportGem.png	
gem	Projectile Acceleration I	Ускорение cнарядов I	WzI1LDE0LHsiZiI6IjJESXRlbXMvR2Vtcy9OZXcvTmV3U3VwcG9ydC9GYXN0ZXJQcm9qZWN0aWxlc1N1cHBvcnRHZW0iLCJ3IjoxLCJoIjoxLCJzY2FsZSI6MSwicmVhbG0iOiJwb2UyIn1d/b901131b04/FasterProjectilesSupportGem.png	
gem	Projectile Acceleration II	Ускорение cнарядов II	WzI1LDE0LHsiZiI6IjJESXRlbXMvR2Vtcy9OZXcvTmV3U3VwcG9ydC9GYXN0ZXJQcm9qZWN0aWxlc1N1cHBvcnRHZW0iLCJ3IjoxLCJoIjoxLCJzY2FsZSI6MSwicmVhbG0iOiJwb2UyIn1d/b901131b04/FasterProjectilesSupportGem.png	
gem	Projectile Acceleration III	Ускорение cнарядов III	WzI1LDE0LHsiZiI6IjJESXRlbXMvR2Vtcy9OZXcvTmV3U3VwcG9ydC9GYXN0ZXJQcm9qZWN0aWxlc1N1cHBvcnRHZW0iLCJ3IjoxLCJoIjoxLCJzY2FsZSI6MSwicmVhbG0iOiJwb2UyIn1d/b901131b04/FasterProjectilesSupportGem.png	
gem	Projectile Deceleration I	Замедление снарядов I	WzI1LDE0LHsiZiI6IjJESXRlbXMvR2Vtcy9OZXcvTmV3U3VwcG9ydC9TbG93ZXJQcm9qZWN0aWxlc1N1cHBvcnRHZW0iLCJ3IjoxLCJoIjoxLCJzY2FsZSI6MSwicmVhbG0iOiJwb2UyIn1d/0c81e8658a/SlowerProjectilesSupportGem.png	
gem	Projectile Deceleration II	Замедление снарядов II	WzI1LDE0LHsiZiI6IjJESXRlbXMvR2Vtcy9OZXcvTmV3U3VwcG9ydC9TbG93ZXJQcm9qZWN0aWxlc1N1cHBvcnRHZW0iLCJ3IjoxLCJoIjoxLCJzY2FsZSI6MSwicmVhbG0iOiJwb2UyIn1d/0c81e8658a/SlowerProjectilesSupportGem.png	
gem	Prolonged Duration I	Продление I	WzI1LDE0LHsiZiI6IjJESXRlbXMvR2Vtcy9OZXcvTmV3U3VwcG9ydC9Nb3JlRHVyYXRpb25TdXBwb3J0R2VtIiwidyI6MSwiaCI6MSwic2NhbGUiOjEsInJlYWxtIjoicG9lMiJ9XQ/355241f0d2/MoreDurationSupportGem.png	
gem	Prolonged Duration II	Продление II	WzI1LDE0LHsiZiI6IjJESXRlbXMvR2Vtcy9OZXcvTmV3U3VwcG9ydC9Nb3JlRHVyYXRpb25TdXBwb3J0R2VtIiwidyI6MSwiaCI6MSwic2NhbGUiOjEsInJlYWxtIjoicG9lMiJ9XQ/355241f0d2/MoreDurationSupportGem.png	
gem	Prototype Seventeen	Прототип семнадцать	WzI1LDE0LHsiZiI6IjJESXRlbXMvR2Vtcy9OZXcvTmV3U3VwcG9ydC9MaW5lYWdlL1Byb3RvdHlwZVNldmVudGVlbiIsInNjYWxlIjoxLCJyZWFsbSI6InBvZTIifV0/85059c19da/PrototypeSeventeen.png	
gem	Punch Through	Прорыв	WzI1LDE0LHsiZiI6IjJESXRlbXMvR2Vtcy9OZXcvTmV3U3VwcG9ydC9QdW5jaFRocm91Z2hTdXBwb3J0R2VtIiwidyI6MSwiaCI6MSwic2NhbGUiOjEsInJlYWxtIjoicG9lMiJ9XQ/f99b68f05a/PunchThroughSupportGem.png	
gem	Pursuit I	Погоня I	WzI1LDE0LHsiZiI6IjJESXRlbXMvR2Vtcy9OZXcvTmV3U3VwcG9ydC9QdXJzdWl0U3VwcG9ydEdlbSIsInciOjEsImgiOjEsInNjYWxlIjoxLCJyZWFsbSI6InBvZTIifV0/90f863370e/PursuitSupportGem.png	
gem	Pursuit II	Погоня II	WzI1LDE0LHsiZiI6IjJESXRlbXMvR2Vtcy9OZXcvTmV3U3VwcG9ydC9QdXJzdWl0U3VwcG9ydEdlbSIsInciOjEsImgiOjEsInNjYWxlIjoxLCJyZWFsbSI6InBvZTIifV0/90f863370e/PursuitSupportGem.png	
gem	Pursuit III	Погоня III	WzI1LDE0LHsiZiI6IjJESXRlbXMvR2Vtcy9OZXcvTmV3U3VwcG9ydC9QdXJzdWl0U3VwcG9ydEdlbSIsInciOjEsImgiOjEsInNjYWxlIjoxLCJyZWFsbSI6InBvZTIifV0/90f863370e/PursuitSupportGem.png	
gem	Quill Burst	Взрыв игл	WzI1LDE0LHsiZiI6IjJESXRlbXMvR2Vtcy9OZXcvTmV3U3VwcG9ydC9TcGlrZWRHYXVudGxldHNTdXBwb3J0R2VtIiwidyI6MSwiaCI6MSwic2NhbGUiOjEsInJlYWxtIjoicG9lMiJ9XQ/f8c10f4d91/SpikedGauntletsSupportGem.png	
gem	Rage I	Свирепость I	WzI1LDE0LHsiZiI6IjJESXRlbXMvR2Vtcy9OZXcvTmV3U3VwcG9ydC9SYWdlU3VwcG9ydEdlbSIsInciOjEsImgiOjEsInNjYWxlIjoxLCJyZWFsbSI6InBvZTIifV0/a83c346043/RageSupportGem.png	
gem	Rage II	Свирепость II	WzI1LDE0LHsiZiI6IjJESXRlbXMvR2Vtcy9OZXcvTmV3U3VwcG9ydC9SYWdlU3VwcG9ydEdlbSIsInciOjEsImgiOjEsInNjYWxlIjoxLCJyZWFsbSI6InBvZTIifV0/a83c346043/RageSupportGem.png	
gem	Rage III	Свирепость III	WzI1LDE0LHsiZiI6IjJESXRlbXMvR2Vtcy9OZXcvTmV3U3VwcG9ydC9SYWdlU3VwcG9ydEdlbSIsInciOjEsImgiOjEsInNjYWxlIjoxLCJyZWFsbSI6InBvZTIifV0/a83c346043/RageSupportGem.png	
gem	Rageforged I	Разъярение I	WzI1LDE0LHsiZiI6IjJESXRlbXMvR2Vtcy9OZXcvTmV3U3VwcG9ydC9SYWdlZm9yZ2VkU3VwcG9ydEdlbSIsInciOjEsImgiOjEsInNjYWxlIjoxLCJyZWFsbSI6InBvZTIifV0/539dd94655/RageforgedSupportGem.png	
gem	Rageforged II	Разъярение II	WzI1LDE0LHsiZiI6IjJESXRlbXMvR2Vtcy9OZXcvTmV3U3VwcG9ydC9SYWdlZm9yZ2VkU3VwcG9ydEdlbSIsInciOjEsImgiOjEsInNjYWxlIjoxLCJyZWFsbSI6InBvZTIifV0/539dd94655/RageforgedSupportGem.png	
gem	Raging Cry	Свирепый клич	WzI1LDE0LHsiZiI6IjJESXRlbXMvR2Vtcy9OZXcvTmV3U3VwcG9ydC9SYWdpbmdDcnlTdXBwb3J0R2VtIiwidyI6MSwiaCI6MSwic2NhbGUiOjEsInJlYWxtIjoicG9lMiJ9XQ/56fcbf5c5d/RagingCrySupportGem.png	
gem	Raging Spirits	Неистовые духи	WzI1LDE0LHsiZiI6IjJESXRlbXMvR2Vtcy9OZXcvV2l0Y2hSZXNlcnZhdGlvblJhZ2luZ1NwaXJpdHNTa2lsbEdlbSIsInciOjEsImgiOjEsInNjYWxlIjoxLCJyZWFsbSI6InBvZTIifV0/b77aab3e51/WitchReservationRagingSpiritsSkillGem.png	
gem	Rain of Arrows	Ливень стрел	WzI1LDE0LHsiZiI6IjJESXRlbXMvR2Vtcy9OZXcvUmFuZ2VyUmFpbk9mQXJyb3dzU2tpbGxHZW0iLCJ3IjoxLCJoIjoxLCJzY2FsZSI6MSwicmVhbG0iOiJwb2UyIn1d/ca0ddd0004/RangerRainOfArrowsSkillGem.png	
gem	Rain of Blades	Дождь клинков		
gem	Raise Zombie	Поднятие зомби	WzI1LDE0LHsiZiI6IjJESXRlbXMvR2Vtcy9OZXcvV2l0Y2hSYWlzZVpvbWJpZVNraWxsR2VtIiwidyI6MSwiaCI6MSwic2NhbGUiOjEsInJlYWxtIjoicG9lMiJ9XQ/12a340303c/WitchRaiseZombieSkillGem.png	
gem	Rake	Выпад	WzI1LDE0LHsiZiI6IjJESXRlbXMvR2Vtcy9OZXcvQmxvb2RIdW50U2tpbGxHZW0iLCJ3IjoxLCJoIjoxLCJzY2FsZSI6MSwicmVhbG0iOiJwb2UyIn1d/1d4214496a/BloodHuntSkillGem.png	
gem	Rakiata's Flow	Поток Ракиаты	WzI1LDE0LHsiZiI6IjJESXRlbXMvR2Vtcy9OZXcvTmV3U3VwcG9ydC9MaW5lYWdlL1Jha2lhdGEiLCJzY2FsZSI6MSwicmVhbG0iOiJwb2UyIn1d/20a70b7bd3/Rakiata.png	
gem	Rally	Ободрение	WzI1LDE0LHsiZiI6IjJESXRlbXMvR2Vtcy9OZXcvTmV3U3VwcG9ydC9SYWxseVN1cHBvcnRHZW0iLCJ3IjoxLCJoIjoxLCJzY2FsZSI6MSwicmVhbG0iOiJwb2UyIn1d/fe0d7ca285/RallySupportGem.png	
gem	Rampage	Буйство	WzI1LDE0LHsiZiI6IjJESXRlbXMvR2Vtcy9OZXcvQmVhclJhbXBhZ2VsU2tpbGxHZW0iLCJ3IjoxLCJoIjoxLCJzY2FsZSI6MSwicmVhbG0iOiJwb2UyIn1d/d6c2bc538a/BearRampagelSkillGem.png	
gem	Rapid Assault	Стремительное нападение	WzI1LDE0LHsiZiI6IjJESXRlbXMvR2Vtcy9OZXcvUmFwaWRBc3NhdWx0U2tpbGxHZW0iLCJ3IjoxLCJoIjoxLCJzY2FsZSI6MSwicmVhbG0iOiJwb2UyIn1d/9dcd8e51b1/RapidAssaultSkillGem.png	
gem	Rapid Attacks I	Быстрые атаки I	WzI1LDE0LHsiZiI6IjJESXRlbXMvR2Vtcy9OZXcvTmV3U3VwcG9ydC9GYXN0ZXJBdHRhY2tTdXBwb3J0R2VtIiwidyI6MSwiaCI6MSwic2NhbGUiOjEsInJlYWxtIjoicG9lMiJ9XQ/1824662136/FasterAttackSupportGem.png	
gem	Rapid Attacks II	Быстрые атаки II	WzI1LDE0LHsiZiI6IjJESXRlbXMvR2Vtcy9OZXcvTmV3U3VwcG9ydC9GYXN0ZXJBdHRhY2tTdXBwb3J0R2VtIiwidyI6MSwiaCI6MSwic2NhbGUiOjEsInJlYWxtIjoicG9lMiJ9XQ/1824662136/FasterAttackSupportGem.png	
gem	Rapid Attacks III	Быстрые атаки III	WzI1LDE0LHsiZiI6IjJESXRlbXMvR2Vtcy9OZXcvTmV3U3VwcG9ydC9GYXN0ZXJBdHRhY2tTdXBwb3J0R2VtIiwidyI6MSwiaCI6MSwic2NhbGUiOjEsInJlYWxtIjoicG9lMiJ9XQ/1824662136/FasterAttackSupportGem.png	
gem	Rapid Casting I	Быстрое сотворение I	WzI1LDE0LHsiZiI6IjJESXRlbXMvR2Vtcy9OZXcvTmV3U3VwcG9ydC9GYXN0ZXJDYXN0U3VwcG9ydEdlbSIsInciOjEsImgiOjEsInNjYWxlIjoxLCJyZWFsbSI6InBvZTIifV0/3242e80646/FasterCastSupportGem.png	
gem	Rapid Casting II	Быстрое сотворение II	WzI1LDE0LHsiZiI6IjJESXRlbXMvR2Vtcy9OZXcvTmV3U3VwcG9ydC9GYXN0ZXJDYXN0U3VwcG9ydEdlbSIsInciOjEsImgiOjEsInNjYWxlIjoxLCJyZWFsbSI6InBvZTIifV0/3242e80646/FasterCastSupportGem.png	
gem	Rapid Casting III	Быстрое сотворение III	WzI1LDE0LHsiZiI6IjJESXRlbXMvR2Vtcy9OZXcvTmV3U3VwcG9ydC9GYXN0ZXJDYXN0U3VwcG9ydEdlbSIsInciOjEsImgiOjEsInNjYWxlIjoxLCJyZWFsbSI6InBvZTIifV0/3242e80646/FasterCastSupportGem.png	
gem	Rapid Shot	Быстрый выстрел	WzI1LDE0LHsiZiI6IjJESXRlbXMvR2Vtcy9OZXcvUmFwaWRTaG90SW5jZW5kaWFyeVNraWxsR2VtIiwidyI6MSwiaCI6MSwic2NhbGUiOjEsInJlYWxtIjoicG9lMiJ9XQ/8a967b7ef6/RapidShotIncendiarySkillGem.png	
gem	Ratha's Assault	Нападение Раты	WzI1LDE0LHsiZiI6IjJESXRlbXMvR2Vtcy9OZXcvTmV3U3VwcG9ydC9MaW5lYWdlL0F6YWRpYW4iLCJzY2FsZSI6MSwicmVhbG0iOiJwb2UyIn1d/a77457eef2/Azadian.png	
gem	Ravenous Swarm	Прожорливый рой	WzI1LDE0LHsiZiI6IjJESXRlbXMvR2Vtcy9OZXcvV2l0Y2hSYXZlbm91c1N3YXJtU2tpbGxHZW0iLCJ3IjoxLCJoIjoxLCJzY2FsZSI6MSwicmVhbG0iOiJwb2UyIn1d/6ea4d43b31/WitchRavenousSwarmSkillGem.png	
gem	Reaper's Invocation	Вызов жнеца	WzI1LDE0LHsiZiI6IjJESXRlbXMvR2Vtcy9OZXcvTWVsZWVLaWxsSW52b2NhdGlvblNraWxsR2VtIiwidyI6MSwiaCI6MSwic2NhbGUiOjEsInJlYWxtIjoicG9lMiJ9XQ/278fabb98e/MeleeKillInvocationSkillGem.png	
gem	Rearm I	Повторное взведение I	WzI1LDE0LHsiZiI6IjJESXRlbXMvR2Vtcy9OZXcvTmV3U3VwcG9ydC9SZWFybVN1cHBvcnRHZW0iLCJ3IjoxLCJoIjoxLCJzY2FsZSI6MSwicmVhbG0iOiJwb2UyIn1d/27def34568/RearmSupportGem.png	
gem	Rearm II	Повторное взведение II	WzI1LDE0LHsiZiI6IjJESXRlbXMvR2Vtcy9OZXcvTmV3U3VwcG9ydC9SZWFybVN1cHBvcnRHZW0iLCJ3IjoxLCJoIjoxLCJzY2FsZSI6MSwicmVhbG0iOiJwb2UyIn1d/27def34568/RearmSupportGem.png	
gem	Refraction I	Преломление I	WzI1LDE0LHsiZiI6IjJESXRlbXMvR2Vtcy9OZXcvTmV3U3VwcG9ydC9UZW1wZXJlZFZhbG91clN1cHBvcnRHZW0iLCJ3IjoxLCJoIjoxLCJzY2FsZSI6MSwicmVhbG0iOiJwb2UyIn1d/19b2620a9b/TemperedValourSupportGem.png	
gem	Refraction II	Преломление II	WzI1LDE0LHsiZiI6IjJESXRlbXMvR2Vtcy9OZXcvTmV3U3VwcG9ydC9UZW1wZXJlZFZhbG91clN1cHBvcnRHZW0iLCJ3IjoxLCJoIjoxLCJzY2FsZSI6MSwicmVhbG0iOiJwb2UyIn1d/19b2620a9b/TemperedValourSupportGem.png	
gem	Refraction III	Преломление III	WzI1LDE0LHsiZiI6IjJESXRlbXMvR2Vtcy9OZXcvTmV3U3VwcG9ydC9UZW1wZXJlZFZhbG91clN1cHBvcnRHZW0iLCJ3IjoxLCJoIjoxLCJzY2FsZSI6MSwicmVhbG0iOiJwb2UyIn1d/19b2620a9b/TemperedValourSupportGem.png	
gem	Refutation	Отвержение	WzI1LDE0LHsiZiI6IjJESXRlbXMvR2Vtcy9OZXcvRXhwZWRpdGlvblJ1bmljRm9ydHJlc3NHZW0iLCJ3IjoxLCJoIjoxLCJzY2FsZSI6MSwicmVhbG0iOiJwb2UyIn1d/5e102b3ee9/ExpeditionRunicFortressGem.png	
gem	Reinforced Totems I	Укреплённые тотемы I	WzI1LDE0LHsiZiI6IjJESXRlbXMvR2Vtcy9OZXcvTmV3U3VwcG9ydC9Jcm9ud29vZFN1cHBvcnRHZW0iLCJ3IjoxLCJoIjoxLCJzY2FsZSI6MSwicmVhbG0iOiJwb2UyIn1d/6b2d261b63/IronwoodSupportGem.png	
gem	Reinforced Totems II	Укреплённые тотемы II	WzI1LDE0LHsiZiI6IjJESXRlbXMvR2Vtcy9OZXcvTmV3U3VwcG9ydC9Jcm9ud29vZFN1cHBvcnRHZW0iLCJ3IjoxLCJoIjoxLCJzY2FsZSI6MSwicmVhbG0iOiJwb2UyIn1d/6b2d261b63/IronwoodSupportGem.png	
gem	Remnant Potency I	Сила сгустков I	WzI1LDE0LHsiZiI6IjJESXRlbXMvR2Vtcy9OZXcvTmV3U3VwcG9ydC9JbnRlcmx1ZGVTdXBwb3J0R2VtIiwidyI6MSwiaCI6MSwic2NhbGUiOjEsInJlYWxtIjoicG9lMiJ9XQ/a06605b719/InterludeSupportGem.png	
gem	Remnant Potency II	Сила сгустков II	WzI1LDE0LHsiZiI6IjJESXRlbXMvR2Vtcy9OZXcvTmV3U3VwcG9ydC9JbnRlcmx1ZGVTdXBwb3J0R2VtIiwidyI6MSwiaCI6MSwic2NhbGUiOjEsInJlYWxtIjoicG9lMiJ9XQ/a06605b719/InterludeSupportGem.png	
gem	Remnant Potency III	Мощные останки III	WzI1LDE0LHsiZiI6IjJESXRlbXMvR2Vtcy9OZXcvTmV3U3VwcG9ydC9JbnRlcmx1ZGVTdXBwb3J0R2VtIiwidyI6MSwiaCI6MSwic2NhbGUiOjEsInJlYWxtIjoicG9lMiJ9XQ/a06605b719/InterludeSupportGem.png	
gem	Remnants of Kalguur	Реликты Калгуура	WzI1LDE0LHsiZiI6IjJESXRlbXMvR2Vtcy9OZXcvRXhwZWRpdGlvblJlbW5hbnRzb2ZLYWxndXVyR2VtIiwidyI6MSwiaCI6MSwic2NhbGUiOjEsInJlYWxtIjoicG9lMiJ9XQ/0fd5528bd7/ExpeditionRemnantsofKalguurGem.png	
gem	Rending Apex	Разрушительный финал	WzI1LDE0LHsiZiI6IjJESXRlbXMvR2Vtcy9OZXcvTmV3U3VwcG9ydC9BcGV4Qm9vc3RTdXBwb3J0R2VtIiwidyI6MSwiaCI6MSwic2NhbGUiOjEsInJlYWxtIjoicG9lMiJ9XQ/c6ffa07ade/ApexBoostSupportGem.png	
gem	Repulsion	Отталкивание	WzI1LDE0LHsiZiI6IjJESXRlbXMvR2Vtcy9OZXcvRXhwZWRpdGlvbk1hcmtvZlJlcHVsc2lvbkdlbSIsInciOjEsImgiOjEsInNjYWxlIjoxLCJyZWFsbSI6InBvZTIifV0/c09c73ba99/ExpeditionMarkofRepulsionGem.png	
gem	Resonating Shield	Резонирующий щит	WzI1LDE0LHsiZiI6IjJESXRlbXMvR2Vtcy9OZXcvUmVzb25hdGluZ1NoaWVsZFNraWxsR2VtIiwidyI6MSwiaCI6MSwic2NhbGUiOjEsInJlYWxtIjoicG9lMiJ9XQ/300bd73ad2/ResonatingShieldSkillGem.png	
gem	Retaliate I	Отмщение I	WzI1LDE0LHsiZiI6IjJESXRlbXMvR2Vtcy9OZXcvTmV3U3VwcG9ydC9TdGVlbHlOZXJ2ZVN1cHBvcnRHZW0iLCJ3IjoxLCJoIjoxLCJzY2FsZSI6MSwicmVhbG0iOiJwb2UyIn1d/4ef87eccde/SteelyNerveSupportGem.png	
gem	Retaliate II	Отмщение II	WzI1LDE0LHsiZiI6IjJESXRlbXMvR2Vtcy9OZXcvTmV3U3VwcG9ydC9TdGVlbHlOZXJ2ZVN1cHBvcnRHZW0iLCJ3IjoxLCJoIjoxLCJzY2FsZSI6MSwicmVhbG0iOiJwb2UyIn1d/4ef87eccde/SteelyNerveSupportGem.png	
gem	Retreat I	Отступление I	WzI1LDE0LHsiZiI6IjJESXRlbXMvR2Vtcy9OZXcvTmV3U3VwcG9ydC9SZXRyZWF0aW5nQXNzYXVsdFN1cHBvcnRHZW0iLCJ3IjoxLCJoIjoxLCJzY2FsZSI6MSwicmVhbG0iOiJwb2UyIn1d/e0bfbf96e6/RetreatingAssaultSupportGem.png	
gem	Retreat II	Отступление II	WzI1LDE0LHsiZiI6IjJESXRlbXMvR2Vtcy9OZXcvTmV3U3VwcG9ydC9SZXRyZWF0aW5nQXNzYXVsdFN1cHBvcnRHZW0iLCJ3IjoxLCJoIjoxLCJzY2FsZSI6MSwicmVhbG0iOiJwb2UyIn1d/e0bfbf96e6/RetreatingAssaultSupportGem.png	
gem	Retreat III	Отступление III	WzI1LDE0LHsiZiI6IjJESXRlbXMvR2Vtcy9OZXcvTmV3U3VwcG9ydC9SZXRyZWF0aW5nQXNzYXVsdFN1cHBvcnRHZW0iLCJ3IjoxLCJoIjoxLCJzY2FsZSI6MSwicmVhbG0iOiJwb2UyIn1d/e0bfbf96e6/RetreatingAssaultSupportGem.png	
gem	Reverberate	Реверберация	WzI1LDE0LHsiZiI6IjJESXRlbXMvR2Vtcy9OZXcvTmV3U3VwcG9ydC9SZXZlcmJlcmF0ZVN1cHBvcnRHZW0iLCJ3IjoxLCJoIjoxLCJzY2FsZSI6MSwicmVhbG0iOiJwb2UyIn1d/565d8e1e61/ReverberateSupportGem.png	
gem	Rhoa Mount	Ездовой роа	WzI1LDE0LHsiZiI6IjJESXRlbXMvR2Vtcy9OZXcvUmhvYU1vdW50U2tpbGxHZW0iLCJ3IjoxLCJoIjoxLCJzY2FsZSI6MSwicmVhbG0iOiJwb2UyIn1d/a3d95a51d6/RhoaMountSkillGem.png	
gem	Ricochet I	Рикошет I	WzI1LDE0LHsiZiI6IjJESXRlbXMvR2Vtcy9OZXcvTmV3U3VwcG9ydC9UZXJyYWluQ2hhaW5TdXBwb3J0R2VtIiwidyI6MSwiaCI6MSwic2NhbGUiOjEsInJlYWxtIjoicG9lMiJ9XQ/b86c7dfc35/TerrainChainSupportGem.png	
gem	Ricochet II	Рикошет II	WzI1LDE0LHsiZiI6IjJESXRlbXMvR2Vtcy9OZXcvTmV3U3VwcG9ydC9UZXJyYWluQ2hhaW5TdXBwb3J0R2VtIiwidyI6MSwiaCI6MSwic2NhbGUiOjEsInJlYWxtIjoicG9lMiJ9XQ/b86c7dfc35/TerrainChainSupportGem.png	
gem	Ricochet III	Рикошет III	WzI1LDE0LHsiZiI6IjJESXRlbXMvR2Vtcy9OZXcvTmV3U3VwcG9ydC9UZXJyYWluQ2hhaW5TdXBwb3J0R2VtIiwidyI6MSwiaCI6MSwic2NhbGUiOjEsInJlYWxtIjoicG9lMiJ9XQ/b86c7dfc35/TerrainChainSupportGem.png	
gem	Rigwald's Ferocity	Свирепость Ригвальда	WzI1LDE0LHsiZiI6IjJESXRlbXMvR2Vtcy9OZXcvTmV3U3VwcG9ydC9MaW5lYWdlL1JpZ3dhbGQiLCJzY2FsZSI6MSwicmVhbG0iOiJwb2UyIn1d/a053a2b077/Rigwald.png	
gem	Rime	Стужа	WzI1LDE0LHsiZiI6IjJESXRlbXMvR2Vtcy9OZXcvTmV3U3VwcG9ydC9XaW50ZXJibGFzdFN1cHBvcnRHZW0iLCJ3IjoxLCJoIjoxLCJzY2FsZSI6MSwicmVhbG0iOiJwb2UyIn1d/082091064d/WinterblastSupportGem.png	
gem	Rip	Вырывание	WzI1LDE0LHsiZiI6IjJESXRlbXMvR2Vtcy9OZXcvTmV3U3VwcG9ydC9SaXBTdXBwb3J0R2VtIiwidyI6MSwiaCI6MSwic2NhbGUiOjEsInJlYWxtIjoicG9lMiJ9XQ/59fd7c5686/RipSupportGem.png	
gem	Rising Tempest	Поднимающийся шквал	WzI1LDE0LHsiZiI6IjJESXRlbXMvR2Vtcy9OZXcvTmV3U3VwcG9ydC9BZGRlZFRlbXBlc3RUZW1wb1N1cHBvcnRHZW0iLCJ3IjoxLCJoIjoxLCJzY2FsZSI6MSwicmVhbG0iOiJwb2UyIn1d/d0759d2475/AddedTempestTempoSupportGem.png	
gem	Ritualistic Curse	Ритуальное проклятие	WzI1LDE0LHsiZiI6IjJESXRlbXMvR2Vtcy9OZXcvTmV3U3VwcG9ydC9CbGFua0JsdWVTdXBwb3J0R2VtIiwidyI6MSwiaCI6MSwic2NhbGUiOjEsInJlYWxtIjoicG9lMiJ9XQ/b420545308/BlankBlueSupportGem.png	
gem	Rolling Magma	Ползучая магма	WzI1LDE0LHsiZiI6IjJESXRlbXMvR2Vtcy9OZXcvRHJ1aWRSb2xsaW5nTWFnbWFTa2lsbEdlbSIsInciOjEsImgiOjEsInNjYWxlIjoxLCJyZWFsbSI6InBvZTIifV0/49a3735741/DruidRollingMagmaSkillGem.png	
gem	Rolling Slam	Крутящий удар	WzI1LDE0LHsiZiI6IjJESXRlbXMvR2Vtcy9OZXcvRG91YmxlU2xhbVNraWxsR2VtIiwidyI6MSwiaCI6MSwic2NhbGUiOjEsInJlYWxtIjoicG9lMiJ9XQ/9ea13f077b/DoubleSlamSkillGem.png	
gem	Romira's Requital	Расплата Ромиры	WzI1LDE0LHsiZiI6IjJESXRlbXMvR2Vtcy9OZXcvTmV3U3VwcG9ydC9MaW5lYWdlL0xpbmVhZ2VSb21pcmEiLCJzY2FsZSI6MSwicmVhbG0iOiJwb2UyIn1d/62c07d95f0/LineageRomira.png	
gem	Runeforged Blades	Руннокованые клинки	WzI1LDE0LHsiZiI6IjJESXRlbXMvR2Vtcy9OZXcvTmV3U3VwcG9ydC9FeHBlZGl0aW9uUnVuZWZvcmdlZEJsYWRlc0dlbSIsInciOjEsImgiOjEsInNjYWxlIjoxLCJyZWFsbSI6InBvZTIifV0/1c381a2803/ExpeditionRuneforgedBladesGem.png	
gem	Runic Extraction	Рунное извлечение	WzI1LDE0LHsiZiI6IjJESXRlbXMvR2Vtcy9OZXcvTmV3U3VwcG9ydC9FeHBlZGl0aW9uUnVuaWNFeHRyYWN0aW9uR2VtIiwidyI6MSwiaCI6MSwic2NhbGUiOjEsInJlYWxtIjoicG9lMiJ9XQ/98156c9e77/ExpeditionRunicExtractionGem.png	
gem	Runic Infusion	Рунное насыщение	WzI1LDE0LHsiZiI6IjJESXRlbXMvR2Vtcy9OZXcvTmV3U3VwcG9ydC9FeHBlZGl0aW9uUnVuaWNJbmZ1c2lvbkdlbSIsInciOjEsImgiOjEsInNjYWxlIjoxLCJyZWFsbSI6InBvZTIifV0/9e190fc543/ExpeditionRunicInfusionGem.png	
gem	Runic Reprieve	Рунное отведение	WzI1LDE0LHsiZiI6IjJESXRlbXMvR2Vtcy9OZXcvRXhwZWRpdGlvbkthbGd1dXJhbldhcmRHZW0iLCJ3IjoxLCJoIjoxLCJzY2FsZSI6MSwicmVhbG0iOiJwb2UyIn1d/05dab446a6/ExpeditionKalguuranWardGem.png	
gem	Rupture	Разрывание	WzI1LDE0LHsiZiI6IjJESXRlbXMvR2Vtcy9OZXcvTmV3U3VwcG9ydC9SdXB0dXJlU3VwcG9ydEdlbSIsInciOjEsImgiOjEsInNjYWxlIjoxLCJyZWFsbSI6InBvZTIifV0/8efbaf864e/RuptureSupportGem.png	
gem	Rusted Spikes	Ржавые шипы	WzI1LDE0LHsiZiI6IjJESXRlbXMvR2Vtcy9OZXcvTmV3U3VwcG9ydC9SdXN0ZWRTcGlrZXNTdXBwb3J0R2VtIiwidyI6MSwiaCI6MSwic2NhbGUiOjEsInJlYWxtIjoicG9lMiJ9XQ/536e954ee9/RustedSpikesSupportGem.png	
gem	Ruthless	Беспощадность	WzI1LDE0LHsiZiI6IjJESXRlbXMvR2Vtcy9OZXcvTmV3U3VwcG9ydC9SdXRobGVzc1N1cHBvcnRHZW0iLCJ3IjoxLCJoIjoxLCJzY2FsZSI6MSwicmVhbG0iOiJwb2UyIn1d/45640b5abe/RuthlessSupportGem.png	
gem	Sacrifice	Принесение в жертву	WzI1LDE0LHsiZiI6IjJESXRlbXMvR2Vtcy9OZXcvSGFydmVzdGVyU2tpbGxHZW0iLCJ3IjoxLCJoIjoxLCJzY2FsZSI6MSwicmVhbG0iOiJwb2UyIn1d/3e5e96cbed/HarvesterSkillGem.png	
gem	Sacrificial Lamb I	Агнец на заклание I	WzI1LDE0LHsiZiI6IjJESXRlbXMvR2Vtcy9OZXcvTmV3U3VwcG9ydC9TYWNyaWZpY2lhbExhbWJTdXBwb3J0R2VtIiwidyI6MSwiaCI6MSwic2NhbGUiOjEsInJlYWxtIjoicG9lMiJ9XQ/392f1461bb/SacrificialLambSupportGem.png	
gem	Sacrificial Lamb II	Агнец на заклание II	WzI1LDE0LHsiZiI6IjJESXRlbXMvR2Vtcy9OZXcvTmV3U3VwcG9ydC9TYWNyaWZpY2lhbExhbWJTdXBwb3J0R2VtIiwidyI6MSwiaCI6MSwic2NhbGUiOjEsInJlYWxtIjoicG9lMiJ9XQ/392f1461bb/SacrificialLambSupportGem.png	
gem	Sacrificial Offering	Жертвенное подношение	WzI1LDE0LHsiZiI6IjJESXRlbXMvR2Vtcy9OZXcvTmV3U3VwcG9ydC9BZGRlZEFibGF0aW9uU3VwcG9ydEdlbSIsInciOjEsImgiOjEsInNjYWxlIjoxLCJyZWFsbSI6InBvZTIifV0/814394e2e3/AddedAblationSupportGem.png	
gem	Salvo	Шквал	WzI1LDE0LHsiZiI6IjJESXRlbXMvR2Vtcy9OZXcvTmV3U3VwcG9ydC9TYWx2b1N1cHBvcnRHZW0iLCJ3IjoxLCJoIjoxLCJzY2FsZSI6MSwicmVhbG0iOiJwb2UyIn1d/25bda79b17/SalvoSupportGem.png	
gem	Savage Fury	Дикая ярость	WzI1LDE0LHsiZiI6IjJESXRlbXMvR2Vtcy9OZXcvRHJ1aWRXaWxkQmVhc3RTa2lsbEdlbSIsInciOjEsImgiOjEsInNjYWxlIjoxLCJyZWFsbSI6InBvZTIifV0/097156942e/DruidWildBeastSkillGem.png	
gem	Scavenged Plating	Переработанная броня	WzI1LDE0LHsiZiI6IjJESXRlbXMvR2Vtcy9OZXcvU2NhdmVuZ2VkUGxhdGluZ1NraWxsR2VtIiwidyI6MSwiaCI6MSwic2NhbGUiOjEsInJlYWxtIjoicG9lMiJ9XQ/253a0de451/ScavengedPlatingSkillGem.png	
gem	Scouring Flame	Очищающее пламя	WzI1LDE0LHsiZiI6IjJESXRlbXMvR2Vtcy9OZXcvTmV3U3VwcG9ydC9FeHBlZGl0aW9uU2NvdXJpbmdGbGFtZUdlbSIsInciOjEsImgiOjEsInNjYWxlIjoxLCJyZWFsbSI6InBvZTIifV0/5319468a1f/ExpeditionScouringFlameGem.png	
gem	Searing Flame I	Обжигающее пламя I	WzI1LDE0LHsiZiI6IjJESXRlbXMvR2Vtcy9OZXcvTmV3U3VwcG9ydC9TZWFyaW5nRmxhbWVTdXBwb3J0R2VtIiwidyI6MSwiaCI6MSwic2NhbGUiOjEsInJlYWxtIjoicG9lMiJ9XQ/15d2ef3f02/SearingFlameSupportGem.png	
gem	Searing Flame II	Обжигающее пламя II	WzI1LDE0LHsiZiI6IjJESXRlbXMvR2Vtcy9OZXcvTmV3U3VwcG9ydC9TZWFyaW5nRmxhbWVTdXBwb3J0R2VtIiwidyI6MSwiaCI6MSwic2NhbGUiOjEsInJlYWxtIjoicG9lMiJ9XQ/15d2ef3f02/SearingFlameSupportGem.png	
gem	Second Wind I	Второе дыхание I	WzI1LDE0LHsiZiI6IjJESXRlbXMvR2Vtcy9OZXcvTmV3U3VwcG9ydC9TZWNvbmRXaW5kU3VwcG9ydEdlbSIsInciOjEsImgiOjEsInNjYWxlIjoxLCJyZWFsbSI6InBvZTIifV0/07f74d3870/SecondWindSupportGem.png	
gem	Second Wind II	Второе дыхание II	WzI1LDE0LHsiZiI6IjJESXRlbXMvR2Vtcy9OZXcvTmV3U3VwcG9ydC9TZWNvbmRXaW5kU3VwcG9ydEdlbSIsInciOjEsImgiOjEsInNjYWxlIjoxLCJyZWFsbSI6InBvZTIifV0/07f74d3870/SecondWindSupportGem.png	
gem	Second Wind III	Второе дыхание III	WzI1LDE0LHsiZiI6IjJESXRlbXMvR2Vtcy9OZXcvTmV3U3VwcG9ydC9TZWNvbmRXaW5kU3VwcG9ydEdlbSIsInciOjEsImgiOjEsInNjYWxlIjoxLCJyZWFsbSI6InBvZTIifV0/07f74d3870/SecondWindSupportGem.png	
gem	See Red	Красный цвет	WzI1LDE0LHsiZiI6IjJESXRlbXMvR2Vtcy9OZXcvTmV3U3VwcG9ydC9TZWVSZWRTdXBwb3J0R2VtIiwidyI6MSwiaCI6MSwic2NhbGUiOjEsInJlYWxtIjoicG9lMiJ9XQ/4ddccf71eb/SeeRedSupportGem.png	
gem	Seismic Cry	Сейсмический клич	WzI1LDE0LHsiZiI6IjJESXRlbXMvR2Vtcy9OZXcvU2Vpc21pY0NyeVNraWxsR2VtIiwidyI6MSwiaCI6MSwic2NhbGUiOjEsInJlYWxtIjoicG9lMiJ9XQ/fd92cdc6aa/SeismicCrySkillGem.png	
gem	Selfless Remnants	Беззаветные останки	WzI1LDE0LHsiZiI6IjJESXRlbXMvR2Vtcy9OZXcvTmV3U3VwcG9ydC9GaWd1cmVoZWFkU3VwcG9ydEdlbSIsInciOjEsImgiOjEsInNjYWxlIjoxLCJyZWFsbSI6InBvZTIifV0/474888f467/FigureheadSupportGem.png	
gem	Seraph's Heart	Сердце серафима	WzI1LDE0LHsiZiI6IjJESXRlbXMvR2Vtcy9OZXcvTmV3U3VwcG9ydC9MaW5lYWdlL1NlcmFwaHNIZWFydCIsInNjYWxlIjoxLCJyZWFsbSI6InBvZTIifV0/b24b182f0b/SeraphsHeart.png	
gem	Shard Scavenger	Собиратель осколков	WzI1LDE0LHsiZiI6IjJESXRlbXMvR2Vtcy9OZXcvU2hhcmREZXNwb2lsZXJTa2lsbEdlbSIsInciOjEsImgiOjEsInNjYWxlIjoxLCJyZWFsbSI6InBvZTIifV0/2a9d03ec85/ShardDespoilerSkillGem.png	
gem	Shattering Palm	Раскалывающая длань	WzI1LDE0LHsiZiI6IjJESXRlbXMvR2Vtcy9OZXcvU2hhdHRlcmluZ1BhbG1Ta2lsbEdlbSIsInciOjEsImgiOjEsInNjYWxlIjoxLCJyZWFsbSI6InBvZTIifV0/81ee4069de/ShatteringPalmSkillGem.png	
gem	Shield Charge	Удар щитом	WzI1LDE0LHsiZiI6IjJESXRlbXMvR2Vtcy9OZXcvU3VwZXJjaGFyZ2VkU2hpZWxkQ2hhcmdlU2tpbGxHZW0iLCJ3IjoxLCJoIjoxLCJzY2FsZSI6MSwicmVhbG0iOiJwb2UyIn1d/437055888f/SuperchargedShieldChargeSkillGem.png	
gem	Shield Wall	Стена щитов	WzI1LDE0LHsiZiI6IjJESXRlbXMvR2Vtcy9OZXcvQnJ1dGVTaGllbGRXYWxsU2tpbGxHZW0iLCJ3IjoxLCJoIjoxLCJzY2FsZSI6MSwicmVhbG0iOiJwb2UyIn1d/b140211605/BruteShieldWallSkillGem.png	
gem	Shock	Шок	WzI1LDE0LHsiZiI6IjJESXRlbXMvR2Vtcy9OZXcvTmV3U3VwcG9ydC9Db25kdWN0aW9uU3VwcG9ydEdlbSIsInciOjEsImgiOjEsInNjYWxlIjoxLCJyZWFsbSI6InBvZTIifV0/46c88be6de/ConductionSupportGem.png	
gem	Shock Conduction	Проводник шока	WzI1LDE0LHsiZiI6IjJESXRlbXMvR2Vtcy9OZXcvTmV3U3VwcG9ydC9TaG9ja2luZ1Byb2xpZmVyYXRpb25TdXBwb3J0R2VtIiwidyI6MSwiaCI6MSwic2NhbGUiOjEsInJlYWxtIjoicG9lMiJ9XQ/c80b82e61e/ShockingProliferationSupportGem.png	
gem	Shock Conduction II	Проводник шока II	WzI1LDE0LHsiZiI6IjJESXRlbXMvR2Vtcy9OZXcvTmV3U3VwcG9ydC9TaG9ja2luZ1Byb2xpZmVyYXRpb25TdXBwb3J0R2VtIiwidyI6MSwiaCI6MSwic2NhbGUiOjEsInJlYWxtIjoicG9lMiJ9XQ/c80b82e61e/ShockingProliferationSupportGem.png	
gem	Shock Siphon	Вбирание шока	WzI1LDE0LHsiZiI6IjJESXRlbXMvR2Vtcy9OZXcvTmV3U3VwcG9ydC9TaG9ja1NpcGhvblN1cHBvcnRHZW0iLCJ3IjoxLCJoIjoxLCJzY2FsZSI6MSwicmVhbG0iOiJwb2UyIn1d/35f688a62a/ShockSiphonSupportGem.png	
gem	Shockburst Rounds	Электровспышечные снаряды	WzI1LDE0LHsiZiI6IjJESXRlbXMvR2Vtcy9OZXcvUmFwaWRTaG90U3Rvcm1ibGFzdFNraWxsR2VtIiwidyI6MSwiaCI6MSwic2NhbGUiOjEsInJlYWxtIjoicG9lMiJ9XQ/9e921dde05/RapidShotStormblastSkillGem.png	
gem	Shockchain Arrow	Стрела цепной молнии	WzI1LDE0LHsiZiI6IjJESXRlbXMvR2Vtcy9OZXcvUmFuZ2VyU2hvY2tjaGFpbkFycm93U2tpbGxHZW0iLCJ3IjoxLCJoIjoxLCJzY2FsZSI6MSwicmVhbG0iOiJwb2UyIn1d/5fa3e7fa35/RangerShockchainArrowSkillGem.png	
gem	Shocking Leap	Шокирующий прыжок	WzI1LDE0LHsiZiI6IjJESXRlbXMvR2Vtcy9OZXcvTmV3U3VwcG9ydC9TaG9ja2luZ0xlYXBTdXBwb3J0R2VtIiwidyI6MSwiaCI6MSwic2NhbGUiOjEsInJlYWxtIjoicG9lMiJ9XQ/ced1463128/ShockingLeapSupportGem.png	
gem	Shockwave Totem	Сотрясающий тотем	WzI1LDE0LHsiZiI6IjJESXRlbXMvR2Vtcy9OZXcvU2hvY2t3YXZlVG90ZW1Ta2lsbEdlbSIsInciOjEsImgiOjEsInNjYWxlIjoxLCJyZWFsbSI6InBvZTIifV0/3197dbea15/ShockwaveTotemSkillGem.png	
gem	Short Fuse I	Короткий запал I	WzI1LDE0LHsiZiI6IjJESXRlbXMvR2Vtcy9OZXcvTmV3U3VwcG9ydC9FeHBlZGl0ZVN1cHBvcnRHZW0iLCJ3IjoxLCJoIjoxLCJzY2FsZSI6MSwicmVhbG0iOiJwb2UyIn1d/e884b653c5/ExpediteSupportGem.png	
gem	Short Fuse II	Короткий запал II	WzI1LDE0LHsiZiI6IjJESXRlbXMvR2Vtcy9OZXcvTmV3U3VwcG9ydC9FeHBlZGl0ZVN1cHBvcnRHZW0iLCJ3IjoxLCJoIjoxLCJzY2FsZSI6MSwicmVhbG0iOiJwb2UyIn1d/e884b653c5/ExpediteSupportGem.png	
gem	Siege Ballista	Осадная баллиста	WzI1LDE0LHsiZiI6IjJESXRlbXMvR2Vtcy9OZXcvQXJ0aWxsZXJ5QmFsbGlzdGFTa2lsbEdlbSIsInciOjEsImgiOjEsInNjYWxlIjoxLCJyZWFsbSI6InBvZTIifV0/036ee782ff/ArtilleryBallistaSkillGem.png	
gem	Siege Cascade	Осадный залп	WzI1LDE0LHsiZiI6IjJESXRlbXMvR2Vtcy9OZXcvU2llZ2VDYXNjYWRlSW5jZW5kaWFyeVNraWxsR2VtIiwidyI6MSwiaCI6MSwic2NhbGUiOjEsInJlYWxtIjoicG9lMiJ9XQ/ecc3c206bc/SiegeCascadeIncendiarySkillGem.png	
gem	Sione's Temper	Гнев Сионы	WzI1LDE0LHsiZiI6IjJESXRlbXMvR2Vtcy9OZXcvTmV3U3VwcG9ydC9MaW5lYWdlL1dpbGRzaGFyZHMiLCJzY2FsZSI6MSwicmVhbG0iOiJwb2UyIn1d/6d700adf17/Wildshards.png	
gem	Siphon Elements	Вытягивание стихий	WzI1LDE0LHsiZiI6IjJESXRlbXMvR2Vtcy9OZXcvU2lwaG9uRWxlbWVudHNTa2lsbEdlbSIsInciOjEsImgiOjEsInNjYWxlIjoxLCJyZWFsbSI6InBvZTIifV0/1c7b480be8/SiphonElementsSkillGem.png	
gem	Siphoning Strike	Вытягивающий удар	WzI1LDE0LHsiZiI6IjJESXRlbXMvR2Vtcy9OZXcvU2lwaG9uaW5nU3RyaWtlU2tpbGxHZW0iLCJ3IjoxLCJoIjoxLCJzY2FsZSI6MSwicmVhbG0iOiJwb2UyIn1d/7fb30ade9d/SiphoningStrikeSkillGem.png	
gem	Skeletal Arsonist	Скелет-поджигатель	WzI1LDE0LHsiZiI6IjJESXRlbXMvR2Vtcy9OZXcvV2l0Y2hBcnNvbmlzdFNraWxsR2VtIiwidyI6MSwiaCI6MSwic2NhbGUiOjEsInJlYWxtIjoicG9lMiJ9XQ/09892f9354/WitchArsonistSkillGem.png	
gem	Skeletal Brute	Скелет-громила	WzI1LDE0LHsiZiI6IjJESXRlbXMvR2Vtcy9OZXcvV2l0Y2hCcnV0ZVNraWxsR2VtIiwidyI6MSwiaCI6MSwic2NhbGUiOjEsInJlYWxtIjoicG9lMiJ9XQ/ebda9adca6/WitchBruteSkillGem.png	
gem	Skeletal Cleric	Скелет-клерик	WzI1LDE0LHsiZiI6IjJESXRlbXMvR2Vtcy9OZXcvV2l0Y2hDbGVyaWNTa2lsbEdlbSIsInciOjEsImgiOjEsInNjYWxlIjoxLCJyZWFsbSI6InBvZTIifV0/691a019323/WitchClericSkillGem.png	
gem	Skeletal Frost Mage	Скелет-маг льда	WzI1LDE0LHsiZiI6IjJESXRlbXMvR2Vtcy9OZXcvV2l0Y2hGcm9zdFNraWxsR2VtIiwidyI6MSwiaCI6MSwic2NhbGUiOjEsInJlYWxtIjoicG9lMiJ9XQ/71a5484518/WitchFrostSkillGem.png	
gem	Skeletal Reaver	Скелет-разоритель	WzI1LDE0LHsiZiI6IjJESXRlbXMvR2Vtcy9OZXcvV2l0Y2hSZWF2ZXJTa2lsbEdlbSIsInciOjEsImgiOjEsInNjYWxlIjoxLCJyZWFsbSI6InBvZTIifV0/2b04797828/WitchReaverSkillGem.png	
gem	Skeletal Sniper	Скелет-снайпер	WzI1LDE0LHsiZiI6IjJESXRlbXMvR2Vtcy9OZXcvV2l0Y2hBcmNoZXJTa2lsbEdlbSIsInciOjEsImgiOjEsInNjYWxlIjoxLCJyZWFsbSI6InBvZTIifV0/b176ef3976/WitchArcherSkillGem.png	
gem	Skeletal Storm Mage	Скелет-маг молний	WzI1LDE0LHsiZiI6IjJESXRlbXMvR2Vtcy9OZXcvV2l0Y2hTdG9ybVNraWxsR2VtIiwidyI6MSwiaCI6MSwic2NhbGUiOjEsInJlYWxtIjoicG9lMiJ9XQ/6dfd45d09c/WitchStormSkillGem.png	
gem	Skittering Stone I	Ходячий камень I	WzI1LDE0LHsiZiI6IjJESXRlbXMvR2Vtcy9OZXcvTmV3U3VwcG9ydC9Ta2l0dGVyaW5nU3RvbmVTdXBwb3J0R2VtIiwidyI6MSwiaCI6MSwic2NhbGUiOjEsInJlYWxtIjoicG9lMiJ9XQ/daaa3d197a/SkitteringStoneSupportGem.png	
gem	Skittering Stone II	Ходячий камень II	WzI1LDE0LHsiZiI6IjJESXRlbXMvR2Vtcy9OZXcvTmV3U3VwcG9ydC9Ta2l0dGVyaW5nU3RvbmVTdXBwb3J0R2VtIiwidyI6MSwiaCI6MSwic2NhbGUiOjEsInJlYWxtIjoicG9lMiJ9XQ/daaa3d197a/SkitteringStoneSupportGem.png	
gem	Skyfall	Падение небес	WzI1LDE0LHsiZiI6IjJESXRlbXMvR2Vtcy9OZXcvRXhwZWRpdGlvblZlcmlzaXVtQ29tZXRHZW0iLCJ3IjoxLCJoIjoxLCJzY2FsZSI6MSwicmVhbG0iOiJwb2UyIn1d/5b3504d676/ExpeditionVerisiumCometGem.png	
gem	Slow Potency	Сила замедления	WzI1LDE0LHsiZiI6IjJESXRlbXMvR2Vtcy9OZXcvTmV3U3VwcG9ydC9FbmN1bWJlcmFuY2VTdXBwb3J0R2VtIiwidyI6MSwiaCI6MSwic2NhbGUiOjEsInJlYWxtIjoicG9lMiJ9XQ/0329448182/EncumberanceSupportGem.png	
gem	Snap	Подрыв	WzI1LDE0LHsiZiI6IjJESXRlbXMvR2Vtcy9OZXcvQ29sZFNuYXBTa2lsbEdlbSIsInciOjEsImgiOjEsInNjYWxlIjoxLCJyZWFsbSI6InBvZTIifV0/3e5c8edb59/ColdSnapSkillGem.png	
gem	Snipe	Прицельный выстрел	WzI1LDE0LHsiZiI6IjJESXRlbXMvR2Vtcy9OZXcvUmFuZ2VyU25pcGVTa2lsbEdlbSIsInciOjEsImgiOjEsInNjYWxlIjoxLCJyZWFsbSI6InBvZTIifV0/a53166659d/RangerSnipeSkillGem.png	
gem	Sniper's Mark	Метка снайпера	WzI1LDE0LHsiZiI6IjJESXRlbXMvR2Vtcy9OZXcvU25pcGVyc01hcmtTa2lsbEdlbSIsInciOjEsImgiOjEsInNjYWxlIjoxLCJyZWFsbSI6InBvZTIifV0/5050c00a7b/SnipersMarkSkillGem.png	
gem	Solar Orb	Сфера солнца	WzI1LDE0LHsiZiI6IjJESXRlbXMvR2Vtcy9OZXcvU29sYXJPcmJTa2lsbEdlbSIsInciOjEsImgiOjEsInNjYWxlIjoxLCJyZWFsbSI6InBvZTIifV0/f60be291f2/SolarOrbSkillGem.png	
gem	Soul Drain	Вытягивание души	WzI1LDE0LHsiZiI6IjJESXRlbXMvR2Vtcy9OZXcvTmV3U3VwcG9ydC9NYW5hT25DdWxsU3VwcG9ydEdlbSIsInciOjEsImgiOjEsInNjYWxlIjoxLCJyZWFsbSI6InBvZTIifV0/7e4cc7bae9/ManaOnCullSupportGem.png	
gem	Soul Offering	Подношение души	WzI1LDE0LHsiZiI6IjJESXRlbXMvR2Vtcy9OZXcvV2l0Y2hQb3dlck9mZmVyaW5nU2tpbGxHZW0iLCJ3IjoxLCJoIjoxLCJzY2FsZSI6MSwicmVhbG0iOiJwb2UyIn1d/1f9afca042/WitchPowerOfferingSkillGem.png	
gem	Spar	Спарринг	WzI1LDE0LHsiZiI6IjJESXRlbXMvR2Vtcy9OZXcvTmV3U3VwcG9ydC9TcGFyU3VwcG9ydEdlbSIsInciOjEsImgiOjEsInNjYWxlIjoxLCJyZWFsbSI6InBvZTIifV0/00a170fd8d/SparSupportGem.png	
gem	Spark	Искра	WzI1LDE0LHsiZiI6IjJESXRlbXMvR2Vtcy9OZXcvU3BhcmtTa2lsbEdlbSIsInciOjEsImgiOjEsInNjYWxlIjoxLCJyZWFsbSI6InBvZTIifV0/a68f35ec94/SparkSkillGem.png	
gem	Spear of Solaris	Копьё Солярис	WzI1LDE0LHsiZiI6IjJESXRlbXMvR2Vtcy9OZXcvU29sYXJpc1NwZWFyU2tpbGxHZW0iLCJ3IjoxLCJoIjoxLCJzY2FsZSI6MSwicmVhbG0iOiJwb2UyIn1d/56c003d842/SolarisSpearSkillGem.png	
gem	Spearfield	Поле копий	WzI1LDE0LHsiZiI6IjJESXRlbXMvR2Vtcy9OZXcvU3BlYXJGaWVsZFNraWxsR2VtIiwidyI6MSwiaCI6MSwic2NhbGUiOjEsInJlYWxtIjoicG9lMiJ9XQ/aa3b30edc4/SpearFieldSkillGem.png	
gem	Spectral Volley	Призрачный залп	WzI1LDE0LHsiZiI6IjJESXRlbXMvR2Vtcy9OZXcvTmV3U3VwcG9ydC9TcGVjdHJhbEFycm93c1N1cHBvcnRHZW0iLCJ3IjoxLCJoIjoxLCJzY2FsZSI6MSwicmVhbG0iOiJwb2UyIn1d/12ee695b84/SpectralArrowsSupportGem.png	
gem	Spell Cascade	Каскад чар	WzI1LDE0LHsiZiI6IjJESXRlbXMvR2Vtcy9OZXcvTmV3U3VwcG9ydC9TcGVsbENhc2NhZGVTdXBwb3J0R2VtIiwidyI6MSwiaCI6MSwic2NhbGUiOjEsInJlYWxtIjoicG9lMiJ9XQ/b39c0f140f/SpellCascadeSupportGem.png	
gem	Spell Echo	Эхо магии	WzI1LDE0LHsiZiI6IjJESXRlbXMvR2Vtcy9OZXcvTmV3U3VwcG9ydC9TcGVsbEVjaG9TdXBwb3J0R2VtIiwidyI6MSwiaCI6MSwic2NhbGUiOjEsInJlYWxtIjoicG9lMiJ9XQ/78a72826b3/SpellEchoSupportGem.png	
gem	Spell Totem	Колдующий тотем	WzI1LDE0LHsiZiI6IjJESXRlbXMvR2Vtcy9OZXcvRHJ1aWRTcGVsbFRvdGVtU2tpbGxHZW0iLCJ3IjoxLCJoIjoxLCJzY2FsZSI6MSwicmVhbG0iOiJwb2UyIn1d/8304d18be0/DruidSpellTotemSkillGem.png	
gem	Spiral Volley	Спиральный залп	WzI1LDE0LHsiZiI6IjJESXRlbXMvR2Vtcy9OZXcvUmFuZ2VyU3BpcmFsVm9sbGV5U2tpbGxHZW0iLCJ3IjoxLCJoIjoxLCJzY2FsZSI6MSwicmVhbG0iOiJwb2UyIn1d/d5d90fe881/RangerSpiralVolleySkillGem.png	
gem	Splinter Totem I	Расщепляющийся тотем I	WzI1LDE0LHsiZiI6IjJESXRlbXMvR2Vtcy9OZXcvTmV3U3VwcG9ydC9TcGxpbnRlclRvdGVtU3VwcG9ydEdlbSIsInciOjEsImgiOjEsInNjYWxlIjoxLCJyZWFsbSI6InBvZTIifV0/c1504b306e/SplinterTotemSupportGem.png	
gem	Splinter Totem II	Расщепляющийся тотем II	WzI1LDE0LHsiZiI6IjJESXRlbXMvR2Vtcy9OZXcvTmV3U3VwcG9ydC9TcGxpbnRlclRvdGVtU3VwcG9ydEdlbSIsInciOjEsImgiOjEsInNjYWxlIjoxLCJyZWFsbSI6InBvZTIifV0/c1504b306e/SplinterTotemSupportGem.png	
gem	Staggering Palm	Оглушающая длань	WzI1LDE0LHsiZiI6IjJESXRlbXMvR2Vtcy9OZXcvV2luZFBhbG1Ta2lsbEdlbSIsInciOjEsImgiOjEsInNjYWxlIjoxLCJyZWFsbSI6InBvZTIifV0/c9df4c786c/WindPalmSkillGem.png	
gem	Stampede	Натиск	WzI1LDE0LHsiZiI6IjJESXRlbXMvR2Vtcy9OZXcvU3RhbXBlZGVTa2lsbEdlbSIsInciOjEsImgiOjEsInNjYWxlIjoxLCJyZWFsbSI6InBvZTIifV0/c0fa479ecf/StampedeSkillGem.png	
gem	Static Shocks	Статический шок	WzI1LDE0LHsiZiI6IjJESXRlbXMvR2Vtcy9OZXcvTmV3U3VwcG9ydC9Hcm91bmRpbmdTaG9ja3NTdXBwb3J0R2VtIiwidyI6MSwiaCI6MSwic2NhbGUiOjEsInJlYWxtIjoicG9lMiJ9XQ/f65a0c32bb/GroundingShocksSupportGem.png	
gem	Steadfast I	Устойчивость I	WzI1LDE0LHsiZiI6IjJESXRlbXMvR2Vtcy9OZXcvTmV3U3VwcG9ydC9DaGFubmVsbGluZ0FpbG1lbnRUaHJlc2hvbGRTdXBwb3J0R2VtIiwidyI6MSwiaCI6MSwic2NhbGUiOjEsInJlYWxtIjoicG9lMiJ9XQ/6b274a15e3/ChannellingAilmentThresholdSupportGem.png	
gem	Steadfast II	Устойчивость II	WzI1LDE0LHsiZiI6IjJESXRlbXMvR2Vtcy9OZXcvTmV3U3VwcG9ydC9DaGFubmVsbGluZ0FpbG1lbnRUaHJlc2hvbGRTdXBwb3J0R2VtIiwidyI6MSwiaCI6MSwic2NhbGUiOjEsInJlYWxtIjoicG9lMiJ9XQ/6b274a15e3/ChannellingAilmentThresholdSupportGem.png	
gem	Stoicism I	Стоицизм I	WzI1LDE0LHsiZiI6IjJESXRlbXMvR2Vtcy9OZXcvTmV3U3VwcG9ydC9Ob0ZlYXJTdXBwb3J0R2VtIiwidyI6MSwiaCI6MSwic2NhbGUiOjEsInJlYWxtIjoicG9lMiJ9XQ/6444f6e279/NoFearSupportGem.png	
gem	Stoicism II	Стоицизм II	WzI1LDE0LHsiZiI6IjJESXRlbXMvR2Vtcy9OZXcvTmV3U3VwcG9ydC9Ob0ZlYXJTdXBwb3J0R2VtIiwidyI6MSwiaCI6MSwic2NhbGUiOjEsInJlYWxtIjoicG9lMiJ9XQ/6444f6e279/NoFearSupportGem.png	
gem	Stomping Ground	Топотун	WzI1LDE0LHsiZiI6IjJESXRlbXMvR2Vtcy9OZXcvTmV3U3VwcG9ydC9TdG9tcGluZ0dyb3VuZFN1cHBvcnRHZW0iLCJ3IjoxLCJoIjoxLCJzY2FsZSI6MSwicmVhbG0iOiJwb2UyIn1d/acfdde91a4/StompingGroundSupportGem.png	
gem	Storm Lance	Штормовое копьё	WzI1LDE0LHsiZiI6IjJESXRlbXMvR2Vtcy9OZXcvT3ZlcmNoYXJnZWRTcGVhclNraWxsR2VtIiwidyI6MSwiaCI6MSwic2NhbGUiOjEsInJlYWxtIjoicG9lMiJ9XQ/a6179de36c/OverchargedSpearSkillGem.png	
gem	Storm Wave	Штормовая волна	WzI1LDE0LHsiZiI6IjJESXRlbXMvR2Vtcy9OZXcvU3Rvcm1XYXZlU2tpbGxHZW0iLCJ3IjoxLCJoIjoxLCJzY2FsZSI6MSwicmVhbG0iOiJwb2UyIn1d/8a58818886/StormWaveSkillGem.png	
gem	Stormblast Bolts	Штормовой болт	WzI1LDE0LHsiZiI6IjJESXRlbXMvR2Vtcy9OZXcvU2llZ2VDYXNjYWRlU3Rvcm1ibGFzdFNraWxsR2VtIiwidyI6MSwiaCI6MSwic2NhbGUiOjEsInJlYWxtIjoicG9lMiJ9XQ/89de2e78cc/SiegeCascadeStormblastSkillGem.png	
gem	Stormcaller Arrow	Стрела призыва бури	WzI1LDE0LHsiZiI6IjJESXRlbXMvR2Vtcy9OZXcvU2hvY2tpbmdBcnJvd1NraWxsR2VtIiwidyI6MSwiaCI6MSwic2NhbGUiOjEsInJlYWxtIjoicG9lMiJ9XQ/a0eafa7287/ShockingArrowSkillGem.png	
gem	Stormchain	Грозовая цепь	WzI1LDE0LHsiZiI6IjJESXRlbXMvR2Vtcy9OZXcvTmV3U3VwcG9ydC9TdG9ybWNoYWluU3VwcG9ydEdlbSIsInciOjEsImgiOjEsInNjYWxlIjoxLCJyZWFsbSI6InBvZTIifV0/e6378f65fc/StormchainSupportGem.png	
gem	Stormfire	Пламя бури	WzI1LDE0LHsiZiI6IjJESXRlbXMvR2Vtcy9OZXcvTmV3U3VwcG9ydC9TdG9ybWZpcmVTdXBwb3J0R2VtIiwidyI6MSwiaCI6MSwic2NhbGUiOjEsInJlYWxtIjoicG9lMiJ9XQ/add7e06cd6/StormfireSupportGem.png	
gem	Streamlined Rounds	Компактные снаряды	WzI1LDE0LHsiZiI6IjJESXRlbXMvR2Vtcy9OZXcvTmV3U3VwcG9ydC9BdXRvU2hvdGd1blN1cHBvcnRHZW0iLCJ3IjoxLCJoIjoxLCJzY2FsZSI6MSwicmVhbG0iOiJwb2UyIn1d/ed6915a487/AutoShotgunSupportGem.png	
gem	Strong Hearted	Крепость духа	WzI1LDE0LHsiZiI6IjJESXRlbXMvR2Vtcy9OZXcvTmV3U3VwcG9ydC9TdHJvbmdIZWFydGVkU3VwcG9ydEdlbSIsInciOjEsImgiOjEsInNjYWxlIjoxLCJyZWFsbSI6InBvZTIifV0/42f0279c7f/StrongHeartedSupportGem.png	
gem	Stun I	Оглушение I	WzI1LDE0LHsiZiI6IjJESXRlbXMvR2Vtcy9OZXcvTmV3U3VwcG9ydC9PdmVycG93ZXJTdXBwb3J0R2VtIiwidyI6MSwiaCI6MSwic2NhbGUiOjEsInJlYWxtIjoicG9lMiJ9XQ/bfa8e38958/OverpowerSupportGem.png	
gem	Stun II	Оглушение II	WzI1LDE0LHsiZiI6IjJESXRlbXMvR2Vtcy9OZXcvTmV3U3VwcG9ydC9PdmVycG93ZXJTdXBwb3J0R2VtIiwidyI6MSwiaCI6MSwic2NhbGUiOjEsInJlYWxtIjoicG9lMiJ9XQ/bfa8e38958/OverpowerSupportGem.png	
gem	Stun III	Оглушение III	WzI1LDE0LHsiZiI6IjJESXRlbXMvR2Vtcy9OZXcvTmV3U3VwcG9ydC9PdmVycG93ZXJTdXBwb3J0R2VtIiwidyI6MSwiaCI6MSwic2NhbGUiOjEsInJlYWxtIjoicG9lMiJ9XQ/bfa8e38958/OverpowerSupportGem.png	
gem	Styrn's Ferocity	Свирепость Стирна	WzI1LDE0LHsiZiI6IjJESXRlbXMvR2Vtcy9OZXcvTmV3U3VwcG9ydC9MaW5lYWdlL0tuaWdodHNGZXJvY2l0eSIsInNjYWxlIjoxLCJyZWFsbSI6InBvZTIifV0/e015819246/KnightsFerocity.png	
gem	Styrn's Mountain	Гора Стирна	WzI1LDE0LHsiZiI6IjJESXRlbXMvR2Vtcy9OZXcvTmV3U3VwcG9ydC9MaW5lYWdlL0tuaWdodHNMZWdhY3kiLCJzY2FsZSI6MSwicmVhbG0iOiJwb2UyIn1d/2564cea11c/KnightsLegacy.png	
gem	Sunder	Раскол	WzI1LDE0LHsiZiI6IjJESXRlbXMvR2Vtcy9OZXcvU3VuZGVyU2tpbGxHZW0iLCJ3IjoxLCJoIjoxLCJzY2FsZSI6MSwicmVhbG0iOiJwb2UyIn1d/6bb45c7bb7/SunderSkillGem.png	
gem	Supercharged Slam	Сверхмощный удар	WzI1LDE0LHsiZiI6IjJESXRlbXMvR2Vtcy9OZXcvU3VwZXJjaGFyZ2VkU2xhbVNraWxsR2VtIiwidyI6MSwiaCI6MSwic2NhbGUiOjEsInJlYWxtIjoicG9lMiJ9XQ/fe267e60d5/SuperchargedSlamSkillGem.png	
gem	Supercritical	Сверхкритический удар	WzI1LDE0LHsiZiI6IjJESXRlbXMvR2Vtcy9OZXcvTmV3U3VwcG9ydC9JbmNyZWFzZWRDcml0aWNhbERhbWFnZVN1cHBvcnRHZW0iLCJ3IjoxLCJoIjoxLCJzY2FsZSI6MSwicmVhbG0iOiJwb2UyIn1d/cee334de6b/IncreasedCriticalDamageSupportGem.png	
gem	Swift Affliction I	Стремительный недуг I	WzI1LDE0LHsiZiI6IjJESXRlbXMvR2Vtcy9OZXcvTmV3U3VwcG9ydC9Td2lmdEFmZmxpY3Rpb25TdXBwb3J0R2VtIiwidyI6MSwiaCI6MSwic2NhbGUiOjEsInJlYWxtIjoicG9lMiJ9XQ/8bd5b03bf8/SwiftAfflictionSupportGem.png	
gem	Swift Affliction II	Стремительный недуг II	WzI1LDE0LHsiZiI6IjJESXRlbXMvR2Vtcy9OZXcvTmV3U3VwcG9ydC9Td2lmdEFmZmxpY3Rpb25TdXBwb3J0R2VtIiwidyI6MSwiaCI6MSwic2NhbGUiOjEsInJlYWxtIjoicG9lMiJ9XQ/8bd5b03bf8/SwiftAfflictionSupportGem.png	
gem	Swift Affliction III	Стремительный недуг III	WzI1LDE0LHsiZiI6IjJESXRlbXMvR2Vtcy9OZXcvTmV3U3VwcG9ydC9Td2lmdEFmZmxpY3Rpb25TdXBwb3J0R2VtIiwidyI6MSwiaCI6MSwic2NhbGUiOjEsInJlYWxtIjoicG9lMiJ9XQ/8bd5b03bf8/SwiftAfflictionSupportGem.png	
gem	Syzygy	Сизигия	WzI1LDE0LHsiZiI6IjJESXRlbXMvR2Vtcy9OZXcvTmV3U3VwcG9ydC9TeXp5Z3lTdXBwb3J0R2VtIiwidyI6MSwiaCI6MSwic2NhbGUiOjEsInJlYWxtIjoicG9lMiJ9XQ/4358556213/SyzygySupportGem.png	
gem	Tacati's Ire	Гнев Такати	WzI1LDE0LHsiZiI6IjJESXRlbXMvR2Vtcy9OZXcvTmV3U3VwcG9ydC9MaW5lYWdlL0xpbmVhZ2VUYWNhdGkiLCJzY2FsZSI6MSwicmVhbG0iOiJwb2UyIn1d/d5ded1baa6/LineageTacati.png	
gem	Tame Beast	Приручение зверя	WzI1LDE0LHsiZiI6IjJESXRlbXMvR2Vtcy9OZXcvVGFtZUJlYXN0U2tpbGxHZW0iLCJ3IjoxLCJoIjoxLCJzY2FsZSI6MSwicmVhbG0iOiJwb2UyIn1d/0c8f3dd0c7/TameBeastSkillGem.png	
gem	Tangmazu's Thurible	Кадильница Тангмазу	WzI1LDE0LHsiZiI6IjJESXRlbXMvR2Vtcy9OZXcvTmV3U3VwcG9ydC9MaW5lYWdlL1RhbmdtYXp1c1RodXJpYmxlIiwic2NhbGUiOjEsInJlYWxtIjoicG9lMiJ9XQ/ae244c7e9f/TangmazusThurible.png	
gem	Tasalio's Rhythm	Ритм Тасалио	WzI1LDE0LHsiZiI6IjJESXRlbXMvR2Vtcy9OZXcvTmV3U3VwcG9ydC9MaW5lYWdlL0xpbmVhZ2VUYXNhbGlvIiwic2NhbGUiOjEsInJlYWxtIjoicG9lMiJ9XQ/19f9a64786/LineageTasalio.png	
gem	Tawhoa's Tending	Забота Тахоа	WzI1LDE0LHsiZiI6IjJESXRlbXMvR2Vtcy9OZXcvTmV3U3VwcG9ydC9MaW5lYWdlL1R1a29oYW1hIiwic2NhbGUiOjEsInJlYWxtIjoicG9lMiJ9XQ/8b469f3f5e/Tukohama.png	
gem	Tear	Разрыв	WzI1LDE0LHsiZiI6IjJESXRlbXMvR2Vtcy9OZXcvTmV3U3VwcG9ydC9UZWFyU3VwcG9ydEdlbSIsInciOjEsImgiOjEsInNjYWxlIjoxLCJyZWFsbSI6InBvZTIifV0/908e3a30e4/TearSupportGem.png	
gem	Tecrod's Revenge	Месть Текрода	WzI1LDE0LHsiZiI6IjJESXRlbXMvR2Vtcy9OZXcvTmV3U3VwcG9ydC9MaW5lYWdlL0xpbmVhZ2VUZWNyb2QiLCJzY2FsZSI6MSwicmVhbG0iOiJwb2UyIn1d/783b026592/LineageTecrod.png	
gem	Tectonic Slams	Тектонические удары	WzI1LDE0LHsiZiI6IjJESXRlbXMvR2Vtcy9OZXcvTmV3U3VwcG9ydC9DYXNjYWRpbmdTbGFtc1N1cHBvcnRHZW0iLCJ3IjoxLCJoIjoxLCJzY2FsZSI6MSwicmVhbG0iOiJwb2UyIn1d/b533ce64d6/CascadingSlamsSupportGem.png	
gem	Tempest Bell	Колокол бури	WzI1LDE0LHsiZiI6IjJESXRlbXMvR2Vtcy9OZXcvVGVtcGVzdEJlbGxTa2lsbEdlbSIsInciOjEsImgiOjEsInNjYWxlIjoxLCJyZWFsbSI6InBvZTIifV0/31f28f0605/TempestBellSkillGem.png	
gem	Tempest Flurry	Шквал бури	WzI1LDE0LHsiZiI6IjJESXRlbXMvR2Vtcy9OZXcvVGVtcGVzdEZsdXJyeVNraWxsR2VtIiwidyI6MSwiaCI6MSwic2NhbGUiOjEsInJlYWxtIjoicG9lMiJ9XQ/2230aeb20b/TempestFlurrySkillGem.png	
gem	Temporal Chains	Путы времени	WzI1LDE0LHsiZiI6IjJESXRlbXMvR2Vtcy9OZXcvVGVtcG9yYWxDaGFpbnNTa2lsbEdlbSIsInciOjEsImgiOjEsInNjYWxlIjoxLCJyZWFsbSI6InBvZTIifV0/4ff51fb7c6/TemporalChainsSkillGem.png	
gem	Thornskin I	Шипастая кожа I	WzI1LDE0LHsiZiI6IjJESXRlbXMvR2Vtcy9OZXcvTmV3U3VwcG9ydC9UaG9ybnNraW5TdXBwb3J0R2VtIiwidyI6MSwiaCI6MSwic2NhbGUiOjEsInJlYWxtIjoicG9lMiJ9XQ/5e412c223f/ThornskinSupportGem.png	
gem	Thornskin II	Шипастая кожа II	WzI1LDE0LHsiZiI6IjJESXRlbXMvR2Vtcy9OZXcvTmV3U3VwcG9ydC9UaG9ybnNraW5TdXBwb3J0R2VtIiwidyI6MSwiaCI6MSwic2NhbGUiOjEsInJlYWxtIjoicG9lMiJ9XQ/5e412c223f/ThornskinSupportGem.png	
gem	Thrashing Vines	Молотящие лианы	WzI1LDE0LHsiZiI6IjJESXRlbXMvR2Vtcy9OZXcvRHJ1aWRBd2FrZW5lZEZvcmVzdFNraWxsR2VtIiwidyI6MSwiaCI6MSwic2NhbGUiOjEsInJlYWxtIjoicG9lMiJ9XQ/04582762cd/DruidAwakenedForestSkillGem.png	
gem	Thrill of the Kill	Азарт убийства	WzI1LDE0LHsiZiI6IjJESXRlbXMvR2Vtcy9OZXcvTmV3U3VwcG9ydC9UaHJpbGxvZnRoZUtpbGxTdXBwb3J0R2VtIiwidyI6MSwiaCI6MSwic2NhbGUiOjEsInJlYWxtIjoicG9lMiJ9XQ/8b34bf3492/ThrilloftheKillSupportGem.png	
gem	Thrill of the Kill II	Азарт убийства II	WzI1LDE0LHsiZiI6IjJESXRlbXMvR2Vtcy9OZXcvTmV3U3VwcG9ydC9UaHJpbGxvZnRoZUtpbGxTdXBwb3J0R2VtIiwidyI6MSwiaCI6MSwic2NhbGUiOjEsInJlYWxtIjoicG9lMiJ9XQ/8b34bf3492/ThrilloftheKillSupportGem.png	
gem	Thunderous Leap	Грозовой скачок	WzI1LDE0LHsiZiI6IjJESXRlbXMvR2Vtcy9OZXcvVGh1bmRlcm91c0xlYXBTa2lsbEdlbSIsInciOjEsImgiOjEsInNjYWxlIjoxLCJyZWFsbSI6InBvZTIifV0/4dc248acee/ThunderousLeapSkillGem.png	
gem	Thunderstorm	Гроза	WzI1LDE0LHsiZiI6IjJESXRlbXMvR2Vtcy9OZXcvTGlnaHRuaW5nU3Rvcm1Ta2lsbEdlbSIsInciOjEsImgiOjEsInNjYWxlIjoxLCJyZWFsbSI6InBvZTIifV0/6151de700a/LightningStormSkillGem.png	
gem	Time of Need	Час нужды	WzI1LDE0LHsiZiI6IjJESXRlbXMvR2Vtcy9OZXcvVGltZU9mTmVlZFNraWxsR2VtIiwidyI6MSwiaCI6MSwic2NhbGUiOjEsInJlYWxtIjoicG9lMiJ9XQ/38f422e7e1/TimeOfNeedSkillGem.png	
gem	Tireless	Неутомимость	WzI1LDE0LHsiZiI6IjJESXRlbXMvR2Vtcy9OZXcvTmV3U3VwcG9ydC9UaXJlbGVzc1N1cHBvcnRHZW0iLCJ3IjoxLCJoIjoxLCJzY2FsZSI6MSwicmVhbG0iOiJwb2UyIn1d/ae55099162/TirelessSupportGem.png	
gem	Tornado	Торнадо	WzI1LDE0LHsiZiI6IjJESXRlbXMvR2Vtcy9OZXcvVG9ybmFkb1NraWxsR2VtIiwidyI6MSwiaCI6MSwic2NhbGUiOjEsInJlYWxtIjoicG9lMiJ9XQ/439bed8ed8/TornadoSkillGem.png	
gem	Tornado Shot	Вихрь стрел	WzI1LDE0LHsiZiI6IjJESXRlbXMvR2Vtcy9OZXcvVG9ybmFkb1Nob3RTa2lsbEdlbSIsInciOjEsImgiOjEsInNjYWxlIjoxLCJyZWFsbSI6InBvZTIifV0/f00738255a/TornadoShotSkillGem.png	
gem	Toxic Domain	Отравляющее поле	WzI1LDE0LHsiZiI6IjJESXRlbXMvR2Vtcy9OZXcvVG94aWNEb21haW5Ta2lsbEdlbSIsInciOjEsImgiOjEsInNjYWxlIjoxLCJyZWFsbSI6InBvZTIifV0/3508ae0bb6/ToxicDomainSkillGem.png	
gem	Toxic Growth	Ядовитое цветение	WzI1LDE0LHsiZiI6IjJESXRlbXMvR2Vtcy9OZXcvUG9pc29uQmxvb21Ta2lsbEdlbSIsInciOjEsImgiOjEsInNjYWxlIjoxLCJyZWFsbSI6InBvZTIifV0/65bb9599a2/PoisonBloomSkillGem.png	
gem	Trail of Caltrops	Тропа из кальтропов	WzI1LDE0LHsiZiI6IjJESXRlbXMvR2Vtcy9OZXcvQ2FsdHJvcHNPbkRvZGdlU2tpbGxHZW0iLCJ3IjoxLCJoIjoxLCJzY2FsZSI6MSwicmVhbG0iOiJwb2UyIn1d/6afee67454/CaltropsOnDodgeSkillGem.png	
gem	Tremors	Дрожь	WzI1LDE0LHsiZiI6IjJESXRlbXMvR2Vtcy9OZXcvTmV3U3VwcG9ydC9VbnN0YWJsZUVhcnRoU3VwcG9ydEdlbSIsInciOjEsImgiOjEsInNjYWxlIjoxLCJyZWFsbSI6InBvZTIifV0/d17058369f/UnstableEarthSupportGem.png	
gem	Trickster's Shard	Осколок Плута	WzI1LDE0LHsiZiI6IjJESXRlbXMvR2Vtcy9OZXcvTmV3U3VwcG9ydC9MaW5lYWdlL1RyaWNrc3RlcnNTaGFyZCIsInNjYWxlIjoxLCJyZWFsbSI6InBvZTIifV0/ad689de215/TrickstersShard.png	
gem	Trinity	Триединство	WzI1LDE0LHsiZiI6IjJESXRlbXMvR2Vtcy9OZXcvSHVudHJlc3NUcmluaXR5U2tpbGxHZW0iLCJ3IjoxLCJoIjoxLCJzY2FsZSI6MSwicmVhbG0iOiJwb2UyIn1d/e9b96952b9/HuntressTrinitySkillGem.png	
gem	Triskelion Cascade	Каскад Трискелиона	WzI1LDE0LHsiZiI6IjJESXRlbXMvR2Vtcy9OZXcvRXhwZWRpdGlvblRyaXNrZWxpb25DYXNjYWRlR2VtIiwidyI6MSwiaCI6MSwic2NhbGUiOjEsInJlYWxtIjoicG9lMiJ9XQ/889585086e/ExpeditionTriskelionCascadeGem.png	
gem	Tul's Avalanche	Лавина Тул	WzI1LDE0LHsiZiI6IjJESXRlbXMvR2Vtcy9OZXcvTmV3U3VwcG9ydC9MaW5lYWdlL1R1bHNQcm9nZW55Iiwic2NhbGUiOjEsInJlYWxtIjoicG9lMiJ9XQ/c0458a3aa3/TulsProgeny.png	
gem	Tul's Stillness	Безмолвие Тул	WzI1LDE0LHsiZiI6IjJESXRlbXMvR2Vtcy9OZXcvTmV3U3VwcG9ydC9MaW5lYWdlL0xpbmVhZ2VUdWwiLCJzY2FsZSI6MSwicmVhbG0iOiJwb2UyIn1d/cff647542b/LineageTul.png	
gem	Tumult	Смятение	WzI1LDE0LHsiZiI6IjJESXRlbXMvR2Vtcy9OZXcvTmV3U3VwcG9ydC9UdW11bHRTdXBwb3J0R2VtIiwidyI6MSwiaCI6MSwic2NhbGUiOjEsInJlYWxtIjoicG9lMiJ9XQ/a0e8a7747c/TumultSupportGem.png	
gem	Twister	Смерч	WzI1LDE0LHsiZiI6IjJESXRlbXMvR2Vtcy9OZXcvVHdpc3RlclNraWxsR2VtIiwidyI6MSwiaCI6MSwic2NhbGUiOjEsInJlYWxtIjoicG9lMiJ9XQ/2924129339/TwisterSkillGem.png	
gem	Uhtred's Augury	Предчувствие Утреда	WzI1LDE0LHsiZiI6IjJESXRlbXMvR2Vtcy9OZXcvTmV3U3VwcG9ydC9MaW5lYWdlL0xpbmVhZ2VVaHRyZWRHcmVhdGVyIiwic2NhbGUiOjEsInJlYWxtIjoicG9lMiJ9XQ/207f49bf94/LineageUhtredGreater.png	
gem	Uhtred's Constellation	Созвездие Утреда	WzI1LDE0LHsiZiI6IjJESXRlbXMvR2Vtcy9OZXcvTmV3U3VwcG9ydC9MaW5lYWdlL1VodHJlZHNDb25zdGVsbGF0aW9uIiwic2NhbGUiOjEsInJlYWxtIjoicG9lMiJ9XQ/feb7bc09b0/UhtredsConstellation.png	
gem	Uhtred's Exodus	Исход Утреда	WzI1LDE0LHsiZiI6IjJESXRlbXMvR2Vtcy9OZXcvTmV3U3VwcG9ydC9MaW5lYWdlL0xpbmVhZ2VVaHRyZWRMZXNzZXIiLCJzY2FsZSI6MSwicmVhbG0iOiJwb2UyIn1d/b286006915/LineageUhtredLesser.png	
gem	Uhtred's Omen	Знамение Утреда	WzI1LDE0LHsiZiI6IjJESXRlbXMvR2Vtcy9OZXcvTmV3U3VwcG9ydC9MaW5lYWdlL0xpbmVhZ2VVaHRyZWRTdGFuZGFyZCIsInNjYWxlIjoxLCJyZWFsbSI6InBvZTIifV0/2e603483a5/LineageUhtredStandard.png	
gem	Uhtred's Rite	Ритуал Утреда	WzI1LDE0LHsiZiI6IjJESXRlbXMvR2Vtcy9OZXcvTmV3U3VwcG9ydC9MaW5lYWdlL1V0aHJlZHNDaGFsaWNlIiwic2NhbGUiOjEsInJlYWxtIjoicG9lMiJ9XQ/484fb5bdbb/UthredsChalice.png	
gem	Unabating	Безустанность	WzI1LDE0LHsiZiI6IjJESXRlbXMvR2Vtcy9OZXcvTmV3U3VwcG9ydC9VbmFiYXRpbmdTdXBwb3J0R2VtIiwidyI6MSwiaCI6MSwic2NhbGUiOjEsInJlYWxtIjoicG9lMiJ9XQ/d089265ccf/UnabatingSupportGem.png	
gem	Unbending	Несгибаемость	WzI1LDE0LHsiZiI6IjJESXRlbXMvR2Vtcy9OZXcvTmV3U3VwcG9ydC9VbmJlbmRpbmdTdXBwb3J0R2VtIiwidyI6MSwiaCI6MSwic2NhbGUiOjEsInJlYWxtIjoicG9lMiJ9XQ/bfc2576612/UnbendingSupportGem.png	
gem	Unbreakable	Несломимость	WzI1LDE0LHsiZiI6IjJESXRlbXMvR2Vtcy9OZXcvTmV3U3VwcG9ydC9VbmJyZWFrYWJsZVN1cHBvcnRHZW0iLCJ3IjoxLCJoIjoxLCJzY2FsZSI6MSwicmVhbG0iOiJwb2UyIn1d/3ff431e582/UnbreakableSupportGem.png	
gem	Unearth	Эксгумация	WzI1LDE0LHsiZiI6IjJESXRlbXMvR2Vtcy9OZXcvV2l0Y2hVbmVhcnRoU2tpbGxHZW0iLCJ3IjoxLCJoIjoxLCJzY2FsZSI6MSwicmVhbG0iOiJwb2UyIn1d/e2b9b4ff2e/WitchUnearthSkillGem.png	
gem	Unerring Power	Безошибочная мощь	WzI1LDE0LHsiZiI6IjJESXRlbXMvR2Vtcy9OZXcvTmV3U3VwcG9ydC9EaXNjb3VudFN1cHBvcnRHZW0iLCJ3IjoxLCJoIjoxLCJzY2FsZSI6MSwicmVhbG0iOiJwb2UyIn1d/5a2fa68af4/DiscountSupportGem.png	
gem	Unleash	Высвобождение	WzI1LDE0LHsiZiI6IjJESXRlbXMvR2Vtcy9OZXcvTmV3U3VwcG9ydC9VbmxlYXNoU3VwcG9ydEdlbSIsInciOjEsImgiOjEsInNjYWxlIjoxLCJyZWFsbSI6InBvZTIifV0/809a539b35/UnleashSupportGem.png	
gem	Unsteady Tempo	Неровный темп	WzI1LDE0LHsiZiI6IjJESXRlbXMvR2Vtcy9OZXcvTmV3U3VwcG9ydC9VbnN0ZWFkeVRlbXBvU3VwcG9ydEdlbSIsInciOjEsImgiOjEsInNjYWxlIjoxLCJyZWFsbSI6InBvZTIifV0/78996270e0/UnsteadyTempoSupportGem.png	
gem	Untouchable	Неприкосновенность	WzI1LDE0LHsiZiI6IjJESXRlbXMvR2Vtcy9OZXcvTmV3U3VwcG9ydC9VbnRvdWNoYWJsZVN1cHBvcnRHZW0iLCJ3IjoxLCJoIjoxLCJzY2FsZSI6MSwicmVhbG0iOiJwb2UyIn1d/f109d7f8f3/UntouchableSupportGem.png	
gem	Unyielding	Непреклонность	WzI1LDE0LHsiZiI6IjJESXRlbXMvR2Vtcy9OZXcvTmV3U3VwcG9ydC9VbnlpZWxkaW5nU3VwcG9ydEdlbSIsInciOjEsImgiOjEsInNjYWxlIjoxLCJyZWFsbSI6InBvZTIifV0/71def9b258/UnyieldingSupportGem.png	
gem	Upheaval I	Возмущение I	WzI1LDE0LHsiZiI6IjJESXRlbXMvR2Vtcy9OZXcvTmV3U3VwcG9ydC9VcGhlYXZhbFN1cHBvcnRHZW0iLCJ3IjoxLCJoIjoxLCJzY2FsZSI6MSwicmVhbG0iOiJwb2UyIn1d/92027abbba/UpheavalSupportGem.png	
gem	Upheaval II	Возмущение II	WzI1LDE0LHsiZiI6IjJESXRlbXMvR2Vtcy9OZXcvTmV3U3VwcG9ydC9VcGhlYXZhbFN1cHBvcnRHZW0iLCJ3IjoxLCJoIjoxLCJzY2FsZSI6MSwicmVhbG0iOiJwb2UyIn1d/92027abbba/UpheavalSupportGem.png	
gem	Upwelling I	Всплеск I	WzI1LDE0LHsiZiI6IjJESXRlbXMvR2Vtcy9OZXcvTmV3U3VwcG9ydC9VcHdlbGxpbmdTdXBwb3J0R2VtIiwidyI6MSwiaCI6MSwic2NhbGUiOjEsInJlYWxtIjoicG9lMiJ9XQ/1d8d0ca197/UpwellingSupportGem.png	
gem	Upwelling II	Всплеск II	WzI1LDE0LHsiZiI6IjJESXRlbXMvR2Vtcy9OZXcvTmV3U3VwcG9ydC9VcHdlbGxpbmdTdXBwb3J0R2VtIiwidyI6MSwiaCI6MSwic2NhbGUiOjEsInJlYWxtIjoicG9lMiJ9XQ/1d8d0ca197/UpwellingSupportGem.png	
gem	Urgent Totems I	Спешные тотемы I	WzI1LDE0LHsiZiI6IjJESXRlbXMvR2Vtcy9OZXcvTmV3U3VwcG9ydC9Ub3RlbVBsYWNlbWVudFNwZWVkU3VwcG9ydEdlbSIsInciOjEsImgiOjEsInNjYWxlIjoxLCJyZWFsbSI6InBvZTIifV0/e7fb1ce920/TotemPlacementSpeedSupportGem.png	
gem	Urgent Totems II	Спешные тотемы II	WzI1LDE0LHsiZiI6IjJESXRlbXMvR2Vtcy9OZXcvTmV3U3VwcG9ydC9Ub3RlbVBsYWNlbWVudFNwZWVkU3VwcG9ydEdlbSIsInciOjEsImgiOjEsInNjYWxlIjoxLCJyZWFsbSI6InBvZTIifV0/e7fb1ce920/TotemPlacementSpeedSupportGem.png	
gem	Urgent Totems III	Спешные тотемы III	WzI1LDE0LHsiZiI6IjJESXRlbXMvR2Vtcy9OZXcvTmV3U3VwcG9ydC9Ub3RlbVBsYWNlbWVudFNwZWVkU3VwcG9ydEdlbSIsInciOjEsImgiOjEsInNjYWxlIjoxLCJyZWFsbSI6InBvZTIifV0/e7fb1ce920/TotemPlacementSpeedSupportGem.png	
gem	Uruk's Smelting	Плавильня Урука	WzI1LDE0LHsiZiI6IjJESXRlbXMvR2Vtcy9OZXcvTmV3U3VwcG9ydC9MaW5lYWdlL0xpbmVhZ2VBcm1vdXJCcmVhayIsInNjYWxlIjoxLCJyZWFsbSI6InBvZTIifV0/821e3c1334/LineageArmourBreak.png	
gem	Uul-Netol's Embrace	Объятия Уул-Нетол	WzI1LDE0LHsiZiI6IjJESXRlbXMvR2Vtcy9OZXcvTmV3U3VwcG9ydC9MaW5lYWdlL0xpbmVhZ2VVdWxOZXRvbCIsInNjYWxlIjoxLCJyZWFsbSI6InBvZTIifV0/751151f142/LineageUulNetol.png	
gem	Vanguard I	Авангард I	WzI1LDE0LHsiZiI6IjJESXRlbXMvR2Vtcy9OZXcvTmV3U3VwcG9ydC9HdWFyZG9uU3R1blN1cHBvcnRHZW0iLCJ3IjoxLCJoIjoxLCJzY2FsZSI6MSwicmVhbG0iOiJwb2UyIn1d/19e379c3f2/GuardonStunSupportGem.png	
gem	Vanguard II	Авангард II	WzI1LDE0LHsiZiI6IjJESXRlbXMvR2Vtcy9OZXcvTmV3U3VwcG9ydC9HdWFyZG9uU3R1blN1cHBvcnRHZW0iLCJ3IjoxLCJoIjoxLCJzY2FsZSI6MSwicmVhbG0iOiJwb2UyIn1d/19e379c3f2/GuardonStunSupportGem.png	
gem	Varashta's Blessing	Благословение Варашты	WzI1LDE0LHsiZiI6IjJESXRlbXMvR2Vtcy9OZXcvTmV3U3VwcG9ydC9MaW5lYWdlL0xpbmVhZ2VEamlubiIsInNjYWxlIjoxLCJyZWFsbSI6InBvZTIifV0/62882cee00/LineageDjinn.png	
gem	Vaulting Impact	Удар в прыжке	WzI1LDE0LHsiZiI6IjJESXRlbXMvR2Vtcy9OZXcvVmF1bHRpbmdJbXBhY3RTa2lsbEdlbSIsInciOjEsImgiOjEsInNjYWxlIjoxLCJyZWFsbSI6InBvZTIifV0/543d901412/VaultingImpactSkillGem.png	
gem	Verglas	Иней	WzI1LDE0LHsiZiI6IjJESXRlbXMvR2Vtcy9OZXcvTmV3U3VwcG9ydC9WZXJnbGFzU3VwcG9ydEdlbSIsInciOjEsImgiOjEsInNjYWxlIjoxLCJyZWFsbSI6InBvZTIifV0/ea5ffa551e/VerglasSupportGem.png	
gem	Verisium Manifestations	Веризиевые проявления	WzI1LDE0LHsiZiI6IjJESXRlbXMvR2Vtcy9OZXcvRXhwZWRpdGlvblJ1bmV3b3JkTWFuaWZlc3RHZW0iLCJ3IjoxLCJoIjoxLCJzY2FsZSI6MSwicmVhbG0iOiJwb2UyIn1d/6739ce6cc0/ExpeditionRunewordManifestGem.png	
gem	Vilenta's Propulsion	Разгон Виленты	WzI1LDE0LHsiZiI6IjJESXRlbXMvR2Vtcy9OZXcvTmV3U3VwcG9ydC9MaW5lYWdlL0xpbmVhZ2VWaWxlbnRhIiwic2NhbGUiOjEsInJlYWxtIjoicG9lMiJ9XQ/abda900f3c/LineageVilenta.png	
gem	Vine Arrow	Стрела лиан	WzI1LDE0LHsiZiI6IjJESXRlbXMvR2Vtcy9OZXcvUG9pc29uVmluZVNraWxsR2VtIiwidyI6MSwiaCI6MSwic2NhbGUiOjEsInJlYWxtIjoicG9lMiJ9XQ/3c9fc8095c/PoisonVineSkillGem.png	
gem	Vitality I	Живучесть I	WzI1LDE0LHsiZiI6IjJESXRlbXMvR2Vtcy9OZXcvTmV3U3VwcG9ydC9WaXRhbGl0eVN1cHBvcnRHZW0iLCJ3IjoxLCJoIjoxLCJzY2FsZSI6MSwicmVhbG0iOiJwb2UyIn1d/4d0a173757/VitalitySupportGem.png	
gem	Vitality II	Живучесть II	WzI1LDE0LHsiZiI6IjJESXRlbXMvR2Vtcy9OZXcvTmV3U3VwcG9ydC9WaXRhbGl0eVN1cHBvcnRHZW0iLCJ3IjoxLCJoIjoxLCJzY2FsZSI6MSwicmVhbG0iOiJwb2UyIn1d/4d0a173757/VitalitySupportGem.png	
gem	Volatile Power	Нестабильная мощь	WzI1LDE0LHsiZiI6IjJESXRlbXMvR2Vtcy9OZXcvTmV3U3VwcG9ydC9Wb2xhdGlsZVBvd2VyU3VwcG9ydEdlbSIsInciOjEsImgiOjEsInNjYWxlIjoxLCJyZWFsbSI6InBvZTIifV0/459fe9f8da/VolatilePowerSupportGem.png	
gem	Volatility	Нестабильность	WzI1LDE0LHsiZiI6IjJESXRlbXMvR2Vtcy9OZXcvTmV3U3VwcG9ydC9JbnN0YWJpbGl0eVN1cHBvcnRHZW0iLCJ3IjoxLCJoIjoxLCJzY2FsZSI6MSwicmVhbG0iOiJwb2UyIn1d/852f5e8671/InstabilitySupportGem.png	
gem	Volcanic Eruption	Извержение вулкана	WzI1LDE0LHsiZiI6IjJESXRlbXMvR2Vtcy9OZXcvTmV3U3VwcG9ydC9Wb2xjYW5pY0VydXB0aW9uU3VwcG9ydEdlbSIsInciOjEsImgiOjEsInNjYWxlIjoxLCJyZWFsbSI6InBvZTIifV0/18144b5072/VolcanicEruptionSupportGem.png	
gem	Volcanic Fissure	Вулканический разлом	WzI1LDE0LHsiZiI6IjJESXRlbXMvR2Vtcy9OZXcvVm9sY2FuaWNGaXNzdXJlU2tpbGxHZW0iLCJ3IjoxLCJoIjoxLCJzY2FsZSI6MSwicmVhbG0iOiJwb2UyIn1d/d72cf80281/VolcanicFissureSkillGem.png	
gem	Volcano	Вулкан	WzI1LDE0LHsiZiI6IjJESXRlbXMvR2Vtcy9OZXcvVm9sY2Fub1NraWxsR2VtIiwidyI6MSwiaCI6MSwic2NhbGUiOjEsInJlYWxtIjoicG9lMiJ9XQ/a4dc6fc103/VolcanoSkillGem.png	
gem	Volt	Разряд	WzI1LDE0LHsiZiI6IjJESXRlbXMvR2Vtcy9OZXcvTmV3U3VwcG9ydC9Wb2x0U3VwcG9ydEdlbSIsInciOjEsImgiOjEsInNjYWxlIjoxLCJyZWFsbSI6InBvZTIifV0/b797e86615/VoltSupportGem.png	
gem	Voltaic Barrier	Электрический барьер	WzI1LDE0LHsiZiI6IjJESXRlbXMvR2Vtcy9OZXcvRXhwZWRpdGlvbkNyYWNrbGluZ0JhcnJpZXJHZW0iLCJ3IjoxLCJoIjoxLCJzY2FsZSI6MSwicmVhbG0iOiJwb2UyIn1d/a5e130752e/ExpeditionCracklingBarrierGem.png	
gem	Voltaic Grenade	Электрическая граната	WzI1LDE0LHsiZiI6IjJESXRlbXMvR2Vtcy9OZXcvU2hvY2tHcmVuYWRlTWVyY0dlbSIsInciOjEsImgiOjEsInNjYWxlIjoxLCJyZWFsbSI6InBvZTIifV0/24ffa2fb0a/ShockGrenadeMercGem.png	
gem	Voltaic Mark	Громовая метка	WzI1LDE0LHsiZiI6IjJESXRlbXMvR2Vtcy9OZXcvU2hvY2tpbmdNYXJrU2tpbGxHZW0iLCJ3IjoxLCJoIjoxLCJzY2FsZSI6MSwicmVhbG0iOiJwb2UyIn1d/d39afc7cc3/ShockingMarkSkillGem.png	
gem	Vorana's Siege	Осада Вораны	WzI1LDE0LHsiZiI6IjJESXRlbXMvR2Vtcy9OZXcvTmV3U3VwcG9ydC9MaW5lYWdlL1ZvcmFuYXNTaWVnZSIsInNjYWxlIjoxLCJyZWFsbSI6InBvZTIifV0/c3df9f3c9a/VoranasSiege.png	
gem	Vruun's Aftermath	Последствие Рууна	WzI1LDE0LHsiZiI6IjJESXRlbXMvR2Vtcy9OZXcvTmV3U3VwcG9ydC9MaW5lYWdlL1ZydXVuc0FmdGVybWF0aCIsInNjYWxlIjoxLCJyZWFsbSI6InBvZTIifV0/209e0d5270/VruunsAftermath.png	
gem	Vruun's Inevitability	Неизбежность Рууна	WzI1LDE0LHsiZiI6IjJESXRlbXMvR2Vtcy9OZXcvTmV3U3VwcG9ydC9MaW5lYWdlL1ZydXVuc1NwaWtlIiwic2NhbGUiOjEsInJlYWxtIjoicG9lMiJ9XQ/13d2115682/VruunsSpike.png	
gem	Vulnerability	Беззащитность	WzI1LDE0LHsiZiI6IjJESXRlbXMvR2Vtcy9OZXcvV2l0Y2hWdWxuZXJhYmlsaXR5U2tpbGxHZW0iLCJ3IjoxLCJoIjoxLCJzY2FsZSI6MSwicmVhbG0iOiJwb2UyIn1d/751cf915f6/WitchVulnerabilitySkillGem.png	
gem	Walking Calamity	Ходячее бедствие	WzI1LDE0LHsiZiI6IjJESXRlbXMvR2Vtcy9OZXcvRHJ1aWRXYWxraW5nQ2FsYW1pdHlTa2lsbEdlbSIsInciOjEsImgiOjEsInNjYWxlIjoxLCJyZWFsbSI6InBvZTIifV0/12e4d69bdc/DruidWalkingCalamitySkillGem.png	
gem	War Banner	Знамя войны	WzI1LDE0LHsiZiI6IjJESXRlbXMvR2Vtcy9OZXcvV2FyQmFubmVyU2tpbGxHZW0iLCJ3IjoxLCJoIjoxLCJzY2FsZSI6MSwicmVhbG0iOiJwb2UyIn1d/d7eebe0f61/WarBannerSkillGem.png	
gem	Wardbound Minions	Барьерные приспешники	WzI1LDE0LHsiZiI6IjJESXRlbXMvR2Vtcy9OZXcvRXhwZWRpdGlvbldhcmRib3VuZE1pbmlvbnNHZW0iLCJ3IjoxLCJoIjoxLCJzY2FsZSI6MSwicmVhbG0iOiJwb2UyIn1d/6f162b93d1/ExpeditionWardboundMinionsGem.png	
gem	Warm Blooded	Теплокровность	WzI1LDE0LHsiZiI6IjJESXRlbXMvR2Vtcy9OZXcvTmV3U3VwcG9ydC9XYXJtQmxvb2RlZFN1cHBvcnRHZW0iLCJ3IjoxLCJoIjoxLCJzY2FsZSI6MSwicmVhbG0iOiJwb2UyIn1d/ff54a4beb2/WarmBloodedSupportGem.png	
gem	Wave of Frost	Волна мороза	WzI1LDE0LHsiZiI6IjJESXRlbXMvR2Vtcy9OZXcvRnJlZXppbmdCYWNrZmxpcFNraWxsR2VtIiwidyI6MSwiaCI6MSwic2NhbGUiOjEsInJlYWxtIjoicG9lMiJ9XQ/cf21432885/FreezingBackflipSkillGem.png	
gem	Whirling Assault	Вихревой налёт	WzI1LDE0LHsiZiI6IjJESXRlbXMvR2Vtcy9OZXcvV2hpcmxpbmdBc3NhdWx0U2tpbGxHZW0iLCJ3IjoxLCJoIjoxLCJzY2FsZSI6MSwicmVhbG0iOiJwb2UyIn1d/d01afe4f99/WhirlingAssaultSkillGem.png	
gem	Whirling Slash	Вихревой удар	WzI1LDE0LHsiZiI6IjJESXRlbXMvR2Vtcy9OZXcvV2hpcmxpbmdTbGFzaFNraWxsR2VtIiwidyI6MSwiaCI6MSwic2NhbGUiOjEsInJlYWxtIjoicG9lMiJ9XQ/4d216be9f2/WhirlingSlashSkillGem.png	
gem	Whirlwind Lance	Вихревое копьё	WzI1LDE0LHsiZiI6IjJESXRlbXMvR2Vtcy9OZXcvV2luZHN0b3JtTGFuY2VTa2lsbEdlbSIsInciOjEsImgiOjEsInNjYWxlIjoxLCJyZWFsbSI6InBvZTIifV0/452f5035bd/WindstormLanceSkillGem.png	
gem	Wildfire	Пожар	WzI1LDE0LHsiZiI6IjJESXRlbXMvR2Vtcy9OZXcvTmV3U3VwcG9ydC9JZ25pdGVQcm9saWZlcmF0aW9uU3VwcG9ydEdlbSIsInciOjEsImgiOjEsInNjYWxlIjoxLCJyZWFsbSI6InBvZTIifV0/4f094d5af9/IgniteProliferationSupportGem.png	
gem	Wildshards I	Шальные осколки I	WzI1LDE0LHsiZiI6IjJESXRlbXMvR2Vtcy9OZXcvTmV3U3VwcG9ydC9XaWxkc2hhcmRzU3VwcG9ydEdlbSIsInciOjEsImgiOjEsInNjYWxlIjoxLCJyZWFsbSI6InBvZTIifV0/bcd3051ba7/WildshardsSupportGem.png	
gem	Wildshards II	Шальные осколки II	WzI1LDE0LHsiZiI6IjJESXRlbXMvR2Vtcy9OZXcvTmV3U3VwcG9ydC9XaWxkc2hhcmRzU3VwcG9ydEdlbSIsInciOjEsImgiOjEsInNjYWxlIjoxLCJyZWFsbSI6InBvZTIifV0/bcd3051ba7/WildshardsSupportGem.png	
gem	Wind Blast	Порыв ветра	WzI1LDE0LHsiZiI6IjJESXRlbXMvR2Vtcy9OZXcvR2FsZVN0cmlrZVN3aW5nU2tpbGxHZW0iLCJ3IjoxLCJoIjoxLCJzY2FsZSI6MSwicmVhbG0iOiJwb2UyIn1d/260a0521c2/GaleStrikeSwingSkillGem.png	
gem	Wind Dancer	Танцующий с ветром	WzI1LDE0LHsiZiI6IjJESXRlbXMvR2Vtcy9OZXcvV2luZERhbmNlclNraWxsR2VtIiwidyI6MSwiaCI6MSwic2NhbGUiOjEsInJlYWxtIjoicG9lMiJ9XQ/9205945635/WindDancerSkillGem.png	
gem	Wind Serpent's Fury	Ярость воздушного змея	WzI1LDE0LHsiZiI6IjJESXRlbXMvR2Vtcy9OZXcvV2luZFNlcnBlbnRzRnVyeVNraWxsR2VtIiwidyI6MSwiaCI6MSwic2NhbGUiOjEsInJlYWxtIjoicG9lMiJ9XQ/b56bb80e09/WindSerpentsFurySkillGem.png	
gem	Wind Wave	Воздушная волна	WzI1LDE0LHsiZiI6IjJESXRlbXMvR2Vtcy9OZXcvTmV3U3VwcG9ydC9Lbm9ja2JhY2tXYXZlU3VwcG9ydEdlbSIsInciOjEsImgiOjEsInNjYWxlIjoxLCJyZWFsbSI6InBvZTIifV0/6810c13175/KnockbackWaveSupportGem.png	
gem	Window of Opportunity I	Окно возможностей I	WzI1LDE0LHsiZiI6IjJESXRlbXMvR2Vtcy9OZXcvTmV3U3VwcG9ydC9XaW5kb3dPZk9wcG9ydHVuaXR5U3VwcG9ydEdlbSIsInciOjEsImgiOjEsInNjYWxlIjoxLCJyZWFsbSI6InBvZTIifV0/dde8e98074/WindowOfOpportunitySupportGem.png	
gem	Window of Opportunity II	Окно возможностей II	WzI1LDE0LHsiZiI6IjJESXRlbXMvR2Vtcy9OZXcvTmV3U3VwcG9ydC9XaW5kb3dPZk9wcG9ydHVuaXR5U3VwcG9ydEdlbSIsInciOjEsImgiOjEsInNjYWxlIjoxLCJyZWFsbSI6InBvZTIifV0/dde8e98074/WindowOfOpportunitySupportGem.png	
gem	Wing Blast	Взмах крыльев	WzI1LDE0LHsiZiI6IjJESXRlbXMvR2Vtcy9OZXcvRHJ1aWRXaW5nQmxhc3RTa2lsbEdlbSIsInciOjEsImgiOjEsInNjYWxlIjoxLCJyZWFsbSI6InBvZTIifV0/149a9812d1/DruidWingBlastSkillGem.png	
gem	Withering Presence	Истощающее присутствие	WzI1LDE0LHsiZiI6IjJESXRlbXMvR2Vtcy9OZXcvV2l0Y2hXaXRoZXJpbmdQcmVzZW5jZVNraWxsR2VtIiwidyI6MSwiaCI6MSwic2NhbGUiOjEsInJlYWxtIjoicG9lMiJ9XQ/b08ee5f059/WitchWitheringPresenceSkillGem.png	
gem	Withering Touch	Губительное прикосновение	WzI1LDE0LHsiZiI6IjJESXRlbXMvR2Vtcy9OZXcvTmV3U3VwcG9ydC9XaXRoZXJpbmdUb3VjaFN1cHBvcnRHZW0iLCJ3IjoxLCJoIjoxLCJzY2FsZSI6MSwicmVhbG0iOiJwb2UyIn1d/ce3daa8409/WitheringTouchSupportGem.png	
gem	Wolf Pack	Волчья стая	WzI1LDE0LHsiZiI6IjJESXRlbXMvR2Vtcy9OZXcvU3VtbW9uV29sZlNraWxsR2VtIiwidyI6MSwiaCI6MSwic2NhbGUiOjEsInJlYWxtIjoicG9lMiJ9XQ/2fed0d6647/SummonWolfSkillGem.png	
gem	Xibaqua's Rending	Разрывание Шибаквы	WzI1LDE0LHsiZiI6IjJESXRlbXMvR2Vtcy9OZXcvTmV3U3VwcG9ydC9MaW5lYWdlL0xpbmVhZ2VYaWJhcXVhIiwic2NhbGUiOjEsInJlYWxtIjoicG9lMiJ9XQ/e4e4642563/LineageXibaqua.png	
gem	Xoph's Pyre	Костёр Ксофа	WzI1LDE0LHsiZiI6IjJESXRlbXMvR2Vtcy9OZXcvTmV3U3VwcG9ydC9MaW5lYWdlL0xpbmVhZ2VYb3BoIiwic2NhbGUiOjEsInJlYWxtIjoicG9lMiJ9XQ/09f4b817dc/LineageXoph.png	
gem	Zarokh's Refrain	Рефрен Зарока	WzI1LDE0LHsiZiI6IjJESXRlbXMvR2Vtcy9OZXcvTmV3U3VwcG9ydC9MaW5lYWdlL1phcm9raCIsInNjYWxlIjoxLCJyZWFsbSI6InBvZTIifV0/78c9566961/Zarokh.png	
gem	Zarokh's Revolt	Мятеж Зарока	WzI1LDE0LHsiZiI6IjJESXRlbXMvR2Vtcy9OZXcvTmV3U3VwcG9ydC9MaW5lYWdlL1phcm9raHNSZXZvbHQiLCJzY2FsZSI6MSwicmVhbG0iOiJwb2UyIn1d/a611b32c57/ZarokhsRevolt.png	
gem	Zenith I	Зенит I	WzI1LDE0LHsiZiI6IjJESXRlbXMvR2Vtcy9OZXcvTmV3U3VwcG9ydC9NYW5hdGVuYW5jZVN1cHBvcnRHZW0iLCJ3IjoxLCJoIjoxLCJzY2FsZSI6MSwicmVhbG0iOiJwb2UyIn1d/b087f3e886/ManatenanceSupportGem.png	
gem	Zenith II	Зенит II	WzI1LDE0LHsiZiI6IjJESXRlbXMvR2Vtcy9OZXcvTmV3U3VwcG9ydC9NYW5hdGVuYW5jZVN1cHBvcnRHZW0iLCJ3IjoxLCJoIjoxLCJzY2FsZSI6MSwicmVhbG0iOiJwb2UyIn1d/b087f3e886/ManatenanceSupportGem.png	
gem	Zerphi's Infamy	Бесславие Зерфи	WzI1LDE0LHsiZiI6IjJESXRlbXMvR2Vtcy9OZXcvTmV3U3VwcG9ydC9MaW5lYWdlL1plcnBoaXNMZWdhY3kiLCJzY2FsZSI6MSwicmVhbG0iOiJwb2UyIn1d/3b039ea679/ZerphisLegacy.png	
item	Aberrant Sledge	Искажённый молот		Metadata/Items/Weapons/TwoHandWeapons/TwoHandMaces/FourTwoHandMaceUnique1
item	Absent Amulet	Амулет отсутствия	WzI1LDE0LHsiZiI6IjJESXRlbXMvQW11bGV0cy9CYXNldHlwZXMvQWJzZW50QW11bGV0IiwidyI6MSwiaCI6MSwic2NhbGUiOjEsInJlYWxtIjoicG9lMiJ9XQ/4f9543d85e/AbsentAmulet.png	Metadata/Items/Amulets/FourAmuletB1c;stat_3182714256,stat_718638445=0,1
item	Abyss Tablet	Плитка Бездны	WzI1LDE0LHsiZiI6IjJESXRlbXMvQ3VycmVuY3kvUHJlY3Vyc29yVGFibGV0cy9QcmVjdXJzb3JUYWJsZXRBYnlzcyIsInciOjEsImgiOjEsInNjYWxlIjoxLCJyZWFsbSI6InBvZTIifV0/478e9f6ae2/PrecursorTabletAbyss.png	Metadata/Items/TowerAugment/AbyssAugment;?,?
item	Abyssal Flail	Кистень кромешной тьмы	WzI1LDE0LHsiZiI6IjJESXRlbXMvV2VhcG9ucy9PbmVIYW5kV2VhcG9ucy9GbGFpbHMvRmxhaWwxMyIsInciOjIsImgiOjMsInNjYWxlIjoxLCJyZWFsbSI6InBvZTIifV0/edb5ade502/Flail13.png	Metadata/Items/Weapons/OneHandWeapons/Flails/FourFlail13
item	Abyssal Signet	Печатка Бездны		Metadata/Items/Rings/FourRing12;stat_2646093132
item	Acrid Wand	Едкий жезл	WzI1LDE0LHsiZiI6IjJESXRlbXMvV2VhcG9ucy9PbmVIYW5kV2VhcG9ucy9XYW5kcy9CYXNldHlwZXMvV2FuZDA3IiwidyI6MSwiaCI6Mywic2NhbGUiOjEsInJlYWxtIjoicG9lMiJ9XQ/0b07d611e8/Wand07.png	Metadata/Items/Weapons/OneHandWeapons/Wands/FourWand7
item	Adaptive Alloy	Адаптивный сплав	WzI1LDE0LHsiZiI6IjJESXRlbXMvQ3VycmVuY3kvRXhwZWRpdGlvbjIvQ2hpcHBlZFZlcmlzaXVtIiwic2NhbGUiOjEsInJlYWxtIjoicG9lMiJ9XQ/5795b74448/ChippedVerisium.png	
item	Adaptive Catalyst	Адаптивный катализатор	WzI1LDE0LHsiZiI6IjJESXRlbXMvQ3VycmVuY3kvQnJlYWNoL0JyZWFjaENhdGFseXN0QXR0cmlidXRlIiwic2NhbGUiOjEsInJlYWxtIjoicG9lMiJ9XQ/015f6c9ac8/BreachCatalystAttribute.png	
item	Adept Rune	Руна искусности	WzI1LDE0LHsiZiI6IjJESXRlbXMvQ3VycmVuY3kvUnVuZXMvRGV4UnVuZSIsInNjYWxlIjoxLCJyZWFsbSI6InBvZTIifV0/efa54e5585/DexRune.png	
item	Adherent Bow	Лук приверженца	WzI1LDE0LHsiZiI6IjJESXRlbXMvV2VhcG9ucy9Ud29IYW5kV2VhcG9ucy9Cb3dzL0Jhc2V0eXBlcy9Cb3cwNyIsInciOjIsImgiOjQsInNjYWxlIjoxLCJyZWFsbSI6InBvZTIifV0/7099d311a6/Bow07.png	Metadata/Items/Weapons/TwoHandWeapons/Bows/FourBow7Cruel;?
item	Adherent Cuffs	Манжеты приверженца	WzI1LDE0LHsiZiI6IjJESXRlbXMvQXJtb3Vycy9HbG92ZXMvQmFzZXR5cGVzL0dsb3Zlc0ludFN0cjA0IiwidyI6MiwiaCI6Miwic2NhbGUiOjEsInJlYWxtIjoicG9lMiJ9XQ/5749813f61/GlovesIntStr04.png	Metadata/Items/Armours/Gloves/FourGlovesStrInt4Endgame
item	Adherent Leggings	Сапоги приверженца	WzI1LDE0LHsiZiI6IjJESXRlbXMvQXJtb3Vycy9Cb290cy9CYXNldHlwZXMvQm9vdHNJbnRTdHIwMSIsInciOjIsImgiOjIsInNjYWxlIjoxLCJyZWFsbSI6InBvZTIifV0/84fb41f219/BootsIntStr01.png	Metadata/Items/Armours/Boots/FourBootsStrInt1Cruel
item	Adherent's Raiment	Одеяние приверженца	WzI1LDE0LHsiZiI6IjJESXRlbXMvQXJtb3Vycy9Cb2R5QXJtb3Vycy9CYXNldHlwZXMvQm9keUludDA3IiwidyI6MiwiaCI6Mywic2NhbGUiOjEsInJlYWxtIjoicG9lMiJ9XQ/e50f8b5131/BodyInt07.png	Metadata/Items/Armours/BodyArmours/FourBodyInt7Cruel
item	Adorned Wraps	Украшенные обмотки	WzI1LDE0LHsiZiI6IjJESXRlbXMvQXJtb3Vycy9HbG92ZXMvQmFzZXR5cGVzL0dsb3Zlc0RleEludDAzIiwidyI6MiwiaCI6Miwic2NhbGUiOjEsInJlYWxtIjoicG9lMiJ9XQ/bdc7c3c15d/GlovesDexInt03.png	Metadata/Items/Armours/Gloves/FourGlovesDexInt3Cruel
item	Aegis Quarterstaff	Боевой посох эгиды	WzI1LDE0LHsiZiI6IjJESXRlbXMvV2VhcG9ucy9Ud29IYW5kV2VhcG9ucy9XYXJTdGF2ZXMvV2Fyc3RhZmYwOCIsInciOjIsImgiOjQsInNjYWxlIjoxLCJyZWFsbSI6InBvZTIifV0/3efb44d8ce/Warstaff08.png	Metadata/Items/Weapons/TwoHandWeapons/Staves/FourQuarterstaff8Endgame;stat_1702195217=0
item	Aged Cuffs	Старинные манжеты	WzI1LDE0LHsiZiI6IjJESXRlbXMvQXJtb3Vycy9HbG92ZXMvQmFzZXR5cGVzL0dsb3Zlc0ludFN0cjAyIiwidyI6MiwiaCI6Miwic2NhbGUiOjEsInJlYWxtIjoicG9lMiJ9XQ/06defd5790/GlovesIntStr02.png	Metadata/Items/Armours/Gloves/FourGlovesStrInt2
item	Aged Tower Shield	Старый ростовой щит	WzI1LDE0LHsiZiI6IjJESXRlbXMvT2ZmaGFuZC9TaGllbGRzL1Rvd2VyMDIiLCJ3IjoyLCJoIjo0LCJzY2FsZSI6MSwicmVhbG0iOiJwb2UyIn1d/656c8bbd9a/Tower02.png	Metadata/Items/Armours/Shields/FourShieldStr2Cruel
item	Akoyan Club	Булава Акойи	WzI1LDE0LHsiZiI6IjJESXRlbXMvV2VhcG9ucy9PbmVIYW5kV2VhcG9ucy9PbmVIYW5kTWFjZXMvQmFzZXR5cGVzLzFITWFjZTEwIiwidyI6MiwiaCI6Mywic2NhbGUiOjEsInJlYWxtIjoicG9lMiJ9XQ/f681d01e69/1HMace10.png	Metadata/Items/Weapons/OneHandWeapons/OneHandMaces/FourOneHandMace10Endgame;stat_4126210832
item	Akoyan Spear	Копьё Акойи	WzI1LDE0LHsiZiI6IjJESXRlbXMvV2VhcG9ucy9PbmVIYW5kV2VhcG9ucy9PbmVIYW5kU3BlYXJzLzFIU3BlYXIxMCIsInciOjEsImgiOjQsInNjYWxlIjoxLCJyZWFsbSI6InBvZTIifV0/114525ad0e/1HSpear10.png	Metadata/Items/Weapons/OneHandWeapons/OneHandSpears/FourSpear10Endgame;?
item	Albino Rhoa Feather	Перо белого роа	WzI1LDE0LHsiZiI6IjJESXRlbXMvQ3VycmVuY3kvQ3VycmVuY3lSaG9hRmVhdGhlciIsInciOjEsImgiOjEsInNjYWxlIjoxLCJyZWFsbSI6InBvZTIifV0/f9799a9e2c/CurrencyRhoaFeather.png	
item	Aldur's Legacy	Наследие Альдура	WzI1LDE0LHsiZiI6IjJESXRlbXMvQ3VycmVuY3kvRXhwZWRpdGlvbjIvR2FtZVdhcnBSdW5lVW5pcXVlIiwic2NhbGUiOjEsInJlYWxtIjoicG9lMiJ9XQ/0eca412563/GameWarpRuneUnique.png	
item	Aldur's Saga	Сага Альдура	WzI1LDE0LHsiZiI6IjJESXRlbXMvQ3VycmVuY3kvRXhwZWRpdGlvbjIvU3BlY2lhbEV4cGVkaXRpb25QYWdlNSIsInNjYWxlIjoxLCJyZWFsbSI6InBvZTIifV0/e4e66b1f57/SpecialExpeditionPage5.png	
item	Alloy Crossbow	Металлический самострел	WzI1LDE0LHsiZiI6IjJESXRlbXMvV2VhcG9ucy9Ud29IYW5kV2VhcG9ucy9Dcm9zc2Jvd3MvMkhDcm9zc2JvdzA2IiwidyI6MiwiaCI6NCwic2NhbGUiOjEsInJlYWxtIjoicG9lMiJ9XQ/c4655d2f9d/2HCrossbow06.png	Metadata/Items/Weapons/TwoHandWeapons/Crossbows/FourCrossbow6
item	Alpha Talisman	Талисман вожака	WzI1LDE0LHsiZiI6IjJESXRlbXMvT2ZmaGFuZC9UYWxpc21hbnMvUHJpbWFsVGFsaXNtYW4iLCJ3IjoyLCJoIjoyLCJzY2FsZSI6MSwicmVhbG0iOiJwb2UyIn1d/abb37076d1/PrimalTalisman.png	Metadata/Items/Weapons/TwoHandWeapons/Talismans/Talisman6Endgame;stat_1702195217=0
item	Altar Robe	Алтарное одеяние	WzI1LDE0LHsiZiI6IjJESXRlbXMvQXJtb3Vycy9Cb2R5QXJtb3Vycy9CYXNldHlwZXMvQm9keUludDA4IiwidyI6MiwiaCI6Mywic2NhbGUiOjEsInJlYWxtIjoicG9lMiJ9XQ/e1702b49d8/BodyInt08.png	Metadata/Items/Armours/BodyArmours/FourBodyInt8
item	Altered Collarbone	Видоизменившаяся ключица	WzI1LDE0LHsiZiI6IjJESXRlbXMvQ3VycmVuY3kvQnJlYWNoL0JyZWFjaERlc2VjcmF0aW9uIiwic2NhbGUiOjEsInJlYWxtIjoicG9lMiJ9XQ/7f4a69e367/BreachDesecration.png	
item	Amanamu's Gaze	Взгляд Аманаму	WzI1LDE0LHsiZiI6IjJESXRlbXMvQ3VycmVuY3kvQWJ5c3NhbEV5ZVNvY2tldGFibGVzL0FtYW5hbXVzR2F6ZSIsInNjYWxlIjoxLCJyZWFsbSI6InBvZTIifV0/53ba66a7d4/AmanamusGaze.png	
item	Amber Amulet	Амулет с янтарём	WzI1LDE0LHsiZiI6IjJESXRlbXMvQW11bGV0cy9CYXNldHlwZXMvQW1iZXJBbXVsZXQiLCJ3IjoxLCJoIjoxLCJzY2FsZSI6MSwicmVhbG0iOiJwb2UyIn1d/b2698b19ad/AmberAmulet.png	Metadata/Items/Amulets/FourAmulet3;stat_4080418644=0
item	Amethyst Charm	Оберег с аметистом	WzI1LDE0LHsiZiI6IjJESXRlbXMvQ2hhcm1zL0Jhc2V0eXBlcy9BbWV0aHlzdENoYXJtIiwidyI6MSwiaCI6MSwic2NhbGUiOjEsInJlYWxtIjoicG9lMiJ9XQ/2cd6c21b36/AmethystCharm.png	Metadata/Items/Flasks/FourCharm11;stat_3310778564
item	Amethyst Ring	Кольцо с аметистом	WzI1LDE0LHsiZiI6IjJESXRlbXMvUmluZ3MvQmFzZXR5cGVzL0FtZXRoeXN0UmluZyIsInciOjEsImgiOjEsInNjYWxlIjoxLCJyZWFsbSI6InBvZTIifV0/352427171d/AmethystRing.png	Metadata/Items/Rings/FourRing6;stat_2923486259=0
item	Amphora Relic	Амфора	WzI1LDE0LHsiZiI6IjJESXRlbXMvUmVsaWNzL1JlbGljQmFzZTF4MyIsInciOjEsImgiOjMsInNjYWxlIjoxLCJyZWFsbSI6InBvZTIifV0/0e67698734/RelicBase1x3.png	Metadata/Items/Relics/SanctumRelic1x3
item	An Audience with the King	Встреча с Хозяином	WzI1LDE0LHsiZiI6IjJESXRlbXMvQ3VycmVuY3kvUml0dWFsL1Zvb2Rvb0tpbmdFZmZpZ3kiLCJzY2FsZSI6MSwicmVhbG0iOiJwb2UyIn1d/0b02c113cc/VoodooKingEffigy.png	
item	Ancestor Tower Shield	Ростовой щит предков	WzI1LDE0LHsiZiI6IjJESXRlbXMvT2ZmaGFuZC9TaGllbGRzL1Rvd2VyMTAiLCJ3IjoyLCJoIjo0LCJzY2FsZSI6MSwicmVhbG0iOiJwb2UyIn1d/8efda96f5b/Tower10.png	Metadata/Items/Armours/Shields/FourShieldStr10
item	Ancestral Mail	Фамильный доспех	WzI1LDE0LHsiZiI6IjJESXRlbXMvQXJtb3Vycy9Cb2R5QXJtb3Vycy9CYXNldHlwZXMvQm9keVN0ckRleDA4IiwidyI6MiwiaCI6Mywic2NhbGUiOjEsInJlYWxtIjoicG9lMiJ9XQ/e3f1f20a56/BodyStrDex08.png	Metadata/Items/Armours/BodyArmours/FourBodyStrDex8
item	Ancestral Tiara	Фамильная тиара	WzI1LDE0LHsiZiI6IjJESXRlbXMvQXJtb3Vycy9IZWxtZXRzL0Jhc2V0eXBlcy9IZWxtZXRJbnQwOCIsInciOjIsImgiOjIsInNjYWxlIjoxLCJyZWFsbSI6InBvZTIifV0/6e0502ce1f/HelmetInt08.png	Metadata/Items/Armours/Helmets/FourHelmetInt8Endgame
item	Anchorite Garb	Одеяние анахорета	WzI1LDE0LHsiZiI6IjJESXRlbXMvQXJtb3Vycy9Cb2R5QXJtb3Vycy9CYXNldHlwZXMvQm9keURleEludDA1IiwidyI6MiwiaCI6Mywic2NhbGUiOjEsInJlYWxtIjoicG9lMiJ9XQ/9875eb2d08/BodyDexInt05.png	Metadata/Items/Armours/BodyArmours/FourBodyDexInt5
item	Ancient Buckler	Древний баклер	WzI1LDE0LHsiZiI6IjJESXRlbXMvT2ZmaGFuZC9TaGllbGRzL0J1Y2tsZXIwOCIsInciOjIsImgiOjIsInNjYWxlIjoxLCJyZWFsbSI6InBvZTIifV0/e26e85892c/Buckler08.png	Metadata/Items/Armours/Shields/FourShieldDex8Endgame
item	Ancient Collarbone	Древняя ключица	WzI1LDE0LHsiZiI6IjJESXRlbXMvQ3VycmVuY3kvQWJ5c3MvQW5jaWVudENsYXZpY2xlIiwic2NhbGUiOjEsInJlYWxtIjoicG9lMiJ9XQ/86b2c7a29a/AncientClavicle.png	
item	Ancient Concentrated Liquid Fear	Древний концентрированный жидкий страх	WzI1LDE0LHsiZiI6IjJESXRlbXMvQ3VycmVuY3kvRGlzdGlsbGVkRW1vdGlvbnMvVGltZWxvc3RDb25jZW50cmF0ZWREaXN0aWxsZWRGZWFyIiwic2NhbGUiOjEsInJlYWxtIjoicG9lMiJ9XQ/5beedf767c/TimelostConcentratedDistilledFear.png	
item	Ancient Concentrated Liquid Isolation	Древнее концентрированное жидкое отчуждение	WzI1LDE0LHsiZiI6IjJESXRlbXMvQ3VycmVuY3kvRGlzdGlsbGVkRW1vdGlvbnMvVGltZWxvc3RDb25jZW50cmF0ZWREaXN0aWxsZWRJc29sYXRpb24iLCJzY2FsZSI6MSwicmVhbG0iOiJwb2UyIn1d/fa4fd8531b/TimelostConcentratedDistilledIsolation.png	
item	Ancient Concentrated Liquid Suffering	Древнее концентрированное жидкое страдание	WzI1LDE0LHsiZiI6IjJESXRlbXMvQ3VycmVuY3kvRGlzdGlsbGVkRW1vdGlvbnMvVGltZWxvc3RDb25jZW50cmF0ZWREaXN0aWxsZWRTdWZmZXJpbmciLCJzY2FsZSI6MSwicmVhbG0iOiJwb2UyIn1d/14e097ad2a/TimelostConcentratedDistilledSuffering.png	
item	Ancient Crisis Fragment	Древний переломный фрагмент	WzI1LDE0LHsiZiI6IjJESXRlbXMvUXVlc3RJdGVtcy9QaW5uYWNsZUtleTEiLCJzY2FsZSI6MSwicmVhbG0iOiJwb2UyIn1d/ef329c74d1/PinnacleKey1.png	
item	Ancient Cuffs	Древние манжеты	WzI1LDE0LHsiZiI6IjJESXRlbXMvQXJtb3Vycy9HbG92ZXMvQmFzZXR5cGVzL0dsb3Zlc0ludFN0cjAyIiwidyI6MiwiaCI6Miwic2NhbGUiOjEsInJlYWxtIjoicG9lMiJ9XQ/06defd5790/GlovesIntStr02.png	Metadata/Items/Armours/Gloves/FourGlovesStrInt2Endgame
item	Ancient Diluted Liquid Greed	Древняя разбавленная жидкая жадность	WzI1LDE0LHsiZiI6IjJESXRlbXMvQ3VycmVuY3kvRGlzdGlsbGVkRW1vdGlvbnMvVGltZWxvc3REaWx1dGVkRGlzdGlsbGVkR3JlZWQiLCJzY2FsZSI6MSwicmVhbG0iOiJwb2UyIn1d/8ef165042d/TimelostDilutedDistilledGreed.png	
item	Ancient Diluted Liquid Guilt	Древняя разбавленная жидкая вина	WzI1LDE0LHsiZiI6IjJESXRlbXMvQ3VycmVuY3kvRGlzdGlsbGVkRW1vdGlvbnMvVGltZWxvc3REaWx1dGVkRGlzdGlsbGVkR3VpbHQiLCJzY2FsZSI6MSwicmVhbG0iOiJwb2UyIn1d/adc7474910/TimelostDilutedDistilledGuilt.png	
item	Ancient Diluted Liquid Ire	Древний разбавленный жидкий гнев	WzI1LDE0LHsiZiI6IjJESXRlbXMvQ3VycmVuY3kvRGlzdGlsbGVkRW1vdGlvbnMvVGltZWxvc3REaWx1dGVkRGlzdGlsbGVkSXJlIiwic2NhbGUiOjEsInJlYWxtIjoicG9lMiJ9XQ/37c3144cb7/TimelostDilutedDistilledIre.png	
item	Ancient Greatblade	Древний тяжёлый меч	WzI1LDE0LHsiZiI6IjJESXRlbXMvV2VhcG9ucy9Ud29IYW5kV2VhcG9ucy9Ud29IYW5kU3dvcmRzL0Jhc2V0eXBlcy8ySFN3b3JkMTAiLCJ3IjoyLCJoIjo0LCJzY2FsZSI6MSwicmVhbG0iOiJwb2UyIn1d/4089ac313a/2HSword10.png	Metadata/Items/Weapons/TwoHandWeapons/TwoHandSwords/FourTwoHandSword10
item	Ancient Infuser	Древний нагнетатель	WzI1LDE0LHsiZiI6IjJESXRlbXMvQ3VycmVuY3kvSW5jdXJzaW9uQ3JhZnRpbmdPcmJzL0luY3Vyc2lvbkFuY2llbnRJbmZ1c2lvbiIsInNjYWxlIjoxLCJyZWFsbSI6InBvZTIifV0/7d23730590/IncursionAncientInfusion.png	
item	Ancient Jawbone	Древняя челюсть	WzI1LDE0LHsiZiI6IjJESXRlbXMvQ3VycmVuY3kvQWJ5c3MvQW5jaWVudEphd2JvbmUiLCJzY2FsZSI6MSwicmVhbG0iOiJwb2UyIn1d/bff68187a6/AncientJawbone.png	
item	Ancient Leggings	Древние сапоги		Metadata/Items/Armours/Boots/FourBootsStrIntUnique1
item	Ancient Liquid Despair	Древнее жидкое отчаяние	WzI1LDE0LHsiZiI6IjJESXRlbXMvQ3VycmVuY3kvRGlzdGlsbGVkRW1vdGlvbnMvVGltZWxvc3REaXN0aWxsZWREZXNwYWlyIiwic2NhbGUiOjEsInJlYWxtIjoicG9lMiJ9XQ/20d8801d9f/TimelostDistilledDespair.png	
item	Ancient Liquid Disgust	Древнее жидкое отвращение	WzI1LDE0LHsiZiI6IjJESXRlbXMvQ3VycmVuY3kvRGlzdGlsbGVkRW1vdGlvbnMvVGltZWxvc3REaXN0aWxsZWREaXNndXN0Iiwic2NhbGUiOjEsInJlYWxtIjoicG9lMiJ9XQ/692d116504/TimelostDistilledDisgust.png	
item	Ancient Liquid Envy	Древняя жидкая зависть	WzI1LDE0LHsiZiI6IjJESXRlbXMvQ3VycmVuY3kvRGlzdGlsbGVkRW1vdGlvbnMvVGltZWxvc3REaXN0aWxsZWRFbnZ5Iiwic2NhbGUiOjEsInJlYWxtIjoicG9lMiJ9XQ/8135fea7ea/TimelostDistilledEnvy.png	
item	Ancient Liquid Paranoia	Древняя жидкая паранойя	WzI1LDE0LHsiZiI6IjJESXRlbXMvQ3VycmVuY3kvRGlzdGlsbGVkRW1vdGlvbnMvVGltZWxvc3REaXN0aWxsZWRQYXJhbm9pYSIsInNjYWxlIjoxLCJyZWFsbSI6InBvZTIifV0/ad46b5868c/TimelostDistilledParanoia.png	
item	Ancient Mail	Древняя кольчуга		Metadata/Items/Armours/BodyArmours/FourBodyStrIntUnique2
item	Ancient Mitts	Старинные рукавицы	WzI1LDE0LHsiZiI6IjJESXRlbXMvQXJtb3Vycy9HbG92ZXMvQmFzZXR5cGVzL0dsb3Zlc1N0cjA0IiwidyI6MiwiaCI6Miwic2NhbGUiOjEsInJlYWxtIjoicG9lMiJ9XQ/041d8df186/GlovesStr04.png	Metadata/Items/Armours/Gloves/FourGlovesStr4Cruel
item	Ancient Potent Liquid Contempt	Древнее густое жидкое презрение	WzI1LDE0LHsiZiI6IjJESXRlbXMvQ3VycmVuY3kvRGlzdGlsbGVkRW1vdGlvbnMvVGltZWxlc3NVbmlxdWVCZWFzdEVtb3Rpb24iLCJzY2FsZSI6MSwicmVhbG0iOiJwb2UyIn1d/9a1f8acc0e/TimelessUniqueBeastEmotion.png	
item	Ancient Potent Liquid Ferocity	Древняя густая жидкая свирепость	WzI1LDE0LHsiZiI6IjJESXRlbXMvQ3VycmVuY3kvRGlzdGlsbGVkRW1vdGlvbnMvVGltbGVzc1VuaXF1ZUNvbnN0cnVjdHNFbW90aW9uIiwic2NhbGUiOjEsInJlYWxtIjoicG9lMiJ9XQ/0274721bd5/TimlessUniqueConstructsEmotion.png	
item	Ancient Potent Liquid Melancholy	Древняя густая жидкая меланхолия	WzI1LDE0LHsiZiI6IjJESXRlbXMvQ3VycmVuY3kvRGlzdGlsbGVkRW1vdGlvbnMvVGltZWxlc3NVbmlxdWVIdW1hbnNFbW90aW9uIiwic2NhbGUiOjEsInJlYWxtIjoicG9lMiJ9XQ/34b9461ae7/TimelessUniqueHumansEmotion.png	
item	Ancient Rib	Древнее ребро	WzI1LDE0LHsiZiI6IjJESXRlbXMvQ3VycmVuY3kvQWJ5c3MvQW5jaWVudFJpYnMiLCJzY2FsZSI6MSwicmVhbG0iOiJwb2UyIn1d/0c779c5d3f/AncientRibs.png	
item	Ancient Rune of Animosity	Древняя руна вражды	WzI1LDE0LHsiZiI6IjJESXRlbXMvQ3VycmVuY3kvRXhwZWRpdGlvbjIvRW5kZ2FtZVJ1bmUxMSIsInNjYWxlIjoxLCJyZWFsbSI6InBvZTIifV0/be076d53b1/EndgameRune11.png	
item	Ancient Rune of Control	Древняя руна правления	WzI1LDE0LHsiZiI6IjJESXRlbXMvQ3VycmVuY3kvRXhwZWRpdGlvbjIvRW5kZ2FtZVJ1bmU2Iiwic2NhbGUiOjEsInJlYWxtIjoicG9lMiJ9XQ/a665a28547/EndgameRune6.png	
item	Ancient Rune of Decay	Древняя руна тлена	WzI1LDE0LHsiZiI6IjJESXRlbXMvQ3VycmVuY3kvRXhwZWRpdGlvbjIvRW5kZ2FtZVJ1bmU4Iiwic2NhbGUiOjEsInJlYWxtIjoicG9lMiJ9XQ/286c9a8814/EndgameRune8.png	
item	Ancient Rune of Detonation	Древняя руна подрыва	WzI1LDE0LHsiZiI6IjJESXRlbXMvQ3VycmVuY3kvRXhwZWRpdGlvbjIvRW5kZ2FtZVJ1bmUxMiIsInNjYWxlIjoxLCJyZWFsbSI6InBvZTIifV0/c8984790f5/EndgameRune12.png	
item	Ancient Rune of Discovery	Древняя руна находки	WzI1LDE0LHsiZiI6IjJESXRlbXMvQ3VycmVuY3kvRXhwZWRpdGlvbjIvRW5kZ2FtZVJ1bmU3Iiwic2NhbGUiOjEsInJlYWxtIjoicG9lMiJ9XQ/2e401c0dba/EndgameRune7.png	
item	Ancient Rune of Dueling	Древняя руна поединка	WzI1LDE0LHsiZiI6IjJESXRlbXMvQ3VycmVuY3kvRXhwZWRpdGlvbjIvRW5kZ2FtZVJ1bmUyIiwic2NhbGUiOjEsInJlYWxtIjoicG9lMiJ9XQ/2ffedf320b/EndgameRune2.png	
item	Ancient Rune of Prowess	Древняя руна мастерства	WzI1LDE0LHsiZiI6IjJESXRlbXMvQ3VycmVuY3kvRXhwZWRpdGlvbjIvRW5kZ2FtZVJ1bmU1Iiwic2NhbGUiOjEsInJlYWxtIjoicG9lMiJ9XQ/12ef31a014/EndgameRune5.png	
item	Ancient Rune of Retaliation	Древняя руна расплаты	WzI1LDE0LHsiZiI6IjJESXRlbXMvQ3VycmVuY3kvRXhwZWRpdGlvbjIvRW5kZ2FtZVJ1bmUxMyIsInNjYWxlIjoxLCJyZWFsbSI6InBvZTIifV0/691bdfe6e3/EndgameRune13.png	
item	Ancient Rune of Shattering	Древняя руна разбивания	WzI1LDE0LHsiZiI6IjJESXRlbXMvQ3VycmVuY3kvRXhwZWRpdGlvbjIvRW5kZ2FtZVJ1bmU0Iiwic2NhbGUiOjEsInJlYWxtIjoicG9lMiJ9XQ/0959cd6b7b/EndgameRune4.png	
item	Ancient Rune of Splinters	Древняя руна осколков	WzI1LDE0LHsiZiI6IjJESXRlbXMvQ3VycmVuY3kvRXhwZWRpdGlvbjIvRW5kZ2FtZVJ1bmUxIiwic2NhbGUiOjEsInJlYWxtIjoicG9lMiJ9XQ/c42839c4a9/EndgameRune1.png	
item	Ancient Rune of Witchcraft	Древняя руна ведьмовства	WzI1LDE0LHsiZiI6IjJESXRlbXMvQ3VycmVuY3kvRXhwZWRpdGlvbjIvRW5kZ2FtZVJ1bmU5Iiwic2NhbGUiOjEsInJlYWxtIjoicG9lMiJ9XQ/24ef732cf3/EndgameRune9.png	
item	Ancient Rune of the Horde	Древняя руна орды	WzI1LDE0LHsiZiI6IjJESXRlbXMvQ3VycmVuY3kvRXhwZWRpdGlvbjIvRW5kZ2FtZVJ1bmUxMCIsInNjYWxlIjoxLCJyZWFsbSI6InBvZTIifV0/72c7d9d707/EndgameRune10.png	
item	Ancient Rune of the Titan	Древняя руна Титана	WzI1LDE0LHsiZiI6IjJESXRlbXMvQ3VycmVuY3kvRXhwZWRpdGlvbjIvRW5kZ2FtZVJ1bmUzIiwic2NhbGUiOjEsInJlYWxtIjoicG9lMiJ9XQ/2f9ef606d4/EndgameRune3.png	
item	Ancient Visor	Древний забранный шлем		Metadata/Items/Armours/Helmets/FourHelmetStrDexUnique1
item	Antidote Charm	Оберег противоядия	WzI1LDE0LHsiZiI6IjJESXRlbXMvQ2hhcm1zL0Jhc2V0eXBlcy9BbnRpZG90ZUNoYXJtIiwidyI6MSwiaCI6MSwic2NhbGUiOjEsInJlYWxtIjoicG9lMiJ9XQ/8166bfd62c/AntidoteCharm.png	Metadata/Items/Flasks/FourCharm3;stat_1412682799
item	Antler Focus	Фокус из рогов	WzI1LDE0LHsiZiI6IjJESXRlbXMvT2ZmaGFuZC9Gb2NpL0Jhc2V0eXBlcy9Gb2N1czAzIiwidyI6MiwiaCI6Mywic2NhbGUiOjEsInJlYWxtIjoicG9lMiJ9XQ/7832c8858c/Focus03.png	Metadata/Items/Armours/Focii/FourFocus3
item	Anvil Maul	Кузнечная кувалда	WzI1LDE0LHsiZiI6IjJESXRlbXMvV2VhcG9ucy9Ud29IYW5kV2VhcG9ucy9Ud29IYW5kTWFjZXMvQmFzZXR5cGVzLzJITWFjZTAzIiwidyI6MiwiaCI6NCwic2NhbGUiOjEsInJlYWxtIjoicG9lMiJ9XQ/8dc1317a4b/2HMace03.png	Metadata/Items/Weapons/TwoHandWeapons/TwoHandMaces/FourTwoHandMace3Endgame;stat_1503146834
item	Apostle Leggings	Сапоги поборника	WzI1LDE0LHsiZiI6IjJESXRlbXMvQXJtb3Vycy9Cb290cy9CYXNldHlwZXMvQm9vdHNJbnRTdHIwMiIsInciOjIsImgiOjIsInNjYWxlIjoxLCJyZWFsbSI6InBvZTIifV0/d3128f0287/BootsIntStr02.png	Metadata/Items/Armours/Boots/FourBootsStrInt2Endgame
item	Arcane Dirk	Колдовской кортик	WzI1LDE0LHsiZiI6IjJESXRlbXMvV2VhcG9ucy9PbmVIYW5kV2VhcG9ucy9EYWdnZXJzL0Jhc2V0eXBlcy9EYWdnZXIxMiIsInciOjEsImgiOjMsInNjYWxlIjoxLCJyZWFsbSI6InBvZTIifV0/6a682aeb0f/Dagger12.png	Metadata/Items/Weapons/OneHandWeapons/Daggers/FourDagger12
item	Arcanist's Etcher	Резец чародея	WzI1LDE0LHsiZiI6IjJESXRlbXMvQ3VycmVuY3kvQ3VycmVuY3lXZWFwb25NYWdpY1F1YWxpdHkiLCJzY2FsZSI6MSwicmVhbG0iOiJwb2UyIn1d/516e8f1131/CurrencyWeaponMagicQuality.png	
item	Arced Longsword	Изогнутый длинный меч		Metadata/Items/Weapons/TwoHandWeapons/TwoHandSwords/FourTwoHandSword6
item	Arched Greataxe	Загнутый большой топор		Metadata/Items/Weapons/TwoHandWeapons/TwoHandAxes/FourTwoHandAxe4
item	Architect's Orb	Сфера архитектора	WzI1LDE0LHsiZiI6IjJESXRlbXMvQ3VycmVuY3kvSW5jdXJzaW9uQ3JhZnRpbmdPcmJzL0luY3Vyc2lvbkdyZWF0ZXJWYWFsT3JiIiwic2NhbGUiOjEsInJlYWxtIjoicG9lMiJ9XQ/7ba6f79f63/IncursionGreaterVaalOrb.png	
item	Arcing Quarterstaff	Дуговой боевой посох	WzI1LDE0LHsiZiI6IjJESXRlbXMvV2VhcG9ucy9Ud29IYW5kV2VhcG9ucy9XYXJTdGF2ZXMvV2Fyc3RhZmYwNCIsInciOjIsImgiOjQsInNjYWxlIjoxLCJyZWFsbSI6InBvZTIifV0/4329b881c1/Warstaff04.png	Metadata/Items/Weapons/TwoHandWeapons/Staves/FourQuarterstaff4Cruel;?
item	Armoured Cap	Защитный капюшон		Metadata/Items/Armours/Helmets/FourHelmetDex11
item	Armoured Vest	Бригантный доспех		Metadata/Items/Armours/BodyArmours/FourBodyDex15;stat_3544800472=0
item	Armourer's Scrap	Деталь доспеха	WzI1LDE0LHsiZiI6IjJESXRlbXMvQ3VycmVuY3kvQ3VycmVuY3lBcm1vdXJRdWFsaXR5Iiwic2NhbGUiOjEsInJlYWxtIjoicG9lMiJ9XQ/d5868f596d/CurrencyArmourQuality.png	
item	Array Buckler	Колющий баклер		Metadata/Items/Armours/Shields/FourShieldDex12
item	Arrayed Focus	Узорный фокус	WzI1LDE0LHsiZiI6IjJESXRlbXMvT2ZmaGFuZC9Gb2NpL0Jhc2V0eXBlcy9Gb2N1czA2IiwidyI6MiwiaCI6Mywic2NhbGUiOjEsInJlYWxtIjoicG9lMiJ9XQ/a7c172ac69/Focus06.png	Metadata/Items/Armours/Focii/FourFocus6Cruel
item	Artificer's Orb	Сфера астромантии	WzI1LDE0LHsiZiI6IjJESXRlbXMvQ3VycmVuY3kvQ3VycmVuY3lBZGRFcXVpcG1lbnRTb2NrZXQiLCJzY2FsZSI6MSwicmVhbG0iOiJwb2UyIn1d/5131fd4774/CurrencyAddEquipmentSocket.png	
item	Artificer's Shard	Осколок астромантии	WzI1LDE0LHsiZiI6IjJESXRlbXMvQ3VycmVuY3kvQ3VycmVuY3lBZGRFcXVpcG1lbnRTb2NrZXRTaGFyZCIsInNjYWxlIjoxLCJyZWFsbSI6InBvZTIifV0/cdcdd8bf3f/CurrencyAddEquipmentSocketShard.png	
item	Artillery Bow	Артиллерийский лук	WzI1LDE0LHsiZiI6IjJESXRlbXMvV2VhcG9ucy9Ud29IYW5kV2VhcG9ucy9Cb3dzL0Jhc2V0eXBlcy9Cb3cwOSIsInciOjIsImgiOjQsInNjYWxlIjoxLCJyZWFsbSI6InBvZTIifV0/e62ea7f094/Bow09.png	Metadata/Items/Weapons/TwoHandWeapons/Bows/FourBow9;stat_3398402065=0
item	Ascetic Garb	Одеяние аскета	WzI1LDE0LHsiZiI6IjJESXRlbXMvQXJtb3Vycy9Cb2R5QXJtb3Vycy9CYXNldHlwZXMvQm9keURleEludDAxIiwidyI6MiwiaCI6Mywic2NhbGUiOjEsInJlYWxtIjoicG9lMiJ9XQ/4fbd4624e7/BodyDexInt01.png	Metadata/Items/Armours/BodyArmours/FourBodyDexInt1Cruel Metadata/Items/Armours/BodyArmours/FourBodyDexInt8
item	Ascetic Garb	Наряд аскета	WzI1LDE0LHsiZiI6IjJESXRlbXMvQXJtb3Vycy9Cb2R5QXJtb3Vycy9CYXNldHlwZXMvQm9keURleEludDAxIiwidyI6MiwiaCI6Mywic2NhbGUiOjEsInJlYWxtIjoicG9lMiJ9XQ/4fbd4624e7/BodyDexInt01.png	Metadata/Items/Armours/BodyArmours/FourBodyDexInt1Cruel Metadata/Items/Armours/BodyArmours/FourBodyDexInt8
item	Ashbark Talisman	Талисман из пепельной коры	WzI1LDE0LHsiZiI6IjJESXRlbXMvT2ZmaGFuZC9UYWxpc21hbnMvQ2luZGVyYmFya1RhbGlzbWFuIiwidyI6MiwiaCI6Miwic2NhbGUiOjEsInJlYWxtIjoicG9lMiJ9XQ/39ba8efbe7/CinderbarkTalisman.png	Metadata/Items/Weapons/TwoHandWeapons/Talismans/Talisman3Endgame;stat_2968503605
item	Ashen Staff	Пепельный посох	WzI1LDE0LHsiZiI6IjJESXRlbXMvV2VhcG9ucy9Ud29IYW5kV2VhcG9ucy9TdGF2ZXMvQmFzZXR5cGVzL1N0YWZmMDEiLCJ3IjoxLCJoIjo0LCJzY2FsZSI6MSwicmVhbG0iOiJwb2UyIn1d/9d50d5c541/Staff01.png	Metadata/Items/Weapons/TwoHandWeapons/Staves/FourStaff1
item	Assassin Garb	Облачение убийцы		Metadata/Items/Armours/BodyArmours/FourBodyDexInt13;stat_2250533757=0
item	Astrid's Creativity	Изобретательность Астрид	WzI1LDE0LHsiZiI6IjJESXRlbXMvQ3VycmVuY3kvRXhwZWRpdGlvbjIvR2FtZVdhcnBSdW5lMSIsInNjYWxlIjoxLCJyZWFsbSI6InBvZTIifV0/96e9eecf72/GameWarpRune1.png	
item	Atmohua's Soul Core of Retreat	Ядро душ отступления Атмохвы	WzI1LDE0LHsiZiI6IjJESXRlbXMvQ3VycmVuY3kvU291bENvcmVzL05ld1NvdWxDb3JlRW5lcmd5U2hpZWxkIiwic2NhbGUiOjEsInJlYWxtIjoicG9lMiJ9XQ/10e16bc3ea/NewSoulCoreEnergyShield.png	
item	Attuned Wand	Вытягивающий жезл	WzI1LDE0LHsiZiI6IjJESXRlbXMvV2VhcG9ucy9PbmVIYW5kV2VhcG9ucy9XYW5kcy9CYXNldHlwZXMvV2FuZDAzIiwidyI6MSwiaCI6Mywic2NhbGUiOjEsInJlYWxtIjoicG9lMiJ9XQ/e3b38f8f2b/Wand03.png	Metadata/Items/Weapons/OneHandWeapons/Wands/FourWand3
item	Atziri's Soul Core of Alacrity	Ядро душ ревности Атзири	WzI1LDE0LHsiZiI6IjJESXRlbXMvQ3VycmVuY3kvU291bENvcmVzL1NvdWxDb3JlU3BlY2lhbEdsb3ZlcyIsInNjYWxlIjoxLCJyZWFsbSI6InBvZTIifV0/bfd1353fac/SoulCoreSpecialGloves.png	
item	Atziri's Soul Core of Devotion	Ядро душ служения Атзири	WzI1LDE0LHsiZiI6IjJESXRlbXMvQ3VycmVuY3kvU291bENvcmVzL1NvdWxDb3JlU3BlY2lhbEhlbG1ldCIsInNjYWxlIjoxLCJyZWFsbSI6InBvZTIifV0/8794f35eaf/SoulCoreSpecialHelmet.png	
item	Atziri's Soul Core of Inoculation	Ядро душ привития Атзири	WzI1LDE0LHsiZiI6IjJESXRlbXMvQ3VycmVuY3kvU291bENvcmVzL1NvdWxDb3JlU3BlY2lhbEJvb3RzIiwic2NhbGUiOjEsInJlYWxtIjoicG9lMiJ9XQ/4770c53928/SoulCoreSpecialBoots.png	
item	Atziri's Soul Core of Vitality	Ядро душ жизнеспособности Атзири	WzI1LDE0LHsiZiI6IjJESXRlbXMvQ3VycmVuY3kvU291bENvcmVzL1NvdWxDb3JlU3BlY2lhbEJvZHlBcm1vdXIiLCJzY2FsZSI6MSwicmVhbG0iOiJwb2UyIn1d/4c31085f18/SoulCoreSpecialBodyArmour.png	
item	Austere Garb	Одеяние отшельника	WzI1LDE0LHsiZiI6IjJESXRlbXMvQXJtb3Vycy9Cb2R5QXJtb3Vycy9CYXNldHlwZXMvQm9keURleEludDA4IiwidyI6MiwiaCI6Mywic2NhbGUiOjEsInJlYWxtIjoicG9lMiJ9XQ/71ef5a36aa/BodyDexInt08.png	Metadata/Items/Armours/BodyArmours/FourBodyDexInt8Endgame;stat_1745952865=0
item	Avian Mask	Перьевая маска	WzI1LDE0LHsiZiI6IjJESXRlbXMvQXJtb3Vycy9IZWxtZXRzL0Jhc2V0eXBlcy9IZWxtZXREZXhJbnQwNSIsInciOjIsImgiOjIsInNjYWxlIjoxLCJyZWFsbSI6InBvZTIifV0/a9d1297918/HelmetDexInt05.png	Metadata/Items/Armours/Helmets/FourHelmetDexInt5Cruel
item	Avian Robe	Облачение из перьев	WzI1LDE0LHsiZiI6IjJESXRlbXMvQXJtb3Vycy9Cb2R5QXJtb3Vycy9CYXNldHlwZXMvQm9keUludDAyIiwidyI6MiwiaCI6Mywic2NhbGUiOjEsInJlYWxtIjoicG9lMiJ9XQ/076c2981c4/BodyInt02.png	Metadata/Items/Armours/BodyArmours/FourBodyInt2Cruel
item	Avian Targe	Оперённый тарджет	WzI1LDE0LHsiZiI6IjJESXRlbXMvT2ZmaGFuZC9TaGllbGRzL1NoaWVsZDA2IiwidyI6MiwiaCI6Mywic2NhbGUiOjEsInJlYWxtIjoicG9lMiJ9XQ/67bd0824e2/Shield06.png	Metadata/Items/Armours/Shields/FourShieldStrDex6Cruel
item	Avian Tiara	Тиара из перьев	WzI1LDE0LHsiZiI6IjJESXRlbXMvQXJtb3Vycy9IZWxtZXRzL0Jhc2V0eXBlcy9IZWxtZXRJbnQwMiIsInciOjIsImgiOjIsInNjYWxlIjoxLCJyZWFsbSI6InBvZTIifV0/03048a9ab7/HelmetInt02.png	Metadata/Items/Armours/Helmets/FourHelmetInt2Cruel
item	Azmeri Reliquary Key	Ключ от Реликвария азмири	WzI1LDE0LHsiZiI6IjJESXRlbXMvTWFwcy9Ud2lsaWdodE9yZGVyUmVsaXF1YXJ5S2V5QXptZXJpIiwic2NhbGUiOjEsInJlYWxtIjoicG9lMiJ9XQ/cf47ea370f/TwilightOrderReliquaryKeyAzmeri.png	
item	Azure Amulet	Лазурный амулет	WzI1LDE0LHsiZiI6IjJESXRlbXMvQW11bGV0cy9CYXNldHlwZXMvQXp1cmVBbXVsZXQiLCJ3IjoxLCJoIjoxLCJzY2FsZSI6MSwicmVhbG0iOiJwb2UyIn1d/e49b170ba2/AzureAmulet.png	Metadata/Items/Amulets/FourAmulet2;stat_789117908=0
item	Bandage Wraps	Обмотки из бинтов	WzI1LDE0LHsiZiI6IjJESXRlbXMvQXJtb3Vycy9HbG92ZXMvQmFzZXR5cGVzL0dsb3Zlc0RleEludDAxIiwidyI6MiwiaCI6Miwic2NhbGUiOjEsInJlYWxtIjoicG9lMiJ9XQ/5595d33f3d/GlovesDexInt01.png	Metadata/Items/Armours/Gloves/FourGlovesDexInt1Cruel
item	Banded Wombgift	Обмотанный дар утробы	WzI1LDE0LHsiZiI6IjJESXRlbXMvQ3VycmVuY3kvQnJlYWNoL0JyZWFjaEZydWl0MSIsInNjYWxlIjoxLCJyZWFsbSI6InBvZTIifV0/c167db8337/BreachFruit1.png	
item	Bandit Hatchet	Бандитский чекан	WzI1LDE0LHsiZiI6IjJESXRlbXMvV2VhcG9ucy9PbmVIYW5kV2VhcG9ucy9PbmVIYW5kQXhlcy9CYXNldHlwZXMvMUhBeGUwNSIsInciOjIsImgiOjMsInNjYWxlIjoxLCJyZWFsbSI6InBvZTIifV0/b9e8ad1f72/1HAxe05.png	Metadata/Items/Weapons/OneHandWeapons/OneHandAxes/FourOneHandAxe5
item	Bandit Mace	Булава бандита	WzI1LDE0LHsiZiI6IjJESXRlbXMvV2VhcG9ucy9PbmVIYW5kV2VhcG9ucy9PbmVIYW5kTWFjZXMvQmFzZXR5cGVzLzFITWFjZTA3IiwidyI6MiwiaCI6Mywic2NhbGUiOjEsInJlYWxtIjoicG9lMiJ9XQ/67ee177858/1HMace07.png	Metadata/Items/Weapons/OneHandWeapons/OneHandMaces/FourOneHandMace7Cruel
item	Bandit Mask	Маска бандита	WzI1LDE0LHsiZiI6IjJESXRlbXMvQXJtb3Vycy9IZWxtZXRzL0Jhc2V0eXBlcy9IZWxtZXREZXhJbnQwMiIsInciOjIsImgiOjIsInNjYWxlIjoxLCJyZWFsbSI6InBvZTIifV0/cd874c256b/HelmetDexInt02.png	Metadata/Items/Armours/Helmets/FourHelmetDexInt2Cruel
item	Bangled Sandals	Украшенные сандалии	WzI1LDE0LHsiZiI6IjJESXRlbXMvQXJtb3Vycy9Cb290cy9CYXNldHlwZXMvQm9vdHNJbnQwMyIsInciOjIsImgiOjIsInNjYWxlIjoxLCJyZWFsbSI6InBvZTIifV0/793e2fcccc/BootsInt03.png	Metadata/Items/Armours/Boots/FourBootsInt3Cruel
item	Barbarian Plate	Доспех варвара	WzI1LDE0LHsiZiI6IjJESXRlbXMvQXJtb3Vycy9Cb2R5QXJtb3Vycy9CYXNldHlwZXMvQm9keVN0cjAyIiwidyI6MiwiaCI6Mywic2NhbGUiOjEsInJlYWxtIjoicG9lMiJ9XQ/7996e5d86a/BodyStr02.png	Metadata/Items/Armours/BodyArmours/FourBodyStr2Cruel
item	Barbarous Quarterstaff	Варварский боевой посох	WzI1LDE0LHsiZiI6IjJESXRlbXMvV2VhcG9ucy9Ud29IYW5kV2VhcG9ucy9XYXJTdGF2ZXMvV2Fyc3RhZmYwMyIsInciOjIsImgiOjQsInNjYWxlIjoxLCJyZWFsbSI6InBvZTIifV0/ac756ffc0d/Warstaff03.png	Metadata/Items/Weapons/TwoHandWeapons/Staves/FourQuarterstaff3Cruel
item	Barbed Bracers	Колючие наручи	WzI1LDE0LHsiZiI6IjJESXRlbXMvQXJtb3Vycy9HbG92ZXMvQmFzZXR5cGVzL0dsb3Zlc0RleDA1IiwidyI6MiwiaCI6Miwic2NhbGUiOjEsInJlYWxtIjoicG9lMiJ9XQ/b6a93d2794/GlovesDex05.png	Metadata/Items/Armours/Gloves/FourGlovesDex5Endgame
item	Barbed Spear	Копьё с зазубринами	WzI1LDE0LHsiZiI6IjJESXRlbXMvV2VhcG9ucy9PbmVIYW5kV2VhcG9ucy9PbmVIYW5kU3BlYXJzLzFIU3BlYXIwNyIsInciOjEsImgiOjQsInNjYWxlIjoxLCJyZWFsbSI6InBvZTIifV0/9bda9719ba/1HSpear07.png	Metadata/Items/Weapons/OneHandWeapons/OneHandSpears/FourSpear7;?;stat_3828375170=0
item	Baroque Gloves	Вычурные перчатки	WzI1LDE0LHsiZiI6IjJESXRlbXMvQXJtb3Vycy9HbG92ZXMvQmFzZXR5cGVzL0dsb3Zlc0ludDA0IiwidyI6MiwiaCI6Miwic2NhbGUiOjEsInJlYWxtIjoicG9lMiJ9XQ/8882887a8e/GlovesInt04.png	Metadata/Items/Armours/Gloves/FourGlovesInt4Cruel
item	Baroque Targe	Барочный тарджет	WzI1LDE0LHsiZiI6IjJESXRlbXMvT2ZmaGFuZC9TaGllbGRzL1NoaWVsZDA0IiwidyI6MiwiaCI6Mywic2NhbGUiOjEsInJlYWxtIjoicG9lMiJ9XQ/b38b1a21b7/Shield04.png	Metadata/Items/Armours/Shields/FourShieldStrDex4Endgame
item	Barricade Tower Shield	Баррикадный ростовой щит	WzI1LDE0LHsiZiI6IjJESXRlbXMvT2ZmaGFuZC9TaGllbGRzL1Rvd2VyMDQiLCJ3IjoyLCJoIjo0LCJzY2FsZSI6MSwicmVhbG0iOiJwb2UyIn1d/86c057011a/Tower04.png	Metadata/Items/Armours/Shields/FourShieldStr4
item	Barrier Quarterstaff	Барьерный боевой посох	WzI1LDE0LHsiZiI6IjJESXRlbXMvV2VhcG9ucy9Ud29IYW5kV2VhcG9ucy9XYXJTdGF2ZXMvV2Fyc3RhZmYwOCIsInciOjIsImgiOjQsInNjYWxlIjoxLCJyZWFsbSI6InBvZTIifV0/3efb44d8ce/Warstaff08.png	Metadata/Items/Weapons/TwoHandWeapons/Staves/FourQuarterstaff8;stat_1702195217=0
item	Bastion Sabatons	Сабатоны бастиона	WzI1LDE0LHsiZiI6IjJESXRlbXMvQXJtb3Vycy9Cb290cy9CYXNldHlwZXMvQm9vdHNTdHJEZXgwMyIsInciOjIsImgiOjIsInNjYWxlIjoxLCJyZWFsbSI6InBvZTIifV0/b0dd26050c/BootsStrDex03.png	Metadata/Items/Armours/Boots/FourBootsStrDex3Cruel
item	Battle Axe	Боевой топор		Metadata/Items/Weapons/OneHandWeapons/OneHandAxes/FourOneHandAxe11
item	Battle Pick	Боевая кирка	WzI1LDE0LHsiZiI6IjJESXRlbXMvV2VhcG9ucy9PbmVIYW5kV2VhcG9ucy9PbmVIYW5kTWFjZXMvQmFzZXR5cGVzLzFITWFjZTA1IiwidyI6MiwiaCI6Mywic2NhbGUiOjEsInJlYWxtIjoicG9lMiJ9XQ/9d05debfab/1HMace05.png	Metadata/Items/Weapons/OneHandWeapons/OneHandMaces/FourOneHandMace5Cruel;stat_2694482655=0
item	Beaded Circlet	Обруч с чётками	WzI1LDE0LHsiZiI6IjJESXRlbXMvQXJtb3Vycy9IZWxtZXRzL0Jhc2V0eXBlcy9IZWxtZXRJbnQwMyIsInciOjIsImgiOjIsInNjYWxlIjoxLCJyZWFsbSI6InBvZTIifV0/0942c3c1f2/HelmetInt03.png	Metadata/Items/Armours/Helmets/FourHelmetInt3
item	Bear Idol	Идол медведя	WzI1LDE0LHsiZiI6IjJESXRlbXMvQ3VycmVuY3kvVG9ybWVudGVkU3Bpcml0U29ja2V0YWJsZXMvQXptZXJpU29ja2V0YWJsZUJlYXIiLCJzY2FsZSI6MSwicmVhbG0iOiJwb2UyIn1d/2d494d1054/AzmeriSocketableBear.png	
item	Bearded Axe	Бородовидный топор		Metadata/Items/Weapons/OneHandWeapons/OneHandAxes/FourOneHandAxe3
item	Bearskin Mantle	Покров из медвежьих шкур	WzI1LDE0LHsiZiI6IjJESXRlbXMvQXJtb3Vycy9Cb2R5QXJtb3Vycy9CYXNldHlwZXMvQm9keUludFN0cjAyIiwidyI6MiwiaCI6Mywic2NhbGUiOjEsInJlYWxtIjoicG9lMiJ9XQ/79f27dfa2e/BodyIntStr02.png	Metadata/Items/Armours/BodyArmours/FourBodyStrInt2Cruel
item	Betrayal of Aldur	Предательство Альдура	WzI1LDE0LHsiZiI6IjJESXRlbXMvQ3VycmVuY3kvRXhwZWRpdGlvbjIvRWxlbWVudGFsQ29udmVyc2lvblJ1bmVDaGFvcyIsInNjYWxlIjoxLCJyZWFsbSI6InBvZTIifV0/691fe14404/ElementalConversionRuneChaos.png	
item	Biostatic Ring	Биостатическое кольцо	WzI1LDE0LHsiZiI6IjJESXRlbXMvUmluZ3MvQnJlYWNobG9yZFJpbmdfVHVsIiwidyI6MSwiaCI6MSwic2NhbGUiOjEsInJlYWxtIjoicG9lMiJ9XQ/e2c3741e78/BreachlordRing_Tul.png	Metadata/Items/Rings/FourRingB1;stat_569299859=0
item	Black Scythe Artifact	Артефакт Чёрной косы	WzI1LDE0LHsiZiI6IjJESXRlbXMvQ3VycmVuY3kvRXhwZWRpdGlvbi9SdW5lNiIsInciOjEsImgiOjEsInNjYWxlIjoxLCJyZWFsbSI6InBvZTIifV0/860a71850d/Rune6.png	
item	Blackfire Crossbow	Самострел чёрного пламени	WzI1LDE0LHsiZiI6IjJESXRlbXMvV2VhcG9ucy9Ud29IYW5kV2VhcG9ucy9Dcm9zc2Jvd3MvMkhDcm9zc2JvdzA5IiwidyI6MiwiaCI6NCwic2NhbGUiOjEsInJlYWxtIjoicG9lMiJ9XQ/6f979cdfb6/2HCrossbow09.png	Metadata/Items/Weapons/TwoHandWeapons/Crossbows/FourCrossbow9
item	Blacksmith Maul	Кузнечная булава	WzI1LDE0LHsiZiI6IjJESXRlbXMvV2VhcG9ucy9Ud29IYW5kV2VhcG9ucy9Ud29IYW5kTWFjZXMvQmFzZXR5cGVzLzJITWFjZTAzIiwidyI6MiwiaCI6NCwic2NhbGUiOjEsInJlYWxtIjoicG9lMiJ9XQ/8dc1317a4b/2HMace03.png	Metadata/Items/Weapons/TwoHandWeapons/TwoHandMaces/FourTwoHandMace3Cruel;stat_1503146834
item	Blacksmith's Whetstone	Точильный камень	WzI1LDE0LHsiZiI6IjJESXRlbXMvQ3VycmVuY3kvQ3VycmVuY3lXZWFwb25RdWFsaXR5Iiwic2NhbGUiOjEsInJlYWxtIjoicG9lMiJ9XQ/18715ea7be/CurrencyWeaponQuality.png	
item	Blacksteel Crest Shield	Гербовый щит из чёрной стали	WzI1LDE0LHsiZiI6IjJESXRlbXMvT2ZmaGFuZC9TaGllbGRzL0NyZXN0MDciLCJ3IjoyLCJoIjozLCJzY2FsZSI6MSwicmVhbG0iOiJwb2UyIn1d/227a2c5fc3/Crest07.png	Metadata/Items/Armours/Shields/FourShieldStrInt7Endgame
item	Blacksteel Gauntlets	Перчатки из чёрной стали	WzI1LDE0LHsiZiI6IjJESXRlbXMvQXJtb3Vycy9HbG92ZXMvQmFzZXR5cGVzL0dsb3Zlc1N0ckRleDA0IiwidyI6MiwiaCI6Miwic2NhbGUiOjEsInJlYWxtIjoicG9lMiJ9XQ/1c86410ca6/GlovesStrDex04.png	Metadata/Items/Armours/Gloves/FourGlovesStrDex4Endgame
item	Blacksteel Sabatons	Сабатоны из чёрной стали	WzI1LDE0LHsiZiI6IjJESXRlbXMvQXJtb3Vycy9Cb290cy9CYXNldHlwZXMvQm9vdHNTdHJEZXgwNCIsInciOjIsImgiOjIsInNjYWxlIjoxLCJyZWFsbSI6InBvZTIifV0/865c3e428d/BootsStrDex04.png	Metadata/Items/Armours/Boots/FourBootsStrDex4Endgame
item	Blacksteel Tower Shield	Ростовой щит из чёрной стали		Metadata/Items/Armours/Shields/FourShieldStr13
item	Bladed Quarterstaff	Боевой посох с остриём	WzI1LDE0LHsiZiI6IjJESXRlbXMvV2VhcG9ucy9Ud29IYW5kV2VhcG9ucy9XYXJTdGF2ZXMvV2Fyc3RhZmYwNyIsInciOjIsImgiOjQsInNjYWxlIjoxLCJyZWFsbSI6InBvZTIifV0/10760714ba/Warstaff07.png	Metadata/Items/Weapons/TwoHandWeapons/Staves/FourQuarterstaff7Cruel
item	Bladeguard Buckler	Баклер с наконечником	WzI1LDE0LHsiZiI6IjJESXRlbXMvT2ZmaGFuZC9TaGllbGRzL0J1Y2tsZXIwOCIsInciOjIsImgiOjIsInNjYWxlIjoxLCJyZWFsbSI6InBvZTIifV0/e26e85892c/Buckler08.png	Metadata/Items/Armours/Shields/FourShieldDex8Cruel
item	Blazing Flux	Жгучий расплав	WzI1LDE0LHsiZiI6IjJESXRlbXMvQ3VycmVuY3kvRXhwZWRpdGlvbjIvQXJjYW5lRmx1eEZpcmUiLCJzY2FsZSI6MSwicmVhbG0iOiJwb2UyIn1d/5894d96668/ArcaneFluxFire.png	
item	Blazon Crest Shield	Гербовый щит	WzI1LDE0LHsiZiI6IjJESXRlbXMvT2ZmaGFuZC9TaGllbGRzL0NyZXN0MDEiLCJ3IjoyLCJoIjozLCJzY2FsZSI6MSwicmVhbG0iOiJwb2UyIn1d/47c9ad650c/Crest01.png	Metadata/Items/Armours/Shields/FourShieldStrInt1
item	Bleak Crossbow	Мрачный самострел	WzI1LDE0LHsiZiI6IjJESXRlbXMvV2VhcG9ucy9Ud29IYW5kV2VhcG9ucy9Dcm9zc2Jvd3MvMkhDcm9zc2JvdzA4IiwidyI6MiwiaCI6NCwic2NhbGUiOjEsInJlYWxtIjoicG9lMiJ9XQ/4d19c2367c/2HCrossbow08.png	Metadata/Items/Weapons/TwoHandWeapons/Crossbows/FourCrossbow8Cruel
item	Blessed Claymore	Освящённый клеймор	WzI1LDE0LHsiZiI6IjJESXRlbXMvV2VhcG9ucy9Ud29IYW5kV2VhcG9ucy9Ud29IYW5kU3dvcmRzL0Jhc2V0eXBlcy8ySFN3b3JkMDMiLCJ3IjoyLCJoIjo0LCJzY2FsZSI6MSwicmVhbG0iOiJwb2UyIn1d/876b1e586c/2HSword03.png	Metadata/Items/Weapons/TwoHandWeapons/TwoHandSwords/FourTwoHandSword3
item	Bloodletting Dagger	Кинжал кровопускателя		Metadata/Items/Weapons/OneHandWeapons/Daggers/FourDagger8;stat_3544050945=0
item	Bloodstone Amulet	Амулет с кровавым камнем	WzI1LDE0LHsiZiI6IjJESXRlbXMvQW11bGV0cy9CYXNldHlwZXMvQmxvb2RzdG9uZUFtdWxldCIsInciOjEsImgiOjEsInNjYWxlIjoxLCJyZWFsbSI6InBvZTIifV0/f8bbf74c8e/BloodstoneAmulet.png	Metadata/Items/Amulets/FourAmulet7;stat_3299347043=0
item	Blunt Quiver	Колчан затупленных стрел	WzI1LDE0LHsiZiI6IjJESXRlbXMvUXVpdmVycy9CYXNldHlwZXMvUXVpdmVyQmx1bnQiLCJ3IjoyLCJoIjozLCJzY2FsZSI6MSwicmVhbG0iOiJwb2UyIn1d/973afa4087/QuiverBlunt.png	Metadata/Items/Quivers/FourQuiver5;stat_239367161=0
item	Boar Idol	Идол кабана	WzI1LDE0LHsiZiI6IjJESXRlbXMvQ3VycmVuY3kvVG9ybWVudGVkU3Bpcml0U29ja2V0YWJsZXMvQXptZXJpU29ja2V0YWJsZUJvYXIiLCJzY2FsZSI6MSwicmVhbG0iOiJwb2UyIn1d/5e04714fc6/AzmeriSocketableBoar.png	
item	Boarding Hatchet	Абордажный топор		Metadata/Items/Weapons/OneHandWeapons/OneHandAxes/FourOneHandAxe9
item	Body Rune	Руна тела	WzI1LDE0LHsiZiI6IjJESXRlbXMvQ3VycmVuY3kvUnVuZXMvTGlmZVJ1bmUiLCJzY2FsZSI6MSwicmVhbG0iOiJwb2UyIn1d/a09dcb651b/LifeRune.png	
item	Bolstered Mitts	Укреплённые рукавицы	WzI1LDE0LHsiZiI6IjJESXRlbXMvQXJtb3Vycy9HbG92ZXMvQmFzZXR5cGVzL0dsb3Zlc1N0cjA0IiwidyI6MiwiaCI6Miwic2NhbGUiOjEsInJlYWxtIjoicG9lMiJ9XQ/041d8df186/GlovesStr04.png	Metadata/Items/Armours/Gloves/FourGlovesStr4
item	Bolting Quarterstaff	Грозовой боевой посох	WzI1LDE0LHsiZiI6IjJESXRlbXMvV2VhcG9ucy9Ud29IYW5kV2VhcG9ucy9XYXJTdGF2ZXMvV2Fyc3RhZmYwNCIsInciOjIsImgiOjQsInNjYWxlIjoxLCJyZWFsbSI6InBvZTIifV0/4329b881c1/Warstaff04.png	Metadata/Items/Weapons/TwoHandWeapons/Staves/FourQuarterstaff4Endgame;?
item	Bombard Crossbow	Самострел бомбардира	WzI1LDE0LHsiZiI6IjJESXRlbXMvV2VhcG9ucy9Ud29IYW5kV2VhcG9ucy9Dcm9zc2Jvd3MvMkhDcm9zc2JvdzA3IiwidyI6MiwiaCI6NCwic2NhbGUiOjEsInJlYWxtIjoicG9lMiJ9XQ/7153259b14/2HCrossbow07.png	Metadata/Items/Weapons/TwoHandWeapons/Crossbows/FourCrossbow7;stat_1980802737
item	Bone Raiment	Костяное облачение	WzI1LDE0LHsiZiI6IjJESXRlbXMvQXJtb3Vycy9Cb2R5QXJtb3Vycy9CYXNldHlwZXMvQm9keUludDA0IiwidyI6MiwiaCI6Mywic2NhbGUiOjEsInJlYWxtIjoicG9lMiJ9XQ/30b586d760/BodyInt04.png	Metadata/Items/Armours/BodyArmours/FourBodyInt4
item	Bone Wand	Костяной жезл	WzI1LDE0LHsiZiI6IjJESXRlbXMvV2VhcG9ucy9PbmVIYW5kV2VhcG9ucy9XYW5kcy9CYXNldHlwZXMvV2FuZDAyIiwidyI6MSwiaCI6Mywic2NhbGUiOjEsInJlYWxtIjoicG9lMiJ9XQ/f490012aa5/Wand02.png	Metadata/Items/Weapons/OneHandWeapons/Wands/FourWand2
item	Bound Boots	Сапоги с завязками	WzI1LDE0LHsiZiI6IjJESXRlbXMvQXJtb3Vycy9Cb290cy9CYXNldHlwZXMvQm9vdHNEZXgwMiIsInciOjIsImgiOjIsInNjYWxlIjoxLCJyZWFsbSI6InBvZTIifV0/b82526a3d4/BootsDex02.png	Metadata/Items/Armours/Boots/FourBootsDex2Cruel
item	Bound Bracers	Обмотанные наручи	WzI1LDE0LHsiZiI6IjJESXRlbXMvQXJtb3Vycy9HbG92ZXMvQmFzZXR5cGVzL0dsb3Zlc0RleDAzIiwidyI6MiwiaCI6Miwic2NhbGUiOjEsInJlYWxtIjoicG9lMiJ9XQ/431643ec14/GlovesDex03.png	Metadata/Items/Armours/Gloves/FourGlovesDex3
item	Bound Cuffs	Обвязанные манжеты	WzI1LDE0LHsiZiI6IjJESXRlbXMvQXJtb3Vycy9HbG92ZXMvQmFzZXR5cGVzL0dsb3Zlc0ludFN0cjAxIiwidyI6MiwiaCI6Miwic2NhbGUiOjEsInJlYWxtIjoicG9lMiJ9XQ/c4b6d03f66/GlovesIntStr01.png	Metadata/Items/Armours/Gloves/FourGlovesStrInt1Endgame
item	Bound Leggings	Подбитые сапоги	WzI1LDE0LHsiZiI6IjJESXRlbXMvQXJtb3Vycy9Cb290cy9CYXNldHlwZXMvQm9vdHNJbnRTdHIwMiIsInciOjIsImgiOjIsInNjYWxlIjoxLCJyZWFsbSI6InBvZTIifV0/d3128f0287/BootsIntStr02.png	Metadata/Items/Armours/Boots/FourBootsStrInt2Cruel
item	Bound Sandals	Сандалии с обмотками	WzI1LDE0LHsiZiI6IjJESXRlbXMvQXJtb3Vycy9Cb290cy9CYXNldHlwZXMvQm9vdHNJbnQwMiIsInciOjIsImgiOjIsInNjYWxlIjoxLCJyZWFsbSI6InBvZTIifV0/8a97a69384/BootsInt02.png	Metadata/Items/Armours/Boots/FourBootsInt2Endgame
item	Braced Sabatons	Сабатоны с ремнями	WzI1LDE0LHsiZiI6IjJESXRlbXMvQXJtb3Vycy9Cb290cy9CYXNldHlwZXMvQm9vdHNTdHJEZXgwMiIsInciOjIsImgiOjIsInNjYWxlIjoxLCJyZWFsbSI6InBvZTIifV0/fea44e00c3/BootsStrDex02.png	Metadata/Items/Armours/Boots/FourBootsStrDex2
item	Braced Tower Shield	Окованный ростовой щит	WzI1LDE0LHsiZiI6IjJESXRlbXMvT2ZmaGFuZC9TaGllbGRzL1Rvd2VyMDMiLCJ3IjoyLCJoIjo0LCJzY2FsZSI6MSwicmVhbG0iOiJwb2UyIn1d/a0b185297f/Tower03.png	Metadata/Items/Armours/Shields/FourShieldStr3
item	Braided Cuffs	Сутажные манжеты	WzI1LDE0LHsiZiI6IjJESXRlbXMvQXJtb3Vycy9HbG92ZXMvQmFzZXR5cGVzL0dsb3Zlc0ludFN0cjAxIiwidyI6MiwiaCI6Miwic2NhbGUiOjEsInJlYWxtIjoicG9lMiJ9XQ/c4b6d03f66/GlovesIntStr01.png	Metadata/Items/Armours/Gloves/FourGlovesStrInt1Cruel
item	Branched Spear	Разветвлённое копьё	WzI1LDE0LHsiZiI6IjJESXRlbXMvV2VhcG9ucy9PbmVIYW5kV2VhcG9ucy9PbmVIYW5kU3BlYXJzLzFIU3BlYXIwNiIsInciOjEsImgiOjQsInNjYWxlIjoxLCJyZWFsbSI6InBvZTIifV0/2d898d5c1f/1HSpear06.png	Metadata/Items/Weapons/OneHandWeapons/OneHandSpears/FourSpear6Cruel;?
item	Breach Ring	Кольцо Разлома	WzI1LDE0LHsiZiI6IjJESXRlbXMvUmluZ3MvQmFzZXR5cGVzL0JyZWFjaFJpbmciLCJ3IjoxLCJoIjoxLCJzY2FsZSI6MSwicmVhbG0iOiJwb2UyIn1d/cffe574bd0/BreachRing.png	Metadata/Items/Rings/FourRingBreach;stat_2039822488=0
item	Breach Splinter	Осколок Разлома	WzI1LDE0LHsiZiI6IjJESXRlbXMvQ3VycmVuY3kvQnJlYWNoL0JyZWFjaHN0b25lU3BsaW50ZXIiLCJzY2FsZSI6MSwicmVhbG0iOiJwb2UyIn1d/4abb17ea8e/BreachstoneSplinter.png	
item	Breach Tablet	Плитка Разлома	WzI1LDE0LHsiZiI6IjJESXRlbXMvQ3VycmVuY3kvUHJlY3Vyc29yVGFibGV0cy9QcmVjdXJzb3JUYWJsZXRCcmVhY2giLCJ3IjoxLCJoIjoxLCJzY2FsZSI6MSwicmVhbG0iOiJwb2UyIn1d/b45b6e660e/PrecursorTabletBreach.png	Metadata/Items/TowerAugment/BreachAugment;?,?
item	Breachlord Sac	Мешок Повелителя Разлома	WzI1LDE0LHsiZiI6IjJESXRlbXMvUXVlc3RJdGVtcy9CcmVhY2hsb3JkU2FjIiwic2NhbGUiOjEsInJlYWxtIjoicG9lMiJ9XQ/07670f51fe/BreachlordSac.png	
item	Breachstone	Камень Разлома	WzI1LDE0LHsiZiI6IjJESXRlbXMvQ3VycmVuY3kvQnJlYWNoL0JyZWFjaHN0b25lIiwic2NhbGUiOjEsInJlYWxtIjoicG9lMiJ9XQ/d60587d724/Breachstone.png	
item	Breath of Aldur	Дыхание Альдура	WzI1LDE0LHsiZiI6IjJESXRlbXMvQ3VycmVuY3kvRXhwZWRpdGlvbjIvRWxlbWVudGFsQ29udmVyc2lvblJ1bmVDb2xkIiwic2NhbGUiOjEsInJlYWxtIjoicG9lMiJ9XQ/508c419670/ElementalConversionRuneCold.png	
item	Brigand Mace	Булава грабителя	WzI1LDE0LHsiZiI6IjJESXRlbXMvV2VhcG9ucy9PbmVIYW5kV2VhcG9ucy9PbmVIYW5kTWFjZXMvQmFzZXR5cGVzLzFITWFjZTA3IiwidyI6MiwiaCI6Mywic2NhbGUiOjEsInJlYWxtIjoicG9lMiJ9XQ/67ee177858/1HMace07.png	Metadata/Items/Weapons/OneHandWeapons/OneHandMaces/FourOneHandMace7
item	Brigand Mask	Маска грабителя	WzI1LDE0LHsiZiI6IjJESXRlbXMvQXJtb3Vycy9IZWxtZXRzL0Jhc2V0eXBlcy9IZWxtZXREZXhJbnQwMiIsInciOjIsImgiOjIsInNjYWxlIjoxLCJyZWFsbSI6InBvZTIifV0/cd874c256b/HelmetDexInt02.png	Metadata/Items/Armours/Helmets/FourHelmetDexInt2Endgame
item	Brimmed Helm	Шлем с полями	WzI1LDE0LHsiZiI6IjJESXRlbXMvQXJtb3Vycy9IZWxtZXRzL0Jhc2V0eXBlcy9IZWxtZXRTdHJEZXgwMSIsInciOjIsImgiOjIsInNjYWxlIjoxLCJyZWFsbSI6InBvZTIifV0/6ab065ed7f/HelmetStrDex01.png	Metadata/Items/Armours/Helmets/FourHelmetStrDex1
item	Broad Greatsword	Широкий большой меч		Metadata/Items/Weapons/TwoHandWeapons/TwoHandSwords/FourTwoHandSword4
item	Broad Spear	Широкое копьё	WzI1LDE0LHsiZiI6IjJESXRlbXMvV2VhcG9ucy9PbmVIYW5kV2VhcG9ucy9PbmVIYW5kU3BlYXJzLzFIU3BlYXIwOCIsInciOjEsImgiOjQsInNjYWxlIjoxLCJyZWFsbSI6InBvZTIifV0/5a253f3b56/1HSpear08.png	Metadata/Items/Weapons/OneHandWeapons/OneHandSpears/FourSpear8;?;stat_548198834=0
item	Broadhead Quiver	Колчан охотничьих стрел	WzI1LDE0LHsiZiI6IjJESXRlbXMvUXVpdmVycy9CYXNldHlwZXMvUXVpdmVyQnJvYWRoZWFkIiwidyI6MiwiaCI6Mywic2NhbGUiOjEsInJlYWxtIjoicG9lMiJ9XQ/7bd400d550/QuiverBroadhead.png	Metadata/Items/Quivers/FourQuiver1;stat_3032590688=0,0
item	Broadsword	Широкий меч		Metadata/Items/Weapons/OneHandWeapons/OneHandSwords/FourOneHandSword2
item	Broken Circle Artifact	Артефакт Разомкнутого круга	WzI1LDE0LHsiZiI6IjJESXRlbXMvQ3VycmVuY3kvRXhwZWRpdGlvbi9SdW5lMTYiLCJ3IjoxLCJoIjoxLCJzY2FsZSI6MSwicmVhbG0iOiJwb2UyIn1d/cff1406435/Rune16.png	
item	Bronze Greaves	Бронзовые поножи	WzI1LDE0LHsiZiI6IjJESXRlbXMvQXJtb3Vycy9Cb290cy9CYXNldHlwZXMvQm9vdHNTdHIwMyIsInciOjIsImgiOjIsInNjYWxlIjoxLCJyZWFsbSI6InBvZTIifV0/eaacac3e43/BootsStr03.png	Metadata/Items/Armours/Boots/FourBootsStr3
item	Buckled Wraps	Обмотки с пряжками	WzI1LDE0LHsiZiI6IjJESXRlbXMvQXJtb3Vycy9HbG92ZXMvQmFzZXR5cGVzL0dsb3Zlc0RleEludDA0IiwidyI6MiwiaCI6Miwic2NhbGUiOjEsInJlYWxtIjoicG9lMiJ9XQ/f43ef07a0c/GlovesDexInt04.png	Metadata/Items/Armours/Gloves/FourGlovesDexInt4
item	Bulwark Greaves	Поножи бастиона	WzI1LDE0LHsiZiI6IjJESXRlbXMvQXJtb3Vycy9Cb290cy9CYXNldHlwZXMvQm9vdHNTdHIwMiIsInciOjIsImgiOjIsInNjYWxlIjoxLCJyZWFsbSI6InBvZTIifV0/70eea32d34/BootsStr02.png	Metadata/Items/Armours/Boots/FourBootsStr2Endgame
item	Bulwark Tower Shield	Фортовый ростовой щит	WzI1LDE0LHsiZiI6IjJESXRlbXMvT2ZmaGFuZC9TaGllbGRzL1Rvd2VyMDYiLCJ3IjoyLCJoIjo0LCJzY2FsZSI6MSwicmVhbG0iOiJwb2UyIn1d/fae45edbc4/Tower06.png	Metadata/Items/Armours/Shields/FourShieldStr6Cruel
item	Burnished Gauntlets	Полированные перчатки		Metadata/Items/Armours/Gloves/FourGlovesStrDex5
item	Cabalist Helm	Шлем каббалиста	WzI1LDE0LHsiZiI6IjJESXRlbXMvQXJtb3Vycy9IZWxtZXRzL0Jhc2V0eXBlcy9IZWxtZXRTdHJEZXgwNCIsInciOjIsImgiOjIsInNjYWxlIjoxLCJyZWFsbSI6InBvZTIifV0/df04613939/HelmetStrDex04.png	Metadata/Items/Armours/Helmets/FourHelmetStrDex4Cruel
item	Cadigan's Epiphany	Озарение Кадигана	WzI1LDE0LHsiZiI6IjJESXRlbXMvQ3VycmVuY3kvRXhwZWRpdGlvbjIvR2FtZVdhcnBSdW5lMyIsInNjYWxlIjoxLCJyZWFsbSI6InBvZTIifV0/884c6d6f83/GameWarpRune3.png	
item	Calescent Hammer	Печной молоток	WzI1LDE0LHsiZiI6IjJESXRlbXMvV2VhcG9ucy9PbmVIYW5kV2VhcG9ucy9PbmVIYW5kTWFjZXMvQmFzZXR5cGVzLzFITWFjZTAyIiwidyI6MiwiaCI6Mywic2NhbGUiOjEsInJlYWxtIjoicG9lMiJ9XQ/7a5fb1add8/1HMace02.png	Metadata/Items/Weapons/OneHandWeapons/OneHandMaces/FourOneHandMace2Cruel;?
item	Call of the Shadows	Зов теней	WzI1LDE0LHsiZiI6IjJESXRlbXMvQ3VycmVuY3kvUml0dWFsL1JpdHVhbEVmZmlneVBpZWNlcyIsInNjYWxlIjoxLCJyZWFsbSI6InBvZTIifV0/6fb287c8f4/RitualEffigyPieces.png	
item	Cambric Wraps	Батистовые обмотки	WzI1LDE0LHsiZiI6IjJESXRlbXMvQXJtb3Vycy9HbG92ZXMvQmFzZXR5cGVzL0dsb3Zlc0RleEludDAyIiwidyI6MiwiaCI6Miwic2NhbGUiOjEsInJlYWxtIjoicG9lMiJ9XQ/e226df102d/GlovesDexInt02.png	Metadata/Items/Armours/Gloves/FourGlovesDexInt2Cruel
item	Cannonade Crossbow	Самострел канонира	WzI1LDE0LHsiZiI6IjJESXRlbXMvV2VhcG9ucy9Ud29IYW5kV2VhcG9ucy9Dcm9zc2Jvd3MvMkhDcm9zc2JvdzA3IiwidyI6MiwiaCI6NCwic2NhbGUiOjEsInJlYWxtIjoicG9lMiJ9XQ/7153259b14/2HCrossbow07.png	Metadata/Items/Weapons/TwoHandWeapons/Crossbows/FourCrossbow7Cruel;stat_1980802737
item	Captain Gauntlets	Перчатки капитана	WzI1LDE0LHsiZiI6IjJESXRlbXMvQXJtb3Vycy9HbG92ZXMvQmFzZXR5cGVzL0dsb3Zlc1N0ckRleDAyIiwidyI6MiwiaCI6Miwic2NhbGUiOjEsInJlYWxtIjoicG9lMiJ9XQ/0cb6b02463/GlovesStrDex02.png	Metadata/Items/Armours/Gloves/FourGlovesStrDex2Cruel
item	Carapace Catalyst	Панцирный катализатор	WzI1LDE0LHsiZiI6IjJESXRlbXMvQ3VycmVuY3kvQnJlYWNoL0JyZWFjaENhdGFseXN0RGVmZW5jZXMiLCJzY2FsZSI6MSwicmVhbG0iOiJwb2UyIn1d/568ca70b04/BreachCatalystDefences.png	
item	Carved Cunning	Высеченная хитрость	WzI1LDE0LHsiZiI6IjJESXRlbXMvQ3VycmVuY3kvUml0dWFsL1JpdHVhbEFtYnVzaFByZWRhdG9ycyIsInNjYWxlIjoxLCJyZWFsbSI6InBvZTIifV0/b065fee0b1/RitualAmbushPredators.png	
item	Carved Greaves	Резные поножи	WzI1LDE0LHsiZiI6IjJESXRlbXMvQXJtb3Vycy9Cb290cy9CYXNldHlwZXMvQm9vdHNTdHIwNSIsInciOjIsImgiOjIsInNjYWxlIjoxLCJyZWFsbSI6InBvZTIifV0/3bc62e552f/BootsStr05.png	Metadata/Items/Armours/Boots/FourBootsStr5Cruel
item	Carved Majesty	Высеченное величие	WzI1LDE0LHsiZiI6IjJESXRlbXMvQ3VycmVuY3kvUml0dWFsL1JpdHVhbE1hamVzdGljQmVhc3RzIiwic2NhbGUiOjEsInJlYWxtIjoicG9lMiJ9XQ/db3cfd505d/RitualMajesticBeasts.png	
item	Carved Mischief	Высеченное озорство	WzI1LDE0LHsiZiI6IjJESXRlbXMvQ3VycmVuY3kvUml0dWFsL1JpdHVhbE1pc2NoaWV2b3VzQ3JlYXR1cmVzIiwic2NhbGUiOjEsInJlYWxtIjoicG9lMiJ9XQ/de172a5b3c/RitualMischievousCreatures.png	
item	Carved Targe	Резной тарджет	WzI1LDE0LHsiZiI6IjJESXRlbXMvT2ZmaGFuZC9TaGllbGRzL1NoaWVsZDA4IiwidyI6MiwiaCI6Mywic2NhbGUiOjEsInJlYWxtIjoicG9lMiJ9XQ/f7405bedf0/Shield08.png	Metadata/Items/Armours/Shields/FourShieldStrDex8
item	Carved Tenacity	Высеченная стойкость	WzI1LDE0LHsiZiI6IjJESXRlbXMvQ3VycmVuY3kvUml0dWFsL1JpdHVhbFRlbmFjaW91c0JlYXN0cyIsInNjYWxlIjoxLCJyZWFsbSI6InBvZTIifV0/af56b6ff5d/RitualTenaciousBeasts.png	
item	Carving Hatchet	Древотёс	WzI1LDE0LHsiZiI6IjJESXRlbXMvV2VhcG9ucy9PbmVIYW5kV2VhcG9ucy9PbmVIYW5kQXhlcy9CYXNldHlwZXMvMUhBeGUwNyIsInciOjIsImgiOjMsInNjYWxlIjoxLCJyZWFsbSI6InBvZTIifV0/675e76bb0c/1HAxe07.png	Metadata/Items/Weapons/OneHandWeapons/OneHandAxes/FourOneHandAxe7
item	Cassis Helm	Шлем с бевором	WzI1LDE0LHsiZiI6IjJESXRlbXMvQXJtb3Vycy9IZWxtZXRzL0Jhc2V0eXBlcy9IZWxtZXRTdHJEZXgwNSIsInciOjIsImgiOjIsInNjYWxlIjoxLCJyZWFsbSI6InBvZTIifV0/643d282132/HelmetStrDex05.png	Metadata/Items/Armours/Helmets/FourHelmetStrDex5Cruel
item	Cat Idol	Идол кошки	WzI1LDE0LHsiZiI6IjJESXRlbXMvQ3VycmVuY3kvVG9ybWVudGVkU3Bpcml0U29ja2V0YWJsZXMvQXptZXJpU29ja2V0YWJsZUNhdCIsInNjYWxlIjoxLCJyZWFsbSI6InBvZTIifV0/3d5bc70405/AzmeriSocketableCat.png	
item	Cavalry Boots	Кавалерийские сапоги	WzI1LDE0LHsiZiI6IjJESXRlbXMvQXJtb3Vycy9Cb290cy9CYXNldHlwZXMvQm9vdHNEZXgwNCIsInciOjIsImgiOjIsInNjYWxlIjoxLCJyZWFsbSI6InBvZTIifV0/5a8bec4689/BootsDex04.png	Metadata/Items/Armours/Boots/FourBootsDex4Endgame
item	Cavalry Bow	Кавалерийский лук	WzI1LDE0LHsiZiI6IjJESXRlbXMvV2VhcG9ucy9Ud29IYW5kV2VhcG9ucy9Cb3dzL0Jhc2V0eXBlcy9Cb3cwNSIsInciOjIsImgiOjQsInNjYWxlIjoxLCJyZWFsbSI6InBvZTIifV0/8861b7f497/Bow05.png	Metadata/Items/Weapons/TwoHandWeapons/Bows/FourBow5Endgame
item	Celestial Alloy	Небесный сплав	WzI1LDE0LHsiZiI6IjJESXRlbXMvQ3VycmVuY3kvRXhwZWRpdGlvbjIvQWxsb3k0Iiwic2NhbGUiOjEsInJlYWxtIjoicG9lMiJ9XQ/df21374115/Alloy4.png	
item	Ceremonial Halberd	Церемониальная алебарда	WzI1LDE0LHsiZiI6IjJESXRlbXMvV2VhcG9ucy9Ud29IYW5kV2VhcG9ucy9Ud29IYW5kQXhlcy9CYXNldHlwZXMvMkhBeGUxMSIsInciOjIsImgiOjQsInNjYWxlIjoxLCJyZWFsbSI6InBvZTIifV0/1af1eb8f20/2HAxe11.png	Metadata/Items/Weapons/TwoHandWeapons/TwoHandAxes/FourTwoHandAxe11;stat_1961849903
item	Ceremonial Robe	Церемониальное одеяние	WzI1LDE0LHsiZiI6IjJESXRlbXMvQXJtb3Vycy9Cb2R5QXJtb3Vycy9CYXNldHlwZXMvQm9keUludDA4IiwidyI6MiwiaCI6Mywic2NhbGUiOjEsInJlYWxtIjoicG9lMiJ9XQ/e1702b49d8/BodyInt08.png	Metadata/Items/Armours/BodyArmours/FourBodyInt8Cruel
item	Chain Flail	Цепное гасило		Metadata/Items/Weapons/OneHandWeapons/Flails/FourFlail2
item	Chain Mail	Кольчуга	WzI1LDE0LHsiZiI6IjJESXRlbXMvQXJtb3Vycy9Cb2R5QXJtb3Vycy9CYXNldHlwZXMvQm9keVN0ckRleDAxIiwidyI6MiwiaCI6Mywic2NhbGUiOjEsInJlYWxtIjoicG9lMiJ9XQ/ffcba8cc2b/BodyStrDex01.png	Metadata/Items/Armours/BodyArmours/FourBodyStrDex1
item	Chain Tiara	Цепная тиара	WzI1LDE0LHsiZiI6IjJESXRlbXMvQXJtb3Vycy9IZWxtZXRzL0Jhc2V0eXBlcy9IZWxtZXRJbnQwNCIsInciOjIsImgiOjIsInNjYWxlIjoxLCJyZWFsbSI6InBvZTIifV0/33248feedf/HelmetInt04.png	Metadata/Items/Armours/Helmets/FourHelmetInt4
item	Chain Vestments	Кольчужное одеяние	WzI1LDE0LHsiZiI6IjJESXRlbXMvQXJtb3Vycy9Cb2R5QXJtb3Vycy9CYXNldHlwZXMvQm9keUludFN0cjAzIiwidyI6MiwiaCI6Mywic2NhbGUiOjEsInJlYWxtIjoicG9lMiJ9XQ/c961133f58/BodyIntStr03.png	Metadata/Items/Armours/BodyArmours/FourBodyStrInt3Cruel
item	Champion Cuirass	Доспех чемпиона		Metadata/Items/Armours/BodyArmours/FourBodyStr12
item	Champion Helm	Шлем чемпиона	WzI1LDE0LHsiZiI6IjJESXRlbXMvQXJtb3Vycy9IZWxtZXRzL0Jhc2V0eXBlcy9IZWxtZXRTdHJEZXgwNSIsInciOjIsImgiOjIsInNjYWxlIjoxLCJyZWFsbSI6InBvZTIifV0/643d282132/HelmetStrDex05.png	Metadata/Items/Armours/Helmets/FourHelmetStrDex5Endgame
item	Chance Shard	Осколок удачи	WzI1LDE0LHsiZiI6IjJESXRlbXMvQ3VycmVuY3kvQ3VycmVuY3lVcGdyYWRlVG9VbmlxdWVTaGFyZCIsInNjYWxlIjoxLCJyZWFsbSI6InBvZTIifV0/9828a70270/CurrencyUpgradeToUniqueShard.png	
item	Changeling Talisman	Талисман-перевёртыш	WzI1LDE0LHsiZiI6IjJESXRlbXMvT2ZmaGFuZC9UYWxpc21hbnMvQ2hhbmdlbGluZ1RhbGlzbWFuIiwidyI6MiwiaCI6Miwic2NhbGUiOjEsInJlYWxtIjoicG9lMiJ9XQ/b93972e143/ChangelingTalisman.png	Metadata/Items/Weapons/TwoHandWeapons/Talismans/Talisman1
item	Chaos Orb	Сфера хаоса	WzI1LDE0LHsiZiI6IjJESXRlbXMvQ3VycmVuY3kvQ3VycmVuY3lSZXJvbGxSYXJlIiwic2NhbGUiOjEsInJlYWxtIjoicG9lMiJ9XQ/c0ca392a78/CurrencyRerollRare.png	
item	Charging Rune	Руна заряда	WzI1LDE0LHsiZiI6IjJESXRlbXMvQ3VycmVuY3kvRXhwZWRpdGlvbjIvV2FyZFJlZ2VuZXJhdGlvbk5vcm1hbCIsInNjYWxlIjoxLCJyZWFsbSI6InBvZTIifV0/2c850d510c/WardRegenerationNormal.png	
item	Charmed Shoes	Зачарованные ботинки	WzI1LDE0LHsiZiI6IjJESXRlbXMvQXJtb3Vycy9Cb290cy9CYXNldHlwZXMvQm9vdHNEZXhJbnQwMiIsInciOjIsImgiOjIsInNjYWxlIjoxLCJyZWFsbSI6InBvZTIifV0/2c646ce419/BootsDexInt02.png	Metadata/Items/Armours/Boots/FourBootsDexInt2Endgame
item	Charred Shortsword	Обугленный короткий меч		Metadata/Items/Weapons/OneHandWeapons/OneHandSwords/FourOneHandSword5
item	Chayula's Catalyst	Катализатор Чаюлы	WzI1LDE0LHsiZiI6IjJESXRlbXMvQ3VycmVuY3kvQnJlYWNoL0JyZWFjaENhdGFseXN0Q2hhb3MiLCJzY2FsZSI6MSwicmVhbG0iOiJwb2UyIn1d/c80d8d7b1b/BreachCatalystChaos.png	
item	Chieftain Cuirass	Доспех вождя	WzI1LDE0LHsiZiI6IjJESXRlbXMvQXJtb3Vycy9Cb2R5QXJtb3Vycy9CYXNldHlwZXMvQm9keVN0cjEwIiwidyI6MiwiaCI6Mywic2NhbGUiOjEsInJlYWxtIjoicG9lMiJ9XQ/23e350525b/BodyStr10.png	Metadata/Items/Armours/BodyArmours/FourBodyStr10
item	Chilling Flux	Студёный расплав	WzI1LDE0LHsiZiI6IjJESXRlbXMvQ3VycmVuY3kvRXhwZWRpdGlvbjIvQXJjYW5lRmx1eENvbGQiLCJzY2FsZSI6MSwicmVhbG0iOiJwb2UyIn1d/8be4ea67ff/ArcaneFluxCold.png	
item	Chiming Staff	Звенящий посох	WzI1LDE0LHsiZiI6IjJESXRlbXMvV2VhcG9ucy9Ud29IYW5kV2VhcG9ucy9TdGF2ZXMvQmFzZXR5cGVzL1N0YWZmMDYiLCJ3IjoxLCJoIjo0LCJzY2FsZSI6MSwicmVhbG0iOiJwb2UyIn1d/7df6587cac/Staff06.png	Metadata/Items/Weapons/TwoHandWeapons/Staves/FourStaff6
item	Chiseled Targe	Рельефный тарджет	WzI1LDE0LHsiZiI6IjJESXRlbXMvT2ZmaGFuZC9TaGllbGRzL1NoaWVsZDA1IiwidyI6MiwiaCI6Mywic2NhbGUiOjEsInJlYWxtIjoicG9lMiJ9XQ/8eead9d3b1/Shield05.png	Metadata/Items/Armours/Shields/FourShieldStrDex5
item	Cholotl's Soul Core of War	Ядро душ войны Чолотля	WzI1LDE0LHsiZiI6IjJESXRlbXMvQ3VycmVuY3kvU291bENvcmVzL05ld1NvdWxDb3JlUHJvamVjdGlsZSIsInNjYWxlIjoxLCJyZWFsbSI6InBvZTIifV0/dfc35bed7f/NewSoulCoreProjectile.png	
item	Cinched Boots	Сапоги со шнуровкой	WzI1LDE0LHsiZiI6IjJESXRlbXMvQXJtb3Vycy9Cb290cy9CYXNldHlwZXMvQm9vdHNEZXgwMiIsInciOjIsImgiOjIsInNjYWxlIjoxLCJyZWFsbSI6InBvZTIifV0/b82526a3d4/BootsDex02.png	Metadata/Items/Armours/Boots/FourBootsDex2Endgame
item	Cinderbark Talisman	Талисман из угольной коры	WzI1LDE0LHsiZiI6IjJESXRlbXMvT2ZmaGFuZC9UYWxpc21hbnMvQ2luZGVyYmFya1RhbGlzbWFuIiwidyI6MiwiaCI6Miwic2NhbGUiOjEsInJlYWxtIjoicG9lMiJ9XQ/39ba8efbe7/CinderbarkTalisman.png	Metadata/Items/Weapons/TwoHandWeapons/Talismans/Talisman3;stat_2968503605
item	Cinquedea	Чинкуэда	WzI1LDE0LHsiZiI6IjJESXRlbXMvV2VhcG9ucy9PbmVIYW5kV2VhcG9ucy9EYWdnZXJzL0Jhc2V0eXBlcy9EYWdnZXIxMyIsInciOjEsImgiOjMsInNjYWxlIjoxLCJyZWFsbSI6InBvZTIifV0/6bb4f89a78/Dagger13.png	Metadata/Items/Weapons/OneHandWeapons/Daggers/FourDagger13
item	Citaqualotl's Soul Core of Foulness	Ядро душ гнусности Ситаквалотля	WzI1LDE0LHsiZiI6IjJESXRlbXMvQ3VycmVuY3kvU291bENvcmVzL05ld1NvdWxDb3JlQ2hhb3MyIiwic2NhbGUiOjEsInJlYWxtIjoicG9lMiJ9XQ/002059f8f5/NewSoulCoreChaos2.png	
item	Citaqualotl's Thesis	Доклад Ситаквалотля	WzI1LDE0LHsiZiI6IjJESXRlbXMvQ3VycmVuY3kvUGVyZmVjdFNvdWxDb3Jlcy9Tb3VsQ29yZVNhY3JpZmljZSIsInNjYWxlIjoxLCJyZWFsbSI6InBvZTIifV0/3992461883/SoulCoreSacrifice.png	
item	Cleric Vestments	Одеяние клирика	WzI1LDE0LHsiZiI6IjJESXRlbXMvQXJtb3Vycy9Cb2R5QXJtb3Vycy9CYXNldHlwZXMvQm9keUludFN0cjA3IiwidyI6MiwiaCI6Mywic2NhbGUiOjEsInJlYWxtIjoicG9lMiJ9XQ/3e7354e684/BodyIntStr07.png	Metadata/Items/Armours/BodyArmours/FourBodyStrInt7
item	Cloaked Mail	Доспех с кольцами	WzI1LDE0LHsiZiI6IjJESXRlbXMvQXJtb3Vycy9Cb2R5QXJtb3Vycy9CYXNldHlwZXMvQm9keVN0ckRleDA0IiwidyI6MiwiaCI6Mywic2NhbGUiOjEsInJlYWxtIjoicG9lMiJ9XQ/d8e02875f2/BodyStrDex04.png	Metadata/Items/Armours/BodyArmours/FourBodyStrDex4
item	Closed Helm	Закрытый шлем	WzI1LDE0LHsiZiI6IjJESXRlbXMvQXJtb3Vycy9IZWxtZXRzL0Jhc2V0eXBlcy9IZWxtZXRTdHJEZXgwNiIsInciOjIsImgiOjIsInNjYWxlIjoxLCJyZWFsbSI6InBvZTIifV0/b2bcd2cacb/HelmetStrDex06.png	Metadata/Items/Armours/Helmets/FourHelmetStrDex6
item	Coffer Relic	Ларец	WzI1LDE0LHsiZiI6IjJESXRlbXMvUmVsaWNzL1JlbGljQmFzZTJ4MiIsInciOjIsImgiOjIsInNjYWxlIjoxLCJyZWFsbSI6InBvZTIifV0/06d3d1e6ce/RelicBase2x2.png	Metadata/Items/Relics/SanctumRelic2x2
item	Coiled Buckler	Кручёный баклер	WzI1LDE0LHsiZiI6IjJESXRlbXMvT2ZmaGFuZC9TaGllbGRzL0J1Y2tsZXIwNSIsInciOjIsImgiOjIsInNjYWxlIjoxLCJyZWFsbSI6InBvZTIifV0/38c040462c/Buckler05.png	Metadata/Items/Armours/Shields/FourShieldDex5Cruel
item	Colossal Life Flask	Великий флакон жизни	WzksMTQseyJmIjoiMkRJdGVtcy9GbGFza3MvQmFzZXR5cGVzL0ZsYXNrTGlmZTA2IiwidyI6MSwiaCI6Miwic2NhbGUiOjEsInJlYWxtIjoicG9lMiIsImxldmVsIjoxfV0/6fc996d87a/FlaskLife06.png	Metadata/Items/Flasks/FourFlaskLife6
item	Colossal Mana Flask	Великий флакон маны	WzksMTQseyJmIjoiMkRJdGVtcy9GbGFza3MvQmFzZXR5cGVzL0ZsYXNrTWFuYTA2IiwidyI6MSwiaCI6Miwic2NhbGUiOjEsInJlYWxtIjoicG9lMiIsImxldmVsIjoxfV0/78c211b089/FlaskMana06.png	Metadata/Items/Flasks/FourFlaskMana6
item	Commander Gauntlets	Перчатки командира	WzI1LDE0LHsiZiI6IjJESXRlbXMvQXJtb3Vycy9HbG92ZXMvQmFzZXR5cGVzL0dsb3Zlc1N0ckRleDAyIiwidyI6MiwiaCI6Miwic2NhbGUiOjEsInJlYWxtIjoicG9lMiJ9XQ/0cb6b02463/GlovesStrDex02.png	Metadata/Items/Armours/Gloves/FourGlovesStrDex2Endgame
item	Commander Greathelm	Большой шлем командира	WzI1LDE0LHsiZiI6IjJESXRlbXMvQXJtb3Vycy9IZWxtZXRzL0Jhc2V0eXBlcy9IZWxtZXRTdHIwNyIsInciOjIsImgiOjIsInNjYWxlIjoxLCJyZWFsbSI6InBvZTIifV0/a455b9fc43/HelmetStr07.png	Metadata/Items/Armours/Helmets/FourHelmetStr7
item	Commander Sword	Меч командира	WzI1LDE0LHsiZiI6IjJESXRlbXMvV2VhcG9ucy9PbmVIYW5kV2VhcG9ucy9PbmVIYW5kU3dvcmRzL0Jhc2V0eXBlcy8xSFN3b3JkMTIiLCJ3IjoyLCJoIjozLCJzY2FsZSI6MSwicmVhbG0iOiJwb2UyIn1d/dcf3421daa/1HSword12.png	Metadata/Items/Weapons/OneHandWeapons/OneHandSwords/FourOneHandSword12
item	Composite Bow	Составной лук	WzI1LDE0LHsiZiI6IjJESXRlbXMvV2VhcG9ucy9Ud29IYW5kV2VhcG9ucy9Cb3dzL0Jhc2V0eXBlcy9Cb3cwNSIsInciOjIsImgiOjQsInNjYWxlIjoxLCJyZWFsbSI6InBvZTIifV0/8861b7f497/Bow05.png	Metadata/Items/Weapons/TwoHandWeapons/Bows/FourBow5
item	Concentrated Liquid Fear	Концентрированный жидкий страх	WzI1LDE0LHsiZiI6IjJESXRlbXMvQ3VycmVuY3kvRGlzdGlsbGVkRW1vdGlvbnMvQ29uY2VudHJhdGVkRGlzdGlsbGVkRmVhciIsInNjYWxlIjoxLCJyZWFsbSI6InBvZTIifV0/2c3300fcdf/ConcentratedDistilledFear.png	
item	Concentrated Liquid Isolation	Концентрированное жидкое отчуждение	WzI1LDE0LHsiZiI6IjJESXRlbXMvQ3VycmVuY3kvRGlzdGlsbGVkRW1vdGlvbnMvQ29uY2VudHJhdGVkRGlzdGlsbGVkSXNvbGF0aW9uIiwic2NhbGUiOjEsInJlYWxtIjoicG9lMiJ9XQ/44ca2d19b9/ConcentratedDistilledIsolation.png	
item	Concentrated Liquid Suffering	Концентрированное жидкое страдание	WzI1LDE0LHsiZiI6IjJESXRlbXMvQ3VycmVuY3kvRGlzdGlsbGVkRW1vdGlvbnMvQ29uY2VudHJhdGVkRGlzdGlsbGVkU3VmZmVyaW5nIiwic2NhbGUiOjEsInJlYWxtIjoicG9lMiJ9XQ/10b12c3875/ConcentratedDistilledSuffering.png	
item	Conjurer Mantle	Наряд призывателя	WzI1LDE0LHsiZiI6IjJESXRlbXMvQXJtb3Vycy9Cb2R5QXJtb3Vycy9CYXNldHlwZXMvQm9keUludFN0cjA0IiwidyI6MiwiaCI6Mywic2NhbGUiOjEsInJlYWxtIjoicG9lMiJ9XQ/3574a91ac4/BodyIntStr04.png	Metadata/Items/Armours/BodyArmours/FourBodyStrInt4Endgame;stat_3981240776|stat_2704225257=0
item	Conqueror Plate	Доспех завоевателя		Metadata/Items/Armours/BodyArmours/FourBodyStr14;stat_680068163=0
item	Construct Crossbow	Самострел конструкта	WzI1LDE0LHsiZiI6IjJESXRlbXMvV2VhcG9ucy9Ud29IYW5kV2VhcG9ucy9Dcm9zc2Jvd3MvMkhDcm9zc2JvdzA4IiwidyI6MiwiaCI6NCwic2NhbGUiOjEsInJlYWxtIjoicG9lMiJ9XQ/4d19c2367c/2HCrossbow08.png	Metadata/Items/Weapons/TwoHandWeapons/Crossbows/FourCrossbow8
item	Construct Hammer	Молот конструкта	WzI1LDE0LHsiZiI6IjJESXRlbXMvV2VhcG9ucy9PbmVIYW5kV2VhcG9ucy9PbmVIYW5kTWFjZXMvQmFzZXR5cGVzLzFITWFjZTA4IiwidyI6MiwiaCI6Mywic2NhbGUiOjEsInJlYWxtIjoicG9lMiJ9XQ/f0a2fc612b/1HMace08.png	Metadata/Items/Weapons/OneHandWeapons/OneHandMaces/FourOneHandMace8;stat_2933846633|stat_3146310524=0
item	Core Destabiliser	Дестабилизатор ядра	WzI1LDE0LHsiZiI6IjJESXRlbXMvQ3VycmVuY3kvSW5jdXJzaW9uQ3JhZnRpbmdPcmJzL0luY3Vyc2lvbkNvcmVEZXN0YWJsaXNlciIsInNjYWxlIjoxLCJyZWFsbSI6InBvZTIifV0/e613c14ed7/IncursionCoreDestabliser.png	
item	Corona Amulet	Амулет свечения	WzI1LDE0LHsiZiI6IjJESXRlbXMvQW11bGV0cy9CYXNldHlwZXMvQ29yb25hQW11bGV0IiwidyI6MSwiaCI6MSwic2NhbGUiOjEsInJlYWxtIjoicG9lMiJ9XQ/36be17c3d4/CoronaAmulet.png	Metadata/Items/Amulets/FourAmuletB2;stat_1458343515
item	Corroded Greathelm	Поржавелый большой шлем	WzI1LDE0LHsiZiI6IjJESXRlbXMvQXJtb3Vycy9IZWxtZXRzL0Jhc2V0eXBlcy9IZWxtZXRTdHIwMSIsInciOjIsImgiOjIsInNjYWxlIjoxLCJyZWFsbSI6InBvZTIifV0/43e780c05c/HelmetStr01.png	Metadata/Items/Armours/Helmets/FourHelmetStr1Cruel
item	Corroded Longsword	Ржавый длинный меч		Metadata/Items/Weapons/TwoHandWeapons/TwoHandSwords/FourTwoHandSword1
item	Corsair Cap	Треуголка корсара	WzI1LDE0LHsiZiI6IjJESXRlbXMvQXJtb3Vycy9IZWxtZXRzL0Jhc2V0eXBlcy9IZWxtZXREZXgwNyIsInciOjIsImgiOjIsInNjYWxlIjoxLCJyZWFsbSI6InBvZTIifV0/74f4fa374e/HelmetDex07.png	Metadata/Items/Armours/Helmets/FourHelmetDex7
item	Corsair Coat	Плащ корсара	WzI1LDE0LHsiZiI6IjJESXRlbXMvQXJtb3Vycy9Cb2R5QXJtb3Vycy9CYXNldHlwZXMvQm9keURleDEwIiwidyI6MiwiaCI6Mywic2NhbGUiOjEsInJlYWxtIjoicG9lMiJ9XQ/4451ea3f74/BodyDex10.png	Metadata/Items/Armours/BodyArmours/FourBodyDex10Endgame;stat_2250533757=0
item	Corsair Vest	Жилет корсара	WzI1LDE0LHsiZiI6IjJESXRlbXMvQXJtb3Vycy9Cb2R5QXJtb3Vycy9CYXNldHlwZXMvQm9keURleDA5IiwidyI6MiwiaCI6Mywic2NhbGUiOjEsInJlYWxtIjoicG9lMiJ9XQ/234a771f12/BodyDex09.png	Metadata/Items/Armours/BodyArmours/FourBodyDex9
item	Corvus Mantle	Вороново облачение		Metadata/Items/Armours/BodyArmours/FourBodyStrInt12;stat_3981240776|stat_2704225257=0
item	Countess Seske's Rune of Archery	Руна меткости графини Сеске	WzI1LDE0LHsiZiI6IjJESXRlbXMvQ3VycmVuY3kvUnVuZXMvTmV3UnVuZTE0Iiwic2NhbGUiOjEsInJlYWxtIjoicG9lMiJ9XQ/8e738ce3cb/NewRune14.png	
item	Coursing Spear	Копьё травли зверя	WzI1LDE0LHsiZiI6IjJESXRlbXMvV2VhcG9ucy9PbmVIYW5kV2VhcG9ucy9PbmVIYW5kU3BlYXJzLzFIU3BlYXIwMyIsInciOjEsImgiOjQsInNjYWxlIjoxLCJyZWFsbSI6InBvZTIifV0/d4c8557684/1HSpear03.png	Metadata/Items/Weapons/OneHandWeapons/OneHandSpears/FourSpear3Cruel;?;stat_2763429652=0
item	Courtesan Mannan's Rune of Cruelty	Руна жестокости куртизанки Маннан	WzI1LDE0LHsiZiI6IjJESXRlbXMvQ3VycmVuY3kvUnVuZXMvTmV3UnVuZTExIiwic2NhbGUiOjEsInJlYWxtIjoicG9lMiJ9XQ/da1b427b23/NewRune11.png	
item	Covered Sabatons	Сплошные сабатоны	WzI1LDE0LHsiZiI6IjJESXRlbXMvQXJtb3Vycy9Cb290cy9CYXNldHlwZXMvQm9vdHNTdHJEZXgwNCIsInciOjIsImgiOjIsInNjYWxlIjoxLCJyZWFsbSI6InBvZTIifV0/865c3e428d/BootsStrDex04.png	Metadata/Items/Armours/Boots/FourBootsStrDex4
item	Covert Hood	Капюшон агента		Metadata/Items/Armours/Helmets/FourHelmetDex10
item	Cowardly Fate	Трусливый конец	WzI1LDE0LHsiZiI6IjJESXRlbXMvQ3VycmVuY3kvU291bENvcmVzL1RyaWFsbWFzdGVyS2V5MSIsInNjYWxlIjoxLCJyZWFsbSI6InBvZTIifV0/661ab60074/TrialmasterKey1.png	
item	Cowled Helm	Шлем с капюшоном	WzI1LDE0LHsiZiI6IjJESXRlbXMvQXJtb3Vycy9IZWxtZXRzL0Jhc2V0eXBlcy9IZWxtZXRTdHJEZXgwNCIsInciOjIsImgiOjIsInNjYWxlIjoxLCJyZWFsbSI6InBvZTIifV0/df04613939/HelmetStrDex04.png	Metadata/Items/Armours/Helmets/FourHelmetStrDex4
item	Crackling Flux	Искрящий расплав	WzI1LDE0LHsiZiI6IjJESXRlbXMvQ3VycmVuY3kvRXhwZWRpdGlvbjIvQXJjYW5lRmx1eExpZ2h0bmluZyIsInNjYWxlIjoxLCJyZWFsbSI6InBvZTIifV0/6f9758e0a3/ArcaneFluxLightning.png	
item	Crackling Quarterstaff	Искрящийся боевой посох	WzI1LDE0LHsiZiI6IjJESXRlbXMvV2VhcG9ucy9Ud29IYW5kV2VhcG9ucy9XYXJTdGF2ZXMvV2Fyc3RhZmYwNCIsInciOjIsImgiOjQsInNjYWxlIjoxLCJyZWFsbSI6InBvZTIifV0/4329b881c1/Warstaff04.png	Metadata/Items/Weapons/TwoHandWeapons/Staves/FourQuarterstaff4;?
item	Craiceann's Rune of Recovery	Руна восстановления Краценна	WzI1LDE0LHsiZiI6IjJESXRlbXMvQ3VycmVuY3kvUnVuZXMvTmV3UnVuZTEwIiwic2NhbGUiOjEsInJlYWxtIjoicG9lMiJ9XQ/96c722e7d3/NewRune10.png	
item	Craiceann's Rune of Warding	Руна барьера Краценна	WzI1LDE0LHsiZiI6IjJESXRlbXMvQ3VycmVuY3kvUnVuZXMvTmV3UnVuZTYiLCJzY2FsZSI6MSwicmVhbG0iOiJwb2UyIn1d/677fca20e0/NewRune6.png	
item	Crescent Axe	Топор-полумесяц		Metadata/Items/Weapons/OneHandWeapons/OneHandAxes/FourOneHandAxe6
item	Crescent Quarterstaff	Боевой посох с полумесяцем	WzI1LDE0LHsiZiI6IjJESXRlbXMvV2VhcG9ucy9Ud29IYW5kV2VhcG9ucy9XYXJTdGF2ZXMvV2Fyc3RhZmYwNSIsInciOjIsImgiOjQsInNjYWxlIjoxLCJyZWFsbSI6InBvZTIifV0/e69a1d604f/Warstaff05.png	Metadata/Items/Weapons/TwoHandWeapons/Staves/FourQuarterstaff5
item	Crescent Targe	Тарджет с полумесяцем	WzI1LDE0LHsiZiI6IjJESXRlbXMvT2ZmaGFuZC9TaGllbGRzL1NoaWVsZDA0IiwidyI6MiwiaCI6Mywic2NhbGUiOjEsInJlYWxtIjoicG9lMiJ9XQ/b38b1a21b7/Shield04.png	Metadata/Items/Armours/Shields/FourShieldStrDex4
item	Crimson Amulet	Алый амулет	WzI1LDE0LHsiZiI6IjJESXRlbXMvQW11bGV0cy9CYXNldHlwZXMvQ3JpbXNvbkFtdWxldCIsInciOjEsImgiOjEsInNjYWxlIjoxLCJyZWFsbSI6InBvZTIifV0/6306715ae7/CrimsonAmulet.png	Metadata/Items/Amulets/FourAmulet1;stat_3325883026=0
item	Crone Knife	Старый нож		Metadata/Items/Weapons/OneHandWeapons/Daggers/FourDagger2;stat_669069897=0
item	Crossblade Spear	Крестообразное копьё	WzI1LDE0LHsiZiI6IjJESXRlbXMvV2VhcG9ucy9PbmVIYW5kV2VhcG9ucy9PbmVIYW5kU3BlYXJzLzFIU3BlYXIwOSIsInciOjEsImgiOjQsInNjYWxlIjoxLCJyZWFsbSI6InBvZTIifV0/fee22fbc3f/1HSpear09.png	Metadata/Items/Weapons/OneHandWeapons/OneHandSpears/FourSpear9;?;stat_3552135623=0
item	Crown Mace	Увенчанная булава	WzI1LDE0LHsiZiI6IjJESXRlbXMvV2VhcG9ucy9PbmVIYW5kV2VhcG9ucy9PbmVIYW5kTWFjZXMvQmFzZXR5cGVzLzFITWFjZTA2IiwidyI6MiwiaCI6Mywic2NhbGUiOjEsInJlYWxtIjoicG9lMiJ9XQ/3f1f11ed25/1HMace06.png	Metadata/Items/Weapons/OneHandWeapons/OneHandMaces/FourOneHandMace6Endgame
item	Crucible Tower Shield	Закалённый ростовой щит	WzI1LDE0LHsiZiI6IjJESXRlbXMvT2ZmaGFuZC9TaGllbGRzL1Rvd2VyMDkiLCJ3IjoyLCJoIjo0LCJzY2FsZSI6MSwicmVhbG0iOiJwb2UyIn1d/c6365c4b2a/Tower09.png	Metadata/Items/Armours/Shields/FourShieldStr9
item	Crude Bow	Грубый лук	WzI1LDE0LHsiZiI6IjJESXRlbXMvV2VhcG9ucy9Ud29IYW5kV2VhcG9ucy9Cb3dzL0Jhc2V0eXBlcy9Cb3cwMSIsInciOjIsImgiOjQsInNjYWxlIjoxLCJyZWFsbSI6InBvZTIifV0/30226ab5e1/Bow01.png	Metadata/Items/Weapons/TwoHandWeapons/Bows/FourBow1
item	Cruel Talisman	Жестокий талисман	WzI1LDE0LHsiZiI6IjJESXRlbXMvT2ZmaGFuZC9UYWxpc21hbnMvVmljaW91c1RhbGlzbWFuIiwidyI6MiwiaCI6Miwic2NhbGUiOjEsInJlYWxtIjoicG9lMiJ9XQ/10e044a5b7/ViciousTalisman.png	Metadata/Items/Weapons/TwoHandWeapons/Talismans/Talisman8Cruel
item	Crumbling Maul	Крошащий молот	WzI1LDE0LHsiZiI6IjJESXRlbXMvV2VhcG9ucy9Ud29IYW5kV2VhcG9ucy9Ud29IYW5kTWFjZXMvQmFzZXR5cGVzLzJITWFjZTA4IiwidyI6MiwiaCI6NCwic2NhbGUiOjEsInJlYWxtIjoicG9lMiJ9XQ/e76cbc3836/2HMace08.png	Metadata/Items/Weapons/TwoHandWeapons/TwoHandMaces/FourTwoHandMace8;stat_1541903247=0
item	Cryptic Crown	Скрытая корона	WzI1LDE0LHsiZiI6IjJESXRlbXMvQXJtb3Vycy9IZWxtZXRzL0Jhc2V0eXBlcy9IZWxtZXRJbnRTdHIwNiIsInciOjIsImgiOjIsInNjYWxlIjoxLCJyZWFsbSI6InBvZTIifV0/9456a4b2b7/HelmetIntStr06.png	Metadata/Items/Armours/Helmets/FourHelmetStrInt6Endgame
item	Cryptic Helm	Скрытый шлем	WzI1LDE0LHsiZiI6IjJESXRlbXMvQXJtb3Vycy9IZWxtZXRzL0Jhc2V0eXBlcy9IZWxtZXRTdHJEZXgwNCIsInciOjIsImgiOjIsInNjYWxlIjoxLCJyZWFsbSI6InBvZTIifV0/df04613939/HelmetStrDex04.png	Metadata/Items/Armours/Helmets/FourHelmetStrDex4Endgame
item	Cryptic Key	Скрытый ключ	WzI1LDE0LHsiZiI6IjJESXRlbXMvQ3VycmVuY3kvU3Ryb25nYm94U2tlbGV0b25LZXkiLCJzY2FsZSI6MSwicmVhbG0iOiJwb2UyIn1d/ae08d02326/StrongboxSkeletonKey.png	
item	Cryptic Leggings	Скрытые сапоги	WzI1LDE0LHsiZiI6IjJESXRlbXMvQXJtb3Vycy9Cb290cy9CYXNldHlwZXMvQm9vdHNJbnRTdHIwNCIsInciOjIsImgiOjIsInNjYWxlIjoxLCJyZWFsbSI6InBvZTIifV0/12efc4aaa8/BootsIntStr04.png	Metadata/Items/Armours/Boots/FourBootsStrInt4Endgame
item	Crystal Focus	Кристальный фокус	WzI1LDE0LHsiZiI6IjJESXRlbXMvT2ZmaGFuZC9Gb2NpL0Jhc2V0eXBlcy9Gb2N1czA2IiwidyI6MiwiaCI6Mywic2NhbGUiOjEsInJlYWxtIjoicG9lMiJ9XQ/a7c172ac69/Focus06.png	Metadata/Items/Armours/Focii/FourFocus6
item	Crystallised Corruption	Кристаллизованная Порча	WzI1LDE0LHsiZiI6IjJESXRlbXMvQ3VycmVuY3kvSW5jdXJzaW9uQ3JhZnRpbmdPcmJzL0luY3Vyc2lvbkNyeXN0YWxsaXNlZENvcnJ1cHRpb24iLCJzY2FsZSI6MSwicmVhbG0iOiJwb2UyIn1d/7bb759396f/IncursionCrystallisedCorruption.png	
item	Cultist Bow	Лук культиста	WzI1LDE0LHsiZiI6IjJESXRlbXMvV2VhcG9ucy9Ud29IYW5kV2VhcG9ucy9Cb3dzL0Jhc2V0eXBlcy9Cb3cwNyIsInciOjIsImgiOjQsInNjYWxlIjoxLCJyZWFsbSI6InBvZTIifV0/7099d311a6/Bow07.png	Metadata/Items/Weapons/TwoHandWeapons/Bows/FourBow7;?
item	Cultist Crown	Корона культиста	WzI1LDE0LHsiZiI6IjJESXRlbXMvQXJtb3Vycy9IZWxtZXRzL0Jhc2V0eXBlcy9IZWxtZXRJbnRTdHIwMyIsInciOjIsImgiOjIsInNjYWxlIjoxLCJyZWFsbSI6InBvZTIifV0/236be52310/HelmetIntStr03.png	Metadata/Items/Armours/Helmets/FourHelmetStrInt3
item	Cultist Focus	Фокус культиста	WzI1LDE0LHsiZiI6IjJESXRlbXMvT2ZmaGFuZC9Gb2NpL0Jhc2V0eXBlcy9Gb2N1czA3IiwidyI6MiwiaCI6Mywic2NhbGUiOjEsInJlYWxtIjoicG9lMiJ9XQ/5111338008/Focus07.png	Metadata/Items/Armours/Focii/FourFocus7Cruel
item	Cultist Gauntlets	Перчатки культиста	WzI1LDE0LHsiZiI6IjJESXRlbXMvQXJtb3Vycy9HbG92ZXMvQmFzZXR5cGVzL0dsb3Zlc1N0ckRleDAzIiwidyI6MiwiaCI6Miwic2NhbGUiOjEsInJlYWxtIjoicG9lMiJ9XQ/2d6c10dfcb/GlovesStrDex03.png	Metadata/Items/Armours/Gloves/FourGlovesStrDex3Endgame
item	Cultist Greathammer	Культовый молот	WzI1LDE0LHsiZiI6IjJESXRlbXMvV2VhcG9ucy9Ud29IYW5kV2VhcG9ucy9Ud29IYW5kTWFjZXMvQmFzZXR5cGVzLzJITWFjZTA1IiwidyI6MiwiaCI6NCwic2NhbGUiOjEsInJlYWxtIjoicG9lMiJ9XQ/b68c491072/2HMace05.png	Metadata/Items/Weapons/TwoHandWeapons/TwoHandMaces/FourTwoHandMace5;stat_3675300253
item	Cultist Tower Shield	Культовый ростовой щит	WzI1LDE0LHsiZiI6IjJESXRlbXMvT2ZmaGFuZC9TaGllbGRzL1Rvd2VyMDUiLCJ3IjoyLCJoIjo0LCJzY2FsZSI6MSwicmVhbG0iOiJwb2UyIn1d/df5701c32e/Tower05.png	Metadata/Items/Armours/Shields/FourShieldStr5Cruel
item	Cursespeaker's Robe	Облачение злословия	WzI1LDE0LHsiZiI6IjJESXRlbXMvQXJtb3Vycy9Cb2R5QXJtb3Vycy9CYXNldHlwZXMvQm9keUludDAzIiwidyI6MiwiaCI6Mywic2NhbGUiOjEsInJlYWxtIjoicG9lMiJ9XQ/72f888e8c2/BodyInt03.png	Metadata/Items/Armours/BodyArmours/FourBodyInt3Cruel
item	Cutlass	Абордажная сабля	WzI1LDE0LHsiZiI6IjJESXRlbXMvV2VhcG9ucy9PbmVIYW5kV2VhcG9ucy9PbmVIYW5kU3dvcmRzL0Jhc2V0eXBlcy8xSFN3b3JkMDkiLCJ3IjoyLCJoIjozLCJzY2FsZSI6MSwicmVhbG0iOiJwb2UyIn1d/d5410c0914/1HSword09.png	Metadata/Items/Weapons/OneHandWeapons/OneHandSwords/FourOneHandSword9
item	Cyclonic Alloy	Вихревой сплав	WzI1LDE0LHsiZiI6IjJESXRlbXMvQ3VycmVuY3kvRXhwZWRpdGlvbjIvSW1idWVkVmVyaXNpdW0iLCJzY2FsZSI6MSwicmVhbG0iOiJwb2UyIn1d/083dc3c30d/ImbuedVerisium.png	
item	Daggerfoot Shoes	Ботинки с кинжалом	WzI1LDE0LHsiZiI6IjJESXRlbXMvQXJtb3Vycy9Cb290cy9CYXNldHlwZXMvQm9vdHNEZXhJbnQwNCIsInciOjIsImgiOjIsInNjYWxlIjoxLCJyZWFsbSI6InBvZTIifV0/c7b2a1d325/BootsDexInt04.png	Metadata/Items/Armours/Boots/FourBootsDexInt4Endgame
item	Dark Blade	Тёмный клинок	WzI1LDE0LHsiZiI6IjJESXRlbXMvV2VhcG9ucy9PbmVIYW5kV2VhcG9ucy9PbmVIYW5kU3dvcmRzL0Jhc2V0eXBlcy8xSFN3b3JkMTMiLCJ3IjoyLCJoIjozLCJzY2FsZSI6MSwicmVhbG0iOiJwb2UyIn1d/72243abcf4/1HSword13.png	Metadata/Items/Weapons/OneHandWeapons/OneHandSwords/FourOneHandSword13
item	Dastard Armour	Доспех лиходея	WzI1LDE0LHsiZiI6IjJESXRlbXMvQXJtb3Vycy9Cb2R5QXJtb3Vycy9CYXNldHlwZXMvQm9keVN0ckRleDAyIiwidyI6MiwiaCI6Mywic2NhbGUiOjEsInJlYWxtIjoicG9lMiJ9XQ/a1b424ac4d/BodyStrDex02.png	Metadata/Items/Armours/BodyArmours/FourBodyStrDex2Endgame;stat_3299347043=0
item	Deadly Fate	Смертельный конец	WzI1LDE0LHsiZiI6IjJESXRlbXMvQ3VycmVuY3kvU291bENvcmVzL1RyaWFsbWFzdGVyS2V5MiIsInNjYWxlIjoxLCJyZWFsbSI6InBvZTIifV0/cccae44832/TrialmasterKey2.png	
item	Death Mail	Доспех смерти	WzI1LDE0LHsiZiI6IjJESXRlbXMvQXJtb3Vycy9Cb2R5QXJtb3Vycy9CYXNldHlwZXMvQm9keVN0ckRleDA2IiwidyI6MiwiaCI6Mywic2NhbGUiOjEsInJlYWxtIjoicG9lMiJ9XQ/4b99433643/BodyStrDex06.png	Metadata/Items/Armours/BodyArmours/FourBodyStrDex6Endgame
item	Death Mantle	Мантия смерти	WzI1LDE0LHsiZiI6IjJESXRlbXMvQXJtb3Vycy9Cb2R5QXJtb3Vycy9CYXNldHlwZXMvQm9keUludFN0cjA2IiwidyI6MiwiaCI6Mywic2NhbGUiOjEsInJlYWxtIjoicG9lMiJ9XQ/2188f05fcc/BodyIntStr06.png	Metadata/Items/Armours/BodyArmours/FourBodyStrInt6Endgame;stat_1978899297=0
item	Death Mask	Маска смерти		Metadata/Items/Armours/Helmets/FourHelmetDexInt8
item	Decorated Helm	Украшенный шлем		Metadata/Items/Armours/Helmets/FourHelmetStrDex7
item	Deerstalker Hood	Капюшон зверолова	WzI1LDE0LHsiZiI6IjJESXRlbXMvQXJtb3Vycy9IZWxtZXRzL0Jhc2V0eXBlcy9IZWxtZXREZXgwNSIsInciOjIsImgiOjIsInNjYWxlIjoxLCJyZWFsbSI6InBvZTIifV0/367615d8a8/HelmetDex05.png	Metadata/Items/Armours/Helmets/FourHelmetDex5Cruel
item	Dekharan Crest Shield	Гербовый щит дехара	WzI1LDE0LHsiZiI6IjJESXRlbXMvT2ZmaGFuZC9TaGllbGRzL0NyZXN0MDQiLCJ3IjoyLCJoIjozLCJzY2FsZSI6MSwicmVhbG0iOiJwb2UyIn1d/d54e9d2de5/Crest04.png	Metadata/Items/Armours/Shields/FourShieldStrInt4Cruel
item	Delirium Tablet	Плитка Делириума	WzI1LDE0LHsiZiI6IjJESXRlbXMvQ3VycmVuY3kvUHJlY3Vyc29yVGFibGV0cy9QcmVjdXJzb3JUYWJsZXREZWxpcml1bSIsInciOjEsImgiOjEsInNjYWxlIjoxLCJyZWFsbSI6InBvZTIifV0/8c2fac816e/PrecursorTabletDelirium.png	Metadata/Items/TowerAugment/DeliriumAugment;?,?
item	Descry Crest Shield	Гербовый щит со знаком различия	WzI1LDE0LHsiZiI6IjJESXRlbXMvT2ZmaGFuZC9TaGllbGRzL0NyZXN0MDMiLCJ3IjoyLCJoIjozLCJzY2FsZSI6MSwicmVhbG0iOiJwb2UyIn1d/298c037c8b/Crest03.png	Metadata/Items/Armours/Shields/FourShieldStrInt3Cruel
item	Desert Buckler	Баклер пустыни	WzI1LDE0LHsiZiI6IjJESXRlbXMvT2ZmaGFuZC9TaGllbGRzL0J1Y2tsZXIwOSIsInciOjIsImgiOjIsInNjYWxlIjoxLCJyZWFsbSI6InBvZTIifV0/308580559f/Buckler09.png	Metadata/Items/Armours/Shields/FourShieldDex9Endgame
item	Desert Cap	Капюшон пустынника	WzI1LDE0LHsiZiI6IjJESXRlbXMvQXJtb3Vycy9IZWxtZXRzL0Jhc2V0eXBlcy9IZWxtZXREZXgwNCIsInciOjIsImgiOjIsInNjYWxlIjoxLCJyZWFsbSI6InBvZTIifV0/e2bcc2e1c1/HelmetDex04.png	Metadata/Items/Armours/Helmets/FourHelmetDex4Endgame
item	Desert Circlet	Обруч пустынника	WzI1LDE0LHsiZiI6IjJESXRlbXMvQXJtb3Vycy9IZWxtZXRzL0Jhc2V0eXBlcy9IZWxtZXRJbnQwMyIsInciOjIsImgiOjIsInNjYWxlIjoxLCJyZWFsbSI6InBvZTIifV0/0942c3c1f2/HelmetInt03.png	Metadata/Items/Armours/Helmets/FourHelmetInt3Cruel
item	Desert Rune	Руна пустыни	WzI1LDE0LHsiZiI6IjJESXRlbXMvQ3VycmVuY3kvUnVuZXMvRmlyZVJ1bmUiLCJzY2FsZSI6MSwicmVhbG0iOiJwb2UyIn1d/eeabf0e7a0/FireRune.png	
item	Desolate Crossbow	Самострел опустошения	WzI1LDE0LHsiZiI6IjJESXRlbXMvV2VhcG9ucy9Ud29IYW5kV2VhcG9ucy9Dcm9zc2Jvd3MvMkhDcm9zc2JvdzA4IiwidyI6MiwiaCI6NCwic2NhbGUiOjEsInJlYWxtIjoicG9lMiJ9XQ/4d19c2367c/2HCrossbow08.png	Metadata/Items/Weapons/TwoHandWeapons/Crossbows/FourCrossbow8Endgame
item	Detailed Mitts	Украшенные рукавицы	WzI1LDE0LHsiZiI6IjJESXRlbXMvQXJtb3Vycy9HbG92ZXMvQmFzZXR5cGVzL0dsb3Zlc1N0cjA2IiwidyI6MiwiaCI6Miwic2NhbGUiOjEsInJlYWxtIjoicG9lMiJ9XQ/20c9cbb22c/GlovesStr06.png	Metadata/Items/Armours/Gloves/FourGlovesStr6
item	Diamond	Алмаз	WzI1LDE0LHsiZiI6IjJESXRlbXMvSmV3ZWxzL0RpYW1vbmRKZXdlbCIsInciOjEsImgiOjEsInNjYWxlIjoxLCJyZWFsbSI6InBvZTIifV0/0c6491a0b2/DiamondJewel.png	
item	Diluted Liquid Greed	Разбавленная жидкая жадность	WzI1LDE0LHsiZiI6IjJESXRlbXMvQ3VycmVuY3kvRGlzdGlsbGVkRW1vdGlvbnMvRGlsdXRlZERpc3RpbGxlZEdyZWVkIiwic2NhbGUiOjEsInJlYWxtIjoicG9lMiJ9XQ/ddec210bbb/DilutedDistilledGreed.png	
item	Diluted Liquid Guilt	Разбавленная жидкая вина	WzI1LDE0LHsiZiI6IjJESXRlbXMvQ3VycmVuY3kvRGlzdGlsbGVkRW1vdGlvbnMvRGlsdXRlZERpc3RpbGxlZEd1aWx0Iiwic2NhbGUiOjEsInJlYWxtIjoicG9lMiJ9XQ/ddbd513a9b/DilutedDistilledGuilt.png	
item	Diluted Liquid Ire	Разбавленный жидкий гнев	WzI1LDE0LHsiZiI6IjJESXRlbXMvQ3VycmVuY3kvRGlzdGlsbGVkRW1vdGlvbnMvRGlsdXRlZERpc3RpbGxlZElyZSIsInNjYWxlIjoxLCJyZWFsbSI6InBvZTIifV0/623d6e522b/DilutedDistilledIre.png	
item	Disintegrating Maul	Сокрушающий молот	WzI1LDE0LHsiZiI6IjJESXRlbXMvV2VhcG9ucy9Ud29IYW5kV2VhcG9ucy9Ud29IYW5kTWFjZXMvQmFzZXR5cGVzLzJITWFjZTA4IiwidyI6MiwiaCI6NCwic2NhbGUiOjEsInJlYWxtIjoicG9lMiJ9XQ/e76cbc3836/2HMace08.png	Metadata/Items/Weapons/TwoHandWeapons/TwoHandMaces/FourTwoHandMace8Cruel;stat_1541903247=0
item	Distorted Amulet	Искажённый амулет	WzI1LDE0LHsiZiI6IjJESXRlbXMvQW11bGV0cy9CYXNldHlwZXMvRGlzdG9ydGVkQW11bGV0IiwidyI6MSwiaCI6MSwic2NhbGUiOjEsInJlYWxtIjoicG9lMiJ9XQ/21e5bd5fad/DistortedAmulet.png	Metadata/Items/Amulets/FourAmuletDelirium2;stat_718638445
item	Divine Crown	Корона божества	WzI1LDE0LHsiZiI6IjJESXRlbXMvQXJtb3Vycy9IZWxtZXRzL0Jhc2V0eXBlcy9IZWxtZXRJbnRTdHIwNSIsInciOjIsImgiOjIsInNjYWxlIjoxLCJyZWFsbSI6InBvZTIifV0/2ded003789/HelmetIntStr05.png	Metadata/Items/Armours/Helmets/FourHelmetStrInt5Endgame
item	Divine Orb	Божественная сфера	WzI1LDE0LHsiZiI6IjJESXRlbXMvQ3VycmVuY3kvQ3VycmVuY3lNb2RWYWx1ZXMiLCJzY2FsZSI6MSwicmVhbG0iOiJwb2UyIn1d/2986e220b3/CurrencyModValues.png	
item	Djinn Barya	Бария Джинна	WzI1LDE0LHsiZiI6IjJESXRlbXMvQ3VycmVuY3kvU2FuY3R1bS9CYWxiYWxhQ29pbjEiLCJ3IjoxLCJoIjoxLCJzY2FsZSI6MSwicmVhbG0iOiJwb2UyIn1d/4fe253f6e7/BalbalaCoin1.png	
item	Domed Helm	Куполообразный шлем	WzI1LDE0LHsiZiI6IjJESXRlbXMvQXJtb3Vycy9IZWxtZXRzL0Jhc2V0eXBlcy9IZWxtZXRTdHJEZXgwMSIsInciOjIsImgiOjIsInNjYWxlIjoxLCJyZWFsbSI6InBvZTIifV0/6ab065ed7f/HelmetStrDex01.png	Metadata/Items/Armours/Helmets/FourHelmetStrDex1Cruel
item	Double Belt	Двойной ремень	WzI1LDE0LHsiZiI6IjJESXRlbXMvQmVsdHMvQmFzZXR5cGVzL0JlbHQwOCIsInciOjIsImgiOjEsInNjYWxlIjoxLCJyZWFsbSI6InBvZTIifV0/e061fc0043/Belt08.png	Metadata/Items/Belts/FourBelt8;stat_3585532255=0
item	Doubled Gauntlets	Двухслойные перчатки	WzI1LDE0LHsiZiI6IjJESXRlbXMvQXJtb3Vycy9HbG92ZXMvQmFzZXR5cGVzL0dsb3Zlc1N0ckRleDAzIiwidyI6MiwiaCI6Miwic2NhbGUiOjEsInJlYWxtIjoicG9lMiJ9XQ/2d6c10dfcb/GlovesStrDex03.png	Metadata/Items/Armours/Gloves/FourGlovesStrDex3
item	Dousing Charm	Охлаждающий оберег	WzI1LDE0LHsiZiI6IjJESXRlbXMvQ2hhcm1zL0Jhc2V0eXBlcy9Eb3VzaW5nQ2hhcm0iLCJ3IjoxLCJoIjoxLCJzY2FsZSI6MSwicmVhbG0iOiJwb2UyIn1d/cb9079c0a9/DousingCharm.png	Metadata/Items/Flasks/FourCharm4;stat_585126960
item	Dragonscale Boots	Сапоги из кожи дракона	WzI1LDE0LHsiZiI6IjJESXRlbXMvQXJtb3Vycy9Cb290cy9CYXNldHlwZXMvQm9vdHNEZXgwNSIsInciOjIsImgiOjIsInNjYWxlIjoxLCJyZWFsbSI6InBvZTIifV0/316987efab/BootsDex05.png	Metadata/Items/Armours/Boots/FourBootsDex5Endgame
item	Drakeskin Boots	Сапоги из кожи рептилии	WzI1LDE0LHsiZiI6IjJESXRlbXMvQXJtb3Vycy9Cb290cy9CYXNldHlwZXMvQm9vdHNEZXgwNiIsInciOjIsImgiOjIsInNjYWxlIjoxLCJyZWFsbSI6InBvZTIifV0/8da0bb2ea6/BootsDex06.png	Metadata/Items/Armours/Boots/FourBootsDex6Endgame
item	Dread Hatchet	Ужасный топор	WzI1LDE0LHsiZiI6IjJESXRlbXMvV2VhcG9ucy9PbmVIYW5kV2VhcG9ucy9PbmVIYW5kQXhlcy9CYXNldHlwZXMvMUhBeGUxMyIsInciOjIsImgiOjMsInNjYWxlIjoxLCJyZWFsbSI6InBvZTIifV0/e045407009/1HAxe13.png	Metadata/Items/Weapons/OneHandWeapons/OneHandAxes/FourOneHandAxe13
item	Dreaming Quarterstaff	Боевой посох спящего	WzI1LDE0LHsiZiI6IjJESXRlbXMvV2VhcG9ucy9Ud29IYW5kV2VhcG9ucy9XYXJTdGF2ZXMvV2Fyc3RhZmYxMCIsInciOjIsImgiOjQsInNjYWxlIjoxLCJyZWFsbSI6InBvZTIifV0/d836b3566d/Warstaff10.png	Metadata/Items/Weapons/TwoHandWeapons/Staves/FourQuarterstaff10Endgame
item	Druidic Circlet	Венок друида	WzI1LDE0LHsiZiI6IjJESXRlbXMvQXJtb3Vycy9IZWxtZXRzL0Jhc2V0eXBlcy9IZWxtZXRJbnQwMSIsInciOjIsImgiOjIsInNjYWxlIjoxLCJyZWFsbSI6InBvZTIifV0/3ce3c4f92f/HelmetInt01.png	Metadata/Items/Armours/Helmets/FourHelmetInt1Cruel
item	Druidic Crown	Корона друида	WzI1LDE0LHsiZiI6IjJESXRlbXMvQXJtb3Vycy9IZWxtZXRzL0Jhc2V0eXBlcy9IZWxtZXRJbnRTdHIwMiIsInciOjIsImgiOjIsInNjYWxlIjoxLCJyZWFsbSI6InBvZTIifV0/b5cbbe6ce4/HelmetIntStr02.png	Metadata/Items/Armours/Helmets/FourHelmetStrInt2Endgame
item	Druidic Focus	Друидский фокус	WzI1LDE0LHsiZiI6IjJESXRlbXMvT2ZmaGFuZC9Gb2NpL0Jhc2V0eXBlcy9Gb2N1czAzIiwidyI6MiwiaCI6Mywic2NhbGUiOjEsInJlYWxtIjoicG9lMiJ9XQ/7832c8858c/Focus03.png	Metadata/Items/Armours/Focii/FourFocus3Endgame
item	Dualstring Bow	Спаренный лук	WzI1LDE0LHsiZiI6IjJESXRlbXMvV2VhcG9ucy9Ud29IYW5kV2VhcG9ucy9Cb3dzL0Jhc2V0eXBlcy9Cb3cwNiIsInciOjIsImgiOjQsInNjYWxlIjoxLCJyZWFsbSI6InBvZTIifV0/b0a606586d/Bow06.png	Metadata/Items/Weapons/TwoHandWeapons/Bows/FourBow6;stat_2463230181=0
item	Dueling Wand	Дуэльный жезл	WzI1LDE0LHsiZiI6IjJESXRlbXMvV2VhcG9ucy9PbmVIYW5kV2VhcG9ucy9XYW5kcy9CYXNldHlwZXMvV2FuZDEzIiwidyI6MSwiaCI6Mywic2NhbGUiOjEsInJlYWxtIjoicG9lMiJ9XQ/eafbb19c97/Wand13.png	Metadata/Items/Weapons/OneHandWeapons/Wands/FourWand13
item	Dull Hatchet	Тупой топорик		Metadata/Items/Weapons/OneHandWeapons/OneHandAxes/FourOneHandAxe1
item	Dunerunner Sandals	Сандалии гонца дюн	WzI1LDE0LHsiZiI6IjJESXRlbXMvQXJtb3Vycy9Cb290cy9CYXNldHlwZXMvQm9vdHNJbnQwNSIsInciOjIsImgiOjIsInNjYWxlIjoxLCJyZWFsbSI6InBvZTIifV0/2f27d465e1/BootsInt05.png	Metadata/Items/Armours/Boots/FourBootsInt5Cruel
item	Dusk Amulet	Сумеречный амулет	WzI1LDE0LHsiZiI6IjJESXRlbXMvQW11bGV0cy9IZWlzdEFtdWxldDEiLCJ3IjoxLCJoIjoxLCJzY2FsZSI6MSwicmVhbG0iOiJwb2UyIn1d/aa9c53b2c8/HeistAmulet1.png	Metadata/Items/Amulets/FourAmuletLake1;stat_3182714256,stat_718638445=0,1
item	Dusk Ring	Сумеречное кольцо	WzI1LDE0LHsiZiI6IjJESXRlbXMvUmluZ3MvTGFrZVJpbmcxIiwidyI6MSwiaCI6MSwic2NhbGUiOjEsInJlYWxtIjoicG9lMiJ9XQ/40b81baee3/LakeRing1.png	Metadata/Items/Rings/FourRingLake1;stat_3182714256,stat_718638445=0,1
item	Dyad Crossbow	Парный самострел	WzI1LDE0LHsiZiI6IjJESXRlbXMvV2VhcG9ucy9Ud29IYW5kV2VhcG9ucy9Dcm9zc2Jvd3MvMkhDcm9zc2JvdzA1IiwidyI6MiwiaCI6NCwic2NhbGUiOjEsInJlYWxtIjoicG9lMiJ9XQ/28ab8c9744/2HCrossbow05.png	Metadata/Items/Weapons/TwoHandWeapons/Crossbows/FourCrossbow5;stat_1967051901
item	Edged Buckler	Баклер с остриём	WzI1LDE0LHsiZiI6IjJESXRlbXMvT2ZmaGFuZC9TaGllbGRzL0J1Y2tsZXIwOCIsInciOjIsImgiOjIsInNjYWxlIjoxLCJyZWFsbSI6InBvZTIifV0/e26e85892c/Buckler08.png	Metadata/Items/Armours/Shields/FourShieldDex8
item	Effigial Tower Shield	Тотемный ростовой щит	WzI1LDE0LHsiZiI6IjJESXRlbXMvT2ZmaGFuZC9TaGllbGRzL1Rvd2VyMDUiLCJ3IjoyLCJoIjo0LCJzY2FsZSI6MSwicmVhbG0iOiJwb2UyIn1d/df5701c32e/Tower05.png	Metadata/Items/Armours/Shields/FourShieldStr5
item	Elegant Crossbow	Изящный самострел	WzI1LDE0LHsiZiI6IjJESXRlbXMvV2VhcG9ucy9Ud29IYW5kV2VhcG9ucy9Dcm9zc2Jvd3MvMkhDcm9zc2JvdzEwIiwidyI6MiwiaCI6NCwic2NhbGUiOjEsInJlYWxtIjoicG9lMiJ9XQ/a5bf71456e/2HCrossbow10.png	Metadata/Items/Weapons/TwoHandWeapons/Crossbows/FourCrossbow10Endgame;stat_2321178454=0
item	Elegant Glaive	Изящная глевия	WzI1LDE0LHsiZiI6IjJESXRlbXMvV2VhcG9ucy9Ud29IYW5kV2VhcG9ucy9Ud29IYW5kQXhlcy9CYXNldHlwZXMvMkhBeGUwNSIsInciOjIsImgiOjQsInNjYWxlIjoxLCJyZWFsbSI6InBvZTIifV0/b773408ec3/2HAxe05.png	Metadata/Items/Weapons/TwoHandWeapons/TwoHandAxes/FourTwoHandAxe5
item	Elegant Greathelm	Элегантный большой шлем	WzI1LDE0LHsiZiI6IjJESXRlbXMvQXJtb3Vycy9IZWxtZXRzL0Jhc2V0eXBlcy9IZWxtZXRTdHIwNCIsInciOjIsImgiOjIsInNjYWxlIjoxLCJyZWFsbSI6InBvZTIifV0/8b85a26aad/HelmetStr04.png	Metadata/Items/Armours/Helmets/FourHelmetStr4Cruel
item	Elegant Greaves	Элегантные поножи	WzI1LDE0LHsiZiI6IjJESXRlbXMvQXJtb3Vycy9Cb290cy9CYXNldHlwZXMvQm9vdHNTdHIwNCIsInciOjIsImgiOjIsInNjYWxlIjoxLCJyZWFsbSI6InBvZTIifV0/f9e847d2b0/BootsStr04.png	Metadata/Items/Armours/Boots/FourBootsStr4Cruel
item	Elegant Mitts	Элегантные рукавицы	WzI1LDE0LHsiZiI6IjJESXRlbXMvQXJtb3Vycy9HbG92ZXMvQmFzZXR5cGVzL0dsb3Zlc1N0cjAzIiwidyI6MiwiaCI6Miwic2NhbGUiOjEsInJlYWxtIjoicG9lMiJ9XQ/5a4d47e4f0/GlovesStr03.png	Metadata/Items/Armours/Gloves/FourGlovesStr3Cruel
item	Elegant Plate	Элегантный доспех	WzI1LDE0LHsiZiI6IjJESXRlbXMvQXJtb3Vycy9Cb2R5QXJtb3Vycy9CYXNldHlwZXMvQm9keVN0cjA2IiwidyI6MiwiaCI6Mywic2NhbGUiOjEsInJlYWxtIjoicG9lMiJ9XQ/9751abcb6d/BodyStr06.png	Metadata/Items/Armours/BodyArmours/FourBodyStr6Cruel
item	Elegant Slippers	Нарядные тапочки	WzI1LDE0LHsiZiI6IjJESXRlbXMvQXJtb3Vycy9Cb290cy9CYXNldHlwZXMvQm9vdHNJbnQwNCIsInciOjIsImgiOjIsInNjYWxlIjoxLCJyZWFsbSI6InBvZTIifV0/e1c49a9d6d/BootsInt04.png	Metadata/Items/Armours/Boots/FourBootsInt4Cruel
item	Elegant Wraps	Утончённые обмотки	WzI1LDE0LHsiZiI6IjJESXRlbXMvQXJtb3Vycy9HbG92ZXMvQmFzZXR5cGVzL0dsb3Zlc0RleEludDAyIiwidyI6MiwiaCI6Miwic2NhbGUiOjEsInJlYWxtIjoicG9lMiJ9XQ/e226df102d/GlovesDexInt02.png	Metadata/Items/Armours/Gloves/FourGlovesDexInt2Endgame
item	Elementalist Robe	Камзол мага стихий	WzI1LDE0LHsiZiI6IjJESXRlbXMvQXJtb3Vycy9Cb2R5QXJtb3Vycy9CYXNldHlwZXMvQm9keUludDA5IiwidyI6MiwiaCI6Mywic2NhbGUiOjEsInJlYWxtIjoicG9lMiJ9XQ/c1fce2aadb/BodyInt09.png	Metadata/Items/Armours/BodyArmours/FourBodyInt9
item	Elite Greathelm	Большой шлем элиты	WzI1LDE0LHsiZiI6IjJESXRlbXMvQXJtb3Vycy9IZWxtZXRzL0Jhc2V0eXBlcy9IZWxtZXRTdHIwNSIsInciOjIsImgiOjIsInNjYWxlIjoxLCJyZWFsbSI6InBvZTIifV0/39a19d746e/HelmetStr05.png	Metadata/Items/Armours/Helmets/FourHelmetStr5
item	Embellished Gloves	Разукрашенные перчатки		Metadata/Items/Armours/Gloves/FourGlovesInt3Cruel
item	Ember Greataxe	Угольное рубило	WzI1LDE0LHsiZiI6IjJESXRlbXMvV2VhcG9ucy9Ud29IYW5kV2VhcG9ucy9Ud29IYW5kQXhlcy9CYXNldHlwZXMvMkhBeGUxMCIsInciOjIsImgiOjQsInNjYWxlIjoxLCJyZWFsbSI6InBvZTIifV0/4f9b1d3878/2HAxe10.png	Metadata/Items/Weapons/TwoHandWeapons/TwoHandAxes/FourTwoHandAxe10;?
item	Emblem Crest Shield	Гербовый щит с эмблемой	WzI1LDE0LHsiZiI6IjJESXRlbXMvT2ZmaGFuZC9TaGllbGRzL0NyZXN0MDMiLCJ3IjoyLCJoIjozLCJzY2FsZSI6MSwicmVhbG0iOiJwb2UyIn1d/298c037c8b/Crest03.png	Metadata/Items/Armours/Shields/FourShieldStrInt3
item	Embossed Boots	Тиснёные сапоги	WzI1LDE0LHsiZiI6IjJESXRlbXMvQXJtb3Vycy9Cb290cy9CYXNldHlwZXMvQm9vdHNEZXgwMyIsInciOjIsImgiOjIsInNjYWxlIjoxLCJyZWFsbSI6InBvZTIifV0/96d222eebc/BootsDex03.png	Metadata/Items/Armours/Boots/FourBootsDex3
item	Embroidered Gloves	Расшитые перчатки	WzI1LDE0LHsiZiI6IjJESXRlbXMvQXJtb3Vycy9HbG92ZXMvQmFzZXR5cGVzL0dsb3Zlc0ludDAzIiwidyI6MiwiaCI6Miwic2NhbGUiOjEsInJlYWxtIjoicG9lMiJ9XQ/85766bcbe2/GlovesInt03.png	Metadata/Items/Armours/Gloves/FourGlovesInt7
item	Emerald	Изумруд	WzI1LDE0LHsiZiI6IjJESXRlbXMvSmV3ZWxzL0VtZXJhbGRKZXdlbCIsInciOjEsImgiOjEsInNjYWxlIjoxLCJyZWFsbSI6InBvZTIifV0/0df7b1d23b/EmeraldJewel.png	Metadata/Items/Jewels/JewelDex
item	Emerald Ring	Кольцо с изумрудом	WzI1LDE0LHsiZiI6IjJESXRlbXMvUmluZ3MvQmFzZXR5cGVzL0VtZXJhbGRSaW5nIiwidyI6MSwiaCI6MSwic2NhbGUiOjEsInJlYWxtIjoicG9lMiJ9XQ/26e8b227bb/EmeraldRing.png	Metadata/Items/Rings/FourRing7;stat_803737631|stat_691932474=0
item	Emergent Instinct	Зародившийся инстинкт	WzI1LDE0LHsiZiI6IjJESXRlbXMvQ3VycmVuY3kvRXhwZWRpdGlvbjIvRXhwZWRpdGlvbldhckFuY2llbnRBdWdtZW50Iiwic2NhbGUiOjEsInJlYWxtIjoicG9lMiJ9XQ/cc4d7ae04b/ExpeditionWarAncientAugment.png	
item	Emergent Possibility	Зародившаяся возможность	WzI1LDE0LHsiZiI6IjJESXRlbXMvQ3VycmVuY3kvRXhwZWRpdGlvbjIvRXhwZWRpdGlvblNjaWVuY2VBbmNpZW50QXVnbWVudCIsInNjYWxlIjoxLCJyZWFsbSI6InBvZTIifV0/5f08e97fb9/ExpeditionScienceAncientAugment.png	
item	Emergent Protection	Зародившаяся защита	WzI1LDE0LHsiZiI6IjJESXRlbXMvQ3VycmVuY3kvRXhwZWRpdGlvbjIvRXhwZWRpdGlvblZhbG9yQW5jaWVudEF1Z21lbnQiLCJzY2FsZSI6MSwicmVhbG0iOiJwb2UyIn1d/17ab658563/ExpeditionValorAncientAugment.png	
item	Emergent Vigour	Зародившаяся сила	WzI1LDE0LHsiZiI6IjJESXRlbXMvQ3VycmVuY3kvRXhwZWRpdGlvbjIvRXhwZWRpdGlvblJlbGlnaW9uQW5jaWVudEF1Z21lbnQiLCJzY2FsZSI6MSwicmVhbG0iOiJwb2UyIn1d/508419c851/ExpeditionReligionAncientAugment.png	
item	Engraved Bracers	Резные наручи		Metadata/Items/Armours/Gloves/FourGlovesDex8
item	Engraved Crest Shield	Гербовый щит с гравировкой	WzI1LDE0LHsiZiI6IjJESXRlbXMvT2ZmaGFuZC9TaGllbGRzL0NyZXN0MDIiLCJ3IjoyLCJoIjozLCJzY2FsZSI6MSwicmVhbG0iOiJwb2UyIn1d/590ed48c93/Crest02.png	Metadata/Items/Armours/Shields/FourShieldStrInt2Cruel
item	Engraved Crossbow	Резной самострел	WzI1LDE0LHsiZiI6IjJESXRlbXMvV2VhcG9ucy9Ud29IYW5kV2VhcG9ucy9Dcm9zc2Jvd3MvMkhDcm9zc2JvdzA0IiwidyI6MiwiaCI6NCwic2NhbGUiOjEsInJlYWxtIjoicG9lMiJ9XQ/138fee04e3/2HCrossbow04.png	Metadata/Items/Weapons/TwoHandWeapons/Crossbows/FourCrossbow4Endgame
item	Engraved Focus	Резной фокус	WzI1LDE0LHsiZiI6IjJESXRlbXMvT2ZmaGFuZC9Gb2NpL0Jhc2V0eXBlcy9Gb2N1czA0IiwidyI6MiwiaCI6Mywic2NhbGUiOjEsInJlYWxtIjoicG9lMiJ9XQ/ca0ebdbac2/Focus04.png	Metadata/Items/Armours/Focii/FourFocus4
item	Engraved Helm	Шлем с резьбой	WzI1LDE0LHsiZiI6IjJESXRlbXMvQXJtb3Vycy9IZWxtZXRzL0Jhc2V0eXBlcy9IZWxtZXRTdHJEZXgwMiIsInciOjIsImgiOjIsInNjYWxlIjoxLCJyZWFsbSI6InBvZTIifV0/76592dc5c5/HelmetStrDex02.png	Metadata/Items/Armours/Helmets/FourHelmetStrDex2Cruel
item	Engraved Knife	Нож с гравировкой		Metadata/Items/Weapons/OneHandWeapons/Daggers/FourDagger6
item	Enlightened Robe	Наряд просвещённого		Metadata/Items/Armours/BodyArmours/FourBodyInt14;stat_789117908=0
item	Esh's Catalyst	Катализатор Иш	WzI1LDE0LHsiZiI6IjJESXRlbXMvQ3VycmVuY3kvQnJlYWNoL0JyZWFjaENhdGFseXN0TGlnaHRuaW5nIiwic2NhbGUiOjEsInJlYWxtIjoicG9lMiJ9XQ/299e62fc33/BreachCatalystLightning.png	
item	Essence of Abrasion	Сущность разрушения	WzI1LDE0LHsiZiI6IjJESXRlbXMvQ3VycmVuY3kvRXNzZW5jZS9QaHlzaWNhbEVzc2VuY2UiLCJzY2FsZSI6MSwicmVhbG0iOiJwb2UyIn1d/e52cd05eeb/PhysicalEssence.png	
item	Essence of Alacrity	Сущность живости	WzI1LDE0LHsiZiI6IjJESXRlbXMvQ3VycmVuY3kvRXNzZW5jZS9TcGVlZENhc3RlckVzc2VuY2UiLCJzY2FsZSI6MSwicmVhbG0iOiJwb2UyIn1d/2a866d411b/SpeedCasterEssence.png	
item	Essence of Battle	Сущность битвы	WzI1LDE0LHsiZiI6IjJESXRlbXMvQ3VycmVuY3kvRXNzZW5jZS9BdHRhY2tFc3NlbmNlIiwic2NhbGUiOjEsInJlYWxtIjoicG9lMiJ9XQ/3cece29e19/AttackEssence.png	
item	Essence of Command	Сущность повеления	WzI1LDE0LHsiZiI6IjJESXRlbXMvQ3VycmVuY3kvRXNzZW5jZS9BbGx5RXNzZW5jZSIsInNjYWxlIjoxLCJyZWFsbSI6InBvZTIifV0/7150f695c2/AllyEssence.png	
item	Essence of Delirium	Сущность бреда	WzI1LDE0LHsiZiI6IjJESXRlbXMvQ3VycmVuY3kvRXNzZW5jZS9Db3JydXB0ZWRFc3NlbmNlRGVsaXJpdW0iLCJzY2FsZSI6MSwicmVhbG0iOiJwb2UyIn1d/d67329e6ed/CorruptedEssenceDelirium.png	
item	Essence of Electricity	Сущность электричества	WzI1LDE0LHsiZiI6IjJESXRlbXMvQ3VycmVuY3kvRXNzZW5jZS9MaWdodG5pbmdFc3NlbmNlIiwic2NhbGUiOjEsInJlYWxtIjoicG9lMiJ9XQ/2c3725fdad/LightningEssence.png	
item	Essence of Enhancement	Сущность улучшения	WzI1LDE0LHsiZiI6IjJESXRlbXMvQ3VycmVuY3kvRXNzZW5jZS9EZWZlbmNlc0Vzc2VuY2UiLCJzY2FsZSI6MSwicmVhbG0iOiJwb2UyIn1d/e1e5c1ccb8/DefencesEssence.png	
item	Essence of Flames	Сущность пламени	WzI1LDE0LHsiZiI6IjJESXRlbXMvQ3VycmVuY3kvRXNzZW5jZS9GaXJlRXNzZW5jZSIsInNjYWxlIjoxLCJyZWFsbSI6InBvZTIifV0/add6c12f64/FireEssence.png	
item	Essence of Grounding	Сущность заземления	WzI1LDE0LHsiZiI6IjJESXRlbXMvQ3VycmVuY3kvRXNzZW5jZS9MaWdodG5pbmdSZXNpc3RhbmNlRXNzZW5jZSIsInNjYWxlIjoxLCJyZWFsbSI6InBvZTIifV0/f752fa5ed2/LightningResistanceEssence.png	
item	Essence of Haste	Сущность спешки	WzI1LDE0LHsiZiI6IjJESXRlbXMvQ3VycmVuY3kvRXNzZW5jZS9TcGVlZEVzc2VuY2UiLCJzY2FsZSI6MSwicmVhbG0iOiJwb2UyIn1d/affda36f07/SpeedEssence.png	
item	Essence of Horror	Сущность ужаса	WzI1LDE0LHsiZiI6IjJESXRlbXMvQ3VycmVuY3kvRXNzZW5jZS9Db3JydXB0ZWRFc3NlbmNlSG9ycm9yIiwic2NhbGUiOjEsInJlYWxtIjoicG9lMiJ9XQ/6b3b256279/CorruptedEssenceHorror.png	
item	Essence of Hysteria	Сущность истерии	WzI1LDE0LHsiZiI6IjJESXRlbXMvQ3VycmVuY3kvRXNzZW5jZS9Db3JydXB0ZWRFc3NlbmNlSHlzdGVyaWEiLCJzY2FsZSI6MSwicmVhbG0iOiJwb2UyIn1d/91e94f1413/CorruptedEssenceHysteria.png	
item	Essence of Ice	Сущность льда	WzI1LDE0LHsiZiI6IjJESXRlbXMvQ3VycmVuY3kvRXNzZW5jZS9Db2xkRXNzZW5jZSIsInNjYWxlIjoxLCJyZWFsbSI6InBvZTIifV0/73d9fd8619/ColdEssence.png	
item	Essence of Insanity	Сущность безумия	WzI1LDE0LHsiZiI6IjJESXRlbXMvQ3VycmVuY3kvRXNzZW5jZS9Db3JydXB0ZWRFc3NlbmNlSW5zYW5pdHkiLCJzY2FsZSI6MSwicmVhbG0iOiJwb2UyIn1d/2231419c93/CorruptedEssenceInsanity.png	
item	Essence of Insulation	Сущность изоляции	WzI1LDE0LHsiZiI6IjJESXRlbXMvQ3VycmVuY3kvRXNzZW5jZS9GaXJlUmVzaXN0YW5jZUVzc2VuY2UiLCJzY2FsZSI6MSwicmVhbG0iOiJwb2UyIn1d/228d48a458/FireResistanceEssence.png	
item	Essence of Opulence	Сущность изобилия	WzI1LDE0LHsiZiI6IjJESXRlbXMvQ3VycmVuY3kvRXNzZW5jZS9SYXJpdHlSZXNpc3RhbmNlRXNzZW5jZSIsInNjYWxlIjoxLCJyZWFsbSI6InBvZTIifV0/1b79acb619/RarityResistanceEssence.png	
item	Essence of Ruin	Сущность гибели	WzI1LDE0LHsiZiI6IjJESXRlbXMvQ3VycmVuY3kvRXNzZW5jZS9DaGFvc0Vzc2VuY2UiLCJzY2FsZSI6MSwicmVhbG0iOiJwb2UyIn1d/5f0d3c7014/ChaosEssence.png	
item	Essence of Seeking	Сущность искания	WzI1LDE0LHsiZiI6IjJESXRlbXMvQ3VycmVuY3kvRXNzZW5jZS9Dcml0aWNhbEVzc2VuY2UiLCJzY2FsZSI6MSwicmVhbG0iOiJwb2UyIn1d/febf231da7/CriticalEssence.png	
item	Essence of Sorcery	Сущность колдовства	WzI1LDE0LHsiZiI6IjJESXRlbXMvQ3VycmVuY3kvRXNzZW5jZS9DYXN0ZXJFc3NlbmNlIiwic2NhbGUiOjEsInJlYWxtIjoicG9lMiJ9XQ/6bb099115a/CasterEssence.png	
item	Essence of Thawing	Сущность таяния	WzI1LDE0LHsiZiI6IjJESXRlbXMvQ3VycmVuY3kvRXNzZW5jZS9Db2xkUmVzaXN0YW5jZUVzc2VuY2UiLCJzY2FsZSI6MSwicmVhbG0iOiJwb2UyIn1d/d36e512699/ColdResistanceEssence.png	
item	Essence of the Abyss	Сущность Бездны	WzI1LDE0LHsiZiI6IjJESXRlbXMvQ3VycmVuY3kvRXNzZW5jZS9BYnlzc2FsRXNzZW5jZSIsInNjYWxlIjoxLCJyZWFsbSI6InBvZTIifV0/3a286394d4/AbyssalEssence.png	
item	Essence of the Body	Сущность тела	WzI1LDE0LHsiZiI6IjJESXRlbXMvQ3VycmVuY3kvRXNzZW5jZS9MaWZlRXNzZW5jZSIsInNjYWxlIjoxLCJyZWFsbSI6InBvZTIifV0/638d6c4cbe/LifeEssence.png	
item	Essence of the Breach	Сущность Разлома	WzI1LDE0LHsiZiI6IjJESXRlbXMvQ3VycmVuY3kvRXNzZW5jZS9CcmVhY2hFc3NlbmNlIiwic2NhbGUiOjEsInJlYWxtIjoicG9lMiJ9XQ/60e81fa5eb/BreachEssence.png	
item	Essence of the Infinite	Сущность бесконечности	WzI1LDE0LHsiZiI6IjJESXRlbXMvQ3VycmVuY3kvRXNzZW5jZS9BdHRyaWJ1dGVFc3NlbmNlIiwic2NhbGUiOjEsInJlYWxtIjoicG9lMiJ9XQ/58f9516082/AttributeEssence.png	
item	Essence of the Mind	Сущность разума	WzI1LDE0LHsiZiI6IjJESXRlbXMvQ3VycmVuY3kvRXNzZW5jZS9NYW5hRXNzZW5jZSIsInNjYWxlIjoxLCJyZWFsbSI6InBvZTIifV0/c881e6273c/ManaEssence.png	
item	Estazunti's Soul Core of Convalescence	Ядро душ оздоровления Эстазунти	WzI1LDE0LHsiZiI6IjJESXRlbXMvQ3VycmVuY3kvU291bENvcmVzL05ld1NvdWxDb3JlVGltZVNsb3ciLCJzY2FsZSI6MSwicmVhbG0iOiJwb2UyIn1d/c32a5b3a47/NewSoulCoreTimeSlow.png	
item	Evangelist Garb	Костюм миссионера	WzI1LDE0LHsiZiI6IjJESXRlbXMvQXJtb3Vycy9Cb2R5QXJtb3Vycy9CYXNldHlwZXMvQm9keURleEludDAzIiwidyI6MiwiaCI6Mywic2NhbGUiOjEsInJlYWxtIjoicG9lMiJ9XQ/03a2617625/BodyDexInt03.png	Metadata/Items/Armours/BodyArmours/FourBodyDexInt3Cruel
item	Exalted Orb	Сфера возвышения	WzI1LDE0LHsiZiI6IjJESXRlbXMvQ3VycmVuY3kvQ3VycmVuY3lBZGRNb2RUb1JhcmUiLCJzY2FsZSI6MSwicmVhbG0iOiJwb2UyIn1d/ad7c366789/CurrencyAddModToRare.png	
item	Exceptional Verisium	Исключительный веризий	WzI1LDE0LHsiZiI6IjJESXRlbXMvQ3VycmVuY3kvRXhwZWRpdGlvbjIvUGVyZmVjdFZlcmlzaXVtIiwic2NhbGUiOjEsInJlYWxtIjoicG9lMiJ9XQ/fce9475fdb/PerfectVerisium.png	
item	Execratus Hammer	Проклятый молот		Metadata/Items/Weapons/OneHandWeapons/OneHandMaces/FourOneHandMace12
item	Executioner Greataxe	Большой топор палача		Metadata/Items/Weapons/TwoHandWeapons/TwoHandAxes/FourTwoHandAxe3;stat_1574531783|stat_2524254339
item	Exotic Coinage	Диковинные монеты	WzI1LDE0LHsiZiI6IjJESXRlbXMvQ3VycmVuY3kvRXhwZWRpdGlvbi9CYXJ0ZXJSZWZyZXNoQ3VycmVuY3kiLCJ3IjoxLCJoIjoxLCJzY2FsZSI6MSwicmVhbG0iOiJwb2UyIn1d/b0f42eaf8d/BarterRefreshCurrency.png	
item	Expansive Alloy	Экспансивный сплав	WzI1LDE0LHsiZiI6IjJESXRlbXMvQ3VycmVuY3kvRXhwZWRpdGlvbjIvU3RhbmRhcmRWZXJpc2l1bSIsInNjYWxlIjoxLCJyZWFsbSI6InBvZTIifV0/4ee9afb77c/StandardVerisium.png	
item	Expedition Logbook	Журнал экспедиции	WzI1LDE0LHsiZiI6IjJESXRlbXMvQ3VycmVuY3kvRXhwZWRpdGlvbjIvRXhwZWRpdGlvbkxvZ2Jvb2s1Iiwic2NhbGUiOjEsInJlYWxtIjoicG9lMiJ9XQ/841a5e9622/ExpeditionLogbook5.png	
item	Expedition Tablet	Плитка Экспедиции		Metadata/Items/TowerAugment/ExpeditionAugment;?,?
item	Explorer Armour	Броня исследователя	WzI1LDE0LHsiZiI6IjJESXRlbXMvQXJtb3Vycy9Cb2R5QXJtb3Vycy9CYXNldHlwZXMvQm9keVN0ckRleDA1IiwidyI6MiwiaCI6Mywic2NhbGUiOjEsInJlYWxtIjoicG9lMiJ9XQ/dfce2be64c/BodyStrDex05.png	Metadata/Items/Armours/BodyArmours/FourBodyStrDex5
item	Exquisite Vest	Изысканный нагрудник		Metadata/Items/Armours/BodyArmours/FourBodyDex13
item	Extended Cleaver	Удлинённый тесак		Metadata/Items/Weapons/OneHandWeapons/OneHandAxes/FourOneHandAxe4;stat_1050883682
item	Face Mask	Лицевая маска	WzI1LDE0LHsiZiI6IjJESXRlbXMvQXJtb3Vycy9IZWxtZXRzL0Jhc2V0eXBlcy9IZWxtZXREZXhJbnQwMiIsInciOjIsImgiOjIsInNjYWxlIjoxLCJyZWFsbSI6InBvZTIifV0/cd874c256b/HelmetDexInt02.png	Metadata/Items/Armours/Helmets/FourHelmetDexInt2
item	Faded Crisis Fragment	Истёртый переломный фрагмент	WzI1LDE0LHsiZiI6IjJESXRlbXMvUXVlc3RJdGVtcy9QaW5uYWNsZUtleTIiLCJzY2FsZSI6MSwicmVhbG0iOiJwb2UyIn1d/5709c39ee7/PinnacleKey2.png	
item	Faithful Leggings	Сапоги верного	WzI1LDE0LHsiZiI6IjJESXRlbXMvQXJtb3Vycy9Cb290cy9CYXNldHlwZXMvQm9vdHNJbnRTdHIwMSIsInciOjIsImgiOjIsInNjYWxlIjoxLCJyZWFsbSI6InBvZTIifV0/84fb41f219/BootsIntStr01.png	Metadata/Items/Armours/Boots/FourBootsStrInt1Endgame
item	Falchion	Фальшион	WzI1LDE0LHsiZiI6IjJESXRlbXMvV2VhcG9ucy9PbmVIYW5kV2VhcG9ucy9PbmVIYW5kU3dvcmRzL0Jhc2V0eXBlcy8xSFN3b3JkMDciLCJ3IjoyLCJoIjozLCJzY2FsZSI6MSwicmVhbG0iOiJwb2UyIn1d/a6ae95c57c/1HSword07.png	Metadata/Items/Weapons/OneHandWeapons/OneHandSwords/FourOneHandSword7
item	Falconer's Jacket	Накидка сокольничего	WzI1LDE0LHsiZiI6IjJESXRlbXMvQXJtb3Vycy9Cb2R5QXJtb3Vycy9CYXNldHlwZXMvQm9keURleEludDA2IiwidyI6MiwiaCI6Mywic2NhbGUiOjEsInJlYWxtIjoicG9lMiJ9XQ/512e4bd095/BodyDexInt06.png	Metadata/Items/Armours/BodyArmours/FourBodyDexInt6Endgame;stat_2250533757=0
item	Familial Talisman	Наследственный талисман	WzI1LDE0LHsiZiI6IjJESXRlbXMvT2ZmaGFuZC9UYWxpc21hbnMvRmFtaWxpYWxUYWxpc21hbiIsInciOjIsImgiOjIsInNjYWxlIjoxLCJyZWFsbSI6InBvZTIifV0/6efb95f32a/FamilialTalisman.png	Metadata/Items/Weapons/TwoHandWeapons/Talismans/Talisman4;stat_1589917703=0
item	Fanatic Bow	Лук фанатика	WzI1LDE0LHsiZiI6IjJESXRlbXMvV2VhcG9ucy9Ud29IYW5kV2VhcG9ucy9Cb3dzL0Jhc2V0eXBlcy9Cb3cwNyIsInciOjIsImgiOjQsInNjYWxlIjoxLCJyZWFsbSI6InBvZTIifV0/7099d311a6/Bow07.png	Metadata/Items/Weapons/TwoHandWeapons/Bows/FourBow7Endgame;?
item	Fanatic Greathammer	Молот фанатика	WzI1LDE0LHsiZiI6IjJESXRlbXMvV2VhcG9ucy9Ud29IYW5kV2VhcG9ucy9Ud29IYW5kTWFjZXMvQmFzZXR5cGVzLzJITWFjZTA1IiwidyI6MiwiaCI6NCwic2NhbGUiOjEsInJlYWxtIjoicG9lMiJ9XQ/b68c491072/2HMace05.png	Metadata/Items/Weapons/TwoHandWeapons/TwoHandMaces/FourTwoHandMace5Endgame;stat_3675300253
item	Fang Talisman	Талисман из клыка	WzI1LDE0LHsiZiI6IjJESXRlbXMvT2ZmaGFuZC9UYWxpc21hbnMvRmFtaWxpYWxUYWxpc21hbiIsInciOjIsImgiOjIsInNjYWxlIjoxLCJyZWFsbSI6InBvZTIifV0/6efb95f32a/FamilialTalisman.png	Metadata/Items/Weapons/TwoHandWeapons/Talismans/Talisman4Endgame;stat_1589917703=0
item	Faridun Mask	Фаридунская маска	WzI1LDE0LHsiZiI6IjJESXRlbXMvQXJtb3Vycy9IZWxtZXRzL0Jhc2V0eXBlcy9IZWxtZXREZXhJbnQwNCIsInciOjIsImgiOjIsInNjYWxlIjoxLCJyZWFsbSI6InBvZTIifV0/1322e46f92/HelmetDexInt04.png	Metadata/Items/Armours/Helmets/FourHelmetDexInt4Endgame
item	Farrul's Rune of Grace	Руна грации Фаррул	WzI1LDE0LHsiZiI6IjJESXRlbXMvQ3VycmVuY3kvUnVuZXMvTmV3UnVuZTQiLCJzY2FsZSI6MSwicmVhbG0iOiJwb2UyIn1d/1ca9b19776/NewRune4.png	
item	Farrul's Rune of the Chase	Руна погони Фаррул	WzI1LDE0LHsiZiI6IjJESXRlbXMvQ3VycmVuY3kvUnVuZXMvTmV3UnVuZTUiLCJzY2FsZSI6MSwicmVhbG0iOiJwb2UyIn1d/5029b70d64/NewRune5.png	
item	Farrul's Rune of the Hunt	Руна охоты Фаррул	WzI1LDE0LHsiZiI6IjJESXRlbXMvQ3VycmVuY3kvUnVuZXMvTmV3UnVuZTkiLCJzY2FsZSI6MSwicmVhbG0iOiJwb2UyIn1d/8040a2785b/NewRune9.png	
item	Feathered Mitts	Оперённые рукавицы	WzI1LDE0LHsiZiI6IjJESXRlbXMvQXJtb3Vycy9HbG92ZXMvQmFzZXR5cGVzL0dsb3Zlc1N0cjA1IiwidyI6MiwiaCI6Miwic2NhbGUiOjEsInJlYWxtIjoicG9lMiJ9XQ/30e916dc14/GlovesStr05.png	Metadata/Items/Armours/Gloves/FourGlovesStr5Cruel
item	Feathered Raiment	Оперённое одеяние	WzI1LDE0LHsiZiI6IjJESXRlbXMvQXJtb3Vycy9Cb2R5QXJtb3Vycy9CYXNldHlwZXMvQm9keUludDEwIiwidyI6MiwiaCI6Mywic2NhbGUiOjEsInJlYWxtIjoicG9lMiJ9XQ/67075adc85/BodyInt10.png	Metadata/Items/Armours/BodyArmours/FourBodyInt10Endgame;stat_458438597=0
item	Feathered Robe	Наряд из перьев	WzI1LDE0LHsiZiI6IjJESXRlbXMvQXJtb3Vycy9Cb2R5QXJtb3Vycy9CYXNldHlwZXMvQm9keUludDAyIiwidyI6MiwiaCI6Mywic2NhbGUiOjEsInJlYWxtIjoicG9lMiJ9XQ/076c2981c4/BodyInt02.png	Metadata/Items/Armours/BodyArmours/FourBodyInt2
item	Feathered Sandals	Пернатые сандалии	WzI1LDE0LHsiZiI6IjJESXRlbXMvQXJtb3Vycy9Cb290cy9CYXNldHlwZXMvQm9vdHNJbnQwNSIsInciOjIsImgiOjIsInNjYWxlIjoxLCJyZWFsbSI6InBvZTIifV0/2f27d465e1/BootsInt05.png	Metadata/Items/Armours/Boots/FourBootsInt5
item	Feathered Targe	Украшенный перьями тарджет	WzI1LDE0LHsiZiI6IjJESXRlbXMvT2ZmaGFuZC9TaGllbGRzL1NoaWVsZDA2IiwidyI6MiwiaCI6Mywic2NhbGUiOjEsInJlYWxtIjoicG9lMiJ9XQ/67bd0824e2/Shield06.png	Metadata/Items/Armours/Shields/FourShieldStrDex6
item	Feathered Tiara	Тиара с перьями	WzI1LDE0LHsiZiI6IjJESXRlbXMvQXJtb3Vycy9IZWxtZXRzL0Jhc2V0eXBlcy9IZWxtZXRJbnQwNSIsInciOjIsImgiOjIsInNjYWxlIjoxLCJyZWFsbSI6InBvZTIifV0/e18c6eb9b7/HelmetInt05.png	Metadata/Items/Armours/Helmets/FourHelmetInt5
item	Felled Greatclub	Дубина из пня	WzI1LDE0LHsiZiI6IjJESXRlbXMvV2VhcG9ucy9Ud29IYW5kV2VhcG9ucy9Ud29IYW5kTWFjZXMvQmFzZXR5cGVzLzJITWFjZTAxIiwidyI6MiwiaCI6NCwic2NhbGUiOjEsInJlYWxtIjoicG9lMiJ9XQ/8e05ea9abc/2HMace01.png	Metadata/Items/Weapons/TwoHandWeapons/TwoHandMaces/FourTwoHandMace1
item	Felt Cap	Войлочная шляпа	WzI1LDE0LHsiZiI6IjJESXRlbXMvQXJtb3Vycy9IZWxtZXRzL0Jhc2V0eXBlcy9IZWxtZXREZXgwMiIsInciOjIsImgiOjIsInNjYWxlIjoxLCJyZWFsbSI6InBvZTIifV0/9d0b607edc/HelmetDex02.png	Metadata/Items/Armours/Helmets/FourHelmetDex2
item	Fenumus' Rune of Agony	Руна агонии Фенумы	WzI1LDE0LHsiZiI6IjJESXRlbXMvQ3VycmVuY3kvUnVuZXMvTmV3UnVuZTMiLCJzY2FsZSI6MSwicmVhbG0iOiJwb2UyIn1d/b8711ef6c2/NewRune3.png	
item	Fenumus' Rune of Draining	Руна высушивания Фенумы	WzI1LDE0LHsiZiI6IjJESXRlbXMvQ3VycmVuY3kvUnVuZXMvTmV3UnVuZTE2Iiwic2NhbGUiOjEsInJlYWxtIjoicG9lMiJ9XQ/4753a65a2a/NewRune16.png	
item	Fenumus' Rune of Spinning	Руна плетения Фенумы	WzI1LDE0LHsiZiI6IjJESXRlbXMvQ3VycmVuY3kvUnVuZXMvTmV3UnVuZTEzIiwic2NhbGUiOjEsInJlYWxtIjoicG9lMiJ9XQ/d0e9100877/NewRune13.png	
item	Fierce Greathelm	Свирепый большой шлем	WzI1LDE0LHsiZiI6IjJESXRlbXMvQXJtb3Vycy9IZWxtZXRzL0Jhc2V0eXBlcy9IZWxtZXRTdHIwOCIsInciOjIsImgiOjIsInNjYWxlIjoxLCJyZWFsbSI6InBvZTIifV0/c37c9ac420/HelmetStr08.png	Metadata/Items/Armours/Helmets/FourHelmetStr8
item	Fine Belt	Тонкий ремень	WzI1LDE0LHsiZiI6IjJESXRlbXMvQmVsdHMvQmFzZXR5cGVzL0JlbHQxMSIsInciOjIsImgiOjEsInNjYWxlIjoxLCJyZWFsbSI6InBvZTIifV0/10040b2473/Belt11.png	Metadata/Items/Belts/FourBelt11;stat_731781020=0
item	Fine Bracers	Искусные наручи	WzI1LDE0LHsiZiI6IjJESXRlbXMvQXJtb3Vycy9HbG92ZXMvQmFzZXR5cGVzL0dsb3Zlc0RleDA2IiwidyI6MiwiaCI6Miwic2NhbGUiOjEsInJlYWxtIjoicG9lMiJ9XQ/f400b5dc10/GlovesDex06.png	Metadata/Items/Armours/Gloves/FourGlovesDex6
item	Fire Quiver	Колчан огненных стрел	WzI1LDE0LHsiZiI6IjJESXRlbXMvUXVpdmVycy9CYXNldHlwZXMvUXVpdmVyRmlyZSIsInciOjIsImgiOjMsInNjYWxlIjoxLCJyZWFsbSI6InBvZTIifV0/1e51a20db3/QuiverFire.png	Metadata/Items/Quivers/FourQuiver2;stat_1573130764=0,0
item	Firm Bracers	Плотные наручи	WzI1LDE0LHsiZiI6IjJESXRlbXMvQXJtb3Vycy9HbG92ZXMvQmFzZXR5cGVzL0dsb3Zlc0RleDAyIiwidyI6MiwiaCI6Miwic2NhbGUiOjEsInJlYWxtIjoicG9lMiJ9XQ/7a62d10b16/GlovesDex02.png	Metadata/Items/Armours/Gloves/FourGlovesDex2
item	Flanged Greatblade	Тяжёлый меч с навершием		Metadata/Items/Weapons/TwoHandWeapons/TwoHandSwords/FourTwoHandSword11
item	Flanged Mace	Оребрённый шестопёр	WzI1LDE0LHsiZiI6IjJESXRlbXMvV2VhcG9ucy9PbmVIYW5kV2VhcG9ucy9PbmVIYW5kTWFjZXMvQmFzZXR5cGVzLzFITWFjZTAzIiwidyI6MiwiaCI6Mywic2NhbGUiOjEsInJlYWxtIjoicG9lMiJ9XQ/928c9bbfe8/1HMace03.png	Metadata/Items/Weapons/OneHandWeapons/OneHandMaces/FourOneHandMace3Endgame
item	Flared Boots	Ботфорты	WzI1LDE0LHsiZiI6IjJESXRlbXMvQXJtb3Vycy9Cb290cy9CYXNldHlwZXMvQm9vdHNEZXgwNiIsInciOjIsImgiOjIsInNjYWxlIjoxLCJyZWFsbSI6InBvZTIifV0/8da0bb2ea6/BootsDex06.png	Metadata/Items/Armours/Boots/FourBootsDex6
item	Flared Mace	Заострённый шестопёр	WzI1LDE0LHsiZiI6IjJESXRlbXMvV2VhcG9ucy9PbmVIYW5kV2VhcG9ucy9PbmVIYW5kTWFjZXMvQmFzZXR5cGVzLzFITWFjZTAzIiwidyI6MiwiaCI6Mywic2NhbGUiOjEsInJlYWxtIjoicG9lMiJ9XQ/928c9bbfe8/1HMace03.png	Metadata/Items/Weapons/OneHandWeapons/OneHandMaces/FourOneHandMace3Cruel
item	Flax Sandals	Льняные сандалии	WzI1LDE0LHsiZiI6IjJESXRlbXMvQXJtb3Vycy9Cb290cy9CYXNldHlwZXMvQm9vdHNJbnQwNiIsInciOjIsImgiOjIsInNjYWxlIjoxLCJyZWFsbSI6InBvZTIifV0/0fe23f857a/BootsInt06.png	Metadata/Items/Armours/Boots/FourBootsInt6
item	Flesh Catalyst	Плотский катализатор	WzI1LDE0LHsiZiI6IjJESXRlbXMvQ3VycmVuY3kvQnJlYWNoL0JyZWFjaENhdGFseXN0TGlmZSIsInNjYWxlIjoxLCJyZWFsbSI6InBvZTIifV0/06ec489870/BreachCatalystLife.png	
item	Flexed Crossbow	Гибкий самострел	WzI1LDE0LHsiZiI6IjJESXRlbXMvV2VhcG9ucy9Ud29IYW5kV2VhcG9ucy9Dcm9zc2Jvd3MvMkhDcm9zc2JvdzAyIiwidyI6MiwiaCI6NCwic2NhbGUiOjEsInJlYWxtIjoicG9lMiJ9XQ/68b7ea1492/2HCrossbow02.png	Metadata/Items/Weapons/TwoHandWeapons/Crossbows/FourCrossbow2Endgame;stat_1803308202=0
item	Flowing Raiment	Струящееся одеяние	WzI1LDE0LHsiZiI6IjJESXRlbXMvQXJtb3Vycy9Cb2R5QXJtb3Vycy9CYXNldHlwZXMvQm9keUludDA2IiwidyI6MiwiaCI6Mywic2NhbGUiOjEsInJlYWxtIjoicG9lMiJ9XQ/f868a6a214/BodyInt06.png	Metadata/Items/Armours/BodyArmours/FourBodyInt6Endgame;stat_789117908=0
item	Flying Spear	Летящее копьё	WzI1LDE0LHsiZiI6IjJESXRlbXMvV2VhcG9ucy9PbmVIYW5kV2VhcG9ucy9PbmVIYW5kU3BlYXJzLzFIU3BlYXIwNSIsInciOjEsImgiOjQsInNjYWxlIjoxLCJyZWFsbSI6InBvZTIifV0/b176f54004/1HSpear05.png	Metadata/Items/Weapons/OneHandWeapons/OneHandSpears/FourSpear5Endgame;?;stat_535217483=0
item	Forest Crown	Корона леса	WzI1LDE0LHsiZiI6IjJESXRlbXMvQXJtb3Vycy9IZWxtZXRzL0Jhc2V0eXBlcy9IZWxtZXRJbnRTdHIwMiIsInciOjIsImgiOjIsInNjYWxlIjoxLCJyZWFsbSI6InBvZTIifV0/b5cbbe6ce4/HelmetIntStr02.png	Metadata/Items/Armours/Helmets/FourHelmetStrInt2Cruel
item	Forge Maul	Кузнечный молот	WzI1LDE0LHsiZiI6IjJESXRlbXMvV2VhcG9ucy9Ud29IYW5kV2VhcG9ucy9Ud29IYW5kTWFjZXMvQmFzZXR5cGVzLzJITWFjZTAzIiwidyI6MiwiaCI6NCwic2NhbGUiOjEsInJlYWxtIjoicG9lMiJ9XQ/8dc1317a4b/2HMace03.png	Metadata/Items/Weapons/TwoHandWeapons/TwoHandMaces/FourTwoHandMace3;stat_1503146834
item	Forked Spear	Раздвоенное копьё	WzI1LDE0LHsiZiI6IjJESXRlbXMvV2VhcG9ucy9PbmVIYW5kV2VhcG9ucy9PbmVIYW5kU3BlYXJzLzFIU3BlYXIwNiIsInciOjEsImgiOjQsInNjYWxlIjoxLCJyZWFsbSI6InBvZTIifV0/2d898d5c1f/1HSpear06.png	Metadata/Items/Weapons/OneHandWeapons/OneHandSpears/FourSpear6;?
item	Forking Belt	Разветвляющий ремень	WzI1LDE0LHsiZiI6IjJESXRlbXMvQmVsdHMvQmFzZXR5cGVzL0ZvcmtpbmdCZWx0IiwidyI6MiwiaCI6MSwic2NhbGUiOjEsInJlYWxtIjoicG9lMiJ9XQ/510fdd7b1e/ForkingBelt.png	Metadata/Items/Belts/FourBeltB4;stat_1416292992=0;stat_1754445556=0,0
item	Fortified Hammer	Укреплённый молот	WzI1LDE0LHsiZiI6IjJESXRlbXMvV2VhcG9ucy9PbmVIYW5kV2VhcG9ucy9PbmVIYW5kTWFjZXMvQmFzZXR5cGVzLzFITWFjZTA4IiwidyI6MiwiaCI6Mywic2NhbGUiOjEsInJlYWxtIjoicG9lMiJ9XQ/f0a2fc612b/1HMace08.png	Metadata/Items/Weapons/OneHandWeapons/OneHandMaces/FourOneHandMace8Endgame;stat_2933846633|stat_3146310524=0
item	Fortress Sabatons	Сабатоны оплота	WzI1LDE0LHsiZiI6IjJESXRlbXMvQXJtb3Vycy9Cb290cy9CYXNldHlwZXMvQm9vdHNTdHJEZXgwMyIsInciOjIsImgiOjIsInNjYWxlIjoxLCJyZWFsbSI6InBvZTIifV0/b0dd26050c/BootsStrDex03.png	Metadata/Items/Armours/Boots/FourBootsStrDex3Endgame
item	Fortress Tower Shield	Крепостной ростовой щит	WzI1LDE0LHsiZiI6IjJESXRlbXMvT2ZmaGFuZC9TaGllbGRzL1Rvd2VyMDYiLCJ3IjoyLCJoIjo0LCJzY2FsZSI6MSwicmVhbG0iOiJwb2UyIn1d/fae45edbc4/Tower06.png	Metadata/Items/Armours/Shields/FourShieldStr6Endgame
item	Fox Idol	Идол лисы	WzI1LDE0LHsiZiI6IjJESXRlbXMvQ3VycmVuY3kvVG9ybWVudGVkU3Bpcml0U29ja2V0YWJsZXMvQXptZXJpU29ja2V0YWJsZUZveCIsInNjYWxlIjoxLCJyZWFsbSI6InBvZTIifV0/9d48a79d56/AzmeriSocketableFox.png	
item	Fracturing Orb	Раскалывающая сфера	WzI1LDE0LHsiZiI6IjJESXRlbXMvQ3VycmVuY3kvRnJhY3R1cmluZ09yYiIsInNjYWxlIjoxLCJyZWFsbSI6InBvZTIifV0/8b85ed1dc2/FracturingOrb.png	
item	Frayed Shoes	Потёртые ботинки	WzI1LDE0LHsiZiI6IjJESXRlbXMvQXJtb3Vycy9Cb290cy9CYXNldHlwZXMvQm9vdHNEZXhJbnQwMSIsInciOjIsImgiOjIsInNjYWxlIjoxLCJyZWFsbSI6InBvZTIifV0/28c930b721/BootsDexInt01.png	Metadata/Items/Armours/Boots/FourBootsDexInt1
item	Freebooter Cap	Шляпа флибустьера	WzI1LDE0LHsiZiI6IjJESXRlbXMvQXJtb3Vycy9IZWxtZXRzL0Jhc2V0eXBlcy9IZWxtZXREZXgwNyIsInciOjIsImgiOjIsInNjYWxlIjoxLCJyZWFsbSI6InBvZTIifV0/74f4fa374e/HelmetDex07.png	Metadata/Items/Armours/Helmets/FourHelmetDex7Endgame
item	Frenzied Talisman	Буйный талисман	WzI1LDE0LHsiZiI6IjJESXRlbXMvT2ZmaGFuZC9UYWxpc21hbnMvRnJlbnppZWRUYWxpc21hbiIsInciOjIsImgiOjIsInNjYWxlIjoxLCJyZWFsbSI6InBvZTIifV0/d520e0ed80/FrenziedTalisman.png	Metadata/Items/Weapons/TwoHandWeapons/Talismans/Talisman5
item	Full Plate	Полные латы	WzI1LDE0LHsiZiI6IjJESXRlbXMvQXJtb3Vycy9Cb2R5QXJtb3Vycy9CYXNldHlwZXMvQm9keVN0cjA3IiwidyI6MiwiaCI6Mywic2NhbGUiOjEsInJlYWxtIjoicG9lMiJ9XQ/4e67af290e/BodyStr07.png	Metadata/Items/Armours/BodyArmours/FourBodyStr7
item	Fungal Talisman	Грибной талисман	WzI1LDE0LHsiZiI6IjJESXRlbXMvT2ZmaGFuZC9UYWxpc21hbnMvRnJlbnppZWRUYWxpc21hbiIsInciOjIsImgiOjIsInNjYWxlIjoxLCJyZWFsbSI6InBvZTIifV0/d520e0ed80/FrenziedTalisman.png	Metadata/Items/Weapons/TwoHandWeapons/Talismans/Talisman5Endgame
item	Fur Plate	Меховой доспех	WzI1LDE0LHsiZiI6IjJESXRlbXMvQXJtb3Vycy9Cb2R5QXJtb3Vycy9CYXNldHlwZXMvQm9keVN0cjAyIiwidyI6MiwiaCI6Mywic2NhbGUiOjEsInJlYWxtIjoicG9lMiJ9XQ/7996e5d86a/BodyStr02.png	Metadata/Items/Armours/BodyArmours/FourBodyStr2
item	Fur-lined Targe	Подбитый мехом тарджет	WzI1LDE0LHsiZiI6IjJESXRlbXMvT2ZmaGFuZC9TaGllbGRzL1NoaWVsZDAyIiwidyI6MiwiaCI6Mywic2NhbGUiOjEsInJlYWxtIjoicG9lMiJ9XQ/2a8af321d6/Shield02.png	Metadata/Items/Armours/Shields/FourShieldStrDex2Cruel
item	Furtive Wraps	Скрытые обмотки		Metadata/Items/Armours/Gloves/FourGlovesDexInt5
item	Fury Cleaver	Яростный рассекатель	WzI1LDE0LHsiZiI6IjJESXRlbXMvV2VhcG9ucy9PbmVIYW5kV2VhcG9ucy9PbmVIYW5kQXhlcy9CYXNldHlwZXMvMUhBeGUxMCIsInciOjIsImgiOjMsInNjYWxlIjoxLCJyZWFsbSI6InBvZTIifV0/396a3c3ad4/1HAxe10.png	Metadata/Items/Weapons/OneHandWeapons/OneHandAxes/FourOneHandAxe10;stat_3691641145=0
item	Fury Talisman	Неистовый талисман	WzI1LDE0LHsiZiI6IjJESXRlbXMvT2ZmaGFuZC9UYWxpc21hbnMvUmFiaWRUYWxpc21hbiIsInciOjIsImgiOjIsInNjYWxlIjoxLCJyZWFsbSI6InBvZTIifV0/848a8c92de/RabidTalisman.png	Metadata/Items/Weapons/TwoHandWeapons/Talismans/Talisman7Cruel;stat_1181501418=0
item	Galvanic Wand	Электризующий жезл	WzI1LDE0LHsiZiI6IjJESXRlbXMvV2VhcG9ucy9PbmVIYW5kV2VhcG9ucy9XYW5kcy9CYXNldHlwZXMvV2FuZDA2IiwidyI6MSwiaCI6Mywic2NhbGUiOjEsInJlYWxtIjoicG9lMiJ9XQ/ade4b84c31/Wand06.png	Metadata/Items/Weapons/OneHandWeapons/Wands/FourWand6
item	Gargantuan Life Flask	Громадный флакон жизни	WzksMTQseyJmIjoiMkRJdGVtcy9GbGFza3MvQmFzZXR5cGVzL0ZsYXNrTGlmZTA3IiwidyI6MSwiaCI6Miwic2NhbGUiOjEsInJlYWxtIjoicG9lMiIsImxldmVsIjoxfV0/fceb177d4a/FlaskLife07.png	Metadata/Items/Flasks/FourFlaskLife7
item	Gargantuan Mana Flask	Громадный флакон маны	WzksMTQseyJmIjoiMkRJdGVtcy9GbGFza3MvQmFzZXR5cGVzL0ZsYXNrTWFuYTA3IiwidyI6MSwiaCI6Miwic2NhbGUiOjEsInJlYWxtIjoicG9lMiIsImxldmVsIjoxfV0/b82852888b/FlaskMana07.png	Metadata/Items/Flasks/FourFlaskMana7
item	Garment	Одеяние		Metadata/Items/Armours/BodyArmours/FourBodyStrDexIntBase
item	Gauze Wraps	Обмотки из муслина	WzI1LDE0LHsiZiI6IjJESXRlbXMvQXJtb3Vycy9HbG92ZXMvQmFzZXR5cGVzL0dsb3Zlc0RleEludDAxIiwidyI6MiwiaCI6Miwic2NhbGUiOjEsInJlYWxtIjoicG9lMiJ9XQ/5595d33f3d/GlovesDexInt01.png	Metadata/Items/Armours/Gloves/FourGlovesDexInt1
item	Gelid Staff	Студёный посох	WzI1LDE0LHsiZiI6IjJESXRlbXMvV2VhcG9ucy9Ud29IYW5kV2VhcG9ucy9TdGF2ZXMvQmFzZXR5cGVzL1N0YWZmMDIiLCJ3IjoxLCJoIjo0LCJzY2FsZSI6MSwicmVhbG0iOiJwb2UyIn1d/39b0c10007/Staff02.png	Metadata/Items/Weapons/TwoHandWeapons/Staves/FourStaff2
item	Gemcutter's Prism	Призма камнереза	WzI1LDE0LHsiZiI6IjJESXRlbXMvQ3VycmVuY3kvQ3VycmVuY3lHZW1RdWFsaXR5Iiwic2NhbGUiOjEsInJlYWxtIjoicG9lMiJ9XQ/f4bace18d7/CurrencyGemQuality.png	
item	Gemini Bow	Двойной лук	WzI1LDE0LHsiZiI6IjJESXRlbXMvV2VhcG9ucy9Ud29IYW5kV2VhcG9ucy9Cb3dzL0Jhc2V0eXBlcy9Cb3cwNiIsInciOjIsImgiOjQsInNjYWxlIjoxLCJyZWFsbSI6InBvZTIifV0/b0a606586d/Bow06.png	Metadata/Items/Weapons/TwoHandWeapons/Bows/FourBow6Endgame;stat_2463230181=0
item	Gemini Crossbow	Двойной самострел	WzI1LDE0LHsiZiI6IjJESXRlbXMvV2VhcG9ucy9Ud29IYW5kV2VhcG9ucy9Dcm9zc2Jvd3MvMkhDcm9zc2JvdzA1IiwidyI6MiwiaCI6NCwic2NhbGUiOjEsInJlYWxtIjoicG9lMiJ9XQ/28ab8c9744/2HCrossbow05.png	Metadata/Items/Weapons/TwoHandWeapons/Crossbows/FourCrossbow5Endgame;stat_1967051901
item	Giant Life Flask	Огромный флакон жизни	WzksMTQseyJmIjoiMkRJdGVtcy9GbGFza3MvQmFzZXR5cGVzL0ZsYXNrTGlmZTA1IiwidyI6MSwiaCI6Miwic2NhbGUiOjEsInJlYWxtIjoicG9lMiIsImxldmVsIjoxfV0/ec8b3d6d0b/FlaskLife05.png	Metadata/Items/Flasks/FourFlaskLife5
item	Giant Mana Flask	Огромный флакон маны	WzksMTQseyJmIjoiMkRJdGVtcy9GbGFza3MvQmFzZXR5cGVzL0ZsYXNrTWFuYTA1IiwidyI6MSwiaCI6Miwic2NhbGUiOjEsInJlYWxtIjoicG9lMiIsImxldmVsIjoxfV0/e8a2519b63/FlaskMana05.png	Metadata/Items/Flasks/FourFlaskMana5
item	Giant Maul	Огромный молот		Metadata/Items/Weapons/TwoHandWeapons/TwoHandMaces/FourTwoHandMace13
item	Gilded Vestments	Золочёное облачение		Metadata/Items/Armours/BodyArmours/FourBodyStrInt9
item	Glacial Fortress	Ледяная крепость		Metadata/Items/Armours/Shields/FourShieldStrUnique1
item	Glacial Rune	Руна ледника	WzI1LDE0LHsiZiI6IjJESXRlbXMvQ3VycmVuY3kvUnVuZXMvQ29sZFJ1bmUiLCJzY2FsZSI6MSwicmVhbG0iOiJwb2UyIn1d/499bfe179a/ColdRune.png	
item	Gladiatorial Helm	Шлем гладиатора	WzI1LDE0LHsiZiI6IjJESXRlbXMvQXJtb3Vycy9IZWxtZXRzL0Jhc2V0eXBlcy9IZWxtZXRTdHJEZXgwNiIsInciOjIsImgiOjIsInNjYWxlIjoxLCJyZWFsbSI6InBvZTIifV0/b2bcd2cacb/HelmetStrDex06.png	Metadata/Items/Armours/Helmets/FourHelmetStrDex6Endgame
item	Glass Shank	Осколок стекла		Metadata/Items/Weapons/OneHandWeapons/Daggers/FourDagger1
item	Glassblower's Bauble	Стекольная масса	WzI1LDE0LHsiZiI6IjJESXRlbXMvQ3VycmVuY3kvQ3VycmVuY3lGbGFza1F1YWxpdHkiLCJzY2FsZSI6MSwicmVhbG0iOiJwb2UyIn1d/1cec279e01/CurrencyFlaskQuality.png	
item	Gleaming Cuffs	Сверкающие манжеты	WzI1LDE0LHsiZiI6IjJESXRlbXMvQXJtb3Vycy9HbG92ZXMvQmFzZXR5cGVzL0dsb3Zlc0ludFN0cjAzIiwidyI6MiwiaCI6Miwic2NhbGUiOjEsInJlYWxtIjoicG9lMiJ9XQ/0e34625351/GlovesIntStr03.png	Metadata/Items/Armours/Gloves/FourGlovesStrInt3Endgame
item	Gloam Amulet	Мглистый амулет	WzI1LDE0LHsiZiI6IjJESXRlbXMvQW11bGV0cy9IZWlzdEFtdWxldDEiLCJ3IjoxLCJoIjoxLCJzY2FsZSI6MSwicmVhbG0iOiJwb2UyIn1d/aa9c53b2c8/HeistAmulet1.png	Metadata/Items/Amulets/FourAmuletLake2;stat_3182714256,stat_718638445=0,1
item	Gloam Ring	Мглистое кольцо	WzI1LDE0LHsiZiI6IjJESXRlbXMvUmluZ3MvTGFrZVJpbmcyIiwidyI6MSwiaCI6MSwic2NhbGUiOjEsInJlYWxtIjoicG9lMiJ9XQ/1d066f9123/LakeRing2.png	Metadata/Items/Rings/FourRingLake2;stat_3182714256,stat_718638445=0,1
item	Glowering Crest Shield	Угрожающий гербовый щит	WzI1LDE0LHsiZiI6IjJESXRlbXMvT2ZmaGFuZC9TaGllbGRzL0NyZXN0MDYiLCJ3IjoyLCJoIjozLCJzY2FsZSI6MSwicmVhbG0iOiJwb2UyIn1d/6ba061f56a/Crest06.png	Metadata/Items/Armours/Shields/FourShieldStrInt6Cruel
item	Gnawed Collarbone	Обглоданная ключица	WzI1LDE0LHsiZiI6IjJESXRlbXMvQ3VycmVuY3kvQWJ5c3MvR25hd2VkQ2xhdmljbGUiLCJzY2FsZSI6MSwicmVhbG0iOiJwb2UyIn1d/ff42f1ab47/GnawedClavicle.png	
item	Gnawed Jawbone	Обглоданная челюсть	WzI1LDE0LHsiZiI6IjJESXRlbXMvQ3VycmVuY3kvQWJ5c3MvR25hd2VkSmF3Ym9uZSIsInNjYWxlIjoxLCJyZWFsbSI6InBvZTIifV0/6d343a5e8d/GnawedJawbone.png	
item	Gnawed Rib	Обглоданное ребро	WzI1LDE0LHsiZiI6IjJESXRlbXMvQ3VycmVuY3kvQWJ5c3MvR25hd2VkUmlicyIsInNjYWxlIjoxLCJyZWFsbSI6InBvZTIifV0/b0581454e6/GnawedRibs.png	
item	Gold Amulet	Золотой амулет	WzI1LDE0LHsiZiI6IjJESXRlbXMvQW11bGV0cy9CYXNldHlwZXMvR29sZEFtdWxldCIsInciOjEsImgiOjEsInNjYWxlIjoxLCJyZWFsbSI6InBvZTIifV0/7da5b5dc6e/GoldAmulet.png	Metadata/Items/Amulets/FourAmulet10;stat_3917489142|stat_2306002879=0
item	Gold Circlet	Венец из золота	WzI1LDE0LHsiZiI6IjJESXRlbXMvQXJtb3Vycy9IZWxtZXRzL0Jhc2V0eXBlcy9IZWxtZXRJbnQwNiIsInciOjIsImgiOjIsInNjYWxlIjoxLCJyZWFsbSI6InBvZTIifV0/0821cebc37/HelmetInt06.png	Metadata/Items/Armours/Helmets/FourHelmetInt6
item	Gold Gloves	Золотые перчатки	WzI1LDE0LHsiZiI6IjJESXRlbXMvQXJtb3Vycy9HbG92ZXMvQmFzZXR5cGVzL0dsb3Zlc0ludDA1IiwidyI6MiwiaCI6Miwic2NhbGUiOjEsInJlYWxtIjoicG9lMiJ9XQ/b273510d40/GlovesInt05.png	Metadata/Items/Armours/Gloves/FourGlovesInt5Cruel
item	Gold Ring	Золотое кольцо	WzI1LDE0LHsiZiI6IjJESXRlbXMvUmluZ3MvQmFzZXR5cGVzL0dvbGRSaW5nIiwidyI6MSwiaCI6MSwic2NhbGUiOjEsInJlYWxtIjoicG9lMiJ9XQ/a138f2df65/GoldRing.png	Metadata/Items/Rings/FourRing10;stat_3917489142|stat_2306002879=0
item	Goldcast Cuffs	Золотые манжеты	WzI1LDE0LHsiZiI6IjJESXRlbXMvQXJtb3Vycy9HbG92ZXMvQmFzZXR5cGVzL0dsb3Zlc0ludFN0cjAzIiwidyI6MiwiaCI6Miwic2NhbGUiOjEsInJlYWxtIjoicG9lMiJ9XQ/0e34625351/GlovesIntStr03.png	Metadata/Items/Armours/Gloves/FourGlovesStrInt3
item	Golden Charm	Золотой оберег	WzI1LDE0LHsiZiI6IjJESXRlbXMvQ2hhcm1zL0Jhc2V0eXBlcy9Hb2xkZW5DaGFybSIsInciOjEsImgiOjEsInNjYWxlIjoxLCJyZWFsbSI6InBvZTIifV0/3a4530590e/GoldenCharm.png	Metadata/Items/Flasks/FourCharm12;stat_4010341289
item	Golden Mail	Золочёный доспех	WzI1LDE0LHsiZiI6IjJESXRlbXMvQXJtb3Vycy9Cb2R5QXJtb3Vycy9CYXNldHlwZXMvQm9keVN0ckRleDA2IiwidyI6MiwiaCI6Mywic2NhbGUiOjEsInJlYWxtIjoicG9lMiJ9XQ/4b99433643/BodyStrDex06.png	Metadata/Items/Armours/BodyArmours/FourBodyStrDex6Cruel
item	Golden Targe	Золотой тарджет	WzI1LDE0LHsiZiI6IjJESXRlbXMvT2ZmaGFuZC9TaGllbGRzL1NoaWVsZDEwIiwidyI6MiwiaCI6Mywic2NhbGUiOjEsInJlYWxtIjoicG9lMiJ9XQ/6745e1f367/Shield10.png	Metadata/Items/Armours/Shields/FourShieldStrDex10Endgame
item	Golden Visage	Золотой лик		Metadata/Items/Armours/Helmets/FourHelmetDemigod
item	Goldwork Sabatons	Золочёные сабатоны	WzI1LDE0LHsiZiI6IjJESXRlbXMvQXJtb3Vycy9Cb290cy9CYXNldHlwZXMvQm9vdHNTdHJEZXgwMiIsInciOjIsImgiOjIsInNjYWxlIjoxLCJyZWFsbSI6InBvZTIifV0/fea44e00c3/BootsStrDex02.png	Metadata/Items/Armours/Boots/FourBootsStrDex2Cruel
item	Goldworked Tower Shield	Покрытый золотом ростовой щит	WzI1LDE0LHsiZiI6IjJESXRlbXMvT2ZmaGFuZC9TaGllbGRzL1Rvd2VyMDgiLCJ3IjoyLCJoIjo0LCJzY2FsZSI6MSwicmVhbG0iOiJwb2UyIn1d/3049a79ef7/Tower08.png	Metadata/Items/Armours/Shields/FourShieldStr8Cruel
item	Gothic Quarterstaff	Готический боевой посох	WzI1LDE0LHsiZiI6IjJESXRlbXMvV2VhcG9ucy9Ud29IYW5kV2VhcG9ucy9XYXJTdGF2ZXMvV2Fyc3RhZmYwMyIsInciOjIsImgiOjQsInNjYWxlIjoxLCJyZWFsbSI6InBvZTIifV0/ac756ffc0d/Warstaff03.png	Metadata/Items/Weapons/TwoHandWeapons/Staves/FourQuarterstaff3
item	Grand Bracers	Великолепные наручи	WzI1LDE0LHsiZiI6IjJESXRlbXMvQXJtb3Vycy9HbG92ZXMvQmFzZXR5cGVzL0dsb3Zlc0RleDA0IiwidyI6MiwiaCI6Miwic2NhbGUiOjEsInJlYWxtIjoicG9lMiJ9XQ/d8dac34445/GlovesDex04.png	Metadata/Items/Armours/Gloves/FourGlovesDex4Endgame
item	Grand Cuisses	Великолепные набедренники		Metadata/Items/Armours/Boots/FourBootsStrDexInt1
item	Grand Life Flask	Вместительный флакон жизни	WzksMTQseyJmIjoiMkRJdGVtcy9GbGFza3MvQmFzZXR5cGVzL0ZsYXNrTGlmZTA0IiwidyI6MSwiaCI6Miwic2NhbGUiOjEsInJlYWxtIjoicG9lMiIsImxldmVsIjoxfV0/51e426e0ec/FlaskLife04.png	Metadata/Items/Flasks/FourFlaskLife4
item	Grand Mana Flask	Вместительный флакон маны	WzksMTQseyJmIjoiMkRJdGVtcy9GbGFza3MvQmFzZXR5cGVzL0ZsYXNrTWFuYTA0IiwidyI6MSwiaCI6Miwic2NhbGUiOjEsInJlYWxtIjoicG9lMiIsImxldmVsIjoxfV0/e945ac03b2/FlaskMana04.png	Metadata/Items/Flasks/FourFlaskMana4
item	Grand Manchettes	Великолепные манжеты		Metadata/Items/Armours/Gloves/FourGlovesStrDexInt1
item	Grand Regalia	Великолепное облачение		Metadata/Items/Armours/BodyArmours/FourBodyStrDexInt1
item	Grand Spear	Величественное копьё	WzI1LDE0LHsiZiI6IjJESXRlbXMvV2VhcG9ucy9PbmVIYW5kV2VhcG9ucy9PbmVIYW5kU3BlYXJzLzFIU3BlYXIwOCIsInciOjEsImgiOjQsInNjYWxlIjoxLCJyZWFsbSI6InBvZTIifV0/5a253f3b56/1HSpear08.png	Metadata/Items/Weapons/OneHandWeapons/OneHandSpears/FourSpear8Endgame;?;stat_548198834=0
item	Grand Visage	Великолепный лик		Metadata/Items/Armours/Helmets/FourHelmetStrDexInt1
item	Grasping Mail	Цепкая кольчуга	WzI1LDE0LHsiZiI6IjJESXRlbXMvQXJtb3Vycy9Cb2R5QXJtb3Vycy9CYXNldHlwZXMvQm9keVN0ckRleEludDAzIiwidyI6MiwiaCI6Mywic2NhbGUiOjEsInJlYWxtIjoicG9lMiJ9XQ/812a6d2f72/BodyStrDexInt03.png	Metadata/Items/Armours/BodyArmours/FourBodyStrDexInt3;stat_129891052;stat_254952842
item	Grasping Ring	Цепкое кольцо	WzI1LDE0LHsiZiI6IjJESXRlbXMvUmluZ3MvQnJlYWNobG9yZFJpbmdfRm9ybWxlc3MiLCJ3IjoxLCJoIjoxLCJzY2FsZSI6MSwicmVhbG0iOiJwb2UyIn1d/e9a9445916/BreachlordRing_Formless.png	Metadata/Items/Rings/FourRingB6;stat_1856590738
item	Great Flail	Большой кистень	WzI1LDE0LHsiZiI6IjJESXRlbXMvV2VhcG9ucy9PbmVIYW5kV2VhcG9ucy9GbGFpbHMvRmxhaWwxMiIsInciOjIsImgiOjMsInNjYWxlIjoxLCJyZWFsbSI6InBvZTIifV0/10bfdfab6d/Flail12.png	Metadata/Items/Weapons/OneHandWeapons/Flails/FourFlail12
item	Greater Adept Rune	Большая руна искусности	WzI1LDE0LHsiZiI6IjJESXRlbXMvQ3VycmVuY3kvUnVuZXMvRGV4UnVuZVRpZXIzIiwic2NhbGUiOjEsInJlYWxtIjoicG9lMiJ9XQ/cf55763192/DexRuneTier3.png	
item	Greater Body Rune	Большая руна тела	WzI1LDE0LHsiZiI6IjJESXRlbXMvQ3VycmVuY3kvUnVuZXMvTGlmZVJ1bmVUaWVyMiIsInNjYWxlIjoxLCJyZWFsbSI6InBvZTIifV0/c553b97136/LifeRuneTier2.png	
item	Greater Chaos Orb	Большая сфера хаоса	WzI1LDE0LHsiZiI6IjJESXRlbXMvQ3VycmVuY3kvQ3VycmVuY3lSZXJvbGxSYXJlIiwic2NhbGUiOjEsInJlYWxtIjoicG9lMiJ9XQ/c0ca392a78/CurrencyRerollRare.png	
item	Greater Charging Rune	Большая руна заряда	WzI1LDE0LHsiZiI6IjJESXRlbXMvQ3VycmVuY3kvRXhwZWRpdGlvbjIvV2FyZFJlZ2VuZXJhdGlvbkdyZWF0ZXIiLCJzY2FsZSI6MSwicmVhbG0iOiJwb2UyIn1d/96b3b4550d/WardRegenerationGreater.png	
item	Greater Desert Rune	Большая руна пустыни	WzI1LDE0LHsiZiI6IjJESXRlbXMvQ3VycmVuY3kvUnVuZXMvRmlyZVJ1bmVUaWVyMiIsInNjYWxlIjoxLCJyZWFsbSI6InBvZTIifV0/2c6986b94c/FireRuneTier2.png	
item	Greater Essence of Abrasion	Большая сущность разрушения	WzI1LDE0LHsiZiI6IjJESXRlbXMvQ3VycmVuY3kvRXNzZW5jZS9HcmVhdGVyUGh5c2ljYWxFc3NlbmNlIiwic2NhbGUiOjEsInJlYWxtIjoicG9lMiJ9XQ/a28c932def/GreaterPhysicalEssence.png	
item	Greater Essence of Alacrity	Большая сущность живости	WzI1LDE0LHsiZiI6IjJESXRlbXMvQ3VycmVuY3kvRXNzZW5jZS9HcmVhdGVyU3BlZWRDYXN0ZXJFc3NlbmNlIiwic2NhbGUiOjEsInJlYWxtIjoicG9lMiJ9XQ/b77c25162f/GreaterSpeedCasterEssence.png	
item	Greater Essence of Battle	Большая сущность битвы	WzI1LDE0LHsiZiI6IjJESXRlbXMvQ3VycmVuY3kvRXNzZW5jZS9HcmVhdGVyQXR0YWNrRXNzZW5jZSIsInNjYWxlIjoxLCJyZWFsbSI6InBvZTIifV0/e2bb5332b8/GreaterAttackEssence.png	
item	Greater Essence of Command	Большая сущность повеления	WzI1LDE0LHsiZiI6IjJESXRlbXMvQ3VycmVuY3kvRXNzZW5jZS9HcmVhdGVyQWxseUVzc2VuY2UiLCJzY2FsZSI6MSwicmVhbG0iOiJwb2UyIn1d/55b6ba3361/GreaterAllyEssence.png	
item	Greater Essence of Electricity	Большая сущность электричества	WzI1LDE0LHsiZiI6IjJESXRlbXMvQ3VycmVuY3kvRXNzZW5jZS9HcmVhdGVyTGlnaHRuaW5nRXNzZW5jZSIsInNjYWxlIjoxLCJyZWFsbSI6InBvZTIifV0/c6df464bb9/GreaterLightningEssence.png	
item	Greater Essence of Enhancement	Большая сущность улучшения	WzI1LDE0LHsiZiI6IjJESXRlbXMvQ3VycmVuY3kvRXNzZW5jZS9HcmVhdGVyRGVmZW5jZXNFc3NlbmNlIiwic2NhbGUiOjEsInJlYWxtIjoicG9lMiJ9XQ/a0ed2df82c/GreaterDefencesEssence.png	
item	Greater Essence of Flames	Большая сущность пламени	WzI1LDE0LHsiZiI6IjJESXRlbXMvQ3VycmVuY3kvRXNzZW5jZS9HcmVhdGVyRmlyZUVzc2VuY2UiLCJzY2FsZSI6MSwicmVhbG0iOiJwb2UyIn1d/9b8d6e7b4e/GreaterFireEssence.png	
item	Greater Essence of Grounding	Большая сущность заземления	WzI1LDE0LHsiZiI6IjJESXRlbXMvQ3VycmVuY3kvRXNzZW5jZS9HcmVhdGVyTGlnaHRuaW5nUmVzaXN0YW5jZUVzc2VuY2UiLCJzY2FsZSI6MSwicmVhbG0iOiJwb2UyIn1d/fd9d91c76a/GreaterLightningResistanceEssence.png	
item	Greater Essence of Haste	Большая сущность спешки	WzI1LDE0LHsiZiI6IjJESXRlbXMvQ3VycmVuY3kvRXNzZW5jZS9HcmVhdGVyU3BlZWRFc3NlbmNlIiwic2NhbGUiOjEsInJlYWxtIjoicG9lMiJ9XQ/5a72f95c24/GreaterSpeedEssence.png	
item	Greater Essence of Ice	Большая сущность льда	WzI1LDE0LHsiZiI6IjJESXRlbXMvQ3VycmVuY3kvRXNzZW5jZS9HcmVhdGVyQ29sZEVzc2VuY2UiLCJzY2FsZSI6MSwicmVhbG0iOiJwb2UyIn1d/e5224bace0/GreaterColdEssence.png	
item	Greater Essence of Insulation	Большая сущность изоляции	WzI1LDE0LHsiZiI6IjJESXRlbXMvQ3VycmVuY3kvRXNzZW5jZS9HcmVhdGVyRmlyZVJlc2lzdGFuY2VFc3NlbmNlIiwic2NhbGUiOjEsInJlYWxtIjoicG9lMiJ9XQ/e5b663f414/GreaterFireResistanceEssence.png	
item	Greater Essence of Opulence	Большая сущность изобилия	WzI1LDE0LHsiZiI6IjJESXRlbXMvQ3VycmVuY3kvRXNzZW5jZS9HcmVhdGVyUmFyaXR5UmVzaXN0YW5jZUVzc2VuY2UiLCJzY2FsZSI6MSwicmVhbG0iOiJwb2UyIn1d/dfc7c22676/GreaterRarityResistanceEssence.png	
item	Greater Essence of Ruin	Большая сущность гибели	WzI1LDE0LHsiZiI6IjJESXRlbXMvQ3VycmVuY3kvRXNzZW5jZS9HcmVhdGVyQ2hhb3NFc3NlbmNlIiwic2NhbGUiOjEsInJlYWxtIjoicG9lMiJ9XQ/5c71ec7418/GreaterChaosEssence.png	
item	Greater Essence of Seeking	Большая сущность искания	WzI1LDE0LHsiZiI6IjJESXRlbXMvQ3VycmVuY3kvRXNzZW5jZS9HcmVhdGVyQ3JpdGljYWxFc3NlbmNlIiwic2NhbGUiOjEsInJlYWxtIjoicG9lMiJ9XQ/db4eadee00/GreaterCriticalEssence.png	
item	Greater Essence of Sorcery	Большая сущность колдовства	WzI1LDE0LHsiZiI6IjJESXRlbXMvQ3VycmVuY3kvRXNzZW5jZS9HcmVhdGVyQ2FzdGVyRXNzZW5jZSIsInNjYWxlIjoxLCJyZWFsbSI6InBvZTIifV0/14b7e4c8ef/GreaterCasterEssence.png	
item	Greater Essence of Thawing	Большая сущность таяния	WzI1LDE0LHsiZiI6IjJESXRlbXMvQ3VycmVuY3kvRXNzZW5jZS9HcmVhdGVyQ29sZFJlc2lzdGFuY2VFc3NlbmNlIiwic2NhbGUiOjEsInJlYWxtIjoicG9lMiJ9XQ/acdbacca0f/GreaterColdResistanceEssence.png	
item	Greater Essence of the Body	Большая сущность тела	WzI1LDE0LHsiZiI6IjJESXRlbXMvQ3VycmVuY3kvRXNzZW5jZS9HcmVhdGVyTGlmZUVzc2VuY2UiLCJzY2FsZSI6MSwicmVhbG0iOiJwb2UyIn1d/8906b401fe/GreaterLifeEssence.png	
item	Greater Essence of the Infinite	Большая сущность бесконечности	WzI1LDE0LHsiZiI6IjJESXRlbXMvQ3VycmVuY3kvRXNzZW5jZS9HcmVhdGVyQXR0cmlidXRlRXNzZW5jZSIsInNjYWxlIjoxLCJyZWFsbSI6InBvZTIifV0/8a8cb823af/GreaterAttributeEssence.png	
item	Greater Essence of the Mind	Большая сущность разума	WzI1LDE0LHsiZiI6IjJESXRlbXMvQ3VycmVuY3kvRXNzZW5jZS9HcmVhdGVyTWFuYUVzc2VuY2UiLCJzY2FsZSI6MSwicmVhbG0iOiJwb2UyIn1d/f9e17e6d47/GreaterManaEssence.png	
item	Greater Exalted Orb	Большая сфера возвышения	WzI1LDE0LHsiZiI6IjJESXRlbXMvQ3VycmVuY3kvQ3VycmVuY3lBZGRNb2RUb1JhcmUiLCJzY2FsZSI6MSwicmVhbG0iOiJwb2UyIn1d/ad7c366789/CurrencyAddModToRare.png	
item	Greater Glacial Rune	Большая руна ледника	WzI1LDE0LHsiZiI6IjJESXRlbXMvQ3VycmVuY3kvUnVuZXMvQ29sZFJ1bmVUaWVyMiIsInNjYWxlIjoxLCJyZWFsbSI6InBvZTIifV0/9770dc929d/ColdRuneTier2.png	
item	Greater Inspiration Rune	Большая руна вдохновения	WzI1LDE0LHsiZiI6IjJESXRlbXMvQ3VycmVuY3kvUnVuZXMvTWFuYVJlY292ZXJ5UnVuZVRpZXIyIiwic2NhbGUiOjEsInJlYWxtIjoicG9lMiJ9XQ/9c6cc572d8/ManaRecoveryRuneTier2.png	
item	Greater Iron Rune	Большая руна железа	WzI1LDE0LHsiZiI6IjJESXRlbXMvQ3VycmVuY3kvUnVuZXMvRW5oYW5jZVJ1bmVUaWVyMiIsInNjYWxlIjoxLCJyZWFsbSI6InBvZTIifV0/5fdc6a72ed/EnhanceRuneTier2.png	
item	Greater Jeweller's Orb	Большая сфера златокузнеца	WzI1LDE0LHsiZiI6IjJESXRlbXMvQ3VycmVuY3kvQ3VycmVuY3lSZXJvbGxTb2NrZXROdW1iZXJzMDIiLCJzY2FsZSI6MSwicmVhbG0iOiJwb2UyIn1d/7dd6ee75be/CurrencyRerollSocketNumbers02.png	
item	Greater Life Flask	Большой флакон жизни	WzksMTQseyJmIjoiMkRJdGVtcy9GbGFza3MvQmFzZXR5cGVzL0ZsYXNrTGlmZTAzIiwidyI6MSwiaCI6Miwic2NhbGUiOjEsInJlYWxtIjoicG9lMiIsImxldmVsIjoxfV0/a99f5c26b4/FlaskLife03.png	Metadata/Items/Flasks/FourFlaskLife3
item	Greater Mana Flask	Большой флакон маны	WzksMTQseyJmIjoiMkRJdGVtcy9GbGFza3MvQmFzZXR5cGVzL0ZsYXNrTWFuYTAzIiwidyI6MSwiaCI6Miwic2NhbGUiOjEsInJlYWxtIjoicG9lMiIsImxldmVsIjoxfV0/7f641a3617/FlaskMana03.png	Metadata/Items/Flasks/FourFlaskMana3
item	Greater Mind Rune	Большая руна разума	WzI1LDE0LHsiZiI6IjJESXRlbXMvQ3VycmVuY3kvUnVuZXMvTWFuYVJ1bmVUaWVyMiIsInNjYWxlIjoxLCJyZWFsbSI6InBvZTIifV0/49619b701f/ManaRuneTier2.png	
item	Greater Orb of Augmentation	Большая сфера усиления	WzI1LDE0LHsiZiI6IjJESXRlbXMvQ3VycmVuY3kvQ3VycmVuY3lBZGRNb2RUb01hZ2ljIiwic2NhbGUiOjEsInJlYWxtIjoicG9lMiJ9XQ/c8ad0ddc84/CurrencyAddModToMagic.png	
item	Greater Orb of Transmutation	Большая сфера превращения	WzI1LDE0LHsiZiI6IjJESXRlbXMvQ3VycmVuY3kvQ3VycmVuY3lVcGdyYWRlVG9NYWdpYyIsInNjYWxlIjoxLCJyZWFsbSI6InBvZTIifV0/2f8e1ff9f8/CurrencyUpgradeToMagic.png	
item	Greater Rebirth Rune	Большая руна перерождения	WzI1LDE0LHsiZiI6IjJESXRlbXMvQ3VycmVuY3kvUnVuZXMvTGlmZVJlY292ZXJ5UnVuZVRpZXIyIiwic2NhbGUiOjEsInJlYWxtIjoicG9lMiJ9XQ/41b22fb4e5/LifeRecoveryRuneTier2.png	
item	Greater Regal Orb	Большая сфера царей	WzI1LDE0LHsiZiI6IjJESXRlbXMvQ3VycmVuY3kvQ3VycmVuY3lVcGdyYWRlTWFnaWNUb1JhcmUiLCJzY2FsZSI6MSwicmVhbG0iOiJwb2UyIn1d/e8fb148e80/CurrencyUpgradeMagicToRare.png	
item	Greater Resolve Rune	Большая руна решительности	WzI1LDE0LHsiZiI6IjJESXRlbXMvQ3VycmVuY3kvUnVuZXMvSW50UnVuZVRpZXIzIiwic2NhbGUiOjEsInJlYWxtIjoicG9lMiJ9XQ/badef31810/IntRuneTier3.png	
item	Greater Robust Rune	Большая руна мощи	WzI1LDE0LHsiZiI6IjJESXRlbXMvQ3VycmVuY3kvUnVuZXMvU3RyZW5ndGhSdW5lVGllcjMiLCJzY2FsZSI6MSwicmVhbG0iOiJwb2UyIn1d/bb0d433340/StrengthRuneTier3.png	
item	Greater Rune of Alacrity	Большая руна стремления	WzI1LDE0LHsiZiI6IjJESXRlbXMvQ3VycmVuY3kvUnVuZXMvTGlnaHRuaW5nUnVuZVNwZWNpYWwzIiwic2NhbGUiOjEsInJlYWxtIjoicG9lMiJ9XQ/633300b884/LightningRuneSpecial3.png	
item	Greater Rune of Leadership	Большая руна лидерства	WzI1LDE0LHsiZiI6IjJESXRlbXMvQ3VycmVuY3kvUnVuZXMvTGlnaHRuaW5nUnVuZVNwZWNpYWwxIiwic2NhbGUiOjEsInJlYWxtIjoicG9lMiJ9XQ/81a3fe75a5/LightningRuneSpecial1.png	
item	Greater Rune of Nobility	Большая руна дворянства	WzI1LDE0LHsiZiI6IjJESXRlbXMvQ3VycmVuY3kvUnVuZXMvTGlnaHRuaW5nUnVuZVNwZWNpYWw0Iiwic2NhbGUiOjEsInJlYWxtIjoicG9lMiJ9XQ/5ffcde6ca9/LightningRuneSpecial4.png	
item	Greater Rune of Tithing	Большая руна десятины	WzI1LDE0LHsiZiI6IjJESXRlbXMvQ3VycmVuY3kvUnVuZXMvTGlnaHRuaW5nUnVuZVNwZWNpYWwyIiwic2NhbGUiOjEsInJlYWxtIjoicG9lMiJ9XQ/369dd670ba/LightningRuneSpecial2.png	
item	Greater Stone Rune	Большая руна камня	WzI1LDE0LHsiZiI6IjJESXRlbXMvQ3VycmVuY3kvUnVuZXMvU3R1blJ1bmVUaWVyMiIsInNjYWxlIjoxLCJyZWFsbSI6InBvZTIifV0/836627f793/StunRuneTier2.png	
item	Greater Storm Rune	Большая руна шторма	WzI1LDE0LHsiZiI6IjJESXRlbXMvQ3VycmVuY3kvUnVuZXMvTGlnaHRuaW5nUnVuZVRpZXIyIiwic2NhbGUiOjEsInJlYWxtIjoicG9lMiJ9XQ/47c9eb3f9e/LightningRuneTier2.png	
item	Greater Vision Rune	Большая руна видения	WzI1LDE0LHsiZiI6IjJESXRlbXMvQ3VycmVuY3kvUnVuZXMvQWNjdXJhY3lSdW5lVGllcjIiLCJzY2FsZSI6MSwicmVhbG0iOiJwb2UyIn1d/88ab9b96b4/AccuracyRuneTier2.png	
item	Greater Ward Rune	Большая руна барьера	WzI1LDE0LHsiZiI6IjJESXRlbXMvQ3VycmVuY3kvRXhwZWRpdGlvbjIvQWRkZWRXYXJkR3JlYXRlciIsInNjYWxlIjoxLCJyZWFsbSI6InBvZTIifV0/84597a7e30/AddedWardGreater.png	
item	Grim Gloves	Мрачные перчатки	WzI1LDE0LHsiZiI6IjJESXRlbXMvQXJtb3Vycy9HbG92ZXMvQmFzZXR5cGVzL0dsb3Zlc0ludDAyIiwidyI6MiwiaCI6Miwic2NhbGUiOjEsInJlYWxtIjoicG9lMiJ9XQ/5da448ad79/GlovesInt02.png	Metadata/Items/Armours/Gloves/FourGlovesInt2Endgame
item	Grinning Mask	Ухмыляющаяся маска	WzI1LDE0LHsiZiI6IjJESXRlbXMvQXJtb3Vycy9IZWxtZXRzL0Jhc2V0eXBlcy9IZWxtZXREZXhJbnQwNiIsInciOjIsImgiOjIsInNjYWxlIjoxLCJyZWFsbSI6InBvZTIifV0/16d84d1940/HelmetDexInt06.png	Metadata/Items/Armours/Helmets/FourHelmetDexInt6Endgame
item	Grounding Charm	Заземляющий оберег	WzI1LDE0LHsiZiI6IjJESXRlbXMvQ2hhcm1zL0Jhc2V0eXBlcy9Hcm91bmRpbmdDaGFybSIsInciOjEsImgiOjEsInNjYWxlIjoxLCJyZWFsbSI6InBvZTIifV0/497471c6cc/GroundingCharm.png	Metadata/Items/Flasks/FourCharm5;stat_3699444296
item	Guarded Flail	Кистень с гардой	WzI1LDE0LHsiZiI6IjJESXRlbXMvV2VhcG9ucy9PbmVIYW5kV2VhcG9ucy9GbGFpbHMvRmxhaWwwOSIsInciOjIsImgiOjMsInNjYWxlIjoxLCJyZWFsbSI6InBvZTIifV0/59b6eff51e/Flail09.png	Metadata/Items/Weapons/OneHandWeapons/Flails/FourFlail9
item	Guarded Helm	Шлем с забралом	WzI1LDE0LHsiZiI6IjJESXRlbXMvQXJtb3Vycy9IZWxtZXRzL0Jhc2V0eXBlcy9IZWxtZXRTdHJEZXgwMiIsInciOjIsImgiOjIsInNjYWxlIjoxLCJyZWFsbSI6InBvZTIifV0/76592dc5c5/HelmetStrDex02.png	Metadata/Items/Armours/Helmets/FourHelmetStrDex2
item	Guardian Bow	Лук стража	WzI1LDE0LHsiZiI6IjJESXRlbXMvV2VhcG9ucy9Ud29IYW5kV2VhcG9ucy9Cb3dzL0Jhc2V0eXBlcy9Cb3cwMyIsInciOjIsImgiOjQsInNjYWxlIjoxLCJyZWFsbSI6InBvZTIifV0/9ef6f2ee3a/Bow03.png	Metadata/Items/Weapons/TwoHandWeapons/Bows/FourBow3Endgame;stat_1028592286=0
item	Guardian Quarterstaff	Боевой посох стража	WzI1LDE0LHsiZiI6IjJESXRlbXMvV2VhcG9ucy9Ud29IYW5kV2VhcG9ucy9XYXJTdGF2ZXMvV2Fyc3RhZmYwOCIsInciOjIsImgiOjQsInNjYWxlIjoxLCJyZWFsbSI6InBvZTIifV0/3efb44d8ce/Warstaff08.png	Metadata/Items/Weapons/TwoHandWeapons/Staves/FourQuarterstaff8Cruel;stat_1702195217=0
item	Guardian Spear	Копьё защитника	WzI1LDE0LHsiZiI6IjJESXRlbXMvV2VhcG9ucy9PbmVIYW5kV2VhcG9ucy9PbmVIYW5kU3BlYXJzLzFIU3BlYXIwOSIsInciOjEsImgiOjQsInNjYWxlIjoxLCJyZWFsbSI6InBvZTIifV0/fee22fbc3f/1HSpear09.png	Metadata/Items/Weapons/OneHandWeapons/OneHandSpears/FourSpear9Endgame;?;stat_3552135623=0
item	Guatelitzi's Soul Core of Endurance	Ядро душ выносливости Гвателитзи	WzI1LDE0LHsiZiI6IjJESXRlbXMvQ3VycmVuY3kvU291bENvcmVzL05ld1NvdWxDb3JlRW5kdXJhbmNlQ2hhcmdlIiwic2NhbGUiOjEsInJlYWxtIjoicG9lMiJ9XQ/8da8c1e799/NewSoulCoreEnduranceCharge.png	
item	Guatelitzi's Thesis	Доклад Гвателитзи	WzI1LDE0LHsiZiI6IjJESXRlbXMvQ3VycmVuY3kvUGVyZmVjdFNvdWxDb3Jlcy9Tb3VsQ29yZUJsb29kIiwic2NhbGUiOjEsInJlYWxtIjoicG9lMiJ9XQ/eaea6fa77d/SoulCoreBlood.png	
item	Gutspike Buckler	Баклер с заострённым шипом	WzI1LDE0LHsiZiI6IjJESXRlbXMvT2ZmaGFuZC9TaGllbGRzL0J1Y2tsZXIwNiIsInciOjIsImgiOjIsInNjYWxlIjoxLCJyZWFsbSI6InBvZTIifV0/b523f2b5bb/Buckler06.png	Metadata/Items/Armours/Shields/FourShieldDex6Endgame
item	Hallowed Crown	Корона посвящённого	WzI1LDE0LHsiZiI6IjJESXRlbXMvQXJtb3Vycy9IZWxtZXRzL0Jhc2V0eXBlcy9IZWxtZXRJbnRTdHIwNCIsInciOjIsImgiOjIsInNjYWxlIjoxLCJyZWFsbSI6InBvZTIifV0/2cf2a643af/HelmetIntStr04.png	Metadata/Items/Armours/Helmets/FourHelmetStrInt4Cruel
item	Hallowed Focus	Освящённый фокус	WzI1LDE0LHsiZiI6IjJESXRlbXMvT2ZmaGFuZC9Gb2NpL0Jhc2V0eXBlcy9Gb2N1czA4IiwidyI6MiwiaCI6Mywic2NhbGUiOjEsInJlYWxtIjoicG9lMiJ9XQ/64fc1e2b9f/Focus08.png	Metadata/Items/Armours/Focii/FourFocus8Cruel
item	Hardwood Spear	Копьё из твёрдой древесины	WzI1LDE0LHsiZiI6IjJESXRlbXMvV2VhcG9ucy9PbmVIYW5kV2VhcG9ucy9PbmVIYW5kU3BlYXJzLzFIU3BlYXIwMSIsInciOjEsImgiOjQsInNjYWxlIjoxLCJyZWFsbSI6InBvZTIifV0/84a2d1da16/1HSpear01.png	Metadata/Items/Weapons/OneHandWeapons/OneHandSpears/FourSpear1;?
item	Hardwood Targe	Тарджет из твёрдой древесины	WzI1LDE0LHsiZiI6IjJESXRlbXMvT2ZmaGFuZC9TaGllbGRzL1NoaWVsZDAxIiwidyI6MiwiaCI6Mywic2NhbGUiOjEsInJlYWxtIjoicG9lMiJ9XQ/aee8591b21/Shield01.png	Metadata/Items/Armours/Shields/FourShieldStrDex1
item	Hatungo Garb	Одеяние хатанго	WzI1LDE0LHsiZiI6IjJESXRlbXMvQXJtb3Vycy9Cb2R5QXJtb3Vycy9CYXNldHlwZXMvQm9keURleEludDA1IiwidyI6MiwiaCI6Mywic2NhbGUiOjEsInJlYWxtIjoicG9lMiJ9XQ/9875eb2d08/BodyDexInt05.png	Metadata/Items/Armours/BodyArmours/FourBodyDexInt5Cruel
item	Havoc Raiment	Одежды хаоса		Metadata/Items/Armours/BodyArmours/FourBodyInt13
item	Hawk Idol	Идол ястреба	WzI1LDE0LHsiZiI6IjJESXRlbXMvQ3VycmVuY3kvVG9ybWVudGVkU3Bpcml0U29ja2V0YWJsZXMvQXptZXJpU29ja2V0YWJsZUhhd2siLCJ3IjoxLCJoIjoxLCJzY2FsZSI6MSwicmVhbG0iOiJwb2UyIn1d/91ec0a8623/AzmeriSocketableHawk.png	
item	Hawker's Jacket	Накидка ястребятника	WzI1LDE0LHsiZiI6IjJESXRlbXMvQXJtb3Vycy9Cb2R5QXJtb3Vycy9CYXNldHlwZXMvQm9keURleEludDA2IiwidyI6MiwiaCI6Mywic2NhbGUiOjEsInJlYWxtIjoicG9lMiJ9XQ/512e4bd095/BodyDexInt06.png	Metadata/Items/Armours/BodyArmours/FourBodyDexInt6Cruel
item	Hayoxi's Soul Core of Heatproofing	Ядро душ жаростойкости Хайоши	WzI1LDE0LHsiZiI6IjJESXRlbXMvQ3VycmVuY3kvU291bENvcmVzL05ld1NvdWxDb3JlSWNlIiwic2NhbGUiOjEsInJlYWxtIjoicG9lMiJ9XQ/6d8455bff0/NewSoulCoreIce.png	
item	Head of the King	Голова Хозяина	WzI1LDE0LHsiZiI6IjJESXRlbXMvUXVlc3RJdGVtcy9LaW5nb2Z0aGVNaXN0SGVhZCIsInNjYWxlIjoxLCJyZWFsbSI6InBvZTIifV0/254e341ba3/KingoftheMistHead.png	
item	Heartcarver Mantle	Мантия вырезателя сердец	WzI1LDE0LHsiZiI6IjJESXRlbXMvQXJtb3Vycy9Cb2R5QXJtb3Vycy9CYXNldHlwZXMvQm9keUludFN0cjA2IiwidyI6MiwiaCI6Mywic2NhbGUiOjEsInJlYWxtIjoicG9lMiJ9XQ/2188f05fcc/BodyIntStr06.png	Metadata/Items/Armours/BodyArmours/FourBodyStrInt6Cruel
item	Heartwood Shortbow	Короткий лук из ядровой древесины		Metadata/Items/Weapons/TwoHandWeapons/Bows/FourBowUnique1
item	Heavy Belt	Тяжёлый ремень	WzI1LDE0LHsiZiI6IjJESXRlbXMvQmVsdHMvQmFzZXR5cGVzL0JlbHQwOSIsInciOjIsImgiOjEsInNjYWxlIjoxLCJyZWFsbSI6InBvZTIifV0/3299e86495/Belt09.png	Metadata/Items/Belts/FourBelt9;stat_680068163=0
item	Heavy Bow	Тяжёлый лук		Metadata/Items/Weapons/TwoHandWeapons/Bows/FourBow13
item	Heavy Crown	Тяжёлая корона	WzI1LDE0LHsiZiI6IjJESXRlbXMvQXJtb3Vycy9IZWxtZXRzL0Jhc2V0eXBlcy9IZWxtZXRJbnRTdHIwNSIsInciOjIsImgiOjIsInNjYWxlIjoxLCJyZWFsbSI6InBvZTIifV0/2ded003789/HelmetIntStr05.png	Metadata/Items/Armours/Helmets/FourHelmetStrInt5
item	Heavy Greathammer	Тяжёлый молот	WzI1LDE0LHsiZiI6IjJESXRlbXMvV2VhcG9ucy9Ud29IYW5kV2VhcG9ucy9Ud29IYW5kTWFjZXMvQmFzZXR5cGVzLzJITWFjZTA3IiwidyI6MiwiaCI6NCwic2NhbGUiOjEsInJlYWxtIjoicG9lMiJ9XQ/e7ae9f768b/2HMace07.png	Metadata/Items/Weapons/TwoHandWeapons/TwoHandMaces/FourTwoHandMace7Cruel
item	Heavy Plate	Тяжёлые латы	WzI1LDE0LHsiZiI6IjJESXRlbXMvQXJtb3Vycy9Cb2R5QXJtb3Vycy9CYXNldHlwZXMvQm9keVN0cjA3IiwidyI6MiwiaCI6Mywic2NhbGUiOjEsInJlYWxtIjoicG9lMiJ9XQ/4e67af290e/BodyStr07.png	Metadata/Items/Armours/BodyArmours/FourBodyStr7Cruel
item	Hedgewitch Assandra's Rune of Wisdom	Руна мудрости лесной ведьмы Ассандры	WzI1LDE0LHsiZiI6IjJESXRlbXMvQ3VycmVuY3kvUnVuZXMvTmV3UnVuZTEiLCJzY2FsZSI6MSwicmVhbG0iOiJwb2UyIn1d/ea21196cfb/NewRune1.png	
item	Hefty Quarterstaff	Массивный боевой посох	WzI1LDE0LHsiZiI6IjJESXRlbXMvV2VhcG9ucy9Ud29IYW5kV2VhcG9ucy9XYXJTdGF2ZXMvV2Fyc3RhZmYwOSIsInciOjIsImgiOjQsInNjYWxlIjoxLCJyZWFsbSI6InBvZTIifV0/fbbd584845/Warstaff09.png	Metadata/Items/Weapons/TwoHandWeapons/Staves/FourQuarterstaff9;stat_2933846633|stat_3146310524=0
item	Heirloom Cuffs	Фамильные манжеты	WzI1LDE0LHsiZiI6IjJESXRlbXMvQXJtb3Vycy9HbG92ZXMvQmFzZXR5cGVzL0dsb3Zlc0ludFN0cjAyIiwidyI6MiwiaCI6Miwic2NhbGUiOjEsInJlYWxtIjoicG9lMiJ9XQ/06defd5790/GlovesIntStr02.png	Metadata/Items/Armours/Gloves/FourGlovesStrInt2Cruel
item	Helix Spear	Спиралевидное копьё	WzI1LDE0LHsiZiI6IjJESXRlbXMvV2VhcG9ucy9PbmVIYW5kV2VhcG9ucy9PbmVIYW5kU3BlYXJzLzFIU3BlYXIxMyIsInciOjEsImgiOjQsInNjYWxlIjoxLCJyZWFsbSI6InBvZTIifV0/adad4234d0/1HSpear13.png	Metadata/Items/Weapons/OneHandWeapons/OneHandSpears/FourSpear13;?
item	Heraldric Tower Shield	Геральдический ростовой щит	WzI1LDE0LHsiZiI6IjJESXRlbXMvT2ZmaGFuZC9TaGllbGRzL1Rvd2VyMDciLCJ3IjoyLCJoIjo0LCJzY2FsZSI6MSwicmVhbG0iOiJwb2UyIn1d/bbca7483fc/Tower07.png	Metadata/Items/Armours/Shields/FourShieldStr7
item	Hermit Garb	Наряд отшельника	WzI1LDE0LHsiZiI6IjJESXRlbXMvQXJtb3Vycy9Cb2R5QXJtb3Vycy9CYXNldHlwZXMvQm9keURleEludDAxIiwidyI6MiwiaCI6Mywic2NhbGUiOjEsInJlYWxtIjoicG9lMiJ9XQ/4fbd4624e7/BodyDexInt01.png	Metadata/Items/Armours/BodyArmours/FourBodyDexInt1
item	Heroic Armour	Доспех героя		Metadata/Items/Armours/BodyArmours/FourBodyStrDex11;stat_3299347043=0
item	Hewn Mask	Обтёсанная маска	WzI1LDE0LHsiZiI6IjJESXRlbXMvQXJtb3Vycy9IZWxtZXRzL0Jhc2V0eXBlcy9IZWxtZXREZXhJbnQwMSIsInciOjIsImgiOjIsInNjYWxlIjoxLCJyZWFsbSI6InBvZTIifV0/3990268355/HelmetDexInt01.png	Metadata/Items/Armours/Helmets/FourHelmetDexInt1
item	Hexer's Robe	Ведьмино облачение	WzI1LDE0LHsiZiI6IjJESXRlbXMvQXJtb3Vycy9Cb2R5QXJtb3Vycy9CYXNldHlwZXMvQm9keUludDAzIiwidyI6MiwiaCI6Mywic2NhbGUiOjEsInJlYWxtIjoicG9lMiJ9XQ/72f888e8c2/BodyInt03.png	Metadata/Items/Armours/BodyArmours/FourBodyInt3
item	Hinekora's Lock	Прядь Хинекоры	WzI1LDE0LHsiZiI6IjJESXRlbXMvQ3VycmVuY3kvSGluZWtvcmFzTG9jayIsInNjYWxlIjoxLCJyZWFsbSI6InBvZTIifV0/ab2163ae06/HinekorasLock.png	
item	Holy Flail	Священное молотило		Metadata/Items/Weapons/OneHandWeapons/Flails/FourFlail3
item	Homeguard Greathelm	Большой шлем пустынного стража	WzI1LDE0LHsiZiI6IjJESXRlbXMvQXJtb3Vycy9IZWxtZXRzL0Jhc2V0eXBlcy9IZWxtZXRTdHIwMyIsInciOjIsImgiOjIsInNjYWxlIjoxLCJyZWFsbSI6InBvZTIifV0/72edb29cb8/HelmetStr03.png	Metadata/Items/Armours/Helmets/FourHelmetStr3Cruel
item	Hooded Mask	Маска с капюшоном	WzI1LDE0LHsiZiI6IjJESXRlbXMvQXJtb3Vycy9IZWxtZXRzL0Jhc2V0eXBlcy9IZWxtZXREZXhJbnQwMyIsInciOjIsImgiOjIsInNjYWxlIjoxLCJyZWFsbSI6InBvZTIifV0/0d5504ae23/HelmetDexInt03.png	Metadata/Items/Armours/Helmets/FourHelmetDexInt3
item	Hook Axe	Секач		Metadata/Items/Weapons/OneHandWeapons/OneHandAxes/FourOneHandAxe2;stat_1725749947=0
item	Horned Crown	Корона с рогами	WzI1LDE0LHsiZiI6IjJESXRlbXMvQXJtb3Vycy9IZWxtZXRzL0Jhc2V0eXBlcy9IZWxtZXRJbnRTdHIwMiIsInciOjIsImgiOjIsInNjYWxlIjoxLCJyZWFsbSI6InBvZTIifV0/b5cbbe6ce4/HelmetIntStr02.png	Metadata/Items/Armours/Helmets/FourHelmetStrInt2
item	Howling Talisman	Воющий талисман	WzI1LDE0LHsiZiI6IjJESXRlbXMvT2ZmaGFuZC9UYWxpc21hbnMvUHJpbWFsVGFsaXNtYW4iLCJ3IjoyLCJoIjoyLCJzY2FsZSI6MSwicmVhbG0iOiJwb2UyIn1d/abb37076d1/PrimalTalisman.png	Metadata/Items/Weapons/TwoHandWeapons/Talismans/Talisman6Cruel;stat_1702195217=0
item	Hunter Hood	Капюшон охотника	WzI1LDE0LHsiZiI6IjJESXRlbXMvQXJtb3Vycy9IZWxtZXRzL0Jhc2V0eXBlcy9IZWxtZXREZXgwNSIsInciOjIsImgiOjIsInNjYWxlIjoxLCJyZWFsbSI6InBvZTIifV0/367615d8a8/HelmetDex05.png	Metadata/Items/Armours/Helmets/FourHelmetDex5
item	Hunting Bracers	Охотничьи наручи	WzI1LDE0LHsiZiI6IjJESXRlbXMvQXJtb3Vycy9HbG92ZXMvQmFzZXR5cGVzL0dsb3Zlc0RleDAyIiwidyI6MiwiaCI6Miwic2NhbGUiOjEsInJlYWxtIjoicG9lMiJ9XQ/7a62d10b16/GlovesDex02.png	Metadata/Items/Armours/Gloves/FourGlovesDex2Cruel
item	Hunting Coat	Куртка охотника	WzI1LDE0LHsiZiI6IjJESXRlbXMvQXJtb3Vycy9Cb2R5QXJtb3Vycy9CYXNldHlwZXMvQm9keURleDAzIiwidyI6MiwiaCI6Mywic2NhbGUiOjEsInJlYWxtIjoicG9lMiJ9XQ/cc5ba22973/BodyDex03.png	Metadata/Items/Armours/BodyArmours/FourBodyDex3Cruel
item	Hunting Shoes	Охотничьи ботинки	WzI1LDE0LHsiZiI6IjJESXRlbXMvQXJtb3Vycy9Cb290cy9CYXNldHlwZXMvQm9vdHNEZXhJbnQwMyIsInciOjIsImgiOjIsInNjYWxlIjoxLCJyZWFsbSI6InBvZTIifV0/f36ea8ace2/BootsDexInt03.png	Metadata/Items/Armours/Boots/FourBootsDexInt3
item	Hunting Spear	Охотничье копьё	WzI1LDE0LHsiZiI6IjJESXRlbXMvV2VhcG9ucy9PbmVIYW5kV2VhcG9ucy9PbmVIYW5kU3BlYXJzLzFIU3BlYXIwMyIsInciOjEsImgiOjQsInNjYWxlIjoxLCJyZWFsbSI6InBvZTIifV0/d4c8557684/1HSpear03.png	Metadata/Items/Weapons/OneHandWeapons/OneHandSpears/FourSpear3;?;stat_2763429652=0
item	Icicle Flail	Льдистый кистень	WzI1LDE0LHsiZiI6IjJESXRlbXMvV2VhcG9ucy9PbmVIYW5kV2VhcG9ucy9GbGFpbHMvRmxhaWwxMCIsInciOjIsImgiOjMsInNjYWxlIjoxLCJyZWFsbSI6InBvZTIifV0/1c3281665b/Flail10.png	Metadata/Items/Weapons/OneHandWeapons/Flails/FourFlail10;?
item	Idol of Alira	Идол Алиры	WzI1LDE0LHsiZiI6IjJESXRlbXMvQ3VycmVuY3kvVG9ybWVudGVkU3Bpcml0U29ja2V0YWJsZXMvSWRvbG9BbGlyYSIsInNjYWxlIjoxLCJyZWFsbSI6InBvZTIifV0/e42de4138f/IdoloAlira.png	
item	Idol of Eeshta	Идол Ишты	WzI1LDE0LHsiZiI6IjJESXRlbXMvQ3VycmVuY3kvVG9ybWVudGVkU3Bpcml0U29ja2V0YWJsZXMvQXptZXJpU29ja2V0YWJsZU93bFNwZWNpYWwiLCJzY2FsZSI6MSwicmVhbG0iOiJwb2UyIn1d/8965465ce6/AzmeriSocketableOwlSpecial.png	
item	Idol of Egrin	Идол Эгрина	WzI1LDE0LHsiZiI6IjJESXRlbXMvQ3VycmVuY3kvVG9ybWVudGVkU3Bpcml0U29ja2V0YWJsZXMvQXptZXJpU29ja2V0YWJsZUNhdFNwZWNpYWwiLCJzY2FsZSI6MSwicmVhbG0iOiJwb2UyIn1d/16657ca6fc/AzmeriSocketableCatSpecial.png	
item	Idol of Eramir	Идол Эрамира	WzI1LDE0LHsiZiI6IjJESXRlbXMvQ3VycmVuY3kvVG9ybWVudGVkU3Bpcml0U29ja2V0YWJsZXMvSWRvbG9mRXJhbWlyIiwic2NhbGUiOjEsInJlYWxtIjoicG9lMiJ9XQ/16c654b06e/IdolofEramir.png	
item	Idol of Estazunti	Идол Эстазунти	WzI1LDE0LHsiZiI6IjJESXRlbXMvUXVlc3RJdGVtcy9WYWFsR29sZGVuRmlndXJlS2V5Iiwic2NhbGUiOjEsInJlYWxtIjoicG9lMiJ9XQ/3973ea9ab1/VaalGoldenFigureKey.png	
item	Idol of Greust	Идол Груста	WzI1LDE0LHsiZiI6IjJESXRlbXMvQ3VycmVuY3kvVG9ybWVudGVkU3Bpcml0U29ja2V0YWJsZXMvSWRvbG9mR3JldXN0Iiwic2NhbGUiOjEsInJlYWxtIjoicG9lMiJ9XQ/04513fa428/IdolofGreust.png	
item	Idol of Grold	Идол Грольда	WzI1LDE0LHsiZiI6IjJESXRlbXMvQ3VycmVuY3kvVG9ybWVudGVkU3Bpcml0U29ja2V0YWJsZXMvQXptZXJpU29ja2V0YWJsZUJlYXJTcGVjaWFsIiwic2NhbGUiOjEsInJlYWxtIjoicG9lMiJ9XQ/363a2de335/AzmeriSocketableBearSpecial.png	
item	Idol of Kraityn	Идол Крайтина	WzI1LDE0LHsiZiI6IjJESXRlbXMvQ3VycmVuY3kvVG9ybWVudGVkU3Bpcml0U29ja2V0YWJsZXMvSWRvbG9LcmFpdHluIiwic2NhbGUiOjEsInJlYWxtIjoicG9lMiJ9XQ/06571f7a6a/IdoloKraityn.png	
item	Idol of Maxarius	Идол Макерия	WzI1LDE0LHsiZiI6IjJESXRlbXMvQ3VycmVuY3kvVG9ybWVudGVkU3Bpcml0U29ja2V0YWJsZXMvQXptZXJpU29ja2V0YWJsZVN0YWdTcGVjaWFsIiwic2NhbGUiOjEsInJlYWxtIjoicG9lMiJ9XQ/f012409342/AzmeriSocketableStagSpecial.png	
item	Idol of Oak	Идол Дуба	WzI1LDE0LHsiZiI6IjJESXRlbXMvQ3VycmVuY3kvVG9ybWVudGVkU3Bpcml0U29ja2V0YWJsZXMvSWRvbG9mT2FrIiwic2NhbGUiOjEsInJlYWxtIjoicG9lMiJ9XQ/3b899a4269/IdolofOak.png	
item	Idol of Ralakesh	Идол Ралакеша	WzI1LDE0LHsiZiI6IjJESXRlbXMvQ3VycmVuY3kvVG9ybWVudGVkU3Bpcml0U29ja2V0YWJsZXMvQXptZXJpU29ja2V0YWJsZU1vbmtleVNwZWNpYWwiLCJzY2FsZSI6MSwicmVhbG0iOiJwb2UyIn1d/8ffc9986a0/AzmeriSocketableMonkeySpecial.png	
item	Idol of Silk	Идол Шёлка	WzI1LDE0LHsiZiI6IjJESXRlbXMvQ3VycmVuY3kvVG9ybWVudGVkU3Bpcml0U29ja2V0YWJsZXMvSWRvbG9mU2lsayIsInNjYWxlIjoxLCJyZWFsbSI6InBvZTIifV0/79679b0f2b/IdolofSilk.png	
item	Idol of Sirrius	Идол Сирриуса	WzI1LDE0LHsiZiI6IjJESXRlbXMvQ3VycmVuY3kvVG9ybWVudGVkU3Bpcml0U29ja2V0YWJsZXMvQXptZXJpU29ja2V0YWJsZVdvbGZTcGVjaWFsIiwic2NhbGUiOjEsInJlYWxtIjoicG9lMiJ9XQ/53db9f9ba3/AzmeriSocketableWolfSpecial.png	
item	Idol of Thruldana	Идол Трулданы	WzI1LDE0LHsiZiI6IjJESXRlbXMvQ3VycmVuY3kvVG9ybWVudGVkU3Bpcml0U29ja2V0YWJsZXMvQXptZXJpU29ja2V0YWJsZVNuYWtlU3BlY2lhbCIsInNjYWxlIjoxLCJyZWFsbSI6InBvZTIifV0/f44ebc01aa/AzmeriSocketableSnakeSpecial.png	
item	Idol of Yeena	Идол Йины	WzI1LDE0LHsiZiI6IjJESXRlbXMvQ3VycmVuY3kvVG9ybWVudGVkU3Bpcml0U29ja2V0YWJsZXMvSWRvbG9mWWVlbmEiLCJzY2FsZSI6MSwicmVhbG0iOiJwb2UyIn1d/f9671c2da7/IdolofYeena.png	
item	Idol of the Martyr	Идол жертвы	WzI1LDE0LHsiZiI6IjJESXRlbXMvQ3VycmVuY3kvVG9ybWVudGVkU3Bpcml0U29ja2V0YWJsZXMvUml0dWFsQ29ycnVwdGVkSWRvbDIiLCJzY2FsZSI6MSwicmVhbG0iOiJwb2UyIn1d/3d4b0cf485/RitualCorruptedIdol2.png	
item	Idol of the Pharisee	Идол фарисея	WzI1LDE0LHsiZiI6IjJESXRlbXMvQ3VycmVuY3kvVG9ybWVudGVkU3Bpcml0U29ja2V0YWJsZXMvUml0dWFsQ29ycnVwdGVkSWRvbDMiLCJzY2FsZSI6MSwicmVhbG0iOiJwb2UyIn1d/8555a2a109/RitualCorruptedIdol3.png	
item	Idol of the Sycophant	Идол прислужника	WzI1LDE0LHsiZiI6IjJESXRlbXMvQ3VycmVuY3kvVG9ybWVudGVkU3Bpcml0U29ja2V0YWJsZXMvUml0dWFsQ29ycnVwdGVkSWRvbDEiLCJzY2FsZSI6MSwicmVhbG0iOiJwb2UyIn1d/cac5e993bc/RitualCorruptedIdol1.png	
item	Imperial Greathelm	Имперский большой шлем	WzI1LDE0LHsiZiI6IjJESXRlbXMvQXJtb3Vycy9IZWxtZXRzL0Jhc2V0eXBlcy9IZWxtZXRTdHIwNyIsInciOjIsImgiOjIsInNjYWxlIjoxLCJyZWFsbSI6InBvZTIifV0/a455b9fc43/HelmetStr07.png	Metadata/Items/Armours/Helmets/FourHelmetStr7Endgame
item	Incense Relic	Курительница	WzI1LDE0LHsiZiI6IjJESXRlbXMvUmVsaWNzL1JlbGljQmFzZTR4MSIsInciOjQsImgiOjEsInNjYWxlIjoxLCJyZWFsbSI6InBvZTIifV0/d81e96268e/RelicBase4x1.png	Metadata/Items/Relics/SanctumRelic4x1
item	Inquisitor Crown	Корона инквизитора	WzI1LDE0LHsiZiI6IjJESXRlbXMvQXJtb3Vycy9IZWxtZXRzL0Jhc2V0eXBlcy9IZWxtZXRJbnRTdHIwNSIsInciOjIsImgiOjIsInNjYWxlIjoxLCJyZWFsbSI6InBvZTIifV0/2ded003789/HelmetIntStr05.png	Metadata/Items/Armours/Helmets/FourHelmetStrInt5Cruel
item	Inscribed Ultimatum	Начертанный Ультиматум	WzI1LDE0LHsiZiI6IjJESXRlbXMvTWFwcy9VbHRpbWF0dW1UcmlhbEl0ZW0iLCJ3IjoxLCJoIjoxLCJzY2FsZSI6MSwicmVhbG0iOiJwb2UyIn1d/ca16daf7d4/UltimatumTrialItem.png	
item	Inspiration Rune	Руна вдохновения	WzI1LDE0LHsiZiI6IjJESXRlbXMvQ3VycmVuY3kvUnVuZXMvTWFuYVJlY292ZXJ5UnVuZSIsInNjYWxlIjoxLCJyZWFsbSI6InBvZTIifV0/5154db8cf8/ManaRecoveryRune.png	
item	Intricate Crest Shield	Затейливый гербовый щит	WzI1LDE0LHsiZiI6IjJESXRlbXMvT2ZmaGFuZC9TaGllbGRzL0NyZXN0MDIiLCJ3IjoyLCJoIjozLCJzY2FsZSI6MSwicmVhbG0iOiJwb2UyIn1d/590ed48c93/Crest02.png	Metadata/Items/Armours/Shields/FourShieldStrInt2Endgame
item	Intricate Gloves	Затейливые перчатки	WzI1LDE0LHsiZiI6IjJESXRlbXMvQXJtb3Vycy9HbG92ZXMvQmFzZXR5cGVzL0dsb3Zlc0ludDA1IiwidyI6MiwiaCI6Miwic2NhbGUiOjEsInJlYWxtIjoicG9lMiJ9XQ/b273510d40/GlovesInt05.png	Metadata/Items/Armours/Gloves/FourGlovesInt5
item	Invoking Belt	Ремень призывателя	WzI1LDE0LHsiZiI6IjJESXRlbXMvQmVsdHMvQmFzZXR5cGVzL0ludm9raW5nQmVsdCIsInciOjIsImgiOjEsInNjYWxlIjoxLCJyZWFsbSI6InBvZTIifV0/a7bacaf6d5/InvokingBelt.png	Metadata/Items/Belts/FourBeltB2;stat_1416292992=0;stat_2891184298=0
item	Ire of Aldur	Гнев Альдура	WzI1LDE0LHsiZiI6IjJESXRlbXMvQ3VycmVuY3kvRXhwZWRpdGlvbjIvRWxlbWVudGFsQ29udmVyc2lvblJ1bmVMaWdodG5pbmciLCJzY2FsZSI6MSwicmVhbG0iOiJwb2UyIn1d/73938a519b/ElementalConversionRuneLightning.png	
item	Iron Buckler	Железный баклер	WzI1LDE0LHsiZiI6IjJESXRlbXMvT2ZmaGFuZC9TaGllbGRzL0J1Y2tsZXIwNCIsInciOjIsImgiOjIsInNjYWxlIjoxLCJyZWFsbSI6InBvZTIifV0/66df4fdfc1/Buckler04.png	Metadata/Items/Armours/Shields/FourShieldDex4
item	Iron Crown	Железная корона	WzI1LDE0LHsiZiI6IjJESXRlbXMvQXJtb3Vycy9IZWxtZXRzL0Jhc2V0eXBlcy9IZWxtZXRJbnRTdHIwMSIsInciOjIsImgiOjIsInNjYWxlIjoxLCJyZWFsbSI6InBvZTIifV0/039c748dc9/HelmetIntStr01.png	Metadata/Items/Armours/Helmets/FourHelmetStrInt1
item	Iron Cuirass	Железная кираса	WzI1LDE0LHsiZiI6IjJESXRlbXMvQXJtb3Vycy9Cb2R5QXJtb3Vycy9CYXNldHlwZXMvQm9keVN0cjAzIiwidyI6MiwiaCI6Mywic2NhbGUiOjEsInJlYWxtIjoicG9lMiJ9XQ/d5346c8ff4/BodyStr03.png	Metadata/Items/Armours/BodyArmours/FourBodyStr3
item	Iron Flail	Железный кистень		Metadata/Items/Weapons/OneHandWeapons/Flails/FourFlail4
item	Iron Greatsword	Железный большой меч		Metadata/Items/Weapons/TwoHandWeapons/TwoHandSwords/FourTwoHandSword2
item	Iron Greaves	Железные поножи	WzI1LDE0LHsiZiI6IjJESXRlbXMvQXJtb3Vycy9Cb290cy9CYXNldHlwZXMvQm9vdHNTdHIwMiIsInciOjIsImgiOjIsInNjYWxlIjoxLCJyZWFsbSI6InBvZTIifV0/70eea32d34/BootsStr02.png	Metadata/Items/Armours/Boots/FourBootsStr2
item	Iron Ring	Железное кольцо	WzI1LDE0LHsiZiI6IjJESXRlbXMvUmluZ3MvQmFzZXR5cGVzL0lyb25SaW5nIiwidyI6MSwiaCI6MSwic2NhbGUiOjEsInJlYWxtIjoicG9lMiJ9XQ/155a44583e/IronRing.png	Metadata/Items/Rings/FourRing1;stat_3032590688=0,0
item	Iron Rune	Руна железа	WzI1LDE0LHsiZiI6IjJESXRlbXMvQ3VycmVuY3kvUnVuZXMvRW5oYW5jZVJ1bmUiLCJzY2FsZSI6MSwicmVhbG0iOiJwb2UyIn1d/cfeb426ee0/EnhanceRune.png	
item	Ironclad Vestments	Ратное облачение	WzI1LDE0LHsiZiI6IjJESXRlbXMvQXJtb3Vycy9Cb2R5QXJtb3Vycy9CYXNldHlwZXMvQm9keUludFN0cjA1IiwidyI6MiwiaCI6Mywic2NhbGUiOjEsInJlYWxtIjoicG9lMiJ9XQ/81cbdffc78/BodyIntStr05.png	Metadata/Items/Armours/BodyArmours/FourBodyStrInt5
item	Ironhead Spear	Копьё с железным наконечником	WzI1LDE0LHsiZiI6IjJESXRlbXMvV2VhcG9ucy9PbmVIYW5kV2VhcG9ucy9PbmVIYW5kU3BlYXJzLzFIU3BlYXIwMiIsInciOjEsImgiOjQsInNjYWxlIjoxLCJyZWFsbSI6InBvZTIifV0/08f2f8530e/1HSpear02.png	Metadata/Items/Weapons/OneHandWeapons/OneHandSpears/FourSpear2;?
item	Ironmail Gauntlets	Железные кольчужные перчатки	WzI1LDE0LHsiZiI6IjJESXRlbXMvQXJtb3Vycy9HbG92ZXMvQmFzZXR5cGVzL0dsb3Zlc1N0ckRleDAxIiwidyI6MiwiaCI6Miwic2NhbGUiOjEsInJlYWxtIjoicG9lMiJ9XQ/b26babb5f6/GlovesStrDex01.png	Metadata/Items/Armours/Gloves/FourGlovesStrDex1Cruel
item	Ironwood Greathammer	Кувалда из железного дерева	WzI1LDE0LHsiZiI6IjJESXRlbXMvV2VhcG9ucy9Ud29IYW5kV2VhcG9ucy9Ud29IYW5kTWFjZXMvQmFzZXR5cGVzLzJITWFjZTAyIiwidyI6MiwiaCI6NCwic2NhbGUiOjEsInJlYWxtIjoicG9lMiJ9XQ/3ed2c526c1/2HMace02.png	Metadata/Items/Weapons/TwoHandWeapons/TwoHandMaces/FourTwoHandMace2Endgame;stat_791928121=0
item	Ironwood Shortbow	Короткий лук из железного дерева	WzI1LDE0LHsiZiI6IjJESXRlbXMvV2VhcG9ucy9Ud29IYW5kV2VhcG9ucy9Cb3dzL0Jhc2V0eXBlcy9Cb3cwMiIsInciOjIsImgiOjQsInNjYWxlIjoxLCJyZWFsbSI6InBvZTIifV0/1ea0e1977e/Bow02.png	Metadata/Items/Weapons/TwoHandWeapons/Bows/FourBow2Endgame
item	Ironwood Targe	Тарджет из железного дерева	WzI1LDE0LHsiZiI6IjJESXRlbXMvT2ZmaGFuZC9TaGllbGRzL1NoaWVsZDAxIiwidyI6MiwiaCI6Mywic2NhbGUiOjEsInJlYWxtIjoicG9lMiJ9XQ/aee8591b21/Shield01.png	Metadata/Items/Armours/Shields/FourShieldStrDex1Cruel
item	Irradiated Tablet	Заражённая плитка	WzI1LDE0LHsiZiI6IjJESXRlbXMvQ3VycmVuY3kvUHJlY3Vyc29yVGFibGV0cy9QcmVjdXJzb3JUYWJsZXRHZW5lcmljIiwidyI6MSwiaCI6MSwic2NhbGUiOjEsInJlYWxtIjoicG9lMiJ9XQ/4fbc73f060/PrecursorTabletGeneric.png	Metadata/Items/TowerAugment/GenericAugment;?,?
item	Itinerant Jacket	Плащ странника	WzI1LDE0LHsiZiI6IjJESXRlbXMvQXJtb3Vycy9Cb2R5QXJtb3Vycy9CYXNldHlwZXMvQm9keURleEludDA0IiwidyI6MiwiaCI6Mywic2NhbGUiOjEsInJlYWxtIjoicG9lMiJ9XQ/dba7d26275/BodyDexInt04.png	Metadata/Items/Armours/BodyArmours/FourBodyDexInt4Cruel
item	Jade Amulet	Амулет с нефритом	WzI1LDE0LHsiZiI6IjJESXRlbXMvQW11bGV0cy9CYXNldHlwZXMvSmFkZUFtdWxldCIsInciOjEsImgiOjEsInNjYWxlIjoxLCJyZWFsbSI6InBvZTIifV0/ac51014172/JadeAmulet.png	Metadata/Items/Amulets/FourAmulet4;stat_3261801346=0
item	Jade Club	Нефритовая дубинка	WzI1LDE0LHsiZiI6IjJESXRlbXMvV2VhcG9ucy9PbmVIYW5kV2VhcG9ucy9PbmVIYW5kTWFjZXMvQmFzZXR5cGVzLzFITWFjZTEwIiwidyI6MiwiaCI6Mywic2NhbGUiOjEsInJlYWxtIjoicG9lMiJ9XQ/f681d01e69/1HMace10.png	Metadata/Items/Weapons/OneHandWeapons/OneHandMaces/FourOneHandMace10;stat_4126210832
item	Jade Talisman	Нефритовый талисман	WzI1LDE0LHsiZiI6IjJESXRlbXMvT2ZmaGFuZC9UYWxpc21hbnMvTHVtYmVyaW5nVGFsaXNtYW4iLCJ3IjoyLCJoIjoyLCJzY2FsZSI6MSwicmVhbG0iOiJwb2UyIn1d/75c7ed525d/LumberingTalisman.png	Metadata/Items/Weapons/TwoHandWeapons/Talismans/Talisman10Endgame
item	Jade Tiara	Нефритовая тиара	WzI1LDE0LHsiZiI6IjJESXRlbXMvQXJtb3Vycy9IZWxtZXRzL0Jhc2V0eXBlcy9IZWxtZXRJbnQwOCIsInciOjIsImgiOjIsInNjYWxlIjoxLCJyZWFsbSI6InBvZTIifV0/6e0502ce1f/HelmetInt08.png	Metadata/Items/Armours/Helmets/FourHelmetInt8
item	Jagged Greataxe	Зазубренный тяжёлый топор	WzI1LDE0LHsiZiI6IjJESXRlbXMvV2VhcG9ucy9Ud29IYW5kV2VhcG9ucy9Ud29IYW5kQXhlcy9CYXNldHlwZXMvMkhBeGUwOCIsInciOjIsImgiOjQsInNjYWxlIjoxLCJyZWFsbSI6InBvZTIifV0/c940784169/2HAxe08.png	Metadata/Items/Weapons/TwoHandWeapons/TwoHandAxes/FourTwoHandAxe8;stat_1519615863=0
item	Jagged Spear	Копьё с зубцами	WzI1LDE0LHsiZiI6IjJESXRlbXMvV2VhcG9ucy9PbmVIYW5kV2VhcG9ucy9PbmVIYW5kU3BlYXJzLzFIU3BlYXIwNyIsInciOjEsImgiOjQsInNjYWxlIjoxLCJyZWFsbSI6InBvZTIifV0/9bda9719ba/1HSpear07.png	Metadata/Items/Weapons/OneHandWeapons/OneHandSpears/FourSpear7Cruel;?;stat_3828375170=0
item	Jewelled Gloves	Инкрустированные перчатки	WzI1LDE0LHsiZiI6IjJESXRlbXMvQXJtb3Vycy9HbG92ZXMvQmFzZXR5cGVzL0dsb3Zlc0ludDA0IiwidyI6MiwiaCI6Miwic2NhbGUiOjEsInJlYWxtIjoicG9lMiJ9XQ/8882887a8e/GlovesInt04.png	Metadata/Items/Armours/Gloves/FourGlovesInt4
item	Jingling Buckler	Звенящий баклер	WzI1LDE0LHsiZiI6IjJESXRlbXMvT2ZmaGFuZC9TaGllbGRzL0J1Y2tsZXIwNyIsInciOjIsImgiOjIsInNjYWxlIjoxLCJyZWFsbSI6InBvZTIifV0/3e57ac46e5/Buckler07.png	Metadata/Items/Armours/Shields/FourShieldDex7Cruel
item	Jingling Crest Shield	Звенящий гербовый щит	WzI1LDE0LHsiZiI6IjJESXRlbXMvT2ZmaGFuZC9TaGllbGRzL0NyZXN0MDQiLCJ3IjoyLCJoIjozLCJzY2FsZSI6MSwicmVhbG0iOiJwb2UyIn1d/d54e9d2de5/Crest04.png	Metadata/Items/Armours/Shields/FourShieldStrInt4
item	Jingling Focus	Звенящий фокус	WzI1LDE0LHsiZiI6IjJESXRlbXMvT2ZmaGFuZC9Gb2NpL0Jhc2V0eXBlcy9Gb2N1czA1IiwidyI6MiwiaCI6Mywic2NhbGUiOjEsInJlYWxtIjoicG9lMiJ9XQ/0e885caa36/Focus05.png	Metadata/Items/Armours/Focii/FourFocus5Cruel
item	Jiquani's Soul Core of Abundance	Ядро душ изобилия Джиквани	WzI1LDE0LHsiZiI6IjJESXRlbXMvQ3VycmVuY3kvU291bENvcmVzL1JhcmVTb3VsQ29yZVBsYW50cyIsInNjYWxlIjoxLCJyZWFsbSI6InBvZTIifV0/ee46e1c420/RareSoulCorePlants.png	
item	Jiquani's Soul Core of Automation	Ядро душ автоматизации Джиквани	WzI1LDE0LHsiZiI6IjJESXRlbXMvQ3VycmVuY3kvU291bENvcmVzL1JhcmVTb3VsQ29yZVRvdGVtcyIsInNjYWxlIjoxLCJyZWFsbSI6InBvZTIifV0/71877a6b6e/RareSoulCoreTotems.png	
item	Jiquani's Soul Core of Malediction	Ядро душ злословия Джиквани	WzI1LDE0LHsiZiI6IjJESXRlbXMvQ3VycmVuY3kvU291bENvcmVzL1JhcmVTb3VsQ29yZUN1cnNlcyIsInNjYWxlIjoxLCJyZWFsbSI6InBvZTIifV0/1c32444d33/RareSoulCoreCurses.png	
item	Jiquani's Soul Core of Munitions	Ядро душ боеприпасов Джиквани	WzI1LDE0LHsiZiI6IjJESXRlbXMvQ3VycmVuY3kvU291bENvcmVzL1JhcmVTb3VsQ29yZUdyZW5hZGVzIiwic2NhbGUiOjEsInJlYWxtIjoicG9lMiJ9XQ/b3566867d7/RareSoulCoreGrenades.png	
item	Jiquani's Soul Core of Quaking	Ядро душ сотрясения Джиквани	WzI1LDE0LHsiZiI6IjJESXRlbXMvQ3VycmVuY3kvU291bENvcmVzL1JhcmVTb3VsQ29yZVNsYW1zIiwic2NhbGUiOjEsInJlYWxtIjoicG9lMiJ9XQ/69ad233e77/RareSoulCoreSlams.png	
item	Jiquani's Soul Core of Radiance	Ядро душ сияния Джиквани	WzI1LDE0LHsiZiI6IjJESXRlbXMvQ3VycmVuY3kvU291bENvcmVzL1JhcmVTb3VsQ29yZUhlcmFsZHMiLCJzY2FsZSI6MSwicmVhbG0iOiJwb2UyIn1d/6c7b4a05b7/RareSoulCoreHeralds.png	
item	Jiquani's Soul Core of Rallying	Ядро душ сплочения Джиквани	WzI1LDE0LHsiZiI6IjJESXRlbXMvQ3VycmVuY3kvU291bENvcmVzL1JhcmVTb3VsQ29yZVdhcmNyaWVzIiwic2NhbGUiOjEsInJlYWxtIjoicG9lMiJ9XQ/29ccae030b/RareSoulCoreWarcries.png	
item	Jiquani's Soul Core of Rippling	Ядро душ зыбкости Джиквани	WzI1LDE0LHsiZiI6IjJESXRlbXMvQ3VycmVuY3kvU291bENvcmVzL1JhcmVTb3VsQ29yZU5vdmFzIiwic2NhbGUiOjEsInJlYWxtIjoicG9lMiJ9XQ/28c6fc50b7/RareSoulCoreNovas.png	
item	Jiquani's Soul Core of Severing	Ядро душ отсечения Джиквани	WzI1LDE0LHsiZiI6IjJESXRlbXMvQ3VycmVuY3kvU291bENvcmVzL1JhcmVTb3VsQ29yZVN0cmlrZXMiLCJzY2FsZSI6MSwicmVhbG0iOiJwb2UyIn1d/a23de522f7/RareSoulCoreStrikes.png	
item	Jiquani's Soul Core of Snares	Ядро душ ловушек Джиквани	WzI1LDE0LHsiZiI6IjJESXRlbXMvQ3VycmVuY3kvU291bENvcmVzL1JhcmVTb3VsQ29yZUhhemFyZHMiLCJzY2FsZSI6MSwicmVhbG0iOiJwb2UyIn1d/23c8ce4e3d/RareSoulCoreHazards.png	
item	Jiquani's Soul Core of Squalls	Ядро душ шквалов Джиквани	WzI1LDE0LHsiZiI6IjJESXRlbXMvQ3VycmVuY3kvU291bENvcmVzL1JhcmVTb3VsQ29yZVdpbmQiLCJzY2FsZSI6MSwicmVhbG0iOiJwb2UyIn1d/48023bf3ae/RareSoulCoreWind.png	
item	Jiquani's Soul Core of Targeting	Ядро душ нацеливания Джиквани	WzI1LDE0LHsiZiI6IjJESXRlbXMvQ3VycmVuY3kvU291bENvcmVzL1JhcmVTb3VsQ29yZU1hcmtzIiwic2NhbGUiOjEsInJlYWxtIjoicG9lMiJ9XQ/cfe012547b/RareSoulCoreMarks.png	
item	Jiquani's Soul Core of Thundering	Ядро душ раскатов Джиквани	WzI1LDE0LHsiZiI6IjJESXRlbXMvQ3VycmVuY3kvU291bENvcmVzL1JhcmVTb3VsQ29yZVN0b3JtcyIsInNjYWxlIjoxLCJyZWFsbSI6InBvZTIifV0/21e5b8a994/RareSoulCoreStorms.png	
item	Jiquani's Thesis	Доклад Джиквани	WzI1LDE0LHsiZiI6IjJESXRlbXMvQ3VycmVuY3kvUGVyZmVjdFNvdWxDb3Jlcy9Tb3VsQ29yZVNvdWwiLCJzY2FsZSI6MSwicmVhbG0iOiJwb2UyIn1d/a45ab2bca2/SoulCoreSoul.png	
item	Juggernaut Plate	Доспех покорителя	WzI1LDE0LHsiZiI6IjJESXRlbXMvQXJtb3Vycy9Cb2R5QXJtb3Vycy9CYXNldHlwZXMvQm9keVN0cjA5IiwidyI6MiwiaCI6Mywic2NhbGUiOjEsInJlYWxtIjoicG9lMiJ9XQ/af59f92018/BodyStr09.png	Metadata/Items/Armours/BodyArmours/FourBodyStr9
item	Jungle Tiara	Тиара джунглей	WzI1LDE0LHsiZiI6IjJESXRlbXMvQXJtb3Vycy9IZWxtZXRzL0Jhc2V0eXBlcy9IZWxtZXRJbnQwNSIsInciOjIsImgiOjIsInNjYWxlIjoxLCJyZWFsbSI6InBvZTIifV0/e18c6eb9b7/HelmetInt05.png	Metadata/Items/Armours/Helmets/FourHelmetInt5Cruel
item	Kalguuran Cuffs	Калгууранские манжеты	WzI1LDE0LHsiZiI6IjJESXRlbXMvQXJtb3Vycy9HbG92ZXMvQmFzZXR5cGVzL0dsb3Zlc0ludFN0cjA0IiwidyI6MiwiaCI6Miwic2NhbGUiOjEsInJlYWxtIjoicG9lMiJ9XQ/5749813f61/GlovesIntStr04.png	Metadata/Items/Armours/Gloves/FourGlovesStrInt4
item	Kalguuran Forgehammer	Калгууранский кузнечный молот		Metadata/Items/Weapons/OneHandWeapons/OneHandMaces/FourOneHandMace14;stat_4077843608=0
item	Kamasa's Orb of Sacrifice	Сфера жертвоприношения Камасы	WzI1LDE0LHsiZiI6IjJESXRlbXMvQ3VycmVuY3kvSW5jdXJzaW9uQ3JhZnRpbmdPcmJzL0luY3Vyc2lvbkNvcnJ1cHRpb25PcmIzIiwic2NhbGUiOjEsInJlYWxtIjoicG9lMiJ9XQ/00e0cd1060/IncursionCorruptionOrb3.png	
item	Kamasan Tiara	Тиара Камасы	WzI1LDE0LHsiZiI6IjJESXRlbXMvQXJtb3Vycy9IZWxtZXRzL0Jhc2V0eXBlcy9IZWxtZXRJbnQwNSIsInciOjIsImgiOjIsInNjYWxlIjoxLCJyZWFsbSI6InBvZTIifV0/e18c6eb9b7/HelmetInt05.png	Metadata/Items/Armours/Helmets/FourHelmetInt5Endgame
item	Katla's Gloom	Мрачность Катлы	WzI1LDE0LHsiZiI6IjJESXRlbXMvQ3VycmVuY3kvRXhwZWRpdGlvbjIvR2FtZVdhcnBSdW5lQ2hhb3MiLCJzY2FsZSI6MSwicmVhbG0iOiJwb2UyIn1d/c59f912034/GameWarpRuneChaos.png	
item	Keen Greatsword	Эспадон	WzI1LDE0LHsiZiI6IjJESXRlbXMvV2VhcG9ucy9Ud29IYW5kV2VhcG9ucy9Ud29IYW5kU3dvcmRzL0Jhc2V0eXBlcy8ySFN3b3JkMDkiLCJ3IjoyLCJoIjo0LCJzY2FsZSI6MSwicmVhbG0iOiJwb2UyIn1d/725bfe8839/2HSword09.png	Metadata/Items/Weapons/TwoHandWeapons/TwoHandSwords/FourTwoHandSword9
item	Keth Raiment	Кетское одеяние	WzI1LDE0LHsiZiI6IjJESXRlbXMvQXJtb3Vycy9Cb2R5QXJtb3Vycy9CYXNldHlwZXMvQm9keUludDA2IiwidyI6MiwiaCI6Mywic2NhbGUiOjEsInJlYWxtIjoicG9lMiJ9XQ/f868a6a214/BodyInt06.png	Metadata/Items/Armours/BodyArmours/FourBodyInt6
item	Kinetic Ring	Кинетическое кольцо	WzI1LDE0LHsiZiI6IjJESXRlbXMvUmluZ3MvQnJlYWNobG9yZFJpbmdfVXVsTmV0b2wiLCJ3IjoxLCJoIjoxLCJzY2FsZSI6MSwicmVhbG0iOiJwb2UyIn1d/ea650a6daa/BreachlordRing_UulNetol.png	Metadata/Items/Rings/FourRingB4;stat_3032590688=0,0
item	Knight Armour	Рыцарский доспех	WzI1LDE0LHsiZiI6IjJESXRlbXMvQXJtb3Vycy9Cb2R5QXJtb3Vycy9CYXNldHlwZXMvQm9keVN0ckRleDA3IiwidyI6MiwiaCI6Mywic2NhbGUiOjEsInJlYWxtIjoicG9lMiJ9XQ/99a7ac0925/BodyStrDex07.png	Metadata/Items/Armours/BodyArmours/FourBodyStrDex7
item	Knightly Mitts	Рыцарские рукавицы	WzI1LDE0LHsiZiI6IjJESXRlbXMvQXJtb3Vycy9HbG92ZXMvQmFzZXR5cGVzL0dsb3Zlc1N0cjAyIiwidyI6MiwiaCI6Miwic2NhbGUiOjEsInJlYWxtIjoicG9lMiJ9XQ/07026229f5/GlovesStr02.png	Metadata/Items/Armours/Gloves/FourGlovesStr2Endgame
item	Kolr's Hunt	Охота Колра	WzI1LDE0LHsiZiI6IjJESXRlbXMvQ3VycmVuY3kvRXhwZWRpdGlvbjIvR2FtZVdhcnBSdW5lRGV4Iiwic2NhbGUiOjEsInJlYWxtIjoicG9lMiJ9XQ/27b68d6b1e/GameWarpRuneDex.png	
item	Kopec's Orb of Sacrifice	Сфера жертвоприношения Копека	WzI1LDE0LHsiZiI6IjJESXRlbXMvQ3VycmVuY3kvSW5jdXJzaW9uQ3JhZnRpbmdPcmJzL0luY3Vyc2lvbkNvcnJ1cHRpb25PcmIyIiwic2NhbGUiOjEsInJlYWxtIjoicG9lMiJ9XQ/911b28ea18/IncursionCorruptionOrb2.png	
item	Kris Knife	Нож крис	WzI1LDE0LHsiZiI6IjJESXRlbXMvV2VhcG9ucy9PbmVIYW5kV2VhcG9ucy9EYWdnZXJzL0Jhc2V0eXBlcy9EYWdnZXIxMCIsInciOjEsImgiOjMsInNjYWxlIjoxLCJyZWFsbSI6InBvZTIifV0/16b8e91797/Dagger10.png	Metadata/Items/Weapons/OneHandWeapons/Daggers/FourDagger10
item	Kulemak's Invitation	Приглашение Кулемака	WzI1LDE0LHsiZiI6IjJESXRlbXMvQ3VycmVuY3kvS3VsZW1ha3NJbnZpdGF0aW9uIiwic2NhbGUiOjEsInJlYWxtIjoicG9lMiJ9XQ/c7e6e86681/KulemaksInvitation.png	
item	Kurgal's Gaze	Взгляд Каргала	WzI1LDE0LHsiZiI6IjJESXRlbXMvQ3VycmVuY3kvQWJ5c3NhbEV5ZVNvY2tldGFibGVzL0t1cmdhbHNHYXplIiwic2NhbGUiOjEsInJlYWxtIjoicG9lMiJ9XQ/c21eb07bab/KurgalsGaze.png	
item	Lace Hood	Вышитый капюшон	WzI1LDE0LHsiZiI6IjJESXRlbXMvQXJtb3Vycy9IZWxtZXRzL0Jhc2V0eXBlcy9IZWxtZXREZXgwMyIsInciOjIsImgiOjIsInNjYWxlIjoxLCJyZWFsbSI6InBvZTIifV0/5b4c25e7e4/HelmetDex03.png	Metadata/Items/Armours/Helmets/FourHelmetDex3
item	Laced Boots	Сапоги с тесьмой	WzI1LDE0LHsiZiI6IjJESXRlbXMvQXJtb3Vycy9Cb290cy9CYXNldHlwZXMvQm9vdHNEZXgwMiIsInciOjIsImgiOjIsInNjYWxlIjoxLCJyZWFsbSI6InBvZTIifV0/b82526a3d4/BootsDex02.png	Metadata/Items/Armours/Boots/FourBootsDex2
item	Laced Sandals	Сандалии на шнуровке	WzI1LDE0LHsiZiI6IjJESXRlbXMvQXJtb3Vycy9Cb290cy9CYXNldHlwZXMvQm9vdHNJbnQwMiIsInciOjIsImgiOjIsInNjYWxlIjoxLCJyZWFsbSI6InBvZTIifV0/8a97a69384/BootsInt02.png	Metadata/Items/Armours/Boots/FourBootsInt2Cruel
item	Lady Hestra's Rune of Winter	Руна зимы леди Гестры	WzI1LDE0LHsiZiI6IjJESXRlbXMvQ3VycmVuY3kvUnVuZXMvTmV3UnVuZTE4Iiwic2NhbGUiOjEsInJlYWxtIjoicG9lMiJ9XQ/709f1d7a0e/NewRune18.png	
item	Lamellar Mail	Ламеллярный доспех		Metadata/Items/Armours/BodyArmours/FourBodyStrDex9
item	Lament Amulet	Амулет горести	WzI1LDE0LHsiZiI6IjJESXRlbXMvQW11bGV0cy9CYXNldHlwZXMvTGFtZW50QW11bGV0IiwidyI6MSwiaCI6MSwic2NhbGUiOjEsInJlYWxtIjoicG9lMiJ9XQ/60fb193cde/LamentAmulet.png	Metadata/Items/Amulets/FourAmuletB1a;stat_3182714256
item	Laminate Buckler	Витой баклер	WzI1LDE0LHsiZiI6IjJESXRlbXMvT2ZmaGFuZC9TaGllbGRzL0J1Y2tsZXIwOSIsInciOjIsImgiOjIsInNjYWxlIjoxLCJyZWFsbSI6InBvZTIifV0/308580559f/Buckler09.png	Metadata/Items/Armours/Shields/FourShieldDex9
item	Lapis Amulet	Амулет с лазуритом	WzI1LDE0LHsiZiI6IjJESXRlbXMvQW11bGV0cy9CYXNldHlwZXMvTGFwaXNBbXVsZXQiLCJ3IjoxLCJoIjoxLCJzY2FsZSI6MSwicmVhbG0iOiJwb2UyIn1d/572eeaf30b/LapisAmulet.png	Metadata/Items/Amulets/FourAmulet5;stat_328541901=0
item	Lattice Sandals	Сетчатые сандалии	WzI1LDE0LHsiZiI6IjJESXRlbXMvQXJtb3Vycy9Cb290cy9CYXNldHlwZXMvQm9vdHNJbnQwMyIsInciOjIsImgiOjIsInNjYWxlIjoxLCJyZWFsbSI6InBvZTIifV0/793e2fcccc/BootsInt03.png	Metadata/Items/Armours/Boots/FourBootsInt3
item	Lavish Wombgift	Обильный дар утробы	WzI1LDE0LHsiZiI6IjJESXRlbXMvQ3VycmVuY3kvQnJlYWNoL0JyZWFjaEZydWl0MiIsInNjYWxlIjoxLCJyZWFsbSI6InBvZTIifV0/862e8dc640/BreachFruit2.png	
item	Layered Gauntlets	Пластинчатые перчатки	WzI1LDE0LHsiZiI6IjJESXRlbXMvQXJtb3Vycy9HbG92ZXMvQmFzZXR5cGVzL0dsb3Zlc1N0ckRleDAyIiwidyI6MiwiaCI6Miwic2NhbGUiOjEsInJlYWxtIjoicG9lMiJ9XQ/0cb6b02463/GlovesStrDex02.png	Metadata/Items/Armours/Gloves/FourGlovesStrDex2
item	Layered Vest	Многослойный нагрудник	WzI1LDE0LHsiZiI6IjJESXRlbXMvQXJtb3Vycy9Cb2R5QXJtb3Vycy9CYXNldHlwZXMvQm9keURleDA2IiwidyI6MiwiaCI6Mywic2NhbGUiOjEsInJlYWxtIjoicG9lMiJ9XQ/dd53d7b8d1/BodyDex06.png	Metadata/Items/Armours/BodyArmours/FourBodyDex6Cruel
item	Lazuli Ring	Кольцо с лазуритом	WzI1LDE0LHsiZiI6IjJESXRlbXMvUmluZ3MvQmFzZXR5cGVzL0xhenVsaVJpbmciLCJ3IjoxLCJoIjoxLCJzY2FsZSI6MSwicmVhbG0iOiJwb2UyIn1d/53f4255f0b/LazuliRing.png	Metadata/Items/Rings/FourRing2;stat_1050105434=0
item	Leaden Greathammer	Освинцованный молот	WzI1LDE0LHsiZiI6IjJESXRlbXMvV2VhcG9ucy9Ud29IYW5kV2VhcG9ucy9Ud29IYW5kTWFjZXMvQmFzZXR5cGVzLzJITWFjZTA3IiwidyI6MiwiaCI6NCwic2NhbGUiOjEsInJlYWxtIjoicG9lMiJ9XQ/e7ae9f768b/2HMace07.png	Metadata/Items/Weapons/TwoHandWeapons/TwoHandMaces/FourTwoHandMace7
item	Leather Buckler	Кожаный баклер	WzI1LDE0LHsiZiI6IjJESXRlbXMvT2ZmaGFuZC9TaGllbGRzL0J1Y2tsZXIwMSIsInciOjIsImgiOjIsInNjYWxlIjoxLCJyZWFsbSI6InBvZTIifV0/432e30d8c8/Buckler01.png	Metadata/Items/Armours/Shields/FourShieldDex1
item	Leather Vest	Кожаный жилет	WzI1LDE0LHsiZiI6IjJESXRlbXMvQXJtb3Vycy9Cb2R5QXJtb3Vycy9CYXNldHlwZXMvQm9keURleDAxIiwidyI6MiwiaCI6Mywic2NhbGUiOjEsInJlYWxtIjoicG9lMiJ9XQ/958c8c2e72/BodyDex01.png	Metadata/Items/Armours/BodyArmours/FourBodyDex1
item	Leatherbound Hood	Кожаный капюшон	WzI1LDE0LHsiZiI6IjJESXRlbXMvQXJtb3Vycy9IZWxtZXRzL0Jhc2V0eXBlcy9IZWxtZXREZXgwOCIsInciOjIsImgiOjIsInNjYWxlIjoxLCJyZWFsbSI6InBvZTIifV0/c6c33408f3/HelmetDex08.png	Metadata/Items/Armours/Helmets/FourHelmetDex8
item	Legacy of A Worthy Foe	Наследие Достойного противника	WzI1LDE0LHsiZiI6IjJESXRlbXMvQ3VycmVuY3kvRXhwZWRpdGlvbjIvR2FtZVdhcnBSdW5lVW5pcXVlRnJhZ21lbnQiLCJzY2FsZSI6MSwicmVhbG0iOiJwb2UyIn1d/a24a0bdec3/GameWarpRuneUniqueFragment.png	
item	Legacy of Adonia's Ego	Наследие Эго Адонии	WzI1LDE0LHsiZiI6IjJESXRlbXMvQ3VycmVuY3kvRXhwZWRpdGlvbjIvR2FtZVdhcnBSdW5lVW5pcXVlRnJhZ21lbnQiLCJzY2FsZSI6MSwicmVhbG0iOiJwb2UyIn1d/a24a0bdec3/GameWarpRuneUniqueFragment.png	
item	Legacy of Alkem Eira	Наследие Альким Эира	WzI1LDE0LHsiZiI6IjJESXRlbXMvQ3VycmVuY3kvRXhwZWRpdGlvbjIvR2FtZVdhcnBSdW5lVW5pcXVlRnJhZ21lbnQiLCJzY2FsZSI6MSwicmVhbG0iOiJwb2UyIn1d/a24a0bdec3/GameWarpRuneUniqueFragment.png	
item	Legacy of Amor Mandragora	Наследие Амор Мандрагора	WzI1LDE0LHsiZiI6IjJESXRlbXMvQ3VycmVuY3kvRXhwZWRpdGlvbjIvR2FtZVdhcnBSdW5lVW5pcXVlRnJhZ21lbnQiLCJzY2FsZSI6MSwicmVhbG0iOiJwb2UyIn1d/a24a0bdec3/GameWarpRuneUniqueFragment.png	
item	Legacy of Ashrend	Наследие Пепла	WzI1LDE0LHsiZiI6IjJESXRlbXMvQ3VycmVuY3kvRXhwZWRpdGlvbjIvR2FtZVdhcnBSdW5lVW5pcXVlRnJhZ21lbnQiLCJzY2FsZSI6MSwicmVhbG0iOiJwb2UyIn1d/a24a0bdec3/GameWarpRuneUniqueFragment.png	
item	Legacy of Blackbraid	Наследие Чёрного плетения	WzI1LDE0LHsiZiI6IjJESXRlbXMvQ3VycmVuY3kvRXhwZWRpdGlvbjIvR2FtZVdhcnBSdW5lVW5pcXVlRnJhZ21lbnQiLCJzY2FsZSI6MSwicmVhbG0iOiJwb2UyIn1d/a24a0bdec3/GameWarpRuneUniqueFragment.png	
item	Legacy of Brain Rattler	Наследие Мозготряса	WzI1LDE0LHsiZiI6IjJESXRlbXMvQ3VycmVuY3kvRXhwZWRpdGlvbjIvR2FtZVdhcnBSdW5lVW5pcXVlRnJhZ21lbnQiLCJzY2FsZSI6MSwicmVhbG0iOiJwb2UyIn1d/a24a0bdec3/GameWarpRuneUniqueFragment.png	
item	Legacy of Bramblejack	Наследие Колючего панциря	WzI1LDE0LHsiZiI6IjJESXRlbXMvQ3VycmVuY3kvRXhwZWRpdGlvbjIvR2FtZVdhcnBSdW5lVW5pcXVlRnJhZ21lbnQiLCJzY2FsZSI6MSwicmVhbG0iOiJwb2UyIn1d/a24a0bdec3/GameWarpRuneUniqueFragment.png	
item	Legacy of Briarpatch	Наследие Терновников	WzI1LDE0LHsiZiI6IjJESXRlbXMvQ3VycmVuY3kvRXhwZWRpdGlvbjIvR2FtZVdhcnBSdW5lVW5pcXVlRnJhZ21lbnQiLCJzY2FsZSI6MSwicmVhbG0iOiJwb2UyIn1d/a24a0bdec3/GameWarpRuneUniqueFragment.png	
item	Legacy of Briskwrap	Наследие Ремней проворства	WzI1LDE0LHsiZiI6IjJESXRlbXMvQ3VycmVuY3kvRXhwZWRpdGlvbjIvR2FtZVdhcnBSdW5lVW5pcXVlRnJhZ21lbnQiLCJzY2FsZSI6MSwicmVhbG0iOiJwb2UyIn1d/a24a0bdec3/GameWarpRuneUniqueFragment.png	
item	Legacy of Bristleboar	Наследие Ощетинившегося вепря	WzI1LDE0LHsiZiI6IjJESXRlbXMvQ3VycmVuY3kvRXhwZWRpdGlvbjIvR2FtZVdhcnBSdW5lVW5pcXVlRnJhZ21lbnQiLCJzY2FsZSI6MSwicmVhbG0iOiJwb2UyIn1d/a24a0bdec3/GameWarpRuneUniqueFragment.png	
item	Legacy of Brynhand's Mark	Наследие Клейма Бринханда	WzI1LDE0LHsiZiI6IjJESXRlbXMvQ3VycmVuY3kvRXhwZWRpdGlvbjIvR2FtZVdhcnBSdW5lVW5pcXVlRnJhZ21lbnQiLCJzY2FsZSI6MSwicmVhbG0iOiJwb2UyIn1d/a24a0bdec3/GameWarpRuneUniqueFragment.png	
item	Legacy of Bushwhack	Наследие Кустоломов	WzI1LDE0LHsiZiI6IjJESXRlbXMvQ3VycmVuY3kvRXhwZWRpdGlvbjIvR2FtZVdhcnBSdW5lVW5pcXVlRnJhZ21lbnQiLCJzY2FsZSI6MSwicmVhbG0iOiJwb2UyIn1d/a24a0bdec3/GameWarpRuneUniqueFragment.png	
item	Legacy of Candlemaker	Наследие Свечеделов	WzI1LDE0LHsiZiI6IjJESXRlbXMvQ3VycmVuY3kvRXhwZWRpdGlvbjIvR2FtZVdhcnBSdW5lVW5pcXVlRnJhZ21lbnQiLCJzY2FsZSI6MSwicmVhbG0iOiJwb2UyIn1d/a24a0bdec3/GameWarpRuneUniqueFragment.png	
item	Legacy of Chernobog's Pillar	Наследие Столпа Чернобога	WzI1LDE0LHsiZiI6IjJESXRlbXMvQ3VycmVuY3kvRXhwZWRpdGlvbjIvR2FtZVdhcnBSdW5lVW5pcXVlRnJhZ21lbnQiLCJzY2FsZSI6MSwicmVhbG0iOiJwb2UyIn1d/a24a0bdec3/GameWarpRuneUniqueFragment.png	
item	Legacy of Crown of Thorns	Наследие Тернового венца	WzI1LDE0LHsiZiI6IjJESXRlbXMvQ3VycmVuY3kvRXhwZWRpdGlvbjIvR2FtZVdhcnBSdW5lVW5pcXVlRnJhZ21lbnQiLCJzY2FsZSI6MSwicmVhbG0iOiJwb2UyIn1d/a24a0bdec3/GameWarpRuneUniqueFragment.png	
item	Legacy of Cursecarver	Наследие Резчика проклятий	WzI1LDE0LHsiZiI6IjJESXRlbXMvQ3VycmVuY3kvRXhwZWRpdGlvbjIvR2FtZVdhcnBSdW5lVW5pcXVlRnJhZ21lbnQiLCJzY2FsZSI6MSwicmVhbG0iOiJwb2UyIn1d/a24a0bdec3/GameWarpRuneUniqueFragment.png	
item	Legacy of Deathblow	Наследие Смертельного удара	WzI1LDE0LHsiZiI6IjJESXRlbXMvQ3VycmVuY3kvRXhwZWRpdGlvbjIvR2FtZVdhcnBSdW5lVW5pcXVlRnJhZ21lbnQiLCJzY2FsZSI6MSwicmVhbG0iOiJwb2UyIn1d/a24a0bdec3/GameWarpRuneUniqueFragment.png	
item	Legacy of Deidbell	Наследие Колокола мёртвых	WzI1LDE0LHsiZiI6IjJESXRlbXMvQ3VycmVuY3kvRXhwZWRpdGlvbjIvR2FtZVdhcnBSdW5lVW5pcXVlRnJhZ21lbnQiLCJzY2FsZSI6MSwicmVhbG0iOiJwb2UyIn1d/a24a0bdec3/GameWarpRuneUniqueFragment.png	
item	Legacy of Dionadair	Наследие Защитника	WzI1LDE0LHsiZiI6IjJESXRlbXMvQ3VycmVuY3kvRXhwZWRpdGlvbjIvR2FtZVdhcnBSdW5lVW5pcXVlRnJhZ21lbnQiLCJzY2FsZSI6MSwicmVhbG0iOiJwb2UyIn1d/a24a0bdec3/GameWarpRuneUniqueFragment.png	
item	Legacy of Duality	Наследие Двойственности	WzI1LDE0LHsiZiI6IjJESXRlbXMvQ3VycmVuY3kvRXhwZWRpdGlvbjIvR2FtZVdhcnBSdW5lVW5pcXVlRnJhZ21lbnQiLCJzY2FsZSI6MSwicmVhbG0iOiJwb2UyIn1d/a24a0bdec3/GameWarpRuneUniqueFragment.png	
item	Legacy of Dunkelhalt	Наследие Тёмной хватки	WzI1LDE0LHsiZiI6IjJESXRlbXMvQ3VycmVuY3kvRXhwZWRpdGlvbjIvR2FtZVdhcnBSdW5lVW5pcXVlRnJhZ21lbnQiLCJzY2FsZSI6MSwicmVhbG0iOiJwb2UyIn1d/a24a0bdec3/GameWarpRuneUniqueFragment.png	
item	Legacy of Dusk Vigil	Наследие Сумеречного дозора	WzI1LDE0LHsiZiI6IjJESXRlbXMvQ3VycmVuY3kvRXhwZWRpdGlvbjIvR2FtZVdhcnBSdW5lVW5pcXVlRnJhZ21lbnQiLCJzY2FsZSI6MSwicmVhbG0iOiJwb2UyIn1d/a24a0bdec3/GameWarpRuneUniqueFragment.png	
item	Legacy of Edyrn's Tusks	Наследие Бивней Эдирна	WzI1LDE0LHsiZiI6IjJESXRlbXMvQ3VycmVuY3kvRXhwZWRpdGlvbjIvR2FtZVdhcnBSdW5lVW5pcXVlRnJhZ21lbnQiLCJzY2FsZSI6MSwicmVhbG0iOiJwb2UyIn1d/a24a0bdec3/GameWarpRuneUniqueFragment.png	
item	Legacy of Elevore	Наследие Поедателя стихий	WzI1LDE0LHsiZiI6IjJESXRlbXMvQ3VycmVuY3kvRXhwZWRpdGlvbjIvR2FtZVdhcnBSdW5lVW5pcXVlRnJhZ21lbnQiLCJzY2FsZSI6MSwicmVhbG0iOiJwb2UyIn1d/a24a0bdec3/GameWarpRuneUniqueFragment.png	
item	Legacy of Erian's Cobble	Наследие Шишака Эриана	WzI1LDE0LHsiZiI6IjJESXRlbXMvQ3VycmVuY3kvRXhwZWRpdGlvbjIvR2FtZVdhcnBSdW5lVW5pcXVlRnJhZ21lbnQiLCJzY2FsZSI6MSwicmVhbG0iOiJwb2UyIn1d/a24a0bdec3/GameWarpRuneUniqueFragment.png	
item	Legacy of Ezomyte Peak	Наследие Триумфа эзомита	WzI1LDE0LHsiZiI6IjJESXRlbXMvQ3VycmVuY3kvRXhwZWRpdGlvbjIvR2FtZVdhcnBSdW5lVW5pcXVlRnJhZ21lbnQiLCJzY2FsZSI6MSwicmVhbG0iOiJwb2UyIn1d/a24a0bdec3/GameWarpRuneUniqueFragment.png	
item	Legacy of Facebreaker	Наследие Мордобоев	WzI1LDE0LHsiZiI6IjJESXRlbXMvQ3VycmVuY3kvRXhwZWRpdGlvbjIvR2FtZVdhcnBSdW5lVW5pcXVlRnJhZ21lbnQiLCJzY2FsZSI6MSwicmVhbG0iOiJwb2UyIn1d/a24a0bdec3/GameWarpRuneUniqueFragment.png	
item	Legacy of Foxshade	Наследие Лисьей тени	WzI1LDE0LHsiZiI6IjJESXRlbXMvQ3VycmVuY3kvRXhwZWRpdGlvbjIvR2FtZVdhcnBSdW5lVW5pcXVlRnJhZ21lbnQiLCJzY2FsZSI6MSwicmVhbG0iOiJwb2UyIn1d/a24a0bdec3/GameWarpRuneUniqueFragment.png	
item	Legacy of Greymake	Наследие Серого мрака	WzI1LDE0LHsiZiI6IjJESXRlbXMvQ3VycmVuY3kvRXhwZWRpdGlvbjIvR2FtZVdhcnBSdW5lVW5pcXVlRnJhZ21lbnQiLCJzY2FsZSI6MSwicmVhbG0iOiJwb2UyIn1d/a24a0bdec3/GameWarpRuneUniqueFragment.png	
item	Legacy of Hoghunt	Наследие Кабаньего промысла	WzI1LDE0LHsiZiI6IjJESXRlbXMvQ3VycmVuY3kvRXhwZWRpdGlvbjIvR2FtZVdhcnBSdW5lVW5pcXVlRnJhZ21lbnQiLCJzY2FsZSI6MSwicmVhbG0iOiJwb2UyIn1d/a24a0bdec3/GameWarpRuneUniqueFragment.png	
item	Legacy of Horns of Bynden	Наследие Рогов Биндена	WzI1LDE0LHsiZiI6IjJESXRlbXMvQ3VycmVuY3kvRXhwZWRpdGlvbjIvR2FtZVdhcnBSdW5lVW5pcXVlRnJhZ21lbnQiLCJzY2FsZSI6MSwicmVhbG0iOiJwb2UyIn1d/a24a0bdec3/GameWarpRuneUniqueFragment.png	
item	Legacy of Hrimnor's Hymn	Наследие Гимна Гримнора	WzI1LDE0LHsiZiI6IjJESXRlbXMvQ3VycmVuY3kvRXhwZWRpdGlvbjIvR2FtZVdhcnBSdW5lVW5pcXVlRnJhZ21lbnQiLCJzY2FsZSI6MSwicmVhbG0iOiJwb2UyIn1d/a24a0bdec3/GameWarpRuneUniqueFragment.png	
item	Legacy of Ironbound	Наследие Железного плеча	WzI1LDE0LHsiZiI6IjJESXRlbXMvQ3VycmVuY3kvRXhwZWRpdGlvbjIvR2FtZVdhcnBSdW5lVW5pcXVlRnJhZ21lbnQiLCJzY2FsZSI6MSwicmVhbG0iOiJwb2UyIn1d/a24a0bdec3/GameWarpRuneUniqueFragment.png	
item	Legacy of Keeper of the Arc	Наследие Хранителя свода	WzI1LDE0LHsiZiI6IjJESXRlbXMvQ3VycmVuY3kvRXhwZWRpdGlvbjIvR2FtZVdhcnBSdW5lVW5pcXVlRnJhZ21lbnQiLCJzY2FsZSI6MSwicmVhbG0iOiJwb2UyIn1d/a24a0bdec3/GameWarpRuneUniqueFragment.png	
item	Legacy of Kingsguard	Наследие Хранителя царей	WzI1LDE0LHsiZiI6IjJESXRlbXMvQ3VycmVuY3kvRXhwZWRpdGlvbjIvR2FtZVdhcnBSdW5lVW5pcXVlRnJhZ21lbnQiLCJzY2FsZSI6MSwicmVhbG0iOiJwb2UyIn1d/a24a0bdec3/GameWarpRuneUniqueFragment.png	
item	Legacy of Legionstride	Наследие Поступи легиона	WzI1LDE0LHsiZiI6IjJESXRlbXMvQ3VycmVuY3kvRXhwZWRpdGlvbjIvR2FtZVdhcnBSdW5lVW5pcXVlRnJhZ21lbnQiLCJzY2FsZSI6MSwicmVhbG0iOiJwb2UyIn1d/a24a0bdec3/GameWarpRuneUniqueFragment.png	
item	Legacy of Lifesprig	Наследие Живого побега	WzI1LDE0LHsiZiI6IjJESXRlbXMvQ3VycmVuY3kvRXhwZWRpdGlvbjIvR2FtZVdhcnBSdW5lVW5pcXVlRnJhZ21lbnQiLCJzY2FsZSI6MSwicmVhbG0iOiJwb2UyIn1d/a24a0bdec3/GameWarpRuneUniqueFragment.png	
item	Legacy of Mjölner	Наследие Мьёльнира	WzI1LDE0LHsiZiI6IjJESXRlbXMvQ3VycmVuY3kvRXhwZWRpdGlvbjIvR2FtZVdhcnBSdW5lVW5pcXVlRnJhZ21lbnQiLCJzY2FsZSI6MSwicmVhbG0iOiJwb2UyIn1d/a24a0bdec3/GameWarpRuneUniqueFragment.png	
item	Legacy of Northpaw	Наследие Северных лап	WzI1LDE0LHsiZiI6IjJESXRlbXMvQ3VycmVuY3kvRXhwZWRpdGlvbjIvR2FtZVdhcnBSdW5lVW5pcXVlRnJhZ21lbnQiLCJzY2FsZSI6MSwicmVhbG0iOiJwb2UyIn1d/a24a0bdec3/GameWarpRuneUniqueFragment.png	
item	Legacy of Oaksworn	Наследие Старого дуба	WzI1LDE0LHsiZiI6IjJESXRlbXMvQ3VycmVuY3kvRXhwZWRpdGlvbjIvR2FtZVdhcnBSdW5lVW5pcXVlRnJhZ21lbnQiLCJzY2FsZSI6MSwicmVhbG0iOiJwb2UyIn1d/a24a0bdec3/GameWarpRuneUniqueFragment.png	
item	Legacy of Obern's Bastion	Наследие Бастиона Оберна	WzI1LDE0LHsiZiI6IjJESXRlbXMvQ3VycmVuY3kvRXhwZWRpdGlvbjIvR2FtZVdhcnBSdW5lVW5pcXVlRnJhZ21lbnQiLCJzY2FsZSI6MSwicmVhbG0iOiJwb2UyIn1d/a24a0bdec3/GameWarpRuneUniqueFragment.png	
item	Legacy of Olrovasara	Наследие Олровасары	WzI1LDE0LHsiZiI6IjJESXRlbXMvQ3VycmVuY3kvRXhwZWRpdGlvbjIvR2FtZVdhcnBSdW5lVW5pcXVlRnJhZ21lbnQiLCJzY2FsZSI6MSwicmVhbG0iOiJwb2UyIn1d/a24a0bdec3/GameWarpRuneUniqueFragment.png	
item	Legacy of Quill Rain	Наследие Ливня перьев	WzI1LDE0LHsiZiI6IjJESXRlbXMvQ3VycmVuY3kvRXhwZWRpdGlvbjIvR2FtZVdhcnBSdW5lVW5pcXVlRnJhZ21lbnQiLCJzY2FsZSI6MSwicmVhbG0iOiJwb2UyIn1d/a24a0bdec3/GameWarpRuneUniqueFragment.png	
item	Legacy of Rondel de Ezo	Наследие Ронделя де Эзо	WzI1LDE0LHsiZiI6IjJESXRlbXMvQ3VycmVuY3kvRXhwZWRpdGlvbjIvR2FtZVdhcnBSdW5lVW5pcXVlRnJhZ21lbnQiLCJzY2FsZSI6MSwicmVhbG0iOiJwb2UyIn1d/a24a0bdec3/GameWarpRuneUniqueFragment.png	
item	Legacy of Runeseeker's Call	Наследие Клича искателя рун	WzI1LDE0LHsiZiI6IjJESXRlbXMvQ3VycmVuY3kvRXhwZWRpdGlvbjIvR2FtZVdhcnBSdW5lVW5pcXVlRnJhZ21lbnQiLCJzY2FsZSI6MSwicmVhbG0iOiJwb2UyIn1d/a24a0bdec3/GameWarpRuneUniqueFragment.png	
item	Legacy of Serle's Grit	Наследие Выдержки Серли	WzI1LDE0LHsiZiI6IjJESXRlbXMvQ3VycmVuY3kvRXhwZWRpdGlvbjIvR2FtZVdhcnBSdW5lVW5pcXVlRnJhZ21lbnQiLCJzY2FsZSI6MSwicmVhbG0iOiJwb2UyIn1d/a24a0bdec3/GameWarpRuneUniqueFragment.png	
item	Legacy of Spiteful Floret	Наследие Злобного соцветия	WzI1LDE0LHsiZiI6IjJESXRlbXMvQ3VycmVuY3kvRXhwZWRpdGlvbjIvR2FtZVdhcnBSdW5lVW5pcXVlRnJhZ21lbnQiLCJzY2FsZSI6MSwicmVhbG0iOiJwb2UyIn1d/a24a0bdec3/GameWarpRuneUniqueFragment.png	
item	Legacy of Starkonja's Head	Наследие Головы Старконжи	WzI1LDE0LHsiZiI6IjJESXRlbXMvQ3VycmVuY3kvRXhwZWRpdGlvbjIvR2FtZVdhcnBSdW5lVW5pcXVlRnJhZ21lbnQiLCJzY2FsZSI6MSwicmVhbG0iOiJwb2UyIn1d/a24a0bdec3/GameWarpRuneUniqueFragment.png	
item	Legacy of Svalinn	Наследие Свалинна	WzI1LDE0LHsiZiI6IjJESXRlbXMvQ3VycmVuY3kvRXhwZWRpdGlvbjIvR2FtZVdhcnBSdW5lVW5pcXVlRnJhZ21lbnQiLCJzY2FsZSI6MSwicmVhbG0iOiJwb2UyIn1d/a24a0bdec3/GameWarpRuneUniqueFragment.png	
item	Legacy of The Blood Thorn	Наследие Кровавого шипа	WzI1LDE0LHsiZiI6IjJESXRlbXMvQ3VycmVuY3kvRXhwZWRpdGlvbjIvR2FtZVdhcnBSdW5lVW5pcXVlRnJhZ21lbnQiLCJzY2FsZSI6MSwicmVhbG0iOiJwb2UyIn1d/a24a0bdec3/GameWarpRuneUniqueFragment.png	
item	Legacy of The Knight-errant	Наследие Странствующего рыцаря	WzI1LDE0LHsiZiI6IjJESXRlbXMvQ3VycmVuY3kvRXhwZWRpdGlvbjIvR2FtZVdhcnBSdW5lVW5pcXVlRnJhZ21lbnQiLCJzY2FsZSI6MSwicmVhbG0iOiJwb2UyIn1d/a24a0bdec3/GameWarpRuneUniqueFragment.png	
item	Legacy of The Sentry	Наследие Часового	WzI1LDE0LHsiZiI6IjJESXRlbXMvQ3VycmVuY3kvRXhwZWRpdGlvbjIvR2FtZVdhcnBSdW5lVW5pcXVlRnJhZ21lbnQiLCJzY2FsZSI6MSwicmVhbG0iOiJwb2UyIn1d/a24a0bdec3/GameWarpRuneUniqueFragment.png	
item	Legacy of The Smiling Knight	Наследие Улыбающегося рыцаря	WzI1LDE0LHsiZiI6IjJESXRlbXMvQ3VycmVuY3kvRXhwZWRpdGlvbjIvR2FtZVdhcnBSdW5lVW5pcXVlRnJhZ21lbnQiLCJzY2FsZSI6MSwicmVhbG0iOiJwb2UyIn1d/a24a0bdec3/GameWarpRuneUniqueFragment.png	
item	Legacy of The Unleashed	Наследие Высвобожденного	WzI1LDE0LHsiZiI6IjJESXRlbXMvQ3VycmVuY3kvRXhwZWRpdGlvbjIvR2FtZVdhcnBSdW5lVW5pcXVlRnJhZ21lbnQiLCJzY2FsZSI6MSwicmVhbG0iOiJwb2UyIn1d/a24a0bdec3/GameWarpRuneUniqueFragment.png	
item	Legacy of The Vile Knight	Наследие Подлого рыцаря	WzI1LDE0LHsiZiI6IjJESXRlbXMvQ3VycmVuY3kvRXhwZWRpdGlvbjIvR2FtZVdhcnBSdW5lVW5pcXVlRnJhZ21lbnQiLCJzY2FsZSI6MSwicmVhbG0iOiJwb2UyIn1d/a24a0bdec3/GameWarpRuneUniqueFragment.png	
item	Legacy of Trampletoe	Наследие Плоскостопов	WzI1LDE0LHsiZiI6IjJESXRlbXMvQ3VycmVuY3kvRXhwZWRpdGlvbjIvR2FtZVdhcnBSdW5lVW5pcXVlRnJhZ21lbnQiLCJzY2FsZSI6MSwicmVhbG0iOiJwb2UyIn1d/a24a0bdec3/GameWarpRuneUniqueFragment.png	
item	Legacy of Trenchtimbre	Наследие Траншейного звона	WzI1LDE0LHsiZiI6IjJESXRlbXMvQ3VycmVuY3kvRXhwZWRpdGlvbjIvR2FtZVdhcnBSdW5lVW5pcXVlRnJhZ21lbnQiLCJzY2FsZSI6MSwicmVhbG0iOiJwb2UyIn1d/a24a0bdec3/GameWarpRuneUniqueFragment.png	
item	Legacy of Twisted Empyrean	Наследие Искажённой тверди	WzI1LDE0LHsiZiI6IjJESXRlbXMvQ3VycmVuY3kvRXhwZWRpdGlvbjIvR2FtZVdhcnBSdW5lVW5pcXVlRnJhZ21lbnQiLCJzY2FsZSI6MSwicmVhbG0iOiJwb2UyIn1d/a24a0bdec3/GameWarpRuneUniqueFragment.png	
item	Legacy of Tyranny's Grip	Наследие Хватки тирании	WzI1LDE0LHsiZiI6IjJESXRlbXMvQ3VycmVuY3kvRXhwZWRpdGlvbjIvR2FtZVdhcnBSdW5lVW5pcXVlRnJhZ21lbnQiLCJzY2FsZSI6MSwicmVhbG0iOiJwb2UyIn1d/a24a0bdec3/GameWarpRuneUniqueFragment.png	
item	Legacy of Wanderlust	Наследие Странников	WzI1LDE0LHsiZiI6IjJESXRlbXMvQ3VycmVuY3kvRXhwZWRpdGlvbjIvR2FtZVdhcnBSdW5lVW5pcXVlRnJhZ21lbnQiLCJzY2FsZSI6MSwicmVhbG0iOiJwb2UyIn1d/a24a0bdec3/GameWarpRuneUniqueFragment.png	
item	Legacy of Wings of Caelyn	Наследие Крыльев Кейлин	WzI1LDE0LHsiZiI6IjJESXRlbXMvQ3VycmVuY3kvRXhwZWRpdGlvbjIvR2FtZVdhcnBSdW5lVW5pcXVlRnJhZ21lbnQiLCJzY2FsZSI6MSwicmVhbG0iOiJwb2UyIn1d/a24a0bdec3/GameWarpRuneUniqueFragment.png	
item	Legacy of Wulfsbane	Наследие Погибели Вульфа	WzI1LDE0LHsiZiI6IjJESXRlbXMvQ3VycmVuY3kvRXhwZWRpdGlvbjIvR2FtZVdhcnBSdW5lVW5pcXVlRnJhZ21lbnQiLCJzY2FsZSI6MSwicmVhbG0iOiJwb2UyIn1d/a24a0bdec3/GameWarpRuneUniqueFragment.png	
item	Lesser Adept Rune	Малая руна искусности	WzI1LDE0LHsiZiI6IjJESXRlbXMvQ3VycmVuY3kvUnVuZXMvRGV4UnVuZVRpZXIxIiwic2NhbGUiOjEsInJlYWxtIjoicG9lMiJ9XQ/1a9c8cae19/DexRuneTier1.png	
item	Lesser Body Rune	Малая руна тела	WzI1LDE0LHsiZiI6IjJESXRlbXMvQ3VycmVuY3kvUnVuZXMvTGlmZVJ1bmVUaWVyMSIsInNjYWxlIjoxLCJyZWFsbSI6InBvZTIifV0/edcef0a1c6/LifeRuneTier1.png	
item	Lesser Desert Rune	Малая руна пустыни	WzI1LDE0LHsiZiI6IjJESXRlbXMvQ3VycmVuY3kvUnVuZXMvRmlyZVJ1bmVUaWVyMSIsInNjYWxlIjoxLCJyZWFsbSI6InBvZTIifV0/fdc8d95dd7/FireRuneTier1.png	
item	Lesser Essence of Abrasion	Малая сущность разрушения	WzI1LDE0LHsiZiI6IjJESXRlbXMvQ3VycmVuY3kvRXNzZW5jZS9QaHlzaWNhbEVzc2VuY2VMZXNzZXIiLCJzY2FsZSI6MSwicmVhbG0iOiJwb2UyIn1d/21723a9133/PhysicalEssenceLesser.png	
item	Lesser Essence of Alacrity	Малая сущность живости	WzI1LDE0LHsiZiI6IjJESXRlbXMvQ3VycmVuY3kvRXNzZW5jZS9TcGVlZENhc3RlckVzc2VuY2VMZXNzZXIiLCJzY2FsZSI6MSwicmVhbG0iOiJwb2UyIn1d/837a9c2d66/SpeedCasterEssenceLesser.png	
item	Lesser Essence of Battle	Малая сущность битвы	WzI1LDE0LHsiZiI6IjJESXRlbXMvQ3VycmVuY3kvRXNzZW5jZS9BdHRhY2tFc3NlbmNlTGVzc2VyIiwic2NhbGUiOjEsInJlYWxtIjoicG9lMiJ9XQ/7cff2d5df7/AttackEssenceLesser.png	
item	Lesser Essence of Command	Малая сущность повеления	WzI1LDE0LHsiZiI6IjJESXRlbXMvQ3VycmVuY3kvRXNzZW5jZS9BbGx5RXNzZW5jZUxlc3NlciIsInNjYWxlIjoxLCJyZWFsbSI6InBvZTIifV0/3681453df4/AllyEssenceLesser.png	
item	Lesser Essence of Electricity	Малая сущность электричества	WzI1LDE0LHsiZiI6IjJESXRlbXMvQ3VycmVuY3kvRXNzZW5jZS9MaWdodG5pbmdFc3NlbmNlTGVzc2VyIiwic2NhbGUiOjEsInJlYWxtIjoicG9lMiJ9XQ/49193c5226/LightningEssenceLesser.png	
item	Lesser Essence of Enhancement	Малая сущность улучшения	WzI1LDE0LHsiZiI6IjJESXRlbXMvQ3VycmVuY3kvRXNzZW5jZS9EZWZlbmNlc0Vzc2VuY2VMZXNzZXIiLCJzY2FsZSI6MSwicmVhbG0iOiJwb2UyIn1d/ec9da3aad1/DefencesEssenceLesser.png	
item	Lesser Essence of Flames	Малая сущность пламени	WzI1LDE0LHsiZiI6IjJESXRlbXMvQ3VycmVuY3kvRXNzZW5jZS9GaXJlRXNzZW5jZUxlc3NlciIsInNjYWxlIjoxLCJyZWFsbSI6InBvZTIifV0/2e190c2f7f/FireEssenceLesser.png	
item	Lesser Essence of Grounding	Малая сущность заземления	WzI1LDE0LHsiZiI6IjJESXRlbXMvQ3VycmVuY3kvRXNzZW5jZS9MaWdodG5pbmdSZXNpc3RhbmNlRXNzZW5jZUxlc3NlciIsInNjYWxlIjoxLCJyZWFsbSI6InBvZTIifV0/fa8f1431fb/LightningResistanceEssenceLesser.png	
item	Lesser Essence of Haste	Малая сущность спешки	WzI1LDE0LHsiZiI6IjJESXRlbXMvQ3VycmVuY3kvRXNzZW5jZS9TcGVlZEVzc2VuY2VMZXNzZXIiLCJzY2FsZSI6MSwicmVhbG0iOiJwb2UyIn1d/e01693a14c/SpeedEssenceLesser.png	
item	Lesser Essence of Ice	Малая сущность льда	WzI1LDE0LHsiZiI6IjJESXRlbXMvQ3VycmVuY3kvRXNzZW5jZS9Db2xkRXNzZW5jZUxlc3NlciIsInNjYWxlIjoxLCJyZWFsbSI6InBvZTIifV0/7022aec9e5/ColdEssenceLesser.png	
item	Lesser Essence of Insulation	Малая сущность изоляции	WzI1LDE0LHsiZiI6IjJESXRlbXMvQ3VycmVuY3kvRXNzZW5jZS9GaXJlUmVzaXN0YW5jZUVzc2VuY2VMZXNzZXIiLCJzY2FsZSI6MSwicmVhbG0iOiJwb2UyIn1d/82eb38b617/FireResistanceEssenceLesser.png	
item	Lesser Essence of Opulence	Малая сущность изобилия	WzI1LDE0LHsiZiI6IjJESXRlbXMvQ3VycmVuY3kvRXNzZW5jZS9SYXJpdHlSZXNpc3RhbmNlRXNzZW5jZUxlc3NlciIsInNjYWxlIjoxLCJyZWFsbSI6InBvZTIifV0/9d85275442/RarityResistanceEssenceLesser.png	
item	Lesser Essence of Ruin	Малая сущность гибели	WzI1LDE0LHsiZiI6IjJESXRlbXMvQ3VycmVuY3kvRXNzZW5jZS9DaGFvc0Vzc2VuY2VMZXNzZXIiLCJzY2FsZSI6MSwicmVhbG0iOiJwb2UyIn1d/39ed21f57a/ChaosEssenceLesser.png	
item	Lesser Essence of Seeking	Малая сущность искания	WzI1LDE0LHsiZiI6IjJESXRlbXMvQ3VycmVuY3kvRXNzZW5jZS9Dcml0aWNhbEVzc2VuY2VMZXNzZXIiLCJzY2FsZSI6MSwicmVhbG0iOiJwb2UyIn1d/beef996420/CriticalEssenceLesser.png	
item	Lesser Essence of Sorcery	Малая сущность колдовства	WzI1LDE0LHsiZiI6IjJESXRlbXMvQ3VycmVuY3kvRXNzZW5jZS9DYXN0ZXJFc3NlbmNlTGVzc2VyIiwic2NhbGUiOjEsInJlYWxtIjoicG9lMiJ9XQ/8b5c055fc7/CasterEssenceLesser.png	
item	Lesser Essence of Thawing	Малая сущность таяния	WzI1LDE0LHsiZiI6IjJESXRlbXMvQ3VycmVuY3kvRXNzZW5jZS9Db2xkUmVzaXN0YW5jZUVzc2VuY2VMZXNzZXIiLCJzY2FsZSI6MSwicmVhbG0iOiJwb2UyIn1d/5d324717c4/ColdResistanceEssenceLesser.png	
item	Lesser Essence of the Body	Малая сущность тела	WzI1LDE0LHsiZiI6IjJESXRlbXMvQ3VycmVuY3kvRXNzZW5jZS9MaWZlRXNzZW5jZUxlc3NlciIsInNjYWxlIjoxLCJyZWFsbSI6InBvZTIifV0/fb88bb3951/LifeEssenceLesser.png	
item	Lesser Essence of the Infinite	Малая сущность бесконечности	WzI1LDE0LHsiZiI6IjJESXRlbXMvQ3VycmVuY3kvRXNzZW5jZS9BdHRyaWJ1dGVFc3NlbmNlTGVzc2VyIiwic2NhbGUiOjEsInJlYWxtIjoicG9lMiJ9XQ/6110d3af93/AttributeEssenceLesser.png	
item	Lesser Essence of the Mind	Малая сущность разума	WzI1LDE0LHsiZiI6IjJESXRlbXMvQ3VycmVuY3kvRXNzZW5jZS9NYW5hRXNzZW5jZUxlc3NlciIsInNjYWxlIjoxLCJyZWFsbSI6InBvZTIifV0/35a1d11465/ManaEssenceLesser.png	
item	Lesser Glacial Rune	Малая руна ледника	WzI1LDE0LHsiZiI6IjJESXRlbXMvQ3VycmVuY3kvUnVuZXMvQ29sZFJ1bmVUaWVyMSIsInNjYWxlIjoxLCJyZWFsbSI6InBvZTIifV0/69c7e6d2a3/ColdRuneTier1.png	
item	Lesser Inspiration Rune	Малая руна вдохновения	WzI1LDE0LHsiZiI6IjJESXRlbXMvQ3VycmVuY3kvUnVuZXMvTWFuYVJlY292ZXJ5UnVuZVRpZXIxIiwic2NhbGUiOjEsInJlYWxtIjoicG9lMiJ9XQ/965d9a093b/ManaRecoveryRuneTier1.png	
item	Lesser Iron Rune	Малая руна железа	WzI1LDE0LHsiZiI6IjJESXRlbXMvQ3VycmVuY3kvUnVuZXMvRW5oYW5jZVJ1bmVUaWVyMSIsInNjYWxlIjoxLCJyZWFsbSI6InBvZTIifV0/719e7a07b9/EnhanceRuneTier1.png	
item	Lesser Jeweller's Orb	Малая сфера златокузнеца	WzI1LDE0LHsiZiI6IjJESXRlbXMvQ3VycmVuY3kvQ3VycmVuY3lSZXJvbGxTb2NrZXROdW1iZXJzMDEiLCJzY2FsZSI6MSwicmVhbG0iOiJwb2UyIn1d/b0b9a43ed8/CurrencyRerollSocketNumbers01.png	
item	Lesser Life Flask	Малый флакон жизни	WzksMTQseyJmIjoiMkRJdGVtcy9GbGFza3MvQmFzZXR5cGVzL0ZsYXNrTGlmZTAxIiwidyI6MSwiaCI6Miwic2NhbGUiOjEsInJlYWxtIjoicG9lMiIsImxldmVsIjoxfV0/92a6a80574/FlaskLife01.png	Metadata/Items/Flasks/FourFlaskLife1
item	Lesser Mana Flask	Малый флакон маны	WzksMTQseyJmIjoiMkRJdGVtcy9GbGFza3MvQmFzZXR5cGVzL0ZsYXNrTWFuYTAxIiwidyI6MSwiaCI6Miwic2NhbGUiOjEsInJlYWxtIjoicG9lMiIsImxldmVsIjoxfV0/a3294604bd/FlaskMana01.png	Metadata/Items/Flasks/FourFlaskMana1
item	Lesser Mind Rune	Малая руна разума	WzI1LDE0LHsiZiI6IjJESXRlbXMvQ3VycmVuY3kvUnVuZXMvTWFuYVJ1bmVUaWVyMSIsInNjYWxlIjoxLCJyZWFsbSI6InBvZTIifV0/7ae4e735dd/ManaRuneTier1.png	
item	Lesser Rebirth Rune	Малая руна перерождения	WzI1LDE0LHsiZiI6IjJESXRlbXMvQ3VycmVuY3kvUnVuZXMvTGlmZVJlY292ZXJ5UnVuZVRpZXIxIiwic2NhbGUiOjEsInJlYWxtIjoicG9lMiJ9XQ/6ef2915508/LifeRecoveryRuneTier1.png	
item	Lesser Resolve Rune	Малая руна решительности	WzI1LDE0LHsiZiI6IjJESXRlbXMvQ3VycmVuY3kvUnVuZXMvSW50UnVuZVRpZXIxIiwic2NhbGUiOjEsInJlYWxtIjoicG9lMiJ9XQ/5d21464699/IntRuneTier1.png	
item	Lesser Robust Rune	Малая руна мощи	WzI1LDE0LHsiZiI6IjJESXRlbXMvQ3VycmVuY3kvUnVuZXMvU3RyZW5ndGhSdW5lVGllcjEiLCJzY2FsZSI6MSwicmVhbG0iOiJwb2UyIn1d/a90800a313/StrengthRuneTier1.png	
item	Lesser Stone Rune	Малая руна камня	WzI1LDE0LHsiZiI6IjJESXRlbXMvQ3VycmVuY3kvUnVuZXMvU3R1blJ1bmVUaWVyMSIsInNjYWxlIjoxLCJyZWFsbSI6InBvZTIifV0/904db23238/StunRuneTier1.png	
item	Lesser Storm Rune	Малая руна шторма	WzI1LDE0LHsiZiI6IjJESXRlbXMvQ3VycmVuY3kvUnVuZXMvTGlnaHRuaW5nUnVuZVRpZXIxIiwic2NhbGUiOjEsInJlYWxtIjoicG9lMiJ9XQ/c84f26f318/LightningRuneTier1.png	
item	Lesser Vision Rune	Малая руна видения	WzI1LDE0LHsiZiI6IjJESXRlbXMvQ3VycmVuY3kvUnVuZXMvQWNjdXJhY3lSdW5lVGllcjEiLCJzY2FsZSI6MSwicmVhbG0iOiJwb2UyIn1d/2a3b508ed5/AccuracyRuneTier1.png	
item	Lesser Ward Rune	Малая руна барьера	WzI1LDE0LHsiZiI6IjJESXRlbXMvQ3VycmVuY3kvRXhwZWRpdGlvbjIvQWRkZWRXYXJkTGVzc2VyIiwic2NhbGUiOjEsInJlYWxtIjoicG9lMiJ9XQ/35e18e19ac/AddedWardLesser.png	
item	Leyline Focus	Фокус лучей	WzI1LDE0LHsiZiI6IjJESXRlbXMvT2ZmaGFuZC9Gb2NpL0Jhc2V0eXBlcy9Gb2N1czA2IiwidyI6MiwiaCI6Mywic2NhbGUiOjEsInJlYWxtIjoicG9lMiJ9XQ/a7c172ac69/Focus06.png	Metadata/Items/Armours/Focii/FourFocus6Endgame
item	Light Halberd	Лёгкая алебарда		Metadata/Items/Weapons/TwoHandWeapons/TwoHandAxes/FourTwoHandAxe2
item	Linen Belt	Матерчатый пояс	WzI1LDE0LHsiZiI6IjJESXRlbXMvQmVsdHMvQmFzZXR5cGVzL0JlbHQwMiIsInciOjIsImgiOjEsInNjYWxlIjoxLCJyZWFsbSI6InBvZTIifV0/45c1e6bfa2/Belt02.png	Metadata/Items/Belts/FourBelt2;stat_2222186378=0
item	Linen Wraps	Льняные обмотки	WzI1LDE0LHsiZiI6IjJESXRlbXMvQXJtb3Vycy9HbG92ZXMvQmFzZXR5cGVzL0dsb3Zlc0RleEludDAyIiwidyI6MiwiaCI6Miwic2NhbGUiOjEsInJlYWxtIjoicG9lMiJ9XQ/e226df102d/GlovesDexInt02.png	Metadata/Items/Armours/Gloves/FourGlovesDexInt2
item	Lionheart Greaves	Поножи львиного сердца	WzI1LDE0LHsiZiI6IjJESXRlbXMvQXJtb3Vycy9Cb290cy9CYXNldHlwZXMvQm9vdHNTdHIwMyIsInciOjIsImgiOjIsInNjYWxlIjoxLCJyZWFsbSI6InBvZTIifV0/eaacac3e43/BootsStr03.png	Metadata/Items/Armours/Boots/FourBootsStr3Cruel
item	Liquid Despair	Жидкое отчаяние	WzI1LDE0LHsiZiI6IjJESXRlbXMvQ3VycmVuY3kvRGlzdGlsbGVkRW1vdGlvbnMvRGlzdGlsbGVkRGVzcGFpciIsInNjYWxlIjoxLCJyZWFsbSI6InBvZTIifV0/c676bf7dae/DistilledDespair.png	
item	Liquid Disgust	Жидкое отвращение	WzI1LDE0LHsiZiI6IjJESXRlbXMvQ3VycmVuY3kvRGlzdGlsbGVkRW1vdGlvbnMvRGlzdGlsbGVkRGlzZ3VzdCIsInNjYWxlIjoxLCJyZWFsbSI6InBvZTIifV0/f462426de0/DistilledDisgust.png	
item	Liquid Envy	Жидкая зависть	WzI1LDE0LHsiZiI6IjJESXRlbXMvQ3VycmVuY3kvRGlzdGlsbGVkRW1vdGlvbnMvRGlzdGlsbGVkRW52eSIsInNjYWxlIjoxLCJyZWFsbSI6InBvZTIifV0/abf219916e/DistilledEnvy.png	
item	Liquid Paranoia	Жидкая паранойя	WzI1LDE0LHsiZiI6IjJESXRlbXMvQ3VycmVuY3kvRGlzdGlsbGVkRW1vdGlvbnMvRGlzdGlsbGVkUGFyYW5vaWEiLCJzY2FsZSI6MSwicmVhbG0iOiJwb2UyIn1d/279e807e8f/DistilledParanoia.png	
item	Liquid Verisium	Жидкий веризий	WzI1LDE0LHsiZiI6IjJESXRlbXMvQ3VycmVuY3kvRXhwZWRpdGlvbjIvTGlxdWlkTWV0YWxWZXJpc2l1bSIsInNjYWxlIjoxLCJyZWFsbSI6InBvZTIifV0/af9a074e38/LiquidMetalVerisium.png	
item	Lizardscale Boots	Сапоги из кожи ящера	WzI1LDE0LHsiZiI6IjJESXRlbXMvQXJtb3Vycy9Cb290cy9CYXNldHlwZXMvQm9vdHNEZXgwNSIsInciOjIsImgiOjIsInNjYWxlIjoxLCJyZWFsbSI6InBvZTIifV0/316987efab/BootsDex05.png	Metadata/Items/Armours/Boots/FourBootsDex5
item	Lizardscale Coat	Доспех из чешуи ящера	WzI1LDE0LHsiZiI6IjJESXRlbXMvQXJtb3Vycy9Cb2R5QXJtb3Vycy9CYXNldHlwZXMvQm9keURleDA4IiwidyI6MiwiaCI6Mywic2NhbGUiOjEsInJlYWxtIjoicG9lMiJ9XQ/a43ac39920/BodyDex08.png	Metadata/Items/Armours/BodyArmours/FourBodyDex8Cruel
item	Long Belt	Длинный ремень	WzI1LDE0LHsiZiI6IjJESXRlbXMvQmVsdHMvQmFzZXR5cGVzL0JlbHQwNCIsInciOjIsImgiOjEsInNjYWxlIjoxLCJyZWFsbSI6InBvZTIifV0/4a30ba13fb/Belt04.png	Metadata/Items/Belts/FourBelt4;stat_1389754388=0
item	Long Quarterstaff	Длинный боевой посох	WzI1LDE0LHsiZiI6IjJESXRlbXMvV2VhcG9ucy9Ud29IYW5kV2VhcG9ucy9XYXJTdGF2ZXMvV2Fyc3RhZmYwMiIsInciOjIsImgiOjQsInNjYWxlIjoxLCJyZWFsbSI6InBvZTIifV0/23459cf5a8/Warstaff02.png	Metadata/Items/Weapons/TwoHandWeapons/Staves/FourQuarterstaff2;stat_548198834=0
item	Lumbering Talisman	Талисман увальня	WzI1LDE0LHsiZiI6IjJESXRlbXMvT2ZmaGFuZC9UYWxpc21hbnMvTHVtYmVyaW5nVGFsaXNtYW4iLCJ3IjoyLCJoIjoyLCJzY2FsZSI6MSwicmVhbG0iOiJwb2UyIn1d/75c7ed525d/LumberingTalisman.png	Metadata/Items/Weapons/TwoHandWeapons/Talismans/Talisman10
item	Lunar Amulet	Лунный амулет	WzI1LDE0LHsiZiI6IjJESXRlbXMvQW11bGV0cy9CYXNldHlwZXMvTHVuYXJBbXVsZXQiLCJ3IjoxLCJoIjoxLCJzY2FsZSI6MSwicmVhbG0iOiJwb2UyIn1d/e0eef02a23/LunarAmulet.png	Metadata/Items/Amulets/FourAmulet6;stat_3489782002|stat_4052037485=0
item	Lunar Quarterstaff	Боевой посох полнолуния	WzI1LDE0LHsiZiI6IjJESXRlbXMvV2VhcG9ucy9Ud29IYW5kV2VhcG9ucy9XYXJTdGF2ZXMvV2Fyc3RhZmYwNSIsInciOjIsImgiOjQsInNjYWxlIjoxLCJyZWFsbSI6InBvZTIifV0/e69a1d604f/Warstaff05.png	Metadata/Items/Weapons/TwoHandWeapons/Staves/FourQuarterstaff5Endgame
item	Luxurious Robe	Богатое платье	WzI1LDE0LHsiZiI6IjJESXRlbXMvQXJtb3Vycy9Cb2R5QXJtb3Vycy9CYXNldHlwZXMvQm9keUludDA1IiwidyI6MiwiaCI6Mywic2NhbGUiOjEsInJlYWxtIjoicG9lMiJ9XQ/759bf548dc/BodyInt05.png	Metadata/Items/Armours/BodyArmours/FourBodyInt5Cruel
item	Luxurious Slippers	Богатые тапочки	WzI1LDE0LHsiZiI6IjJESXRlbXMvQXJtb3Vycy9Cb290cy9CYXNldHlwZXMvQm9vdHNJbnQwNCIsInciOjIsImgiOjIsInNjYWxlIjoxLCJyZWFsbSI6InBvZTIifV0/e1c49a9d6d/BootsInt04.png	Metadata/Items/Armours/Boots/FourBootsInt4Endgame
item	Magus Tiara	Тиара волшебника		Metadata/Items/Armours/Helmets/FourHelmetInt11
item	Mail Belt	Кольчужный ремень	WzI1LDE0LHsiZiI6IjJESXRlbXMvQmVsdHMvQmFzZXR5cGVzL0JlbHQwNyIsInciOjIsImgiOjEsInNjYWxlIjoxLCJyZWFsbSI6InBvZTIifV0/6d1108fb03/Belt07.png	Metadata/Items/Belts/FourBelt7;stat_644456512=0
item	Mail Breaker	Пробиватель доспеха	WzI1LDE0LHsiZiI6IjJESXRlbXMvV2VhcG9ucy9PbmVIYW5kV2VhcG9ucy9EYWdnZXJzL0Jhc2V0eXBlcy9EYWdnZXIwOSIsInciOjEsImgiOjMsInNjYWxlIjoxLCJyZWFsbSI6InBvZTIifV0/949c8d75f5/Dagger09.png	Metadata/Items/Weapons/OneHandWeapons/Daggers/FourDagger9;stat_4270348114=0
item	Mail Sabatons	Кольчужные сабатоны	WzI1LDE0LHsiZiI6IjJESXRlbXMvQXJtb3Vycy9Cb290cy9CYXNldHlwZXMvQm9vdHNTdHJEZXgwMSIsInciOjIsImgiOjIsInNjYWxlIjoxLCJyZWFsbSI6InBvZTIifV0/a74f14c79f/BootsStrDex01.png	Metadata/Items/Armours/Boots/FourBootsStrDex1
item	Mail Vestments	Кольчатое одеяние	WzI1LDE0LHsiZiI6IjJESXRlbXMvQXJtb3Vycy9Cb2R5QXJtb3Vycy9CYXNldHlwZXMvQm9keUludFN0cjAzIiwidyI6MiwiaCI6Mywic2NhbGUiOjEsInJlYWxtIjoicG9lMiJ9XQ/c961133f58/BodyIntStr03.png	Metadata/Items/Armours/BodyArmours/FourBodyStrInt3
item	Mailed Crown	Корона с бармицей	WzI1LDE0LHsiZiI6IjJESXRlbXMvQXJtb3Vycy9IZWxtZXRzL0Jhc2V0eXBlcy9IZWxtZXRJbnRTdHIwMSIsInciOjIsImgiOjIsInNjYWxlIjoxLCJyZWFsbSI6InBvZTIifV0/039c748dc9/HelmetIntStr01.png	Metadata/Items/Armours/Helmets/FourHelmetStrInt1Cruel
item	Maji Talisman	Талисман Маджи	WzI1LDE0LHsiZiI6IjJESXRlbXMvT2ZmaGFuZC9UYWxpc21hbnMvUmFiaWRUYWxpc21hbiIsInciOjIsImgiOjIsInNjYWxlIjoxLCJyZWFsbSI6InBvZTIifV0/848a8c92de/RabidTalisman.png	Metadata/Items/Weapons/TwoHandWeapons/Talismans/Talisman7Endgame;stat_1181501418=0
item	Makeshift Crossbow	Самодельный самострел	WzI1LDE0LHsiZiI6IjJESXRlbXMvV2VhcG9ucy9Ud29IYW5kV2VhcG9ucy9Dcm9zc2Jvd3MvMkhDcm9zc2JvdzAxIiwidyI6MiwiaCI6NCwic2NhbGUiOjEsInJlYWxtIjoicG9lMiJ9XQ/27e94cfa9e/2HCrossbow01.png	Metadata/Items/Weapons/TwoHandWeapons/Crossbows/FourCrossbow1
item	Mammoth Targe	Тарджет на меху мамонта	WzI1LDE0LHsiZiI6IjJESXRlbXMvT2ZmaGFuZC9TaGllbGRzL1NoaWVsZDAyIiwidyI6MiwiaCI6Mywic2NhbGUiOjEsInJlYWxtIjoicG9lMiJ9XQ/2a8af321d6/Shield02.png	Metadata/Items/Armours/Shields/FourShieldStrDex2Endgame
item	Mantled Mail	Укреплённый доспех с кольцами	WzI1LDE0LHsiZiI6IjJESXRlbXMvQXJtb3Vycy9Cb2R5QXJtb3Vycy9CYXNldHlwZXMvQm9keVN0ckRleDA0IiwidyI6MiwiaCI6Mywic2NhbGUiOjEsInJlYWxtIjoicG9lMiJ9XQ/d8e02875f2/BodyStrDex04.png	Metadata/Items/Armours/BodyArmours/FourBodyStrDex4Cruel
item	Marabout Garb	Костюм марабута	WzI1LDE0LHsiZiI6IjJESXRlbXMvQXJtb3Vycy9Cb2R5QXJtb3Vycy9CYXNldHlwZXMvQm9keURleEludDAzIiwidyI6MiwiaCI6Mywic2NhbGUiOjEsInJlYWxtIjoicG9lMiJ9XQ/03a2617625/BodyDexInt03.png	Metadata/Items/Armours/BodyArmours/FourBodyDexInt3
item	Maraketh Cuirass	Маракетская кираса	WzI1LDE0LHsiZiI6IjJESXRlbXMvQXJtb3Vycy9Cb2R5QXJtb3Vycy9CYXNldHlwZXMvQm9keVN0cjA1IiwidyI6MiwiaCI6Mywic2NhbGUiOjEsInJlYWxtIjoicG9lMiJ9XQ/0897af36a7/BodyStr05.png	Metadata/Items/Armours/BodyArmours/FourBodyStr5
item	Marauding Mace	Булава мародёра	WzI1LDE0LHsiZiI6IjJESXRlbXMvV2VhcG9ucy9PbmVIYW5kV2VhcG9ucy9PbmVIYW5kTWFjZXMvQmFzZXR5cGVzLzFITWFjZTA3IiwidyI6MiwiaCI6Mywic2NhbGUiOjEsInJlYWxtIjoicG9lMiJ9XQ/67ee177858/1HMace07.png	Metadata/Items/Weapons/OneHandWeapons/OneHandMaces/FourOneHandMace7Endgame
item	Marching Mace	Походная булава	WzI1LDE0LHsiZiI6IjJESXRlbXMvV2VhcG9ucy9PbmVIYW5kV2VhcG9ucy9PbmVIYW5kTWFjZXMvQmFzZXR5cGVzLzFITWFjZTA2IiwidyI6MiwiaCI6Mywic2NhbGUiOjEsInJlYWxtIjoicG9lMiJ9XQ/3f1f11ed25/1HMace06.png	Metadata/Items/Weapons/OneHandWeapons/OneHandMaces/FourOneHandMace6Cruel
item	Martyr Crown	Корона мученика	WzI1LDE0LHsiZiI6IjJESXRlbXMvQXJtb3Vycy9IZWxtZXRzL0Jhc2V0eXBlcy9IZWxtZXRJbnRTdHIwNCIsInciOjIsImgiOjIsInNjYWxlIjoxLCJyZWFsbSI6InBvZTIifV0/2cf2a643af/HelmetIntStr04.png	Metadata/Items/Armours/Helmets/FourHelmetStrInt4
item	Masked Greathelm	Большой шлем с маской	WzI1LDE0LHsiZiI6IjJESXRlbXMvQXJtb3Vycy9IZWxtZXRzL0Jhc2V0eXBlcy9IZWxtZXRTdHIwNCIsInciOjIsImgiOjIsInNjYWxlIjoxLCJyZWFsbSI6InBvZTIifV0/8b85a26aad/HelmetStr04.png	Metadata/Items/Armours/Helmets/FourHelmetStr4Endgame
item	Massive Greathammer	Массивный молот	WzI1LDE0LHsiZiI6IjJESXRlbXMvV2VhcG9ucy9Ud29IYW5kV2VhcG9ucy9Ud29IYW5kTWFjZXMvQmFzZXR5cGVzLzJITWFjZTA3IiwidyI6MiwiaCI6NCwic2NhbGUiOjEsInJlYWxtIjoicG9lMiJ9XQ/e7ae9f768b/2HMace07.png	Metadata/Items/Weapons/TwoHandWeapons/TwoHandMaces/FourTwoHandMace7Endgame
item	Massive Mitts	Массивные рукавицы	WzI1LDE0LHsiZiI6IjJESXRlbXMvQXJtb3Vycy9HbG92ZXMvQmFzZXR5cGVzL0dsb3Zlc1N0cjA2IiwidyI6MiwiaCI6Miwic2NhbGUiOjEsInJlYWxtIjoicG9lMiJ9XQ/20c9cbb22c/GlovesStr06.png	Metadata/Items/Armours/Gloves/FourGlovesStr6Endgame
item	Massive Spear	Массивное копьё	WzI1LDE0LHsiZiI6IjJESXRlbXMvV2VhcG9ucy9PbmVIYW5kV2VhcG9ucy9PbmVIYW5kU3BlYXJzLzFIU3BlYXIwOCIsInciOjEsImgiOjQsInNjYWxlIjoxLCJyZWFsbSI6InBvZTIifV0/5a253f3b56/1HSpear08.png	Metadata/Items/Weapons/OneHandWeapons/OneHandSpears/FourSpear8Cruel;?;stat_548198834=0
item	Masterwork Rune	Мастерская руна	WzI1LDE0LHsiZiI6IjJESXRlbXMvQ3VycmVuY3kvRXhwZWRpdGlvbjIvVXBncmFkZVJ1bmUiLCJzY2FsZSI6MSwicmVhbG0iOiJwb2UyIn1d/3f224b0821/UpgradeRune.png	
item	Medium Life Flask	Средний флакон жизни	WzksMTQseyJmIjoiMkRJdGVtcy9GbGFza3MvQmFzZXR5cGVzL0ZsYXNrTGlmZTAyIiwidyI6MSwiaCI6Miwic2NhbGUiOjEsInJlYWxtIjoicG9lMiIsImxldmVsIjoxfV0/5dc1749207/FlaskLife02.png	Metadata/Items/Flasks/FourFlaskLife2
item	Medium Mana Flask	Средний флакон маны	WzksMTQseyJmIjoiMkRJdGVtcy9GbGFza3MvQmFzZXR5cGVzL0ZsYXNrTWFuYTAyIiwidyI6MSwiaCI6Miwic2NhbGUiOjEsInJlYWxtIjoicG9lMiIsImxldmVsIjoxfV0/7c487e3724/FlaskMana02.png	Metadata/Items/Flasks/FourFlaskMana2
item	Medved's Crest of the Circle	Знак Круга Медведя	WzI1LDE0LHsiZiI6IjJESXRlbXMvQ3VycmVuY3kvRXhwZWRpdGlvbjIvVWh0cmVkQ3Jlc3QiLCJzY2FsZSI6MSwicmVhbG0iOiJwb2UyIn1d/273a9b8731/UhtredCrest.png	
item	Medved's Saga	Сага Медведя	WzI1LDE0LHsiZiI6IjJESXRlbXMvQ3VycmVuY3kvRXhwZWRpdGlvbjIvU3BlY2lhbEV4cGVkaXRpb25QYWdlMyIsInNjYWxlIjoxLCJyZWFsbSI6InBvZTIifV0/9eb5b576fc/SpecialExpeditionPage3.png	
item	Medved's Tending	Присмотр Медведя	WzI1LDE0LHsiZiI6IjJESXRlbXMvQ3VycmVuY3kvRXhwZWRpdGlvbjIvR2FtZVdhcnBSdW5lQ29sZCIsInNjYWxlIjoxLCJyZWFsbSI6InBvZTIifV0/1eeef7fd0e/GameWarpRuneCold.png	
item	Mercenary Greathelm	Большой шлем наёмника	WzI1LDE0LHsiZiI6IjJESXRlbXMvQXJtb3Vycy9IZWxtZXRzL0Jhc2V0eXBlcy9IZWxtZXRTdHIwMiIsInciOjIsImgiOjIsInNjYWxlIjoxLCJyZWFsbSI6InBvZTIifV0/73267fe169/HelmetStr02.png	Metadata/Items/Armours/Helmets/FourHelmetStr2Cruel
item	Mercenary Targe	Тарджет наёмника	WzI1LDE0LHsiZiI6IjJESXRlbXMvT2ZmaGFuZC9TaGllbGRzL1NoaWVsZDAzIiwidyI6MiwiaCI6Mywic2NhbGUiOjEsInJlYWxtIjoicG9lMiJ9XQ/6ff6f7c6d3/Shield03.png	Metadata/Items/Armours/Shields/FourShieldStrDex3Cruel
item	Messer	Мессер		Metadata/Items/Weapons/OneHandWeapons/OneHandSwords/FourOneHandSword11
item	Metalworked Tower Shield	Обитый металлом ростовой щит	WzI1LDE0LHsiZiI6IjJESXRlbXMvT2ZmaGFuZC9TaGllbGRzL1Rvd2VyMDMiLCJ3IjoyLCJoIjo0LCJzY2FsZSI6MSwicmVhbG0iOiJwb2UyIn1d/a0b185297f/Tower03.png	Metadata/Items/Armours/Shields/FourShieldStr3Cruel
item	Militant Bow	Лук ревнителя	WzI1LDE0LHsiZiI6IjJESXRlbXMvV2VhcG9ucy9Ud29IYW5kV2VhcG9ucy9Cb3dzL0Jhc2V0eXBlcy9Cb3cwOCIsInciOjIsImgiOjQsInNjYWxlIjoxLCJyZWFsbSI6InBvZTIifV0/90f84002ea/Bow08.png	Metadata/Items/Weapons/TwoHandWeapons/Bows/FourBow8Cruel
item	Mind Rune	Руна разума	WzI1LDE0LHsiZiI6IjJESXRlbXMvQ3VycmVuY3kvUnVuZXMvTWFuYVJ1bmUiLCJzY2FsZSI6MSwicmVhbG0iOiJwb2UyIn1d/4be6331480/ManaRune.png	
item	Mirror of Kalandra	Зеркало Каландры	WzI1LDE0LHsiZiI6IjJESXRlbXMvQ3VycmVuY3kvQ3VycmVuY3lEdXBsaWNhdGUiLCJzY2FsZSI6MSwicmVhbG0iOiJwb2UyIn1d/26bc31680e/CurrencyDuplicate.png	
item	Mnemonic Ring	Мнемоническое кольцо	WzI1LDE0LHsiZiI6IjJESXRlbXMvUmluZ3MvQnJlYWNobG9yZFJpbmdfRXNoIiwidyI6MSwiaCI6MSwic2NhbGUiOjEsInJlYWxtIjoicG9lMiJ9XQ/201c189905/BreachlordRing_Esh.png	Metadata/Items/Rings/FourRingB3;stat_2748665614=0
item	Molten Hammer	Плавильный молоток	WzI1LDE0LHsiZiI6IjJESXRlbXMvV2VhcG9ucy9PbmVIYW5kV2VhcG9ucy9PbmVIYW5kTWFjZXMvQmFzZXR5cGVzLzFITWFjZTAyIiwidyI6MiwiaCI6Mywic2NhbGUiOjEsInJlYWxtIjoicG9lMiJ9XQ/7a5fb1add8/1HMace02.png	Metadata/Items/Weapons/OneHandWeapons/OneHandMaces/FourOneHandMace2Endgame;?
item	Monument Greataxe	Мемориальная секира	WzI1LDE0LHsiZiI6IjJESXRlbXMvV2VhcG9ucy9Ud29IYW5kV2VhcG9ucy9Ud29IYW5kQXhlcy9CYXNldHlwZXMvMkhBeGUxMiIsInciOjIsImgiOjQsInNjYWxlIjoxLCJyZWFsbSI6InBvZTIifV0/3c60a9e40e/2HAxe12.png	Metadata/Items/Weapons/TwoHandWeapons/TwoHandAxes/FourTwoHandAxe12
item	Moon Dagger	Лунный кинжал		Metadata/Items/Weapons/OneHandWeapons/Daggers/FourDagger5;?
item	Morning Star	Моргенштерн	WzI1LDE0LHsiZiI6IjJESXRlbXMvV2VhcG9ucy9PbmVIYW5kV2VhcG9ucy9PbmVIYW5kTWFjZXMvQmFzZXR5cGVzLzFITWFjZTA5IiwidyI6MiwiaCI6Mywic2NhbGUiOjEsInJlYWxtIjoicG9lMiJ9XQ/e179e187ab/1HMace09.png	Metadata/Items/Weapons/OneHandWeapons/OneHandMaces/FourOneHandMace9
item	Moulded Mitts	Литые рукавицы	WzI1LDE0LHsiZiI6IjJESXRlbXMvQXJtb3Vycy9HbG92ZXMvQmFzZXR5cGVzL0dsb3Zlc1N0cjA1IiwidyI6MiwiaCI6Miwic2NhbGUiOjEsInJlYWxtIjoicG9lMiJ9XQ/30e916dc14/GlovesStr05.png	Metadata/Items/Armours/Gloves/FourGlovesStr5
item	Mystic Alloy	Мистический сплав	WzI1LDE0LHsiZiI6IjJESXRlbXMvQ3VycmVuY3kvRXhwZWRpdGlvbjIvQ2VsZXN0aWFsVmVyaXNpdW0iLCJzY2FsZSI6MSwicmVhbG0iOiJwb2UyIn1d/1478b03254/CelestialVerisium.png	
item	Mystic Raiment	Наряд мистика	WzI1LDE0LHsiZiI6IjJESXRlbXMvQXJtb3Vycy9Cb2R5QXJtb3Vycy9CYXNldHlwZXMvQm9keUludDEwIiwidyI6MiwiaCI6Mywic2NhbGUiOjEsInJlYWxtIjoicG9lMiJ9XQ/67075adc85/BodyInt10.png	Metadata/Items/Armours/BodyArmours/FourBodyInt10
item	Narrow Hood	Тонкий капюшон	WzI1LDE0LHsiZiI6IjJESXRlbXMvQXJtb3Vycy9IZWxtZXRzL0Jhc2V0eXBlcy9IZWxtZXREZXgwMyIsInciOjIsImgiOjIsInNjYWxlIjoxLCJyZWFsbSI6InBvZTIifV0/5b4c25e7e4/HelmetDex03.png	Metadata/Items/Armours/Helmets/FourHelmetDex3Cruel
item	Necrotic Catalyst	Некротический катализатор	WzI1LDE0LHsiZiI6IjJESXRlbXMvQ3VycmVuY3kvQnJlYWNoL0JyZWFjaENhdGFseXN0TmVjcm90aWMiLCJzY2FsZSI6MSwicmVhbG0iOiJwb2UyIn1d/5e20b43820/BreachCatalystNecrotic.png	
item	Nettle Talisman	Талисман из крапивы	WzI1LDE0LHsiZiI6IjJESXRlbXMvT2ZmaGFuZC9UYWxpc21hbnMvTmV0dGxlVGFsaXNtYW4iLCJ3IjoyLCJoIjoyLCJzY2FsZSI6MSwicmVhbG0iOiJwb2UyIn1d/b5b9f39416/NettleTalisman.png	Metadata/Items/Weapons/TwoHandWeapons/Talismans/Talisman2
item	Neural Catalyst	Невральный катализатор	WzI1LDE0LHsiZiI6IjJESXRlbXMvQ3VycmVuY3kvQnJlYWNoL0JyZWFjaENhdGFseXN0TWFuYSIsInNjYWxlIjoxLCJyZWFsbSI6InBvZTIifV0/61d3a7a832/BreachCatalystMana.png	
item	Noble Greathelm	Большой шлем дворянина	WzI1LDE0LHsiZiI6IjJESXRlbXMvQXJtb3Vycy9IZWxtZXRzL0Jhc2V0eXBlcy9IZWxtZXRTdHIwNSIsInciOjIsImgiOjIsInNjYWxlIjoxLCJyZWFsbSI6InBvZTIifV0/39a19d746e/HelmetStr05.png	Metadata/Items/Armours/Helmets/FourHelmetStr5Cruel
item	Noble Sabatons	Сабатоны дворянина	WzI1LDE0LHsiZiI6IjJESXRlbXMvQXJtb3Vycy9Cb290cy9CYXNldHlwZXMvQm9vdHNTdHJEZXgwMiIsInciOjIsImgiOjIsInNjYWxlIjoxLCJyZWFsbSI6InBvZTIifV0/fea44e00c3/BootsStrDex02.png	Metadata/Items/Armours/Boots/FourBootsStrDex2Endgame
item	Noble Tower Shield	Ростовой щит дворянина	WzI1LDE0LHsiZiI6IjJESXRlbXMvT2ZmaGFuZC9TaGllbGRzL1Rvd2VyMDciLCJ3IjoyLCJoIjo0LCJzY2FsZSI6MSwicmVhbG0iOiJwb2UyIn1d/bbca7483fc/Tower07.png	Metadata/Items/Armours/Shields/FourShieldStr7Cruel
item	Oak Buckler	Дубовый баклер	WzI1LDE0LHsiZiI6IjJESXRlbXMvT2ZmaGFuZC9TaGllbGRzL0J1Y2tsZXIwMiIsInciOjIsImgiOjIsInNjYWxlIjoxLCJyZWFsbSI6InBvZTIifV0/db7e92c9f1/Buckler02.png	Metadata/Items/Armours/Shields/FourShieldDex2Cruel
item	Oak Greathammer	Дубовая кувалда	WzI1LDE0LHsiZiI6IjJESXRlbXMvV2VhcG9ucy9Ud29IYW5kV2VhcG9ucy9Ud29IYW5kTWFjZXMvQmFzZXR5cGVzLzJITWFjZTAyIiwidyI6MiwiaCI6NCwic2NhbGUiOjEsInJlYWxtIjoicG9lMiJ9XQ/3ed2c526c1/2HMace02.png	Metadata/Items/Weapons/TwoHandWeapons/TwoHandMaces/FourTwoHandMace2;stat_791928121=0
item	Oak Mask	Дубовая маска	WzI1LDE0LHsiZiI6IjJESXRlbXMvQXJtb3Vycy9IZWxtZXRzL0Jhc2V0eXBlcy9IZWxtZXREZXhJbnQwMSIsInciOjIsImgiOjIsInNjYWxlIjoxLCJyZWFsbSI6InBvZTIifV0/3990268355/HelmetDexInt01.png	Metadata/Items/Armours/Helmets/FourHelmetDexInt1Cruel
item	Obliterator Bow	Лук изничтожителя	WzI1LDE0LHsiZiI6IjJESXRlbXMvV2VhcG9ucy9Ud29IYW5kV2VhcG9ucy9Cb3dzL0Jhc2V0eXBlcy9Cb3cwOSIsInciOjIsImgiOjQsInNjYWxlIjoxLCJyZWFsbSI6InBvZTIifV0/e62ea7f094/Bow09.png	Metadata/Items/Weapons/TwoHandWeapons/Bows/FourBow9Endgame;stat_3398402065=0
item	Obsidian Dagger	Обсидиановый кинжал	WzI1LDE0LHsiZiI6IjJESXRlbXMvV2VhcG9ucy9PbmVIYW5kV2VhcG9ucy9EYWdnZXJzL0Jhc2V0eXBlcy9EYWdnZXIwNyIsInciOjEsImgiOjMsInNjYWxlIjoxLCJyZWFsbSI6InBvZTIifV0/307c2652b8/Dagger07.png	Metadata/Items/Weapons/OneHandWeapons/Daggers/FourDagger7
item	Obsidian Greatsword	Большой меч из обсидиана	WzI1LDE0LHsiZiI6IjJESXRlbXMvV2VhcG9ucy9Ud29IYW5kV2VhcG9ucy9Ud29IYW5kU3dvcmRzL0Jhc2V0eXBlcy8ySFN3b3JkMDgiLCJ3IjoyLCJoIjo0LCJzY2FsZSI6MSwicmVhbG0iOiJwb2UyIn1d/1d1bd4619a/2HSword08.png	Metadata/Items/Weapons/TwoHandWeapons/TwoHandSwords/FourTwoHandSword8
item	Occultist Mantle	Наряд оккультиста	WzI1LDE0LHsiZiI6IjJESXRlbXMvQXJtb3Vycy9Cb2R5QXJtb3Vycy9CYXNldHlwZXMvQm9keUludFN0cjA0IiwidyI6MiwiaCI6Mywic2NhbGUiOjEsInJlYWxtIjoicG9lMiJ9XQ/3574a91ac4/BodyIntStr04.png	Metadata/Items/Armours/BodyArmours/FourBodyStrInt4Cruel
item	Oiled Jacket	Промасленный плащ	WzI1LDE0LHsiZiI6IjJESXRlbXMvQXJtb3Vycy9Cb2R5QXJtb3Vycy9CYXNldHlwZXMvQm9keURleEludDAyIiwidyI6MiwiaCI6Mywic2NhbGUiOjEsInJlYWxtIjoicG9lMiJ9XQ/31d5df47b6/BodyDexInt02.png	Metadata/Items/Armours/BodyArmours/FourBodyDexInt2Cruel
item	Olroth's Crest of the Sun	Знак Солнца Олрота	WzI1LDE0LHsiZiI6IjJESXRlbXMvQ3VycmVuY3kvRXhwZWRpdGlvbjIvT2xyb3RoQ3Jlc3QiLCJzY2FsZSI6MSwicmVhbG0iOiJwb2UyIn1d/7af5ff0fcb/OlrothCrest.png	
item	Olroth's Reliquary Key	Ключ от Реликвария Олрота	WzI1LDE0LHsiZiI6IjJESXRlbXMvTWFwcy9Ud2lsaWdodE9yZGVyUmVsaXF1YXJ5S2V5RXhwZWRpdGlvbiIsInNjYWxlIjoxLCJyZWFsbSI6InBvZTIifV0/0433c7beb8/TwilightOrderReliquaryKeyExpedition.png	
item	Olroth's Saga	Сага Олрота	WzI1LDE0LHsiZiI6IjJESXRlbXMvQ3VycmVuY3kvRXhwZWRpdGlvbjIvU3BlY2lhbEV4cGVkaXRpb25QYWdlMSIsInNjYWxlIjoxLCJyZWFsbSI6InBvZTIifV0/e4b423d772/SpecialExpeditionPage1.png	
item	Omen Crest Shield	Гербовый щит знамения	WzI1LDE0LHsiZiI6IjJESXRlbXMvT2ZmaGFuZC9TaGllbGRzL0NyZXN0MDYiLCJ3IjoyLCJoIjozLCJzY2FsZSI6MSwicmVhbG0iOiJwb2UyIn1d/6ba061f56a/Crest06.png	Metadata/Items/Armours/Shields/FourShieldStrInt6
item	Omen Sceptre	Скипетр предвестия	WzI1LDE0LHsiZiI6IjJESXRlbXMvV2VhcG9ucy9PbmVIYW5kV2VhcG9ucy9TY2VwdGVycy9CYXNldHlwZXMvU2NlcHRyZTA0IiwidyI6MiwiaCI6Mywic2NhbGUiOjEsInJlYWxtIjoicG9lMiJ9XQ/d2cc9f0ac1/Sceptre04.png	Metadata/Items/Weapons/OneHandWeapons/Sceptres/FourSceptre4
item	Omen of Abyssal Echoes	Предзнаменование отголосков Бездны	WzI1LDE0LHsiZiI6IjJESXRlbXMvQ3VycmVuY3kvT21lbnMvT21lbk9uQWJ5c3NSZXJvbGxPcHRpb25zIiwic2NhbGUiOjEsInJlYWxtIjoicG9lMiJ9XQ/9690f99016/OmenOnAbyssRerollOptions.png	
item	Omen of Amelioration	Предзнаменование избавления	WzI1LDE0LHsiZiI6IjJESXRlbXMvQ3VycmVuY3kvT21lbnMvVm9vZG9vT21lbnMzQmx1ZSIsInNjYWxlIjoxLCJyZWFsbSI6InBvZTIifV0/b5ee965352/VoodooOmens3Blue.png	
item	Omen of Answered Prayers	Предзнаменование услышанных молитв	WzI1LDE0LHsiZiI6IjJESXRlbXMvQ3VycmVuY3kvT21lbnMvVm9vZG9vT21lbnM0Qmx1ZSIsInNjYWxlIjoxLCJyZWFsbSI6InBvZTIifV0/ba21c85554/VoodooOmens4Blue.png	
item	Omen of Bartering	Предзнаменование бартера	WzI1LDE0LHsiZiI6IjJESXRlbXMvQ3VycmVuY3kvT21lbnMvT21lblNlbGxWZW5kb3JSYW5kb21pc2UiLCJzY2FsZSI6MSwicmVhbG0iOiJwb2UyIn1d/12ef99da8b/OmenSellVendorRandomise.png	
item	Omen of Catalysing Exaltation	Предзнаменование катализованного возвышения	WzI1LDE0LHsiZiI6IjJESXRlbXMvQ3VycmVuY3kvT21lbnMvT21lbk9uRXhhbHRDb25zdW1lUXVhbGl0eSIsInNjYWxlIjoxLCJyZWFsbSI6InBvZTIifV0/ca4d0db767/OmenOnExaltConsumeQuality.png	
item	Omen of Chance	Предзнаменование удачи	WzI1LDE0LHsiZiI6IjJESXRlbXMvQ3VycmVuY3kvT21lbnMvT21lbk9uQ2hhbmNlTm90RGVzdHJveSIsInNjYWxlIjoxLCJyZWFsbSI6InBvZTIifV0/461b794959/OmenOnChanceNotDestroy.png	
item	Omen of Chaotic Effectiveness	Предзнаменование хаотичной эффективности	WzI1LDE0LHsiZiI6IjJESXRlbXMvQ3VycmVuY3kvT21lbnMvT21lbk9uQ2hhb3NNYXBNb25zdGVyRWZmZWN0aXZlbmVzcyIsInNjYWxlIjoxLCJyZWFsbSI6InBvZTIifV0/1dc9f3dea9/OmenOnChaosMapMonsterEffectiveness.png	
item	Omen of Chaotic Monsters	Предзнаменование хаотичных монстров	WzI1LDE0LHsiZiI6IjJESXRlbXMvQ3VycmVuY3kvT21lbnMvT21lbk9uQ2hhb3NNYXBJdGVtUXVhbnRpdHkiLCJzY2FsZSI6MSwicmVhbG0iOiJwb2UyIn1d/dcd21d0252/OmenOnChaosMapItemQuantity.png	
item	Omen of Chaotic Quantity	Предзнаменование хаотичного количества	WzI1LDE0LHsiZiI6IjJESXRlbXMvQ3VycmVuY3kvT21lbnMvT21lbk9uQ2hhb3NNYXBQYWNrU2l6ZSIsInNjYWxlIjoxLCJyZWFsbSI6InBvZTIifV0/9ea6c86009/OmenOnChaosMapPackSize.png	
item	Omen of Chaotic Rarity	Предзнаменование хаотичной редкости	WzI1LDE0LHsiZiI6IjJESXRlbXMvQ3VycmVuY3kvT21lbnMvT21lbk9uQ2hhb3NNYXBJdGVtUmFyaXR5Iiwic2NhbGUiOjEsInJlYWxtIjoicG9lMiJ9XQ/e7d9f8657d/OmenOnChaosMapItemRarity.png	
item	Omen of Corruption	Предзнаменование осквернения	WzI1LDE0LHsiZiI6IjJESXRlbXMvQ3VycmVuY3kvT21lbnMvVm9vZG9vT21lbnMzUmVkIiwic2NhbGUiOjEsInJlYWxtIjoicG9lMiJ9XQ/9cfdcc9e1a/VoodooOmens3Red.png	
item	Omen of Dextral Alchemy	Предзнаменование алхимии правши	WzI1LDE0LHsiZiI6IjJESXRlbXMvQ3VycmVuY3kvT21lbnMvVm9vZG9vT21lbnMyR3JlZW4iLCJ3IjoxLCJoIjoxLCJzY2FsZSI6MSwicmVhbG0iOiJwb2UyIn1d/3736b5831f/VoodooOmens2Green.png	
item	Omen of Dextral Annulment	Предзнаменование очищения правши	WzI1LDE0LHsiZiI6IjJESXRlbXMvQ3VycmVuY3kvT21lbnMvVm9vZG9vT21lbnMzUHVycGxlIiwic2NhbGUiOjEsInJlYWxtIjoicG9lMiJ9XQ/d901658529/VoodooOmens3Purple.png	
item	Omen of Dextral Coronation	Предзнаменование коронации правши	WzI1LDE0LHsiZiI6IjJESXRlbXMvQ3VycmVuY3kvT21lbnMvVm9vZG9vT21lbnMyUmVkIiwidyI6MSwiaCI6MSwic2NhbGUiOjEsInJlYWxtIjoicG9lMiJ9XQ/e149df9aa5/VoodooOmens2Red.png	
item	Omen of Dextral Crystallisation	Предзнаменование кристаллизации правши	WzI1LDE0LHsiZiI6IjJESXRlbXMvQ3VycmVuY3kvT21lbnMvT21lbk9uUGVyZmVjdEVzc2VuY2VTdWZmaXgiLCJzY2FsZSI6MSwicmVhbG0iOiJwb2UyIn1d/7ec019819e/OmenOnPerfectEssenceSuffix.png	
item	Omen of Dextral Erasure	Предзнаменование истирания правши	WzI1LDE0LHsiZiI6IjJESXRlbXMvQ3VycmVuY3kvT21lbnMvVm9vZG9vT21lbnMzRGFyayIsInNjYWxlIjoxLCJyZWFsbSI6InBvZTIifV0/6e2bb52963/VoodooOmens3Dark.png	
item	Omen of Dextral Exaltation	Предзнаменование возвышения правши	WzI1LDE0LHsiZiI6IjJESXRlbXMvQ3VycmVuY3kvT21lbnMvVm9vZG9vT21lbnMzWWVsbG93Iiwic2NhbGUiOjEsInJlYWxtIjoicG9lMiJ9XQ/ed7cf06fa4/VoodooOmens3Yellow.png	
item	Omen of Dextral Necromancy	Предзнаменование некромантии правши	WzI1LDE0LHsiZiI6IjJESXRlbXMvQ3VycmVuY3kvT21lbnMvT21lbk9uQWJ5c3NBZGRTdWZmaXhlcyIsInNjYWxlIjoxLCJyZWFsbSI6InBvZTIifV0/93e1dd20ce/OmenOnAbyssAddSuffixes.png	
item	Omen of Gambling	Предзнаменование азарта	WzI1LDE0LHsiZiI6IjJESXRlbXMvQ3VycmVuY3kvT21lbnMvT21lbkdhbWJsZU5vR29sZENvc3QiLCJzY2FsZSI6MSwicmVhbG0iOiJwb2UyIn1d/90225aff24/OmenGambleNoGoldCost.png	
item	Omen of Greater Annulment	Предзнаменование великого очищения	WzI1LDE0LHsiZiI6IjJESXRlbXMvQ3VycmVuY3kvT21lbnMvVm9vZG9vT21lbnMxUHVycGxlIiwidyI6MSwiaCI6MSwic2NhbGUiOjEsInJlYWxtIjoicG9lMiJ9XQ/ab5d6eb9a4/VoodooOmens1Purple.png	
item	Omen of Greater Exaltation	Предзнаменование великого возвышения	WzI1LDE0LHsiZiI6IjJESXRlbXMvQ3VycmVuY3kvT21lbnMvVm9vZG9vT21lbnMxWWVsbG93Iiwic2NhbGUiOjEsInJlYWxtIjoicG9lMiJ9XQ/22d9b6478d/VoodooOmens1Yellow.png	
item	Omen of Homogenising Coronation	Предзнаменование единой коронации	WzI1LDE0LHsiZiI6IjJESXRlbXMvQ3VycmVuY3kvT21lbnMvT21lbk9uUmVnYWxBZGRFeGlzdGluZ01vZFR5cGUiLCJzY2FsZSI6MSwicmVhbG0iOiJwb2UyIn1d/314f84e4dd/OmenOnRegalAddExistingModType.png	
item	Omen of Homogenising Exaltation	Предзнаменование единого возвышения	WzI1LDE0LHsiZiI6IjJESXRlbXMvQ3VycmVuY3kvT21lbnMvT21lbk9uRXhhbHRBZGRFeGlzdGluZ01vZFR5cGUiLCJzY2FsZSI6MSwicmVhbG0iOiJwb2UyIn1d/298d666008/OmenOnExaltAddExistingModType.png	
item	Omen of Light	Предзнаменование света	WzI1LDE0LHsiZiI6IjJESXRlbXMvQ3VycmVuY3kvT21lbnMvT21lbk9uQW5udWxSZW1vdmVBYnlzc01vZCIsInNjYWxlIjoxLCJyZWFsbSI6InBvZTIifV0/eb39bcb3d7/OmenOnAnnulRemoveAbyssMod.png	
item	Omen of Putrefaction	Предзнаменование разложения	WzI1LDE0LHsiZiI6IjJESXRlbXMvQ3VycmVuY3kvT21lbnMvT21lbk9uQWJ5c3NWZWlsQWxsQW5kQ29ycnVwdCIsInNjYWxlIjoxLCJyZWFsbSI6InBvZTIifV0/8c706ec466/OmenOnAbyssVeilAllAndCorrupt.png	
item	Omen of Recombination	Предзнаменование рекомбинации	WzI1LDE0LHsiZiI6IjJESXRlbXMvQ3VycmVuY3kvT21lbnMvT21lblJlY29tYmluYXRpb24iLCJ3IjoxLCJoIjoxLCJzY2FsZSI6MSwicmVhbG0iOiJwb2UyIn1d/d402d05e6f/OmenRecombination.png	
item	Omen of Refreshment	Предзнаменование восполнения	WzI1LDE0LHsiZiI6IjJESXRlbXMvQ3VycmVuY3kvT21lbnMvVm9vZG9vT21lbnMxQmx1ZSIsInNjYWxlIjoxLCJyZWFsbSI6InBvZTIifV0/213474d1d5/VoodooOmens1Blue.png	
item	Omen of Reinforcements	Предзнаменование подкреплений	WzI1LDE0LHsiZiI6IjJESXRlbXMvQ3VycmVuY3kvT21lbnMvVm9vZG9vT21lbnM0UHVycGxlIiwic2NhbGUiOjEsInJlYWxtIjoicG9lMiJ9XQ/bed352248c/VoodooOmens4Purple.png	
item	Omen of Resurgence	Предзнаменование возрождения	WzI1LDE0LHsiZiI6IjJESXRlbXMvQ3VycmVuY3kvT21lbnMvVm9vZG9vT21lbnMyQmx1ZSIsInNjYWxlIjoxLCJyZWFsbSI6InBvZTIifV0/044d5086da/VoodooOmens2Blue.png	
item	Omen of Sanctification	Предзнаменование освящения	WzI1LDE0LHsiZiI6IjJESXRlbXMvQ3VycmVuY3kvT21lbnMvT21lbk9uRGl2aW5lU2FuY3RpZnkiLCJzY2FsZSI6MSwicmVhbG0iOiJwb2UyIn1d/895416b2b9/OmenOnDivineSanctify.png	
item	Omen of Secret Compartments	Предзнаменование тайных отсеков	WzI1LDE0LHsiZiI6IjJESXRlbXMvQ3VycmVuY3kvT21lbnMvVm9vZG9vT21lbnM0RGFyayIsInNjYWxlIjoxLCJyZWFsbSI6InBvZTIifV0/a152f2714f/VoodooOmens4Dark.png	
item	Omen of Sinistral Alchemy	Предзнаменование алхимии левши	WzI1LDE0LHsiZiI6IjJESXRlbXMvQ3VycmVuY3kvT21lbnMvVm9vZG9vT21lbnMxR3JlZW4iLCJ3IjoxLCJoIjoxLCJzY2FsZSI6MSwicmVhbG0iOiJwb2UyIn1d/0c3d71ba13/VoodooOmens1Green.png	
item	Omen of Sinistral Annulment	Предзнаменование очищения левши	WzI1LDE0LHsiZiI6IjJESXRlbXMvQ3VycmVuY3kvT21lbnMvVm9vZG9vT21lbnMyUHVycGxlIiwic2NhbGUiOjEsInJlYWxtIjoicG9lMiJ9XQ/b9eaf38592/VoodooOmens2Purple.png	
item	Omen of Sinistral Coronation	Предзнаменование коронации левши	WzI1LDE0LHsiZiI6IjJESXRlbXMvQ3VycmVuY3kvT21lbnMvVm9vZG9vT21lbnMxUmVkIiwidyI6MSwiaCI6MSwic2NhbGUiOjEsInJlYWxtIjoicG9lMiJ9XQ/1c90d2eb1f/VoodooOmens1Red.png	
item	Omen of Sinistral Crystallisation	Предзнаменование кристаллизации левши	WzI1LDE0LHsiZiI6IjJESXRlbXMvQ3VycmVuY3kvT21lbnMvT21lbk9uUGVyZmVjdEVzc2VuY2VQcmVmaXgiLCJzY2FsZSI6MSwicmVhbG0iOiJwb2UyIn1d/75263d6201/OmenOnPerfectEssencePrefix.png	
item	Omen of Sinistral Erasure	Предзнаменование истирания левши	WzI1LDE0LHsiZiI6IjJESXRlbXMvQ3VycmVuY3kvT21lbnMvVm9vZG9vT21lbnMyRGFyayIsInNjYWxlIjoxLCJyZWFsbSI6InBvZTIifV0/0cfa6959be/VoodooOmens2Dark.png	
item	Omen of Sinistral Exaltation	Предзнаменование возвышения левши	WzI1LDE0LHsiZiI6IjJESXRlbXMvQ3VycmVuY3kvT21lbnMvVm9vZG9vT21lbnMyWWVsbG93Iiwic2NhbGUiOjEsInJlYWxtIjoicG9lMiJ9XQ/6d316b47ee/VoodooOmens2Yellow.png	
item	Omen of Sinistral Necromancy	Предзнаменование некромантии левши	WzI1LDE0LHsiZiI6IjJESXRlbXMvQ3VycmVuY3kvT21lbnMvT21lbk9uQWJ5c3NBZGRQcmVmaXhlcyIsInNjYWxlIjoxLCJyZWFsbSI6InBvZTIifV0/1c0a646414/OmenOnAbyssAddPrefixes.png	
item	Omen of Whittling	Предзнаменование оттачивания	WzI1LDE0LHsiZiI6IjJESXRlbXMvQ3VycmVuY3kvT21lbnMvVm9vZG9vT21lbnMxRGFyayIsInNjYWxlIjoxLCJyZWFsbSI6InBvZTIifV0/2dea0999d5/VoodooOmens1Dark.png	
item	Omen of the Ancients	Предзнаменование древних	WzI1LDE0LHsiZiI6IjJESXRlbXMvQ3VycmVuY3kvT21lbnMvT21lbk9uQ2hhbmNlQW5jaWVudE9yYiIsInNjYWxlIjoxLCJyZWFsbSI6InBvZTIifV0/6392c12c6d/OmenOnChanceAncientOrb.png	
item	Omen of the Blackblooded	Предзнаменование чернокровных	WzI1LDE0LHsiZiI6IjJESXRlbXMvQ3VycmVuY3kvT21lbnMvT21lbk9uQWJ5c3NHdWFyZW50ZWVkTGljaFR5cGVNb2QzIiwic2NhbGUiOjEsInJlYWxtIjoicG9lMiJ9XQ/7fe7335409/OmenOnAbyssGuarenteedLichTypeMod3.png	
item	Omen of the Blessed	Предзнаменование благодатных	WzI1LDE0LHsiZiI6IjJESXRlbXMvQ3VycmVuY3kvT21lbnMvT21lbk9uRGl2aW5lUmVyb2xsSW1wbGljaXRzIiwic2NhbGUiOjEsInJlYWxtIjoicG9lMiJ9XQ/d910191d85/OmenOnDivineRerollImplicits.png	
item	Omen of the Hunt	Предзнаменование охоты	WzI1LDE0LHsiZiI6IjJESXRlbXMvQ3VycmVuY3kvT21lbnMvVm9vZG9vT21lbnM0R3JlZW4iLCJzY2FsZSI6MSwicmVhbG0iOiJwb2UyIn1d/4800eedd0e/VoodooOmens4Green.png	
item	Omen of the Liege	Предзнаменование властителя	WzI1LDE0LHsiZiI6IjJESXRlbXMvQ3VycmVuY3kvT21lbnMvT21lbk9uQWJ5c3NHdWFyZW50ZWVkTGljaFR5cGVNb2QyIiwic2NhbGUiOjEsInJlYWxtIjoicG9lMiJ9XQ/675e1d439a/OmenOnAbyssGuarenteedLichTypeMod2.png	
item	Omen of the Sovereign	Предзнаменование правителя	WzI1LDE0LHsiZiI6IjJESXRlbXMvQ3VycmVuY3kvT21lbnMvT21lbk9uQWJ5c3NHdWFyZW50ZWVkTGljaFR5cGVNb2QxIiwic2NhbGUiOjEsInJlYWxtIjoicG9lMiJ9XQ/a4962e6d7b/OmenOnAbyssGuarenteedLichTypeMod1.png	
item	Ominous Gloves	Зловещие перчатки	WzI1LDE0LHsiZiI6IjJESXRlbXMvQXJtb3Vycy9HbG92ZXMvQmFzZXR5cGVzL0dsb3Zlc0ludDAyIiwidyI6MiwiaCI6Miwic2NhbGUiOjEsInJlYWxtIjoicG9lMiJ9XQ/5da448ad79/GlovesInt02.png	Metadata/Items/Armours/Gloves/FourGlovesInt2Cruel
item	Oneiric Ring	Сновидческое кольцо	WzI1LDE0LHsiZiI6IjJESXRlbXMvUmluZ3MvQnJlYWNobG9yZFJpbmdfQ2hheXVsYSIsInciOjEsImgiOjEsInNjYWxlIjoxLCJyZWFsbSI6InBvZTIifV0/a1763a74e7/BreachlordRing_Chayula.png	Metadata/Items/Rings/FourRingB5;stat_736967255=0
item	Opiloti's Soul Core of Assault	Ядро душ нападения Опилоти	WzI1LDE0LHsiZiI6IjJESXRlbXMvQ3VycmVuY3kvU291bENvcmVzL05ld1NvdWxDb3JlRnJlbnp5Q2hhcmdlIiwic2NhbGUiOjEsInJlYWxtIjoicG9lMiJ9XQ/ce5c1bdfdc/NewSoulCoreFrenzyCharge.png	
item	Opulent Gloves	Богатые перчатки	WzI1LDE0LHsiZiI6IjJESXRlbXMvQXJtb3Vycy9HbG92ZXMvQmFzZXR5cGVzL0dsb3Zlc0ludDA0IiwidyI6MiwiaCI6Miwic2NhbGUiOjEsInJlYWxtIjoicG9lMiJ9XQ/8882887a8e/GlovesInt04.png	Metadata/Items/Armours/Gloves/FourGlovesInt4Endgame
item	Orb of Alchemy	Сфера алхимии	WzI1LDE0LHsiZiI6IjJESXRlbXMvQ3VycmVuY3kvQ3VycmVuY3lVcGdyYWRlVG9SYXJlIiwic2NhbGUiOjEsInJlYWxtIjoicG9lMiJ9XQ/9b80b44821/CurrencyUpgradeToRare.png	
item	Orb of Annulment	Сфера отмены	WzI1LDE0LHsiZiI6IjJESXRlbXMvQ3VycmVuY3kvQW5udWxsT3JiIiwic2NhbGUiOjEsInJlYWxtIjoicG9lMiJ9XQ/2daba8ccca/AnnullOrb.png	
item	Orb of Augmentation	Сфера усиления	WzI1LDE0LHsiZiI6IjJESXRlbXMvQ3VycmVuY3kvQ3VycmVuY3lBZGRNb2RUb01hZ2ljIiwic2NhbGUiOjEsInJlYWxtIjoicG9lMiJ9XQ/c8ad0ddc84/CurrencyAddModToMagic.png	
item	Orb of Chance	Сфера удачи	WzI1LDE0LHsiZiI6IjJESXRlbXMvQ3VycmVuY3kvQ3VycmVuY3lVcGdyYWRlVG9VbmlxdWUiLCJzY2FsZSI6MSwicmVhbG0iOiJwb2UyIn1d/93c6cc8d5b/CurrencyUpgradeToUnique.png	
item	Orb of Extraction	Сфера извлечения	WzI1LDE0LHsiZiI6IjJESXRlbXMvQ3VycmVuY3kvSW5jdXJzaW9uQ3JhZnRpbmdPcmJzL0luY3Vyc2lvblNvY2tldGFibGVFeHRyYWN0b3JDdXJyZW5jeSIsInNjYWxlIjoxLCJyZWFsbSI6InBvZTIifV0/dae9dfbb5e/IncursionSocketableExtractorCurrency.png	
item	Orb of Transmutation	Сфера превращения	WzI1LDE0LHsiZiI6IjJESXRlbXMvQ3VycmVuY3kvQ3VycmVuY3lVcGdyYWRlVG9NYWdpYyIsInNjYWxlIjoxLCJyZWFsbSI6InBvZTIifV0/2f8e1ff9f8/CurrencyUpgradeToMagic.png	
item	Order Artifact	Артефакт Ордена	WzI1LDE0LHsiZiI6IjJESXRlbXMvQ3VycmVuY3kvRXhwZWRpdGlvbi9SdW5lMTMiLCJ3IjoxLCJoIjoxLCJzY2FsZSI6MSwicmVhbG0iOiJwb2UyIn1d/466bba469d/Rune13.png	
item	Orichalcum Spear	Копьё из орихалка	WzI1LDE0LHsiZiI6IjJESXRlbXMvV2VhcG9ucy9PbmVIYW5kV2VhcG9ucy9PbmVIYW5kU3BlYXJzLzFIU3BlYXIwMiIsInciOjEsImgiOjQsInNjYWxlIjoxLCJyZWFsbSI6InBvZTIifV0/08f2f8530e/1HSpear02.png	Metadata/Items/Weapons/OneHandWeapons/OneHandSpears/FourSpear2Endgame;?
item	Origin Core	Ядро истока	WzI1LDE0LHsiZiI6IjJESXRlbXMvQ3VycmVuY3kvUHJlY3Vyc29yU2VlZEVnZ0NvbWJpbmVkIiwic2NhbGUiOjEsInJlYWxtIjoicG9lMiJ9XQ/789160e327/PrecursorSeedEggCombined.png	
item	Origin Cradle	Колыбель истока	WzI1LDE0LHsiZiI6IjJESXRlbXMvQ3VycmVuY3kvUHJlY3Vyc29yRWdnIiwic2NhbGUiOjEsInJlYWxtIjoicG9lMiJ9XQ/c386e361d1/PrecursorEgg.png	
item	Origin Spark	Искра истока	WzI1LDE0LHsiZiI6IjJESXRlbXMvQ3VycmVuY3kvUHJlY3Vyc29yU2VlZCIsInNjYWxlIjoxLCJyZWFsbSI6InBvZTIifV0/550527bcd4/PrecursorSeed.png	
item	Ornate Belt	Декорированный ремень	WzI1LDE0LHsiZiI6IjJESXRlbXMvQmVsdHMvQmFzZXR5cGVzL0JlbHQwNiIsInciOjIsImgiOjEsInNjYWxlIjoxLCJyZWFsbSI6InBvZTIifV0/7784ff2f33/Belt06.png	Metadata/Items/Belts/FourBelt6;stat_1570770415=0
item	Ornate Buckler	Украшенный баклер	WzI1LDE0LHsiZiI6IjJESXRlbXMvT2ZmaGFuZC9TaGllbGRzL0J1Y2tsZXIwMyIsInciOjIsImgiOjIsInNjYWxlIjoxLCJyZWFsbSI6InBvZTIifV0/42cd057891/Buckler03.png	Metadata/Items/Armours/Shields/FourShieldDex11 Metadata/Items/Armours/Shields/FourShieldDex3Endgame
item	Ornate Cuffs	Изысканные манжеты	WzI1LDE0LHsiZiI6IjJESXRlbXMvQXJtb3Vycy9HbG92ZXMvQmFzZXR5cGVzL0dsb3Zlc0ludFN0cjAzIiwidyI6MiwiaCI6Miwic2NhbGUiOjEsInJlYWxtIjoicG9lMiJ9XQ/0e34625351/GlovesIntStr03.png	Metadata/Items/Armours/Gloves/FourGlovesStrInt3Cruel
item	Ornate Gauntlets	Изысканные перчатки		Metadata/Items/Armours/Gloves/FourGlovesStrDex6
item	Ornate Greaves	Украшенные поножи	WzI1LDE0LHsiZiI6IjJESXRlbXMvQXJtb3Vycy9Cb290cy9CYXNldHlwZXMvQm9vdHNTdHIwNCIsInciOjIsImgiOjIsInNjYWxlIjoxLCJyZWFsbSI6InBvZTIifV0/f9e847d2b0/BootsStr04.png	Metadata/Items/Armours/Boots/FourBootsStr4Endgame
item	Ornate Mitts	Фактурные рукавицы	WzI1LDE0LHsiZiI6IjJESXRlbXMvQXJtb3Vycy9HbG92ZXMvQmFzZXR5cGVzL0dsb3Zlc1N0cjA0IiwidyI6MiwiaCI6Miwic2NhbGUiOjEsInJlYWxtIjoicG9lMiJ9XQ/041d8df186/GlovesStr04.png	Metadata/Items/Armours/Gloves/FourGlovesStr4Endgame
item	Ornate Plate	Украшенный доспех	WzI1LDE0LHsiZiI6IjJESXRlbXMvQXJtb3Vycy9Cb2R5QXJtb3Vycy9CYXNldHlwZXMvQm9keVN0cjA2IiwidyI6MiwiaCI6Mywic2NhbGUiOjEsInJlYWxtIjoicG9lMiJ9XQ/9751abcb6d/BodyStr06.png	Metadata/Items/Armours/BodyArmours/FourBodyStr6Endgame;stat_836936635=0
item	Ornate Ringmail	Парадный кольчатый доспех		Metadata/Items/Armours/BodyArmours/FourBodyStrIntUnique1
item	Ornate Wombgift	Украшенный дар утробы	WzI1LDE0LHsiZiI6IjJESXRlbXMvQ3VycmVuY3kvQnJlYWNoL0JyZWFjaEZydWl0NSIsInNjYWxlIjoxLCJyZWFsbSI6InBvZTIifV0/417941663a/BreachFruit5.png	
item	Overseer Tablet	Плитка Смотрителя	WzI1LDE0LHsiZiI6IjJESXRlbXMvQ3VycmVuY3kvUHJlY3Vyc29yVGFibGV0cy9QcmVjdXJzb3JUYWJsZXRCb3NzIiwidyI6MSwiaCI6MSwic2NhbGUiOjEsInJlYWxtIjoicG9lMiJ9XQ/6a422fabb8/PrecursorTabletBoss.png	Metadata/Items/TowerAugment/MapBossAugment;?,?
item	Owl Idol	Идол совы	WzI1LDE0LHsiZiI6IjJESXRlbXMvQ3VycmVuY3kvVG9ybWVudGVkU3Bpcml0U29ja2V0YWJsZXMvQXptZXJpU29ja2V0YWJsZU93bCIsInNjYWxlIjoxLCJyZWFsbSI6InBvZTIifV0/dfe1212549/AzmeriSocketableOwl.png	
item	Ox Idol	Идол быка	WzI1LDE0LHsiZiI6IjJESXRlbXMvQ3VycmVuY3kvVG9ybWVudGVkU3Bpcml0U29ja2V0YWJsZXMvQXptZXJpU29ja2V0YWJsZU94Iiwic2NhbGUiOjEsInJlYWxtIjoicG9lMiJ9XQ/5ebdb092f5/AzmeriSocketableOx.png	
item	Padded Leggings	Ватные сапоги	WzI1LDE0LHsiZiI6IjJESXRlbXMvQXJtb3Vycy9Cb290cy9CYXNldHlwZXMvQm9vdHNJbnRTdHIwMSIsInciOjIsImgiOjIsInNjYWxlIjoxLCJyZWFsbSI6InBvZTIifV0/84fb41f219/BootsIntStr01.png	Metadata/Items/Armours/Boots/FourBootsStrInt1
item	Painted Buckler	Расписной баклер	WzI1LDE0LHsiZiI6IjJESXRlbXMvT2ZmaGFuZC9TaGllbGRzL0J1Y2tsZXIwMyIsInciOjIsImgiOjIsInNjYWxlIjoxLCJyZWFsbSI6InBvZTIifV0/42cd057891/Buckler03.png	Metadata/Items/Armours/Shields/FourShieldDex3Cruel
item	Painted Crest Shield	Крашеный гербовый щит	WzI1LDE0LHsiZiI6IjJESXRlbXMvT2ZmaGFuZC9TaGllbGRzL0NyZXN0MDEiLCJ3IjoyLCJoIjozLCJzY2FsZSI6MSwicmVhbG0iOiJwb2UyIn1d/47c9ad650c/Crest01.png	Metadata/Items/Armours/Shields/FourShieldStrInt1Cruel
item	Painted Crossbow	Украшенный самострел	WzI1LDE0LHsiZiI6IjJESXRlbXMvV2VhcG9ucy9Ud29IYW5kV2VhcG9ucy9Dcm9zc2Jvd3MvMkhDcm9zc2JvdzA0IiwidyI6MiwiaCI6NCwic2NhbGUiOjEsInJlYWxtIjoicG9lMiJ9XQ/138fee04e3/2HCrossbow04.png	Metadata/Items/Weapons/TwoHandWeapons/Crossbows/FourCrossbow4Cruel
item	Painted Tower Shield	Расписной ростовой щит	WzI1LDE0LHsiZiI6IjJESXRlbXMvT2ZmaGFuZC9TaGllbGRzL1Rvd2VyMDIiLCJ3IjoyLCJoIjo0LCJzY2FsZSI6MSwicmVhbG0iOiJwb2UyIn1d/656c8bbd9a/Tower02.png	Metadata/Items/Armours/Shields/FourShieldStr2
item	Panther Idol	Идол пантеры	WzI1LDE0LHsiZiI6IjJESXRlbXMvQ3VycmVuY3kvVG9ybWVudGVkU3Bpcml0U29ja2V0YWJsZXMvQXptZXJpU29ja2V0YWJsZVBhbnRoZXIiLCJ3IjoxLCJoIjoxLCJzY2FsZSI6MSwicmVhbG0iOiJwb2UyIn1d/2beaea0889/AzmeriSocketablePanther.png	
item	Paragon Greathelm	Большой шлем эталона	WzI1LDE0LHsiZiI6IjJESXRlbXMvQXJtb3Vycy9IZWxtZXRzL0Jhc2V0eXBlcy9IZWxtZXRTdHIwNSIsInciOjIsImgiOjIsInNjYWxlIjoxLCJyZWFsbSI6InBvZTIifV0/39a19d746e/HelmetStr05.png	Metadata/Items/Armours/Helmets/FourHelmetStr5Endgame
item	Paralysing Staff	Парализующий посох	WzI1LDE0LHsiZiI6IjJESXRlbXMvV2VhcG9ucy9Ud29IYW5kV2VhcG9ucy9TdGF2ZXMvQmFzZXR5cGVzL1N0YWZmMDEiLCJ3IjoxLCJoIjo0LCJzY2FsZSI6MSwicmVhbG0iOiJwb2UyIn1d/9d50d5c541/Staff01.png	Metadata/Items/Weapons/TwoHandWeapons/Staves/FourStaff11
item	Pariah Mask	Маска парии	WzI1LDE0LHsiZiI6IjJESXRlbXMvQXJtb3Vycy9IZWxtZXRzL0Jhc2V0eXBlcy9IZWxtZXREZXhJbnQwNCIsInciOjIsImgiOjIsInNjYWxlIjoxLCJyZWFsbSI6InBvZTIifV0/1322e46f92/HelmetDexInt04.png	Metadata/Items/Armours/Helmets/FourHelmetDexInt4Cruel
item	Parrying Dagger	Дага	WzI1LDE0LHsiZiI6IjJESXRlbXMvV2VhcG9ucy9PbmVIYW5kV2VhcG9ucy9EYWdnZXJzL0Jhc2V0eXBlcy9EYWdnZXIxMSIsInciOjEsImgiOjMsInNjYWxlIjoxLCJyZWFsbSI6InBvZTIifV0/8a30b9baf0/Dagger11.png	Metadata/Items/Weapons/OneHandWeapons/Daggers/FourDagger11
item	Passion of Aldur	Страсть Альдура	WzI1LDE0LHsiZiI6IjJESXRlbXMvQ3VycmVuY3kvRXhwZWRpdGlvbjIvRWxlbWVudGFsQ29udmVyc2lvblJ1bmVGaXJlIiwic2NhbGUiOjEsInJlYWxtIjoicG9lMiJ9XQ/f51f9e7f30/ElementalConversionRuneFire.png	
item	Patchwork Vest	Лоскутный жилет	WzI1LDE0LHsiZiI6IjJESXRlbXMvQXJtb3Vycy9Cb2R5QXJtb3Vycy9CYXNldHlwZXMvQm9keURleDAyIiwidyI6MiwiaCI6Mywic2NhbGUiOjEsInJlYWxtIjoicG9lMiJ9XQ/1c89ed3abf/BodyDex02.png	Metadata/Items/Armours/BodyArmours/FourBodyDex2Cruel
item	Pathfinder Coat	Куртка следопыта	WzI1LDE0LHsiZiI6IjJESXRlbXMvQXJtb3Vycy9Cb2R5QXJtb3Vycy9CYXNldHlwZXMvQm9keURleDAzIiwidyI6MiwiaCI6Mywic2NhbGUiOjEsInJlYWxtIjoicG9lMiJ9XQ/cc5ba22973/BodyDex03.png	Metadata/Items/Armours/BodyArmours/FourBodyDex3
item	Pauascale Gloves	Перчатки с перламутром	WzI1LDE0LHsiZiI6IjJESXRlbXMvQXJtb3Vycy9HbG92ZXMvQmFzZXR5cGVzL0dsb3Zlc0ludDA2IiwidyI6MiwiaCI6Miwic2NhbGUiOjEsInJlYWxtIjoicG9lMiJ9XQ/472c12ee59/GlovesInt06.png	Metadata/Items/Armours/Gloves/FourGlovesInt6
item	Pearl Buckler	Перламутровый баклер	WzI1LDE0LHsiZiI6IjJESXRlbXMvT2ZmaGFuZC9TaGllbGRzL0J1Y2tsZXIxMCIsInciOjIsImgiOjIsInNjYWxlIjoxLCJyZWFsbSI6InBvZTIifV0/6ec5082b3c/Buckler10.png	Metadata/Items/Armours/Shields/FourShieldDex10
item	Pearl Ring	Жемчужное кольцо	WzI1LDE0LHsiZiI6IjJESXRlbXMvUmluZ3MvQmFzZXR5cGVzL1BlYXJsUmluZyIsInciOjEsImgiOjEsInNjYWxlIjoxLCJyZWFsbSI6InBvZTIifV0/5d008028ac/PearlRing.png	Metadata/Items/Rings/FourRing8;stat_2891184298=0
item	Pearlescent Amulet	Амулет с перламутром	WzI1LDE0LHsiZiI6IjJESXRlbXMvQW11bGV0cy9CYXNldHlwZXMvUGVhcmxlc2NlbnRBbXVsZXQiLCJ3IjoxLCJoIjoxLCJzY2FsZSI6MSwicmVhbG0iOiJwb2UyIn1d/faa99c5286/PearlescentAmulet.png	Metadata/Items/Amulets/FourAmulet11;stat_2901986750=0
item	Pelage Targe	Отделанный мехом тарджет	WzI1LDE0LHsiZiI6IjJESXRlbXMvT2ZmaGFuZC9TaGllbGRzL1NoaWVsZDAyIiwidyI6MiwiaCI6Mywic2NhbGUiOjEsInJlYWxtIjoicG9lMiJ9XQ/2a8af321d6/Shield02.png	Metadata/Items/Armours/Shields/FourShieldStrDex2
item	Pelt Leggings	Сапоги из шкур	WzI1LDE0LHsiZiI6IjJESXRlbXMvQXJtb3Vycy9Cb290cy9CYXNldHlwZXMvQm9vdHNJbnRTdHIwMyIsInciOjIsImgiOjIsInNjYWxlIjoxLCJyZWFsbSI6InBvZTIifV0/3fb2f64940/BootsIntStr03.png	Metadata/Items/Armours/Boots/FourBootsStrInt3
item	Pelt Mantle	Покров из шкур	WzI1LDE0LHsiZiI6IjJESXRlbXMvQXJtb3Vycy9Cb2R5QXJtb3Vycy9CYXNldHlwZXMvQm9keUludFN0cjAyIiwidyI6MiwiaCI6Mywic2NhbGUiOjEsInJlYWxtIjoicG9lMiJ9XQ/79f27dfa2e/BodyIntStr02.png	Metadata/Items/Armours/BodyArmours/FourBodyStrInt2
item	Penetrating Quiver	Колчан пронзающих стрел	WzI1LDE0LHsiZiI6IjJESXRlbXMvUXVpdmVycy9CYXNldHlwZXMvUXVpdmVyUGVuZXRyYXRpbmciLCJ3IjoyLCJoIjozLCJzY2FsZSI6MSwicmVhbG0iOiJwb2UyIn1d/6cbfc659c0/QuiverPenetrating.png	Metadata/Items/Quivers/FourQuiver9;stat_2321178454=0
item	Penumbra Amulet	Амулет полутени	WzI1LDE0LHsiZiI6IjJESXRlbXMvQW11bGV0cy9IZWlzdEFtdWxldDIiLCJ3IjoxLCJoIjoxLCJzY2FsZSI6MSwicmVhbG0iOiJwb2UyIn1d/236c01fe8a/HeistAmulet2.png	Metadata/Items/Amulets/FourAmuletLake3;stat_3182714256,stat_718638445=0,1
item	Penumbra Ring	Кольцо полутени	WzI1LDE0LHsiZiI6IjJESXRlbXMvUmluZ3MvTGFrZVJpbmczIiwidyI6MSwiaCI6MSwic2NhbGUiOjEsInJlYWxtIjoicG9lMiJ9XQ/df9298fd1a/LakeRing3.png	Metadata/Items/Rings/FourRingLake3;stat_3182714256,stat_718638445=0,1
item	Perching Staff	Посох насеста		Metadata/Items/Weapons/TwoHandWeapons/Staves/FourStaffUnique4
item	Perfect Adept Rune	Безупречная руна искусности	WzI1LDE0LHsiZiI6IjJESXRlbXMvQ3VycmVuY3kvUnVuZXMvUGVyZmVjdFJ1bmVEZXh0ZXJpdHkiLCJzY2FsZSI6MSwicmVhbG0iOiJwb2UyIn1d/33ddcdf769/PerfectRuneDexterity.png	
item	Perfect Body Rune	Безупречная руна тела	WzI1LDE0LHsiZiI6IjJESXRlbXMvQ3VycmVuY3kvUnVuZXMvUGVyZmVjdFJ1bmVMaWZlIiwic2NhbGUiOjEsInJlYWxtIjoicG9lMiJ9XQ/77d2019212/PerfectRuneLife.png	
item	Perfect Chaos Orb	Совершенная сфера хаоса	WzI1LDE0LHsiZiI6IjJESXRlbXMvQ3VycmVuY3kvQ3VycmVuY3lSZXJvbGxSYXJlIiwic2NhbGUiOjEsInJlYWxtIjoicG9lMiJ9XQ/c0ca392a78/CurrencyRerollRare.png	
item	Perfect Charging Rune	Безупречная руна заряда	WzI1LDE0LHsiZiI6IjJESXRlbXMvQ3VycmVuY3kvRXhwZWRpdGlvbjIvV2FyZFJlZ2VuZXJhdGlvblBlcmZlY3QiLCJzY2FsZSI6MSwicmVhbG0iOiJwb2UyIn1d/77fdb3f9be/WardRegenerationPerfect.png	
item	Perfect Desert Rune	Безупречная руна пустыни	WzI1LDE0LHsiZiI6IjJESXRlbXMvQ3VycmVuY3kvUnVuZXMvUGVyZmVjdFJ1bmVGaXJlIiwic2NhbGUiOjEsInJlYWxtIjoicG9lMiJ9XQ/b398960637/PerfectRuneFire.png	
item	Perfect Essence of Abrasion	Совершенная сущность разрушения	WzI1LDE0LHsiZiI6IjJESXRlbXMvQ3VycmVuY3kvRXNzZW5jZS9QaHlzaWNhbEVzc2VuY2VQZXJmZWN0Iiwic2NhbGUiOjEsInJlYWxtIjoicG9lMiJ9XQ/9690e5eb39/PhysicalEssencePerfect.png	
item	Perfect Essence of Alacrity	Совершенная сущность живости	WzI1LDE0LHsiZiI6IjJESXRlbXMvQ3VycmVuY3kvRXNzZW5jZS9TcGVlZENhc3RlckVzc2VuY2VQZXJmZWN0Iiwic2NhbGUiOjEsInJlYWxtIjoicG9lMiJ9XQ/7108cba28f/SpeedCasterEssencePerfect.png	
item	Perfect Essence of Battle	Совершенная сущность битвы	WzI1LDE0LHsiZiI6IjJESXRlbXMvQ3VycmVuY3kvRXNzZW5jZS9BdHRhY2tFc3NlbmNlUGVyZmVjdCIsInNjYWxlIjoxLCJyZWFsbSI6InBvZTIifV0/4e86ee5d8d/AttackEssencePerfect.png	
item	Perfect Essence of Command	Совершенная сущность повеления	WzI1LDE0LHsiZiI6IjJESXRlbXMvQ3VycmVuY3kvRXNzZW5jZS9BbGx5RXNzZW5jZVBlcmZlY3QiLCJzY2FsZSI6MSwicmVhbG0iOiJwb2UyIn1d/0e06dceedc/AllyEssencePerfect.png	
item	Perfect Essence of Electricity	Совершенная сущность электричества	WzI1LDE0LHsiZiI6IjJESXRlbXMvQ3VycmVuY3kvRXNzZW5jZS9MaWdodG5pbmdFc3NlbmNlUGVyZmVjdCIsInNjYWxlIjoxLCJyZWFsbSI6InBvZTIifV0/8c53c73716/LightningEssencePerfect.png	
item	Perfect Essence of Enhancement	Совершенная сущность улучшения	WzI1LDE0LHsiZiI6IjJESXRlbXMvQ3VycmVuY3kvRXNzZW5jZS9EZWZlbmNlc0Vzc2VuY2VQZXJmZWN0Iiwic2NhbGUiOjEsInJlYWxtIjoicG9lMiJ9XQ/dd5b00f215/DefencesEssencePerfect.png	
item	Perfect Essence of Flames	Совершенная сущность пламени	WzI1LDE0LHsiZiI6IjJESXRlbXMvQ3VycmVuY3kvRXNzZW5jZS9GaXJlRXNzZW5jZVBlcmZlY3QiLCJzY2FsZSI6MSwicmVhbG0iOiJwb2UyIn1d/d5669e7c9c/FireEssencePerfect.png	
item	Perfect Essence of Grounding	Совершенная сущность заземления	WzI1LDE0LHsiZiI6IjJESXRlbXMvQ3VycmVuY3kvRXNzZW5jZS9MaWdodG5pbmdSZXNpc3RhbmNlRXNzZW5jZVBlcmZlY3QiLCJzY2FsZSI6MSwicmVhbG0iOiJwb2UyIn1d/10c362c717/LightningResistanceEssencePerfect.png	
item	Perfect Essence of Haste	Совершенная сущность спешки	WzI1LDE0LHsiZiI6IjJESXRlbXMvQ3VycmVuY3kvRXNzZW5jZS9TcGVlZEVzc2VuY2VQZXJmZWN0Iiwic2NhbGUiOjEsInJlYWxtIjoicG9lMiJ9XQ/93df0c5b25/SpeedEssencePerfect.png	
item	Perfect Essence of Ice	Совершенная сущность льда	WzI1LDE0LHsiZiI6IjJESXRlbXMvQ3VycmVuY3kvRXNzZW5jZS9Db2xkRXNzZW5jZVBlcmZlY3QiLCJzY2FsZSI6MSwicmVhbG0iOiJwb2UyIn1d/f4d0008973/ColdEssencePerfect.png	
item	Perfect Essence of Insulation	Совершенная сущность изоляции	WzI1LDE0LHsiZiI6IjJESXRlbXMvQ3VycmVuY3kvRXNzZW5jZS9GaXJlUmVzaXN0YW5jZUVzc2VuY2VQZXJmZWN0Iiwic2NhbGUiOjEsInJlYWxtIjoicG9lMiJ9XQ/133d10b42e/FireResistanceEssencePerfect.png	
item	Perfect Essence of Opulence	Совершенная сущность изобилия	WzI1LDE0LHsiZiI6IjJESXRlbXMvQ3VycmVuY3kvRXNzZW5jZS9SYXJpdHlSZXNpc3RhbmNlRXNzZW5jZVBlcmZlY3QiLCJzY2FsZSI6MSwicmVhbG0iOiJwb2UyIn1d/86dd0d0b4d/RarityResistanceEssencePerfect.png	
item	Perfect Essence of Ruin	Совершенная сущность гибели	WzI1LDE0LHsiZiI6IjJESXRlbXMvQ3VycmVuY3kvRXNzZW5jZS9DaGFvc0Vzc2VuY2VQZXJmZWN0Iiwic2NhbGUiOjEsInJlYWxtIjoicG9lMiJ9XQ/ab17828e71/ChaosEssencePerfect.png	
item	Perfect Essence of Seeking	Совершенная сущность искания	WzI1LDE0LHsiZiI6IjJESXRlbXMvQ3VycmVuY3kvRXNzZW5jZS9Dcml0aWNhbEVzc2VuY2VQZXJmZWN0Iiwic2NhbGUiOjEsInJlYWxtIjoicG9lMiJ9XQ/3d5125e9d6/CriticalEssencePerfect.png	
item	Perfect Essence of Sorcery	Совершенная сущность колдовства	WzI1LDE0LHsiZiI6IjJESXRlbXMvQ3VycmVuY3kvRXNzZW5jZS9DYXN0ZXJFc3NlbmNlUGVyZmVjdCIsInNjYWxlIjoxLCJyZWFsbSI6InBvZTIifV0/5aa3698010/CasterEssencePerfect.png	
item	Perfect Essence of Thawing	Совершенная сущность таяния	WzI1LDE0LHsiZiI6IjJESXRlbXMvQ3VycmVuY3kvRXNzZW5jZS9Db2xkUmVzaXN0YW5jZUVzc2VuY2VQZXJmZWN0Iiwic2NhbGUiOjEsInJlYWxtIjoicG9lMiJ9XQ/71b05376d6/ColdResistanceEssencePerfect.png	
item	Perfect Essence of the Body	Совершенная сущность тела	WzI1LDE0LHsiZiI6IjJESXRlbXMvQ3VycmVuY3kvRXNzZW5jZS9MaWZlRXNzZW5jZVBlcmZlY3QiLCJzY2FsZSI6MSwicmVhbG0iOiJwb2UyIn1d/09083af8bb/LifeEssencePerfect.png	
item	Perfect Essence of the Infinite	Совершенная сущность бесконечности	WzI1LDE0LHsiZiI6IjJESXRlbXMvQ3VycmVuY3kvRXNzZW5jZS9BdHRyaWJ1dGVFc3NlbmNlUGVyZmVjdCIsInNjYWxlIjoxLCJyZWFsbSI6InBvZTIifV0/ed201cbcb3/AttributeEssencePerfect.png	
item	Perfect Essence of the Mind	Совершенная сущность разума	WzI1LDE0LHsiZiI6IjJESXRlbXMvQ3VycmVuY3kvRXNzZW5jZS9NYW5hRXNzZW5jZVBlcmZlY3QiLCJzY2FsZSI6MSwicmVhbG0iOiJwb2UyIn1d/84410174b2/ManaEssencePerfect.png	
item	Perfect Exalted Orb	Совершенная сфера возвышения	WzI1LDE0LHsiZiI6IjJESXRlbXMvQ3VycmVuY3kvQ3VycmVuY3lBZGRNb2RUb1JhcmUiLCJzY2FsZSI6MSwicmVhbG0iOiJwb2UyIn1d/ad7c366789/CurrencyAddModToRare.png	
item	Perfect Flux	Совершенный расплав	WzI1LDE0LHsiZiI6IjJESXRlbXMvQ3VycmVuY3kvRXhwZWRpdGlvbjIvRXhwZWRpdGlvbkdlbUN1cnJlbmN5UG93ZXJmdWwiLCJzY2FsZSI6MSwicmVhbG0iOiJwb2UyIn1d/43be23e971/ExpeditionGemCurrencyPowerful.png	
item	Perfect Glacial Rune	Безупречная руна ледника	WzI1LDE0LHsiZiI6IjJESXRlbXMvQ3VycmVuY3kvUnVuZXMvUGVyZmVjdFJ1bmVDb2xkIiwic2NhbGUiOjEsInJlYWxtIjoicG9lMiJ9XQ/5f8f2f9b29/PerfectRuneCold.png	
item	Perfect Inspiration Rune	Безупречная руна вдохновения	WzI1LDE0LHsiZiI6IjJESXRlbXMvQ3VycmVuY3kvUnVuZXMvUGVyZmVjdFJ1bmVNYW5hUmVjb3ZlcnkiLCJzY2FsZSI6MSwicmVhbG0iOiJwb2UyIn1d/0941528f57/PerfectRuneManaRecovery.png	
item	Perfect Iron Rune	Безупречная руна железа	WzI1LDE0LHsiZiI6IjJESXRlbXMvQ3VycmVuY3kvUnVuZXMvUGVyZmVjdFJ1bmVFbmhhbmNlIiwic2NhbGUiOjEsInJlYWxtIjoicG9lMiJ9XQ/4e46d225f8/PerfectRuneEnhance.png	
item	Perfect Jeweller's Orb	Совершенная сфера златокузнеца	WzI1LDE0LHsiZiI6IjJESXRlbXMvQ3VycmVuY3kvQ3VycmVuY3lSZXJvbGxTb2NrZXROdW1iZXJzMDMiLCJzY2FsZSI6MSwicmVhbG0iOiJwb2UyIn1d/ac6398e6a0/CurrencyRerollSocketNumbers03.png	
item	Perfect Mind Rune	Безупречная руна разума	WzI1LDE0LHsiZiI6IjJESXRlbXMvQ3VycmVuY3kvUnVuZXMvUGVyZmVjdFJ1bmVNYW5hIiwic2NhbGUiOjEsInJlYWxtIjoicG9lMiJ9XQ/96a5dfe7d6/PerfectRuneMana.png	
item	Perfect Orb of Augmentation	Совершенная сфера усиления	WzI1LDE0LHsiZiI6IjJESXRlbXMvQ3VycmVuY3kvQ3VycmVuY3lBZGRNb2RUb01hZ2ljIiwic2NhbGUiOjEsInJlYWxtIjoicG9lMiJ9XQ/c8ad0ddc84/CurrencyAddModToMagic.png	
item	Perfect Orb of Transmutation	Совершенная сфера превращения	WzI1LDE0LHsiZiI6IjJESXRlbXMvQ3VycmVuY3kvQ3VycmVuY3lVcGdyYWRlVG9NYWdpYyIsInNjYWxlIjoxLCJyZWFsbSI6InBvZTIifV0/2f8e1ff9f8/CurrencyUpgradeToMagic.png	
item	Perfect Rebirth Rune	Безупречная руна перерождения	WzI1LDE0LHsiZiI6IjJESXRlbXMvQ3VycmVuY3kvUnVuZXMvUGVyZmVjdFJ1bmVMaWZlUmVjb3ZlcnkiLCJzY2FsZSI6MSwicmVhbG0iOiJwb2UyIn1d/dc0702aabd/PerfectRuneLifeRecovery.png	
item	Perfect Regal Orb	Совершенная сфера царей	WzI1LDE0LHsiZiI6IjJESXRlbXMvQ3VycmVuY3kvQ3VycmVuY3lVcGdyYWRlTWFnaWNUb1JhcmUiLCJzY2FsZSI6MSwicmVhbG0iOiJwb2UyIn1d/e8fb148e80/CurrencyUpgradeMagicToRare.png	
item	Perfect Resolve Rune	Безупречная руна решительности	WzI1LDE0LHsiZiI6IjJESXRlbXMvQ3VycmVuY3kvUnVuZXMvUGVyZmVjdFJ1bmVJbnRlbGxpZ2VuY2UiLCJzY2FsZSI6MSwicmVhbG0iOiJwb2UyIn1d/9c387ac5f1/PerfectRuneIntelligence.png	
item	Perfect Robust Rune	Безупречная руна мощи	WzI1LDE0LHsiZiI6IjJESXRlbXMvQ3VycmVuY3kvUnVuZXMvUGVyZmVjdFJ1bmVTdHJlbmd0aCIsInNjYWxlIjoxLCJyZWFsbSI6InBvZTIifV0/ab65433f7e/PerfectRuneStrength.png	
item	Perfect Stone Rune	Безупречная руна камня	WzI1LDE0LHsiZiI6IjJESXRlbXMvQ3VycmVuY3kvUnVuZXMvUGVyZmVjdFJ1bmVTdHVuIiwic2NhbGUiOjEsInJlYWxtIjoicG9lMiJ9XQ/063776d28b/PerfectRuneStun.png	
item	Perfect Storm Rune	Безупречная руна шторма	WzI1LDE0LHsiZiI6IjJESXRlbXMvQ3VycmVuY3kvUnVuZXMvUGVyZmVjdFJ1bmVMaWdodG5pbmciLCJzY2FsZSI6MSwicmVhbG0iOiJwb2UyIn1d/d08ab44bac/PerfectRuneLightning.png	
item	Perfect Vision Rune	Безупречная руна видения	WzI1LDE0LHsiZiI6IjJESXRlbXMvQ3VycmVuY3kvUnVuZXMvUGVyZmVjdFJ1bmVBY2N1cmFjeSIsInNjYWxlIjoxLCJyZWFsbSI6InBvZTIifV0/4b7c49d286/PerfectRuneAccuracy.png	
item	Perfect Ward Rune	Безупречная руна барьера	WzI1LDE0LHsiZiI6IjJESXRlbXMvQ3VycmVuY3kvRXhwZWRpdGlvbjIvQWRkZWRXYXJkUGVyZmVjdCIsInNjYWxlIjoxLCJyZWFsbSI6InBvZTIifV0/aea05784dd/AddedWardPerfect.png	
item	Permafrost Staff	Посох вечной мерзлоты		Metadata/Items/Weapons/TwoHandWeapons/Staves/FourStaffUnique1
item	Petition Splinter	Осколок прошения	WzI1LDE0LHsiZiI6IjJESXRlbXMvQ3VycmVuY3kvUml0dWFsL05ld1JpdHVhbFNwbGludGVyIiwic2NhbGUiOjEsInJlYWxtIjoicG9lMiJ9XQ/e88f32bf38/NewRitualSplinter.png	
item	Piercing Crossbow	Пронзающий самострел	WzI1LDE0LHsiZiI6IjJESXRlbXMvV2VhcG9ucy9Ud29IYW5kV2VhcG9ucy9Dcm9zc2Jvd3MvMkhDcm9zc2JvdzEwIiwidyI6MiwiaCI6NCwic2NhbGUiOjEsInJlYWxtIjoicG9lMiJ9XQ/a5bf71456e/2HCrossbow10.png	Metadata/Items/Weapons/TwoHandWeapons/Crossbows/FourCrossbow10;stat_2321178454=0
item	Pilgrim Vestments	Облачение пилигрима	WzI1LDE0LHsiZiI6IjJESXRlbXMvQXJtb3Vycy9Cb2R5QXJtb3Vycy9CYXNldHlwZXMvQm9keUludFN0cjAxIiwidyI6MiwiaCI6Mywic2NhbGUiOjEsInJlYWxtIjoicG9lMiJ9XQ/c4d1d74285/BodyIntStr01.png	Metadata/Items/Armours/BodyArmours/FourBodyStrInt1
item	Plate Belt	Ремень из пластин	WzI1LDE0LHsiZiI6IjJESXRlbXMvQmVsdHMvQmFzZXR5cGVzL0JlbHQwNSIsInciOjIsImgiOjEsInNjYWxlIjoxLCJyZWFsbSI6InBvZTIifV0/510a304252/Belt05.png	Metadata/Items/Belts/FourBelt5;stat_809229260|stat_3484657501=0
item	Plate Gauntlets	Латные перчатки	WzI1LDE0LHsiZiI6IjJESXRlbXMvQXJtb3Vycy9HbG92ZXMvQmFzZXR5cGVzL0dsb3Zlc1N0ckRleDA0IiwidyI6MiwiaCI6Miwic2NhbGUiOjEsInJlYWxtIjoicG9lMiJ9XQ/1c86410ca6/GlovesStrDex04.png	Metadata/Items/Armours/Gloves/FourGlovesStrDex4
item	Plated Buckler	Облицованный баклер	WzI1LDE0LHsiZiI6IjJESXRlbXMvT2ZmaGFuZC9TaGllbGRzL0J1Y2tsZXIwMyIsInciOjIsImgiOjIsInNjYWxlIjoxLCJyZWFsbSI6InBvZTIifV0/42cd057891/Buckler03.png	Metadata/Items/Armours/Shields/FourShieldDex3
item	Plated Greaves	Пластинчатые поножи	WzI1LDE0LHsiZiI6IjJESXRlbXMvQXJtb3Vycy9Cb290cy9CYXNldHlwZXMvQm9vdHNTdHIwMiIsInciOjIsImgiOjIsInNjYWxlIjoxLCJyZWFsbSI6InBvZTIifV0/70eea32d34/BootsStr02.png	Metadata/Items/Armours/Boots/FourBootsStr2Cruel
item	Plated Mace	Кованая булава	WzI1LDE0LHsiZiI6IjJESXRlbXMvV2VhcG9ucy9PbmVIYW5kV2VhcG9ucy9PbmVIYW5kTWFjZXMvQmFzZXR5cGVzLzFITWFjZTA2IiwidyI6MiwiaCI6Mywic2NhbGUiOjEsInJlYWxtIjoicG9lMiJ9XQ/3f1f11ed25/1HMace06.png	Metadata/Items/Weapons/OneHandWeapons/OneHandMaces/FourOneHandMace6
item	Plated Mitts	Пластинчатые рукавицы	WzI1LDE0LHsiZiI6IjJESXRlbXMvQXJtb3Vycy9HbG92ZXMvQmFzZXR5cGVzL0dsb3Zlc1N0cjAyIiwidyI6MiwiaCI6Miwic2NhbGUiOjEsInJlYWxtIjoicG9lMiJ9XQ/07026229f5/GlovesStr02.png	Metadata/Items/Armours/Gloves/FourGlovesStr2Cruel
item	Plated Raiment	Окованное одеяние		Metadata/Items/Armours/BodyArmours/FourBodyInt12
item	Plated Vestments	Пластинчатое облачение	WzI1LDE0LHsiZiI6IjJESXRlbXMvQXJtb3Vycy9Cb2R5QXJtb3Vycy9CYXNldHlwZXMvQm9keUludFN0cjA1IiwidyI6MiwiaCI6Mywic2NhbGUiOjEsInJlYWxtIjoicG9lMiJ9XQ/81cbdffc78/BodyIntStr05.png	Metadata/Items/Armours/BodyArmours/FourBodyStrInt5Cruel
item	Plumed Focus	Павлиний фокус	WzI1LDE0LHsiZiI6IjJESXRlbXMvT2ZmaGFuZC9Gb2NpL0Jhc2V0eXBlcy9Gb2N1czA4IiwidyI6MiwiaCI6Mywic2NhbGUiOjEsInJlYWxtIjoicG9lMiJ9XQ/64fc1e2b9f/Focus08.png	Metadata/Items/Armours/Focii/FourFocus8
item	Pointed Maul	Остроконечная дубина	WzI1LDE0LHsiZiI6IjJESXRlbXMvV2VhcG9ucy9Ud29IYW5kV2VhcG9ucy9Ud29IYW5kTWFjZXMvQmFzZXR5cGVzLzJITWFjZTA5IiwidyI6MiwiaCI6NCwic2NhbGUiOjEsInJlYWxtIjoicG9lMiJ9XQ/74817e8b14/2HMace09.png	Metadata/Items/Weapons/TwoHandWeapons/TwoHandMaces/FourTwoHandMace9
item	Polished Bracers	Полированные наручи	WzI1LDE0LHsiZiI6IjJESXRlbXMvQXJtb3Vycy9HbG92ZXMvQmFzZXR5cGVzL0dsb3Zlc0RleDA2IiwidyI6MiwiaCI6Miwic2NhbGUiOjEsInJlYWxtIjoicG9lMiJ9XQ/f400b5dc10/GlovesDex06.png	Metadata/Items/Armours/Gloves/FourGlovesDex6Endgame
item	Polished Targe	Полированный тарджет	WzI1LDE0LHsiZiI6IjJESXRlbXMvT2ZmaGFuZC9TaGllbGRzL1NoaWVsZDA0IiwidyI6MiwiaCI6Mywic2NhbGUiOjEsInJlYWxtIjoicG9lMiJ9XQ/b38b1a21b7/Shield04.png	Metadata/Items/Armours/Shields/FourShieldStrDex4Cruel
item	Portent Amulet	Амулет предвестия	WzI1LDE0LHsiZiI6IjJESXRlbXMvQW11bGV0cy9CYXNldHlwZXMvUG9ydGVudEFtdWxldCIsInciOjEsImgiOjEsInNjYWxlIjoxLCJyZWFsbSI6InBvZTIifV0/a24206a3df/PortentAmulet.png	Metadata/Items/Amulets/FourAmuletB1b;stat_718638445
item	Potent Liquid Contempt	Густое жидкое презрение	WzI1LDE0LHsiZiI6IjJESXRlbXMvQ3VycmVuY3kvRGlzdGlsbGVkRW1vdGlvbnMvVW5pcXVlQmVhc3RFbW90aW9uIiwic2NhbGUiOjEsInJlYWxtIjoicG9lMiJ9XQ/d126680055/UniqueBeastEmotion.png	
item	Potent Liquid Ferocity	Густая жидкая свирепость	WzI1LDE0LHsiZiI6IjJESXRlbXMvQ3VycmVuY3kvRGlzdGlsbGVkRW1vdGlvbnMvVW5pcXVlQ29uc3RydWN0c0Vtb3Rpb24iLCJzY2FsZSI6MSwicmVhbG0iOiJwb2UyIn1d/c4ddf1e927/UniqueConstructsEmotion.png	
item	Potent Liquid Melancholy	Густая жидкая меланхолия	WzI1LDE0LHsiZiI6IjJESXRlbXMvQ3VycmVuY3kvRGlzdGlsbGVkRW1vdGlvbnMvVW5pcXVlSHVtYW5zRW1vdGlvbiIsInNjYWxlIjoxLCJyZWFsbSI6InBvZTIifV0/68f4574c82/UniqueHumansEmotion.png	
item	Preserved Collarbone	Сохранившаяся ключица	WzI1LDE0LHsiZiI6IjJESXRlbXMvQ3VycmVuY3kvQWJ5c3MvUHJlc2VydmVkQ2FsdmljbGUiLCJzY2FsZSI6MSwicmVhbG0iOiJwb2UyIn1d/6f63f7462d/PreservedCalvicle.png	
item	Preserved Cranium	Сохранившийся череп	WzI1LDE0LHsiZiI6IjJESXRlbXMvQ3VycmVuY3kvQWJ5c3MvUHJlc2VydmVkQ3Jhbml1bSIsInNjYWxlIjoxLCJyZWFsbSI6InBvZTIifV0/791fdae503/PreservedCranium.png	
item	Preserved Jawbone	Сохранившаяся челюсть	WzI1LDE0LHsiZiI6IjJESXRlbXMvQ3VycmVuY3kvQWJ5c3MvUHJlc2VydmVkSmF3Ym9uZSIsInNjYWxlIjoxLCJyZWFsbSI6InBvZTIifV0/2bb7939b21/PreservedJawbone.png	
item	Preserved Rib	Сохранившееся ребро	WzI1LDE0LHsiZiI6IjJESXRlbXMvQ3VycmVuY3kvQWJ5c3MvUHJlc2VydmVkUmlicyIsInNjYWxlIjoxLCJyZWFsbSI6InBvZTIifV0/3676729ba0/PreservedRibs.png	
item	Preserved Vertebrae	Сохранившийся позвоночник	WzI1LDE0LHsiZiI6IjJESXRlbXMvQ3VycmVuY3kvQWJ5c3MvUHJlc2VydmVkU3BpbmUiLCJzY2FsZSI6MSwicmVhbG0iOiJwb2UyIn1d/6605f295c5/PreservedSpine.png	
item	Primal Markings	Первобытный узор		Metadata/Items/Armours/BodyArmours/FourBodyDexIntUnique1
item	Primal Talisman	Первобытный талисман	WzI1LDE0LHsiZiI6IjJESXRlbXMvT2ZmaGFuZC9UYWxpc21hbnMvUHJpbWFsVGFsaXNtYW4iLCJ3IjoyLCJoIjoyLCJzY2FsZSI6MSwicmVhbG0iOiJwb2UyIn1d/abb37076d1/PrimalTalisman.png	Metadata/Items/Weapons/TwoHandWeapons/Talismans/Talisman6;stat_1702195217=0
item	Primary Calamity Fragment	Первичный фрагмент бедствия	WzI1LDE0LHsiZiI6IjJESXRlbXMvUXVlc3RJdGVtcy9VYmVyUGlubmFjbGVLZXkxIiwic2NhbGUiOjEsInJlYWxtIjoicG9lMiJ9XQ/fc0875d40b/UberPinnacleKey1.png	
item	Primate Idol	Идол примата	WzI1LDE0LHsiZiI6IjJESXRlbXMvQ3VycmVuY3kvVG9ybWVudGVkU3Bpcml0U29ja2V0YWJsZXMvQXptZXJpU29ja2V0YWJsZU1vbmtleSIsInNjYWxlIjoxLCJyZWFsbSI6InBvZTIifV0/77a4554895/AzmeriSocketableMonkey.png	
item	Primed Quiver	Колчан боевых стрел	WzI1LDE0LHsiZiI6IjJESXRlbXMvUXVpdmVycy9CYXNldHlwZXMvUXVpdmVyUHJpbWVkIiwidyI6MiwiaCI6Mywic2NhbGUiOjEsInJlYWxtIjoicG9lMiJ9XQ/5dd4b75a63/QuiverPrimed.png	Metadata/Items/Quivers/FourQuiver8;stat_681332047|stat_210067635=0
item	Prismatic Alloy	Радужный сплав	WzI1LDE0LHsiZiI6IjJESXRlbXMvQ3VycmVuY3kvRXhwZWRpdGlvbjIvU292ZXJlaWduVmVyaXNpdW0iLCJzY2FsZSI6MSwicmVhbG0iOiJwb2UyIn1d/3565edc5d4/SovereignVerisium.png	
item	Prismatic Ring	Радужное кольцо	WzI1LDE0LHsiZiI6IjJESXRlbXMvUmluZ3MvQmFzZXR5cGVzL1ByaXNtYXRpY1JpbmciLCJ3IjoxLCJoIjoxLCJzY2FsZSI6MSwicmVhbG0iOiJwb2UyIn1d/a9bd534c46/PrismaticRing.png	Metadata/Items/Rings/FourRing9;stat_2901986750=0
item	Profane Cleaver	Нечестивый секач		Metadata/Items/Weapons/OneHandWeapons/OneHandAxes/FourOneHandAxe12
item	Pronged Spear	Двузубое копьё	WzI1LDE0LHsiZiI6IjJESXRlbXMvV2VhcG9ucy9PbmVIYW5kV2VhcG9ucy9PbmVIYW5kU3BlYXJzLzFIU3BlYXIwNiIsInciOjEsImgiOjQsInNjYWxlIjoxLCJyZWFsbSI6InBvZTIifV0/2d898d5c1f/1HSpear06.png	Metadata/Items/Weapons/OneHandWeapons/OneHandSpears/FourSpear6Endgame;?
item	Protective Alloy	Защитный сплав	WzI1LDE0LHsiZiI6IjJESXRlbXMvQ3VycmVuY3kvRXhwZWRpdGlvbjIvSW1wdXJlVmVyaXNpdW0iLCJzY2FsZSI6MSwicmVhbG0iOiJwb2UyIn1d/240b446d85/ImpureVerisium.png	
item	Protector Bow	Лук защитника	WzI1LDE0LHsiZiI6IjJESXRlbXMvV2VhcG9ucy9Ud29IYW5kV2VhcG9ucy9Cb3dzL0Jhc2V0eXBlcy9Cb3cwMyIsInciOjIsImgiOjQsInNjYWxlIjoxLCJyZWFsbSI6InBvZTIifV0/9ef6f2ee3a/Bow03.png	Metadata/Items/Weapons/TwoHandWeapons/Bows/FourBow3Cruel;stat_1028592286=0
item	Pyrophyte Staff	Пирофитовый посох	WzI1LDE0LHsiZiI6IjJESXRlbXMvV2VhcG9ucy9Ud29IYW5kV2VhcG9ucy9TdGF2ZXMvQmFzZXR5cGVzL1N0YWZmMDUiLCJ3IjoxLCJoIjo0LCJzY2FsZSI6MSwicmVhbG0iOiJwb2UyIn1d/b18c549d04/Staff05.png	Metadata/Items/Weapons/TwoHandWeapons/Staves/FourStaff5
item	Quartered Crest Shield	Расчетверённый гербовый щит	WzI1LDE0LHsiZiI6IjJESXRlbXMvT2ZmaGFuZC9TaGllbGRzL0NyZXN0MDUiLCJ3IjoyLCJoIjozLCJzY2FsZSI6MSwicmVhbG0iOiJwb2UyIn1d/2d5f68e415/Crest05.png	Metadata/Items/Armours/Shields/FourShieldStrInt5Cruel
item	Quickslip Shoes	Ботинки быстрого шага	WzI1LDE0LHsiZiI6IjJESXRlbXMvQXJtb3Vycy9Cb290cy9CYXNldHlwZXMvQm9vdHNEZXhJbnQwMyIsInciOjIsImgiOjIsInNjYWxlIjoxLCJyZWFsbSI6InBvZTIifV0/f36ea8ace2/BootsDexInt03.png	Metadata/Items/Armours/Boots/FourBootsDexInt3Endgame
item	Quilted Vest	Стёганый жилет	WzI1LDE0LHsiZiI6IjJESXRlbXMvQXJtb3Vycy9Cb2R5QXJtb3Vycy9CYXNldHlwZXMvQm9keURleDAyIiwidyI6MiwiaCI6Mywic2NhbGUiOjEsInJlYWxtIjoicG9lMiJ9XQ/1c89ed3abf/BodyDex02.png	Metadata/Items/Armours/BodyArmours/FourBodyDex2
item	Quipolatl's Soul Core of Flow	Ядро душ потока Квиполатля	WzI1LDE0LHsiZiI6IjJESXRlbXMvQ3VycmVuY3kvU291bENvcmVzL05ld1NvdWxDb3JlVGltZUNvb2xkb3duIiwic2NhbGUiOjEsInJlYWxtIjoicG9lMiJ9XQ/dab6d943f3/NewSoulCoreTimeCooldown.png	
item	Quipolatl's Thesis	Доклад Квиполатля	WzI1LDE0LHsiZiI6IjJESXRlbXMvQ3VycmVuY3kvUGVyZmVjdFNvdWxDb3Jlcy9Tb3VsQ29yZVNjaWVuY2UiLCJzY2FsZSI6MSwicmVhbG0iOiJwb2UyIn1d/2ab351d258/SoulCoreScience.png	
item	Rabbit Idol	Идол кролика	WzI1LDE0LHsiZiI6IjJESXRlbXMvQ3VycmVuY3kvVG9ybWVudGVkU3Bpcml0U29ja2V0YWJsZXMvQXptZXJpU29ja2V0YWJsZVJhYmJpdCIsInNjYWxlIjoxLCJyZWFsbSI6InBvZTIifV0/d578d6d700/AzmeriSocketableRabbit.png	
item	Rabid Talisman	Бешеный талисман	WzI1LDE0LHsiZiI6IjJESXRlbXMvT2ZmaGFuZC9UYWxpc21hbnMvUmFiaWRUYWxpc21hbiIsInciOjIsImgiOjIsInNjYWxlIjoxLCJyZWFsbSI6InBvZTIifV0/848a8c92de/RabidTalisman.png	Metadata/Items/Weapons/TwoHandWeapons/Talismans/Talisman7;stat_1181501418=0
item	Raider Plate	Рейдерский нагрудник	WzI1LDE0LHsiZiI6IjJESXRlbXMvQXJtb3Vycy9Cb2R5QXJtb3Vycy9CYXNldHlwZXMvQm9keVN0cjA0IiwidyI6MiwiaCI6Mywic2NhbGUiOjEsInJlYWxtIjoicG9lMiJ9XQ/a7396344d9/BodyStr04.png	Metadata/Items/Armours/BodyArmours/FourBodyStr4
item	Rambler Jacket	Плащ скитальца	WzI1LDE0LHsiZiI6IjJESXRlbXMvQXJtb3Vycy9Cb2R5QXJtb3Vycy9CYXNldHlwZXMvQm9keURleEludDA0IiwidyI6MiwiaCI6Mywic2NhbGUiOjEsInJlYWxtIjoicG9lMiJ9XQ/dba7d26275/BodyDexInt04.png	Metadata/Items/Armours/BodyArmours/FourBodyDexInt4Endgame;stat_2923486259=0
item	Rampart Tower Shield	Бастионный ростовой щит	WzI1LDE0LHsiZiI6IjJESXRlbXMvT2ZmaGFuZC9TaGllbGRzL1Rvd2VyMDYiLCJ3IjoyLCJoIjo0LCJzY2FsZSI6MSwicmVhbG0iOiJwb2UyIn1d/fae45edbc4/Tower06.png	Metadata/Items/Armours/Shields/FourShieldStr6
item	Rattling Sceptre	Гремящий скипетр	WzI1LDE0LHsiZiI6IjJESXRlbXMvV2VhcG9ucy9PbmVIYW5kV2VhcG9ucy9TY2VwdGVycy9CYXNldHlwZXMvU2NlcHRyZTAxIiwidyI6MiwiaCI6Mywic2NhbGUiOjEsInJlYWxtIjoicG9lMiJ9XQ/2dc4b05095/Sceptre01.png	Metadata/Items/Weapons/OneHandWeapons/Sceptres/FourSceptre1
item	Raven's Reflection	Отражение Ворона	WzI1LDE0LHsiZiI6IjJESXRlbXMvTWFwcy9UYW5nYW1henVLZXkiLCJ3IjoxLCJoIjoxLCJzY2FsZSI6MSwicmVhbG0iOiJwb2UyIn1d/64ddcf20c8/TangamazuKey.png	
item	Raven-Touched Shard	Осколок Ворона	WzI1LDE0LHsiZiI6IjJESXRlbXMvQ3VycmVuY3kvRGVsaXJpdW0vRGVsaXJpdW1FbmRnYW1lU29ja2V0YWJsZSIsInNjYWxlIjoxLCJyZWFsbSI6InBvZTIifV0/8ad4972b7b/DeliriumEndgameSocketable.png	
item	Ravenous Staff	Прожорливый посох		Metadata/Items/Weapons/TwoHandWeapons/Staves/FourStaff14
item	Rawhide Belt	Ремень из сыромятной кожи	WzI1LDE0LHsiZiI6IjJESXRlbXMvQmVsdHMvQmFzZXR5cGVzL0JlbHQwMSIsInciOjIsImgiOjEsInNjYWxlIjoxLCJyZWFsbSI6InBvZTIifV0/3232197e1f/Belt01.png	Metadata/Items/Belts/FourBelt1;stat_821241191=0
item	Rawhide Boots	Сыромятные сапоги	WzI1LDE0LHsiZiI6IjJESXRlbXMvQXJtb3Vycy9Cb290cy9CYXNldHlwZXMvQm9vdHNEZXgwMSIsInciOjIsImgiOjIsInNjYWxlIjoxLCJyZWFsbSI6InBvZTIifV0/b407d5e703/BootsDex01.png	Metadata/Items/Armours/Boots/FourBootsDex1
item	Razor Quarterstaff	Боевой посох с лезвием	WzI1LDE0LHsiZiI6IjJESXRlbXMvV2VhcG9ucy9Ud29IYW5kV2VhcG9ucy9XYXJTdGF2ZXMvV2Fyc3RhZmYwNyIsInciOjIsImgiOjQsInNjYWxlIjoxLCJyZWFsbSI6InBvZTIifV0/10760714ba/Warstaff07.png	Metadata/Items/Weapons/TwoHandWeapons/Staves/FourQuarterstaff7Endgame
item	Reaching Quarterstaff	Долгий боевой посох	WzI1LDE0LHsiZiI6IjJESXRlbXMvV2VhcG9ucy9Ud29IYW5kV2VhcG9ucy9XYXJTdGF2ZXMvV2Fyc3RhZmYwMiIsInciOjIsImgiOjQsInNjYWxlIjoxLCJyZWFsbSI6InBvZTIifV0/23459cf5a8/Warstaff02.png	Metadata/Items/Weapons/TwoHandWeapons/Staves/FourQuarterstaff2Cruel;stat_548198834=0
item	Reaping Staff	Пожинающий посох	WzI1LDE0LHsiZiI6IjJESXRlbXMvV2VhcG9ucy9Ud29IYW5kV2VhcG9ucy9TdGF2ZXMvQmFzZXR5cGVzL1N0YWZmMDgiLCJ3IjoxLCJoIjo0LCJzY2FsZSI6MSwicmVhbG0iOiJwb2UyIn1d/e2d0093de2/Staff08.png	Metadata/Items/Weapons/TwoHandWeapons/Staves/FourStaff8
item	Reaver Catalyst	Разбойничий катализатор	WzI1LDE0LHsiZiI6IjJESXRlbXMvQ3VycmVuY3kvQnJlYWNoL0JyZWFjaENhdGFseXN0QXR0YWNrIiwic2NhbGUiOjEsInJlYWxtIjoicG9lMiJ9XQ/ccc363f502/BreachCatalystAttack.png	
item	Reaver Glaive	Разбойничий бердыш		Metadata/Items/Weapons/TwoHandWeapons/TwoHandAxes/FourTwoHandAxe9
item	Rebirth Rune	Руна перерождения	WzI1LDE0LHsiZiI6IjJESXRlbXMvQ3VycmVuY3kvUnVuZXMvTGlmZVJlY292ZXJ5UnVuZSIsInNjYWxlIjoxLCJyZWFsbSI6InBvZTIifV0/bbbb060773/LifeRecoveryRune.png	
item	Recurve Bow	Загнутый лук	WzI1LDE0LHsiZiI6IjJESXRlbXMvV2VhcG9ucy9Ud29IYW5kV2VhcG9ucy9Cb3dzL0Jhc2V0eXBlcy9Cb3cwNCIsInciOjIsImgiOjQsInNjYWxlIjoxLCJyZWFsbSI6InBvZTIifV0/fc5fb2ae18/Bow04.png	Metadata/Items/Weapons/TwoHandWeapons/Bows/FourBow4
item	Reefsteel Greaves	Стальные рифлёные поножи	WzI1LDE0LHsiZiI6IjJESXRlbXMvQXJtb3Vycy9Cb290cy9CYXNldHlwZXMvQm9vdHNTdHIwNiIsInciOjIsImgiOjIsInNjYWxlIjoxLCJyZWFsbSI6InBvZTIifV0/4c3e83f5cc/BootsStr06.png	Metadata/Items/Armours/Boots/FourBootsStr6
item	Refined Adaptive Catalyst	Очищенный адаптивный катализатор	WzI1LDE0LHsiZiI6IjJESXRlbXMvQ3VycmVuY3kvQnJlYWNoL0pld2VsQ2F0YWx5c3RBdHRyaWJ1dGUiLCJzY2FsZSI6MSwicmVhbG0iOiJwb2UyIn1d/6fba81f1c7/JewelCatalystAttribute.png	
item	Refined Bracers	Обрамлённые наручи	WzI1LDE0LHsiZiI6IjJESXRlbXMvQXJtb3Vycy9HbG92ZXMvQmFzZXR5cGVzL0dsb3Zlc0RleDA0IiwidyI6MiwiaCI6Miwic2NhbGUiOjEsInJlYWxtIjoicG9lMiJ9XQ/d8dac34445/GlovesDex04.png	Metadata/Items/Armours/Gloves/FourGlovesDex4Cruel
item	Refined Breach Ring	Очищенное кольцо Разлома	WzI1LDE0LHsiZiI6IjJESXRlbXMvUmluZ3MvQmFzZXR5cGVzL0JyZWFjaFJpbmciLCJ3IjoxLCJoIjoxLCJzY2FsZSI6MSwicmVhbG0iOiJwb2UyIn1d/cffe574bd0/BreachRing.png	Metadata/Items/Rings/FourRingBreach2;stat_2039822488=0
item	Refined Carapace Catalyst	Очищенный панцирный катализатор	WzI1LDE0LHsiZiI6IjJESXRlbXMvQ3VycmVuY3kvQnJlYWNoL0pld2VsQ2F0YWx5c3REZWZlbmNlcyIsInNjYWxlIjoxLCJyZWFsbSI6InBvZTIifV0/a4d02de8e3/JewelCatalystDefences.png	
item	Refined Chayula's Catalyst	Очищенный катализатор Чаюлы	WzI1LDE0LHsiZiI6IjJESXRlbXMvQ3VycmVuY3kvQnJlYWNoL0pld2VsQ2F0YWx5c3RDaGFvcyIsInNjYWxlIjoxLCJyZWFsbSI6InBvZTIifV0/162124aa67/JewelCatalystChaos.png	
item	Refined Esh's Catalyst	Очищенный катализатор Иш	WzI1LDE0LHsiZiI6IjJESXRlbXMvQ3VycmVuY3kvQnJlYWNoL0pld2VsQ2F0YWx5c3RMaWdodG5pbmciLCJzY2FsZSI6MSwicmVhbG0iOiJwb2UyIn1d/55ca761293/JewelCatalystLightning.png	
item	Refined Flesh Catalyst	Очищенный плотский катализатор	WzI1LDE0LHsiZiI6IjJESXRlbXMvQ3VycmVuY3kvQnJlYWNoL0pld2VsQ2F0YWx5c3RMaWZlIiwic2NhbGUiOjEsInJlYWxtIjoicG9lMiJ9XQ/b210729498/JewelCatalystLife.png	
item	Refined Necrotic Catalyst	Очищенный некротический катализатор	WzI1LDE0LHsiZiI6IjJESXRlbXMvQ3VycmVuY3kvQnJlYWNoL0pld2VsQ2F0YWx5c3ROZWNyb3RpYyIsInNjYWxlIjoxLCJyZWFsbSI6InBvZTIifV0/4e691d8472/JewelCatalystNecrotic.png	
item	Refined Neural Catalyst	Очищенный невральный катализатор	WzI1LDE0LHsiZiI6IjJESXRlbXMvQ3VycmVuY3kvQnJlYWNoL0pld2VsQ2F0YWx5c3RNYW5hIiwic2NhbGUiOjEsInJlYWxtIjoicG9lMiJ9XQ/141d460ed9/JewelCatalystMana.png	
item	Refined Reaver Catalyst	Очищенный разбойничий катализатор	WzI1LDE0LHsiZiI6IjJESXRlbXMvQ3VycmVuY3kvQnJlYWNoL0pld2VsQ2F0YWx5c3RBdHRhY2siLCJzY2FsZSI6MSwicmVhbG0iOiJwb2UyIn1d/9c13494ea8/JewelCatalystAttack.png	
item	Refined Sibilant Catalyst	Очищенный свистящий катализатор	WzI1LDE0LHsiZiI6IjJESXRlbXMvQ3VycmVuY3kvQnJlYWNoL0pld2VsQ2F0YWx5c3RDYXN0ZXIiLCJzY2FsZSI6MSwicmVhbG0iOiJwb2UyIn1d/280306d9e0/JewelCatalystCaster.png	
item	Refined Skittering Catalyst	Очищенный шуршащий катализатор	WzI1LDE0LHsiZiI6IjJESXRlbXMvQ3VycmVuY3kvQnJlYWNoL0pld2VsQ2F0YWx5c3RTcGVlZCIsInNjYWxlIjoxLCJyZWFsbSI6InBvZTIifV0/680cbc13b1/JewelCatalystSpeed.png	
item	Refined Tul's Catalyst	Очищенный катализатор Тул	WzI1LDE0LHsiZiI6IjJESXRlbXMvQ3VycmVuY3kvQnJlYWNoL0pld2VsQ2F0YWx5c3RDb2xkIiwic2NhbGUiOjEsInJlYWxtIjoicG9lMiJ9XQ/1b256097c6/JewelCatalystCold.png	
item	Refined Uul-Netol's Catalyst	Очищенный катализатор Уул-Нетол	WzI1LDE0LHsiZiI6IjJESXRlbXMvQ3VycmVuY3kvQnJlYWNoL0pld2VsQ2F0YWx5c3RQaHlzaWNhbCIsInNjYWxlIjoxLCJyZWFsbSI6InBvZTIifV0/af62c7f7d8/JewelCatalystPhysical.png	
item	Refined Xoph's Catalyst	Очищенный катализатор Ксофа	WzI1LDE0LHsiZiI6IjJESXRlbXMvQ3VycmVuY3kvQnJlYWNoL0pld2VsQ2F0YWx5c3RGaXJlIiwic2NhbGUiOjEsInJlYWxtIjoicG9lMiJ9XQ/d584c5922b/JewelCatalystFire.png	
item	Reflecting Staff	Отражающий посох		Metadata/Items/Weapons/TwoHandWeapons/Staves/FourStaffUnique3
item	Regal Orb	Сфера царей	WzI1LDE0LHsiZiI6IjJESXRlbXMvQ3VycmVuY3kvQ3VycmVuY3lVcGdyYWRlTWFnaWNUb1JhcmUiLCJzY2FsZSI6MSwicmVhbG0iOiJwb2UyIn1d/e8fb148e80/CurrencyUpgradeMagicToRare.png	
item	Regal Shard	Осколок царей	WzI1LDE0LHsiZiI6IjJESXRlbXMvQ3VycmVuY3kvQ3VycmVuY3lVcGdyYWRlTWFnaWNUb1JhcmVTaGFyZCIsInNjYWxlIjoxLCJyZWFsbSI6InBvZTIifV0/e4128abe92/CurrencyUpgradeMagicToRareShard.png	
item	Regalia Longsword	Царский длинный меч	WzI1LDE0LHsiZiI6IjJESXRlbXMvV2VhcG9ucy9Ud29IYW5kV2VhcG9ucy9Ud29IYW5kU3dvcmRzL0Jhc2V0eXBlcy8ySFN3b3JkMTIiLCJ3IjoyLCJoIjo0LCJzY2FsZSI6MSwicmVhbG0iOiJwb2UyIn1d/cca7bbb17a/2HSword12.png	Metadata/Items/Weapons/TwoHandWeapons/TwoHandSwords/FourTwoHandSword12
item	Rending Halberd	Раздирающая алебарда		Metadata/Items/Weapons/TwoHandWeapons/TwoHandAxes/FourTwoHandAxe7
item	Resolve Rune	Руна решительности	WzI1LDE0LHsiZiI6IjJESXRlbXMvQ3VycmVuY3kvUnVuZXMvSW50UnVuZSIsInNjYWxlIjoxLCJyZWFsbSI6InBvZTIifV0/d988cf54fc/IntRune.png	
item	Revelatory Wombgift	Откровенный дар утробы	WzI1LDE0LHsiZiI6IjJESXRlbXMvQ3VycmVuY3kvQnJlYWNoL0JyZWFjaEZydWl0NCIsInNjYWxlIjoxLCJyZWFsbSI6InBvZTIifV0/b411c4cab3/BreachFruit4.png	
item	Revered Starlit Ore	Благоговейная подзвёздная руда	WzI1LDE0LHsiZiI6IjJESXRlbXMvQ3JhZnRpbmcvVmVyaXNpdW0vVmVyaXNpdW1PcmVfU3RhcmxpdF8yeDRfQXJtb3VyIiwic2NhbGUiOjEsInJlYWxtIjoicG9lMiJ9XQ/6b74e4cff7/VerisiumOre_Starlit_2x4_Armour.png	
item	Revered Vestments	Одеяние досточтимого		Metadata/Items/Armours/BodyArmours/FourBodyStrInt11;stat_1978899297=0
item	Rhoahide Coat	Доспех из шкур роа	WzI1LDE0LHsiZiI6IjJESXRlbXMvQXJtb3Vycy9Cb2R5QXJtb3Vycy9CYXNldHlwZXMvQm9keURleDA1IiwidyI6MiwiaCI6Mywic2NhbGUiOjEsInJlYWxtIjoicG9lMiJ9XQ/dd46300ff5/BodyDex05.png	Metadata/Items/Armours/BodyArmours/FourBodyDex5
item	Rider Bow	Лук наездника	WzI1LDE0LHsiZiI6IjJESXRlbXMvV2VhcG9ucy9Ud29IYW5kV2VhcG9ucy9Cb3dzL0Jhc2V0eXBlcy9Cb3cwNSIsInciOjIsImgiOjQsInNjYWxlIjoxLCJyZWFsbSI6InBvZTIifV0/8861b7f497/Bow05.png	Metadata/Items/Weapons/TwoHandWeapons/Bows/FourBow5Cruel
item	Ridged Buckler	Ребристый баклер	WzI1LDE0LHsiZiI6IjJESXRlbXMvT2ZmaGFuZC9TaGllbGRzL0J1Y2tsZXIwNSIsInciOjIsImgiOjIsInNjYWxlIjoxLCJyZWFsbSI6InBvZTIifV0/38c040462c/Buckler05.png	Metadata/Items/Armours/Shields/FourShieldDex5
item	Riding Coat	Доспех верхового	WzI1LDE0LHsiZiI6IjJESXRlbXMvQXJtb3Vycy9Cb2R5QXJtb3Vycy9CYXNldHlwZXMvQm9keURleDA1IiwidyI6MiwiaCI6Mywic2NhbGUiOjEsInJlYWxtIjoicG9lMiJ9XQ/dd46300ff5/BodyDex05.png	Metadata/Items/Armours/BodyArmours/FourBodyDex5Cruel
item	Ring	Кольцо		Metadata/Items/Rings/FourRingBase
item	Ring Flail	Кистень с кольцами	WzI1LDE0LHsiZiI6IjJESXRlbXMvV2VhcG9ucy9PbmVIYW5kV2VhcG9ucy9GbGFpbHMvRmxhaWwwOCIsInciOjIsImgiOjMsInNjYWxlIjoxLCJyZWFsbSI6InBvZTIifV0/985df144c6/Flail08.png	Metadata/Items/Weapons/OneHandWeapons/Flails/FourFlail8
item	Ring Mail	Байдана	WzI1LDE0LHsiZiI6IjJESXRlbXMvQXJtb3Vycy9Cb2R5QXJtb3Vycy9CYXNldHlwZXMvQm9keVN0ckRleDAxIiwidyI6MiwiaCI6Mywic2NhbGUiOjEsInJlYWxtIjoicG9lMiJ9XQ/ffcba8cc2b/BodyStrDex01.png	Metadata/Items/Armours/BodyArmours/FourBodyStrDex1Cruel
item	Ringed Buckler	Баклер с кольцами	WzI1LDE0LHsiZiI6IjJESXRlbXMvT2ZmaGFuZC9TaGllbGRzL0J1Y2tsZXIwNyIsInciOjIsImgiOjIsInNjYWxlIjoxLCJyZWFsbSI6InBvZTIifV0/3e57ac46e5/Buckler07.png	Metadata/Items/Armours/Shields/FourShieldDex7
item	Ringmail Gauntlets	Кольчужные перчатки	WzI1LDE0LHsiZiI6IjJESXRlbXMvQXJtb3Vycy9HbG92ZXMvQmFzZXR5cGVzL0dsb3Zlc1N0ckRleDAxIiwidyI6MiwiaCI6Miwic2NhbGUiOjEsInJlYWxtIjoicG9lMiJ9XQ/b26babb5f6/GlovesStrDex01.png	Metadata/Items/Armours/Gloves/FourGlovesStrDex1
item	Rippled Greatsword	Фламберг		Metadata/Items/Weapons/TwoHandWeapons/TwoHandSwords/FourTwoHandSword5
item	Ritual Tablet	Плитка Ритуала	WzI1LDE0LHsiZiI6IjJESXRlbXMvQ3VycmVuY3kvUHJlY3Vyc29yVGFibGV0cy9QcmVjdXJzb3JUYWJsZXRSaXR1YWwiLCJ3IjoxLCJoIjoxLCJzY2FsZSI6MSwicmVhbG0iOiJwb2UyIn1d/23c5248469/PrecursorTabletRitual.png	Metadata/Items/TowerAugment/RitualAugment;?,?
item	Ritualistic Reliquary Key	Ключ от Ритуального Реликвария	WzI1LDE0LHsiZiI6IjJESXRlbXMvTWFwcy9Ud2lsaWdodE9yZGVyUmVsaXF1YXJ5S2V5Uml0dWFsIiwic2NhbGUiOjEsInJlYWxtIjoicG9lMiJ9XQ/d4d4229ab8/TwilightOrderReliquaryKeyRitual.png	
item	River Raiment	Одеяние истока	WzI1LDE0LHsiZiI6IjJESXRlbXMvQXJtb3Vycy9Cb2R5QXJtb3Vycy9CYXNldHlwZXMvQm9keUludDA2IiwidyI6MiwiaCI6Mywic2NhbGUiOjEsInJlYWxtIjoicG9lMiJ9XQ/f868a6a214/BodyInt06.png	Metadata/Items/Armours/BodyArmours/FourBodyInt6Cruel
item	Riveted Mitts	Клёпаные рукавицы	WzI1LDE0LHsiZiI6IjJESXRlbXMvQXJtb3Vycy9HbG92ZXMvQmFzZXR5cGVzL0dsb3Zlc1N0cjAyIiwidyI6MiwiaCI6Miwic2NhbGUiOjEsInJlYWxtIjoicG9lMiJ9XQ/07026229f5/GlovesStr02.png	Metadata/Items/Armours/Gloves/FourGlovesStr2
item	Roaring Staff	Ревущий посох	WzI1LDE0LHsiZiI6IjJESXRlbXMvV2VhcG9ucy9Ud29IYW5kV2VhcG9ucy9TdGF2ZXMvQmFzZXR5cGVzL1N0YWZmMDEiLCJ3IjoxLCJoIjo0LCJzY2FsZSI6MSwicmVhbG0iOiJwb2UyIn1d/9d50d5c541/Staff01.png	Metadata/Items/Weapons/TwoHandWeapons/Staves/FourStaff10
item	Robust Crossbow	Крепкий самострел	WzI1LDE0LHsiZiI6IjJESXRlbXMvV2VhcG9ucy9Ud29IYW5kV2VhcG9ucy9Dcm9zc2Jvd3MvMkhDcm9zc2JvdzAzIiwidyI6MiwiaCI6NCwic2NhbGUiOjEsInJlYWxtIjoicG9lMiJ9XQ/0b27058920/2HCrossbow03.png	Metadata/Items/Weapons/TwoHandWeapons/Crossbows/FourCrossbow3Cruel
item	Robust Rune	Руна мощи	WzI1LDE0LHsiZiI6IjJESXRlbXMvQ3VycmVuY3kvUnVuZXMvU3RyZW5ndGhSdW5lIiwic2NhbGUiOjEsInJlYWxtIjoicG9lMiJ9XQ/1e585207d2/StrengthRune.png	
item	Rogue Armour	Доспех изгоя	WzI1LDE0LHsiZiI6IjJESXRlbXMvQXJtb3Vycy9Cb2R5QXJtb3Vycy9CYXNldHlwZXMvQm9keVN0ckRleDAyIiwidyI6MiwiaCI6Mywic2NhbGUiOjEsInJlYWxtIjoicG9lMiJ9XQ/a1b424ac4d/BodyStrDex02.png	Metadata/Items/Armours/BodyArmours/FourBodyStrDex2
item	Rogue's Marker	Разбойничий жетон		
item	Rope Cuffs	Верёвочные манжеты	WzI1LDE0LHsiZiI6IjJESXRlbXMvQXJtb3Vycy9HbG92ZXMvQmFzZXR5cGVzL0dsb3Zlc0ludFN0cjAxIiwidyI6MiwiaCI6Miwic2NhbGUiOjEsInJlYWxtIjoicG9lMiJ9XQ/c4b6d03f66/GlovesIntStr01.png	Metadata/Items/Armours/Gloves/FourGlovesStrInt1
item	Rotted Hood	Истлевший капюшон	WzI1LDE0LHsiZiI6IjJESXRlbXMvQXJtb3Vycy9IZWxtZXRzL0Jhc2V0eXBlcy9IZWxtZXREZXgwMSIsInciOjIsImgiOjIsInNjYWxlIjoxLCJyZWFsbSI6InBvZTIifV0/dcff771f29/HelmetDex01.png	Metadata/Items/Armours/Helmets/FourHelmetDex1Cruel
item	Rough Greaves	Грубые поножи	WzI1LDE0LHsiZiI6IjJESXRlbXMvQXJtb3Vycy9Cb290cy9CYXNldHlwZXMvQm9vdHNTdHIwMSIsInciOjIsImgiOjIsInNjYWxlIjoxLCJyZWFsbSI6InBvZTIifV0/81d947fe49/BootsStr01.png	Metadata/Items/Armours/Boots/FourBootsStr1
item	Royal Tower Shield	Царский ростовой щит	WzI1LDE0LHsiZiI6IjJESXRlbXMvT2ZmaGFuZC9TaGllbGRzL1Rvd2VyMDMiLCJ3IjoyLCJoIjo0LCJzY2FsZSI6MSwicmVhbG0iOiJwb2UyIn1d/a0b185297f/Tower03.png	Metadata/Items/Armours/Shields/FourShieldStr3Endgame
item	Ruby	Рубин	WzI1LDE0LHsiZiI6IjJESXRlbXMvSmV3ZWxzL1J1YnlKZXdlbCIsInciOjEsImgiOjEsInNjYWxlIjoxLCJyZWFsbSI6InBvZTIifV0/8ef1a48ec8/RubyJewel.png	Metadata/Items/Jewels/JewelStr
item	Ruby Charm	Оберег с рубином	WzI1LDE0LHsiZiI6IjJESXRlbXMvQ2hhcm1zL0Jhc2V0eXBlcy9SdWJ5Q2hhcm0iLCJ3IjoxLCJoIjoxLCJzY2FsZSI6MSwicmVhbG0iOiJwb2UyIn1d/b8ef302409/RubyCharm.png	Metadata/Items/Flasks/FourCharm8;stat_3854901951
item	Ruby Ring	Кольцо с рубином	WzI1LDE0LHsiZiI6IjJESXRlbXMvUmluZ3MvQmFzZXR5cGVzL1J1YnlSaW5nIiwidyI6MSwiaCI6MSwic2NhbGUiOjEsInJlYWxtIjoicG9lMiJ9XQ/4f0e6f99c1/RubyRing.png	Metadata/Items/Rings/FourRing3;stat_3372524247=0
item	Rugged Cuirass	Ношеная кираса	WzI1LDE0LHsiZiI6IjJESXRlbXMvQXJtb3Vycy9Cb2R5QXJtb3Vycy9CYXNldHlwZXMvQm9keVN0cjAzIiwidyI6MiwiaCI6Mywic2NhbGUiOjEsInJlYWxtIjoicG9lMiJ9XQ/d5346c8ff4/BodyStr03.png	Metadata/Items/Armours/BodyArmours/FourBodyStr3Cruel
item	Ruination Maul	Разрушительный молот	WzI1LDE0LHsiZiI6IjJESXRlbXMvV2VhcG9ucy9Ud29IYW5kV2VhcG9ucy9Ud29IYW5kTWFjZXMvQmFzZXR5cGVzLzJITWFjZTA4IiwidyI6MiwiaCI6NCwic2NhbGUiOjEsInJlYWxtIjoicG9lMiJ9XQ/e76cbc3836/2HMace08.png	Metadata/Items/Weapons/TwoHandWeapons/TwoHandMaces/FourTwoHandMace8Endgame;stat_1541903247=0
item	Rune of Accumulation	Руна накопления	WzI1LDE0LHsiZiI6IjJESXRlbXMvQ3VycmVuY3kvRXhwZWRpdGlvbjIvRWFybHlNeXRoaWNSdW5lNiIsInNjYWxlIjoxLCJyZWFsbSI6InBvZTIifV0/b26a551271/EarlyMythicRune6.png	
item	Rune of Acrobatics	Руна акробатики	WzI1LDE0LHsiZiI6IjJESXRlbXMvQ3VycmVuY3kvRXhwZWRpdGlvbjIvRWFybHlNeXRoaWNSdW5lMyIsInNjYWxlIjoxLCJyZWFsbSI6InBvZTIifV0/88b5625697/EarlyMythicRune3.png	
item	Rune of Confrontation	Руна противоборства	WzI1LDE0LHsiZiI6IjJESXRlbXMvQ3VycmVuY3kvRXhwZWRpdGlvbjIvRWFybHlNeXRoaWNSdW5lMTMiLCJzY2FsZSI6MSwicmVhbG0iOiJwb2UyIn1d/159530efbe/EarlyMythicRune13.png	
item	Rune of Consistency	Руна постоянства	WzI1LDE0LHsiZiI6IjJESXRlbXMvQ3VycmVuY3kvRXhwZWRpdGlvbjIvRWFybHlNeXRoaWNSdW5lMTAiLCJzY2FsZSI6MSwicmVhbG0iOiJwb2UyIn1d/11d6563136/EarlyMythicRune10.png	
item	Rune of Culmination	Руна кульминации	WzI1LDE0LHsiZiI6IjJESXRlbXMvQ3VycmVuY3kvRXhwZWRpdGlvbjIvRWFybHlNeXRoaWNSdW5lNCIsInNjYWxlIjoxLCJyZWFsbSI6InBvZTIifV0/c3b6dea9ad/EarlyMythicRune4.png	
item	Rune of Foundations	Руна основ	WzI1LDE0LHsiZiI6IjJESXRlbXMvQ3VycmVuY3kvRXhwZWRpdGlvbjIvRWFybHlNeXRoaWNSdW5lNyIsInNjYWxlIjoxLCJyZWFsbSI6InBvZTIifV0/3798b31b1e/EarlyMythicRune7.png	
item	Rune of Reach	Руна охвата	WzI1LDE0LHsiZiI6IjJESXRlbXMvQ3VycmVuY3kvRXhwZWRpdGlvbjIvRWFybHlNeXRoaWNSdW5lMTEiLCJzY2FsZSI6MSwicmVhbG0iOiJwb2UyIn1d/7da4b6b2b3/EarlyMythicRune11.png	
item	Rune of Renown	Руна славы	WzI1LDE0LHsiZiI6IjJESXRlbXMvQ3VycmVuY3kvRXhwZWRpdGlvbjIvRWFybHlNeXRoaWNSdW5lNSIsInNjYWxlIjoxLCJyZWFsbSI6InBvZTIifV0/9af5cf6ac2/EarlyMythicRune5.png	
item	Rune of Vital Flame	Руна живого пламени	WzI1LDE0LHsiZiI6IjJESXRlbXMvQ3VycmVuY3kvRXhwZWRpdGlvbjIvRWFybHlNeXRoaWNSdW5lMTIiLCJzY2FsZSI6MSwicmVhbG0iOiJwb2UyIn1d/9662dc131d/EarlyMythicRune12.png	
item	Rune of Vitality	Руна живучести	WzI1LDE0LHsiZiI6IjJESXRlbXMvQ3VycmVuY3kvRXhwZWRpdGlvbjIvRWFybHlNeXRoaWNSdW5lMSIsInNjYWxlIjoxLCJyZWFsbSI6InBvZTIifV0/6c7659e613/EarlyMythicRune1.png	
item	Rune of the Blossom	Руна цветения	WzI1LDE0LHsiZiI6IjJESXRlbXMvQ3VycmVuY3kvRXhwZWRpdGlvbjIvRWFybHlNeXRoaWNSdW5lOSIsInNjYWxlIjoxLCJyZWFsbSI6InBvZTIifV0/b36a935747/EarlyMythicRune9.png	
item	Rune of the Hunt	Руна охоты	WzI1LDE0LHsiZiI6IjJESXRlbXMvQ3VycmVuY3kvRXhwZWRpdGlvbjIvRWFybHlNeXRoaWNSdW5lMiIsInNjYWxlIjoxLCJyZWFsbSI6InBvZTIifV0/5247f756b7/EarlyMythicRune2.png	
item	Rune of the Prism	Руна призмы	WzI1LDE0LHsiZiI6IjJESXRlbXMvQ3VycmVuY3kvRXhwZWRpdGlvbjIvRWFybHlNeXRoaWNSdW5lOCIsInNjYWxlIjoxLCJyZWFsbSI6InBvZTIifV0/f2f016e6cd/EarlyMythicRune8.png	
item	Runed Focus	Рунический фокус	WzI1LDE0LHsiZiI6IjJESXRlbXMvT2ZmaGFuZC9Gb2NpL0Jhc2V0eXBlcy9Gb2N1czA5IiwidyI6MiwiaCI6Mywic2NhbGUiOjEsInJlYWxtIjoicG9lMiJ9XQ/ac463c7728/Focus09.png	Metadata/Items/Armours/Focii/FourFocus9
item	Runefather's Grasping Mail	Цепкая кольчуга Рунного отца		Metadata/Items/Armours/BodyArmours/FourBodyStrDexInt3Verisium9;stat_129891052;stat_254952842
item	Runeforged Adherent Cuffs	Руннокованые манжеты приверженца	WzI1LDE0LHsiZiI6IjJESXRlbXMvQXJtb3Vycy9HbG92ZXMvQmFzZXR5cGVzL0dsb3Zlc0ludFN0cjA0IiwidyI6MiwiaCI6Miwic2NhbGUiOjEsInJlYWxtIjoicG9lMiJ9XQ/5749813f61/GlovesIntStr04.png	Metadata/Items/Armours/Gloves/FourGlovesStrInt4EndgameVerisium
item	Runeforged Adherent's Raiment	Руннокованое одеяние приверженца	WzI1LDE0LHsiZiI6IjJESXRlbXMvQXJtb3Vycy9Cb2R5QXJtb3Vycy9CYXNldHlwZXMvQm9keUludDA3IiwidyI6MiwiaCI6Mywic2NhbGUiOjEsInJlYWxtIjoicG9lMiJ9XQ/e50f8b5131/BodyInt07.png	Metadata/Items/Armours/BodyArmours/FourBodyInt7CruelVerisium
item	Runeforged Adorned Wraps	Руннокованые украшенные обмотки	WzI1LDE0LHsiZiI6IjJESXRlbXMvQXJtb3Vycy9HbG92ZXMvQmFzZXR5cGVzL0dsb3Zlc0RleEludDAzIiwidyI6MiwiaCI6Miwic2NhbGUiOjEsInJlYWxtIjoicG9lMiJ9XQ/bdc7c3c15d/GlovesDexInt03.png	Metadata/Items/Armours/Gloves/FourGlovesDexInt3CruelVerisium
item	Runeforged Aged Cuffs	Руннокованые старинные манжеты	WzI1LDE0LHsiZiI6IjJESXRlbXMvQXJtb3Vycy9HbG92ZXMvQmFzZXR5cGVzL0dsb3Zlc0ludFN0cjAyIiwidyI6MiwiaCI6Miwic2NhbGUiOjEsInJlYWxtIjoicG9lMiJ9XQ/06defd5790/GlovesIntStr02.png	Metadata/Items/Armours/Gloves/FourGlovesStrInt2Verisium
item	Runeforged Altar Robe	Руннокованое алтарное одеяние	WzI1LDE0LHsiZiI6IjJESXRlbXMvQXJtb3Vycy9Cb2R5QXJtb3Vycy9CYXNldHlwZXMvQm9keUludDA4IiwidyI6MiwiaCI6Mywic2NhbGUiOjEsInJlYWxtIjoicG9lMiJ9XQ/e1702b49d8/BodyInt08.png	Metadata/Items/Armours/BodyArmours/FourBodyInt8Verisium
item	Runeforged Ancestor Tower Shield	Руннокованый ростовой щит предков	WzI1LDE0LHsiZiI6IjJESXRlbXMvT2ZmaGFuZC9TaGllbGRzL1Rvd2VyMTAiLCJ3IjoyLCJoIjo0LCJzY2FsZSI6MSwicmVhbG0iOiJwb2UyIn1d/8efda96f5b/Tower10.png	Metadata/Items/Armours/Shields/FourShieldStr10Verisium
item	Runeforged Ancestral Mail	Руннокованый фамильный доспех	WzI1LDE0LHsiZiI6IjJESXRlbXMvQXJtb3Vycy9Cb2R5QXJtb3Vycy9CYXNldHlwZXMvQm9keVN0ckRleDA4IiwidyI6MiwiaCI6Mywic2NhbGUiOjEsInJlYWxtIjoicG9lMiJ9XQ/e3f1f20a56/BodyStrDex08.png	Metadata/Items/Armours/BodyArmours/FourBodyStrDex8Verisium
item	Runeforged Ancestral Tiara	Руннокованая фамильная тиара	WzI1LDE0LHsiZiI6IjJESXRlbXMvQXJtb3Vycy9IZWxtZXRzL0Jhc2V0eXBlcy9IZWxtZXRJbnQwOCIsInciOjIsImgiOjIsInNjYWxlIjoxLCJyZWFsbSI6InBvZTIifV0/6e0502ce1f/HelmetInt08.png	Metadata/Items/Armours/Helmets/FourHelmetInt8EndgameVerisium
item	Runeforged Anchorite Garb	Руннокованое одеяние анахорета	WzI1LDE0LHsiZiI6IjJESXRlbXMvQXJtb3Vycy9Cb2R5QXJtb3Vycy9CYXNldHlwZXMvQm9keURleEludDA1IiwidyI6MiwiaCI6Mywic2NhbGUiOjEsInJlYWxtIjoicG9lMiJ9XQ/9875eb2d08/BodyDexInt05.png	Metadata/Items/Armours/BodyArmours/FourBodyDexInt5Verisium
item	Runeforged Ancient Buckler	Руннокованый древний баклер	WzI1LDE0LHsiZiI6IjJESXRlbXMvT2ZmaGFuZC9TaGllbGRzL0J1Y2tsZXIwOCIsInciOjIsImgiOjIsInNjYWxlIjoxLCJyZWFsbSI6InBvZTIifV0/e26e85892c/Buckler08.png	Metadata/Items/Armours/Shields/FourShieldDex8EndgameVerisium
item	Runeforged Ancient Cuffs	Руннокованые древние манжеты	WzI1LDE0LHsiZiI6IjJESXRlbXMvQXJtb3Vycy9HbG92ZXMvQmFzZXR5cGVzL0dsb3Zlc0ludFN0cjAyIiwidyI6MiwiaCI6Miwic2NhbGUiOjEsInJlYWxtIjoicG9lMiJ9XQ/06defd5790/GlovesIntStr02.png	Metadata/Items/Armours/Gloves/FourGlovesStrInt2EndgameVerisium
item	Runeforged Ancient Mitts	Руннокованые старинные рукавицы	WzI1LDE0LHsiZiI6IjJESXRlbXMvQXJtb3Vycy9HbG92ZXMvQmFzZXR5cGVzL0dsb3Zlc1N0cjA0IiwidyI6MiwiaCI6Miwic2NhbGUiOjEsInJlYWxtIjoicG9lMiJ9XQ/041d8df186/GlovesStr04.png	Metadata/Items/Armours/Gloves/FourGlovesStr4CruelVerisium
item	Runeforged Antler Focus	Руннокованый фокус из рогов	WzI1LDE0LHsiZiI6IjJESXRlbXMvT2ZmaGFuZC9Gb2NpL0Jhc2V0eXBlcy9Gb2N1czAzIiwidyI6MiwiaCI6Mywic2NhbGUiOjEsInJlYWxtIjoicG9lMiJ9XQ/7832c8858c/Focus03.png	Metadata/Items/Armours/Focii/FourFocus3Verisium
item	Runeforged Apostle Leggings	Руннокованые сапоги поборника	WzI1LDE0LHsiZiI6IjJESXRlbXMvQXJtb3Vycy9Cb290cy9CYXNldHlwZXMvQm9vdHNJbnRTdHIwMiIsInciOjIsImgiOjIsInNjYWxlIjoxLCJyZWFsbSI6InBvZTIifV0/d3128f0287/BootsIntStr02.png	Metadata/Items/Armours/Boots/FourBootsStrInt2EndgameVerisium
item	Runeforged Arrayed Focus	Руннокованый узорный фокус	WzI1LDE0LHsiZiI6IjJESXRlbXMvT2ZmaGFuZC9Gb2NpL0Jhc2V0eXBlcy9Gb2N1czA2IiwidyI6MiwiaCI6Mywic2NhbGUiOjEsInJlYWxtIjoicG9lMiJ9XQ/a7c172ac69/Focus06.png	Metadata/Items/Armours/Focii/FourFocus6CruelVerisium
item	Runeforged Ascetic Garb	Руннокованое одеяние аскета	WzI1LDE0LHsiZiI6IjJESXRlbXMvQXJtb3Vycy9Cb2R5QXJtb3Vycy9CYXNldHlwZXMvQm9keURleEludDA4IiwidyI6MiwiaCI6Mywic2NhbGUiOjEsInJlYWxtIjoicG9lMiJ9XQ/71ef5a36aa/BodyDexInt08.png	Metadata/Items/Armours/BodyArmours/FourBodyDexInt8Verisium
item	Runeforged Austere Garb	Руннокованое одеяние отшельника	WzI1LDE0LHsiZiI6IjJESXRlbXMvQXJtb3Vycy9Cb2R5QXJtb3Vycy9CYXNldHlwZXMvQm9keURleEludDA4IiwidyI6MiwiaCI6Mywic2NhbGUiOjEsInJlYWxtIjoicG9lMiJ9XQ/71ef5a36aa/BodyDexInt08.png	Metadata/Items/Armours/BodyArmours/FourBodyDexInt8EndgameVerisium;stat_1745952865=0
item	Runeforged Avian Mask	Руннокованая перьевая маска	WzI1LDE0LHsiZiI6IjJESXRlbXMvQXJtb3Vycy9IZWxtZXRzL0Jhc2V0eXBlcy9IZWxtZXREZXhJbnQwNSIsInciOjIsImgiOjIsInNjYWxlIjoxLCJyZWFsbSI6InBvZTIifV0/a9d1297918/HelmetDexInt05.png	Metadata/Items/Armours/Helmets/FourHelmetDexInt5CruelVerisium
item	Runeforged Avian Targe	Руннокованый оперённый тарджет	WzI1LDE0LHsiZiI6IjJESXRlbXMvT2ZmaGFuZC9TaGllbGRzL1NoaWVsZDA2IiwidyI6MiwiaCI6Mywic2NhbGUiOjEsInJlYWxtIjoicG9lMiJ9XQ/67bd0824e2/Shield06.png	Metadata/Items/Armours/Shields/FourShieldStrDex6CruelVerisium
item	Runeforged Barbed Bracers	Руннокованые колючие наручи	WzI1LDE0LHsiZiI6IjJESXRlbXMvQXJtb3Vycy9HbG92ZXMvQmFzZXR5cGVzL0dsb3Zlc0RleDA1IiwidyI6MiwiaCI6Miwic2NhbGUiOjEsInJlYWxtIjoicG9lMiJ9XQ/b6a93d2794/GlovesDex05.png	Metadata/Items/Armours/Gloves/FourGlovesDex5EndgameVerisium
item	Runeforged Barbed Spear	Руннокованое копьё с зазубринами		Metadata/Items/Weapons/OneHandWeapons/OneHandSpears/FourSpearVerisium7;?;stat_3828375170=0;?
item	Runeforged Baroque Gloves	Руннокованые вычурные перчатки	WzI1LDE0LHsiZiI6IjJESXRlbXMvQXJtb3Vycy9HbG92ZXMvQmFzZXR5cGVzL0dsb3Zlc0ludDA0IiwidyI6MiwiaCI6Miwic2NhbGUiOjEsInJlYWxtIjoicG9lMiJ9XQ/8882887a8e/GlovesInt04.png	Metadata/Items/Armours/Gloves/FourGlovesInt4CruelVerisium
item	Runeforged Baroque Targe	Руннокованый барочный тарджет	WzI1LDE0LHsiZiI6IjJESXRlbXMvT2ZmaGFuZC9TaGllbGRzL1NoaWVsZDA0IiwidyI6MiwiaCI6Mywic2NhbGUiOjEsInJlYWxtIjoicG9lMiJ9XQ/b38b1a21b7/Shield04.png	Metadata/Items/Armours/Shields/FourShieldStrDex4EndgameVerisium
item	Runeforged Barricade Tower Shield	Руннокованый баррикадный ростовой щит	WzI1LDE0LHsiZiI6IjJESXRlbXMvT2ZmaGFuZC9TaGllbGRzL1Rvd2VyMDQiLCJ3IjoyLCJoIjo0LCJzY2FsZSI6MSwicmVhbG0iOiJwb2UyIn1d/86c057011a/Tower04.png	Metadata/Items/Armours/Shields/FourShieldStr4Verisium
item	Runeforged Bastion Sabatons	Руннокованые сабатоны бастиона	WzI1LDE0LHsiZiI6IjJESXRlbXMvQXJtb3Vycy9Cb290cy9CYXNldHlwZXMvQm9vdHNTdHJEZXgwMyIsInciOjIsImgiOjIsInNjYWxlIjoxLCJyZWFsbSI6InBvZTIifV0/b0dd26050c/BootsStrDex03.png	Metadata/Items/Armours/Boots/FourBootsStrDex3CruelVerisium
item	Runeforged Beaded Circlet	Руннокованый обруч с чётками	WzI1LDE0LHsiZiI6IjJESXRlbXMvQXJtb3Vycy9IZWxtZXRzL0Jhc2V0eXBlcy9IZWxtZXRJbnQwMyIsInciOjIsImgiOjIsInNjYWxlIjoxLCJyZWFsbSI6InBvZTIifV0/0942c3c1f2/HelmetInt03.png	Metadata/Items/Armours/Helmets/FourHelmetInt3Verisium
item	Runeforged Blacksteel Crest Shield	Руннокованый гербовый щит из чёрной стали		Metadata/Items/Armours/Shields/FourShieldStrInt7EndgameVerisium
item	Runeforged Blacksteel Gauntlets	Руннокованые перчатки из чёрной стали	WzI1LDE0LHsiZiI6IjJESXRlbXMvQXJtb3Vycy9HbG92ZXMvQmFzZXR5cGVzL0dsb3Zlc1N0ckRleDA0IiwidyI6MiwiaCI6Miwic2NhbGUiOjEsInJlYWxtIjoicG9lMiJ9XQ/1c86410ca6/GlovesStrDex04.png	Metadata/Items/Armours/Gloves/FourGlovesStrDex4EndgameVerisium
item	Runeforged Blacksteel Sabatons	Руннокованые сабатоны из чёрной стали	WzI1LDE0LHsiZiI6IjJESXRlbXMvQXJtb3Vycy9Cb290cy9CYXNldHlwZXMvQm9vdHNTdHJEZXgwNCIsInciOjIsImgiOjIsInNjYWxlIjoxLCJyZWFsbSI6InBvZTIifV0/865c3e428d/BootsStrDex04.png	Metadata/Items/Armours/Boots/FourBootsStrDex4EndgameVerisium
item	Runeforged Bladeguard Buckler	Руннокованый баклер с наконечником	WzI1LDE0LHsiZiI6IjJESXRlbXMvT2ZmaGFuZC9TaGllbGRzL0J1Y2tsZXIwOCIsInciOjIsImgiOjIsInNjYWxlIjoxLCJyZWFsbSI6InBvZTIifV0/e26e85892c/Buckler08.png	Metadata/Items/Armours/Shields/FourShieldDex8CruelVerisium
item	Runeforged Blazon Crest Shield	Руннокованый гербовый щит	WzI1LDE0LHsiZiI6IjJESXRlbXMvT2ZmaGFuZC9TaGllbGRzL0NyZXN0MDEiLCJ3IjoyLCJoIjozLCJzY2FsZSI6MSwicmVhbG0iOiJwb2UyIn1d/47c9ad650c/Crest01.png	Metadata/Items/Armours/Shields/FourShieldStrInt1Verisium
item	Runeforged Bolstered Mitts	Руннокованые укреплённые рукавицы	WzI1LDE0LHsiZiI6IjJESXRlbXMvQXJtb3Vycy9HbG92ZXMvQmFzZXR5cGVzL0dsb3Zlc1N0cjA0IiwidyI6MiwiaCI6Miwic2NhbGUiOjEsInJlYWxtIjoicG9lMiJ9XQ/041d8df186/GlovesStr04.png	Metadata/Items/Armours/Gloves/FourGlovesStr4Verisium
item	Runeforged Bone Raiment	Руннокованое костяное облачение	WzI1LDE0LHsiZiI6IjJESXRlbXMvQXJtb3Vycy9Cb2R5QXJtb3Vycy9CYXNldHlwZXMvQm9keUludDA0IiwidyI6MiwiaCI6Mywic2NhbGUiOjEsInJlYWxtIjoicG9lMiJ9XQ/30b586d760/BodyInt04.png	Metadata/Items/Armours/BodyArmours/FourBodyInt4Verisium
item	Runeforged Bound Bracers	Руннокованые обмотанные наручи	WzI1LDE0LHsiZiI6IjJESXRlbXMvQXJtb3Vycy9HbG92ZXMvQmFzZXR5cGVzL0dsb3Zlc0RleDAzIiwidyI6MiwiaCI6Miwic2NhbGUiOjEsInJlYWxtIjoicG9lMiJ9XQ/431643ec14/GlovesDex03.png	Metadata/Items/Armours/Gloves/FourGlovesDex3Verisium
item	Runeforged Bound Cuffs	Руннокованые обвязанные манжеты	WzI1LDE0LHsiZiI6IjJESXRlbXMvQXJtb3Vycy9HbG92ZXMvQmFzZXR5cGVzL0dsb3Zlc0ludFN0cjAxIiwidyI6MiwiaCI6Miwic2NhbGUiOjEsInJlYWxtIjoicG9lMiJ9XQ/c4b6d03f66/GlovesIntStr01.png	Metadata/Items/Armours/Gloves/FourGlovesStrInt1EndgameVerisium
item	Runeforged Bound Sandals	Руннокованые сандалии с обмотками	WzI1LDE0LHsiZiI6IjJESXRlbXMvQXJtb3Vycy9Cb290cy9CYXNldHlwZXMvQm9vdHNJbnQwMiIsInciOjIsImgiOjIsInNjYWxlIjoxLCJyZWFsbSI6InBvZTIifV0/8a97a69384/BootsInt02.png	Metadata/Items/Armours/Boots/FourBootsInt2EndgameVerisium
item	Runeforged Braced Sabatons	Руннокованые сабатоны с ремнями	WzI1LDE0LHsiZiI6IjJESXRlbXMvQXJtb3Vycy9Cb290cy9CYXNldHlwZXMvQm9vdHNTdHJEZXgwMiIsInciOjIsImgiOjIsInNjYWxlIjoxLCJyZWFsbSI6InBvZTIifV0/fea44e00c3/BootsStrDex02.png	Metadata/Items/Armours/Boots/FourBootsStrDex2Verisium
item	Runeforged Braced Tower Shield	Руннокованый окованный ростовой щит	WzI1LDE0LHsiZiI6IjJESXRlbXMvT2ZmaGFuZC9TaGllbGRzL1Rvd2VyMDMiLCJ3IjoyLCJoIjo0LCJzY2FsZSI6MSwicmVhbG0iOiJwb2UyIn1d/a0b185297f/Tower03.png	Metadata/Items/Armours/Shields/FourShieldStr3Verisium
item	Runeforged Brigand Mask	Руннокованая маска грабителя	WzI1LDE0LHsiZiI6IjJESXRlbXMvQXJtb3Vycy9IZWxtZXRzL0Jhc2V0eXBlcy9IZWxtZXREZXhJbnQwMiIsInciOjIsImgiOjIsInNjYWxlIjoxLCJyZWFsbSI6InBvZTIifV0/cd874c256b/HelmetDexInt02.png	Metadata/Items/Armours/Helmets/FourHelmetDexInt2EndgameVerisium
item	Runeforged Brimmed Helm	Руннокованый шлем с полями	WzI1LDE0LHsiZiI6IjJESXRlbXMvQXJtb3Vycy9IZWxtZXRzL0Jhc2V0eXBlcy9IZWxtZXRTdHJEZXgwMSIsInciOjIsImgiOjIsInNjYWxlIjoxLCJyZWFsbSI6InBvZTIifV0/6ab065ed7f/HelmetStrDex01.png	Metadata/Items/Armours/Helmets/FourHelmetStrDex1Verisium
item	Runeforged Bronze Greaves	Руннокованые бронзовые поножи	WzI1LDE0LHsiZiI6IjJESXRlbXMvQXJtb3Vycy9Cb290cy9CYXNldHlwZXMvQm9vdHNTdHIwMyIsInciOjIsImgiOjIsInNjYWxlIjoxLCJyZWFsbSI6InBvZTIifV0/eaacac3e43/BootsStr03.png	Metadata/Items/Armours/Boots/FourBootsStr3Verisium
item	Runeforged Buckled Wraps	Руннокованые обмотки с пряжками	WzI1LDE0LHsiZiI6IjJESXRlbXMvQXJtb3Vycy9HbG92ZXMvQmFzZXR5cGVzL0dsb3Zlc0RleEludDA0IiwidyI6MiwiaCI6Miwic2NhbGUiOjEsInJlYWxtIjoicG9lMiJ9XQ/f43ef07a0c/GlovesDexInt04.png	Metadata/Items/Armours/Gloves/FourGlovesDexInt4Verisium
item	Runeforged Bulwark Greaves	Руннокованые поножи бастиона	WzI1LDE0LHsiZiI6IjJESXRlbXMvQXJtb3Vycy9Cb290cy9CYXNldHlwZXMvQm9vdHNTdHIwMiIsInciOjIsImgiOjIsInNjYWxlIjoxLCJyZWFsbSI6InBvZTIifV0/70eea32d34/BootsStr02.png	Metadata/Items/Armours/Boots/FourBootsStr2EndgameVerisium
item	Runeforged Bulwark Tower Shield	Руннокованый фортовый ростовой щит	WzI1LDE0LHsiZiI6IjJESXRlbXMvT2ZmaGFuZC9TaGllbGRzL1Rvd2VyMDYiLCJ3IjoyLCJoIjo0LCJzY2FsZSI6MSwicmVhbG0iOiJwb2UyIn1d/fae45edbc4/Tower06.png	Metadata/Items/Armours/Shields/FourShieldStr6CruelVerisium
item	Runeforged Cabalist Helm	Руннокованый шлем каббалиста	WzI1LDE0LHsiZiI6IjJESXRlbXMvQXJtb3Vycy9IZWxtZXRzL0Jhc2V0eXBlcy9IZWxtZXRTdHJEZXgwNCIsInciOjIsImgiOjIsInNjYWxlIjoxLCJyZWFsbSI6InBvZTIifV0/df04613939/HelmetStrDex04.png	Metadata/Items/Armours/Helmets/FourHelmetStrDex4CruelVerisium
item	Runeforged Carved Greaves	Руннокованые резные поножи	WzI1LDE0LHsiZiI6IjJESXRlbXMvQXJtb3Vycy9Cb290cy9CYXNldHlwZXMvQm9vdHNTdHIwNSIsInciOjIsImgiOjIsInNjYWxlIjoxLCJyZWFsbSI6InBvZTIifV0/3bc62e552f/BootsStr05.png	Metadata/Items/Armours/Boots/FourBootsStr5CruelVerisium
item	Runeforged Carved Targe	Руннокованый резной тарджет	WzI1LDE0LHsiZiI6IjJESXRlbXMvT2ZmaGFuZC9TaGllbGRzL1NoaWVsZDA4IiwidyI6MiwiaCI6Mywic2NhbGUiOjEsInJlYWxtIjoicG9lMiJ9XQ/f7405bedf0/Shield08.png	Metadata/Items/Armours/Shields/FourShieldStrDex8Verisium
item	Runeforged Cavalry Boots	Руннокованые кавалерийские сапоги	WzI1LDE0LHsiZiI6IjJESXRlbXMvQXJtb3Vycy9Cb290cy9CYXNldHlwZXMvQm9vdHNEZXgwNCIsInciOjIsImgiOjIsInNjYWxlIjoxLCJyZWFsbSI6InBvZTIifV0/5a8bec4689/BootsDex04.png	Metadata/Items/Armours/Boots/FourBootsDex4EndgameVerisium
item	Runeforged Ceremonial Robe	Руннокованое церемониальное одеяние	WzI1LDE0LHsiZiI6IjJESXRlbXMvQXJtb3Vycy9Cb2R5QXJtb3Vycy9CYXNldHlwZXMvQm9keUludDA4IiwidyI6MiwiaCI6Mywic2NhbGUiOjEsInJlYWxtIjoicG9lMiJ9XQ/e1702b49d8/BodyInt08.png	Metadata/Items/Armours/BodyArmours/FourBodyInt8CruelVerisium
item	Runeforged Chain Mail	Руннокованая кольчуга	WzI1LDE0LHsiZiI6IjJESXRlbXMvQXJtb3Vycy9Cb2R5QXJtb3Vycy9CYXNldHlwZXMvQm9keVN0ckRleDAxIiwidyI6MiwiaCI6Mywic2NhbGUiOjEsInJlYWxtIjoicG9lMiJ9XQ/ffcba8cc2b/BodyStrDex01.png	Metadata/Items/Armours/BodyArmours/FourBodyStrDex1Verisium
item	Runeforged Chain Tiara	Руннокованая цепная тиара	WzI1LDE0LHsiZiI6IjJESXRlbXMvQXJtb3Vycy9IZWxtZXRzL0Jhc2V0eXBlcy9IZWxtZXRJbnQwNCIsInciOjIsImgiOjIsInNjYWxlIjoxLCJyZWFsbSI6InBvZTIifV0/33248feedf/HelmetInt04.png	Metadata/Items/Armours/Helmets/FourHelmetInt4Verisium
item	Runeforged Champion Cuirass	Руннокованый доспех чемпиона		Metadata/Items/Armours/BodyArmours/FourBodyStr12Verisium;stat_3336230913|stat_774059442=0
item	Runeforged Champion Helm	Руннокованый шлем чемпиона	WzI1LDE0LHsiZiI6IjJESXRlbXMvQXJtb3Vycy9IZWxtZXRzL0Jhc2V0eXBlcy9IZWxtZXRTdHJEZXgwNSIsInciOjIsImgiOjIsInNjYWxlIjoxLCJyZWFsbSI6InBvZTIifV0/643d282132/HelmetStrDex05.png	Metadata/Items/Armours/Helmets/FourHelmetStrDex5EndgameVerisium
item	Runeforged Changeling Talisman	Руннокованый талисман-перевёртыш		Metadata/Items/Weapons/TwoHandWeapons/Talismans/TalismanVerisium1
item	Runeforged Charmed Shoes	Руннокованые зачарованные ботинки	WzI1LDE0LHsiZiI6IjJESXRlbXMvQXJtb3Vycy9Cb290cy9CYXNldHlwZXMvQm9vdHNEZXhJbnQwMiIsInciOjIsImgiOjIsInNjYWxlIjoxLCJyZWFsbSI6InBvZTIifV0/2c646ce419/BootsDexInt02.png	Metadata/Items/Armours/Boots/FourBootsDexInt2EndgameVerisium
item	Runeforged Chieftain Cuirass	Руннокованый доспех вождя	WzI1LDE0LHsiZiI6IjJESXRlbXMvQXJtb3Vycy9Cb2R5QXJtb3Vycy9CYXNldHlwZXMvQm9keVN0cjEwIiwidyI6MiwiaCI6Mywic2NhbGUiOjEsInJlYWxtIjoicG9lMiJ9XQ/23e350525b/BodyStr10.png	Metadata/Items/Armours/BodyArmours/FourBodyStr10Verisium
item	Runeforged Chiseled Targe	Руннокованый рельефный тарджет	WzI1LDE0LHsiZiI6IjJESXRlbXMvT2ZmaGFuZC9TaGllbGRzL1NoaWVsZDA1IiwidyI6MiwiaCI6Mywic2NhbGUiOjEsInJlYWxtIjoicG9lMiJ9XQ/8eead9d3b1/Shield05.png	Metadata/Items/Armours/Shields/FourShieldStrDex5Verisium
item	Runeforged Cinched Boots	Руннокованые сапоги со шнуровкой	WzI1LDE0LHsiZiI6IjJESXRlbXMvQXJtb3Vycy9Cb290cy9CYXNldHlwZXMvQm9vdHNEZXgwMiIsInciOjIsImgiOjIsInNjYWxlIjoxLCJyZWFsbSI6InBvZTIifV0/b82526a3d4/BootsDex02.png	Metadata/Items/Armours/Boots/FourBootsDex2EndgameVerisium
item	Runeforged Cleric Vestments	Руннокованое одеяние клирика	WzI1LDE0LHsiZiI6IjJESXRlbXMvQXJtb3Vycy9Cb2R5QXJtb3Vycy9CYXNldHlwZXMvQm9keUludFN0cjA3IiwidyI6MiwiaCI6Mywic2NhbGUiOjEsInJlYWxtIjoicG9lMiJ9XQ/3e7354e684/BodyIntStr07.png	Metadata/Items/Armours/BodyArmours/FourBodyStrInt7Verisium
item	Runeforged Cloaked Mail	Руннокованый доспех с кольцами	WzI1LDE0LHsiZiI6IjJESXRlbXMvQXJtb3Vycy9Cb2R5QXJtb3Vycy9CYXNldHlwZXMvQm9keVN0ckRleDA0IiwidyI6MiwiaCI6Mywic2NhbGUiOjEsInJlYWxtIjoicG9lMiJ9XQ/d8e02875f2/BodyStrDex04.png	Metadata/Items/Armours/BodyArmours/FourBodyStrDex4Verisium
item	Runeforged Closed Helm	Руннокованый закрытый шлем	WzI1LDE0LHsiZiI6IjJESXRlbXMvQXJtb3Vycy9IZWxtZXRzL0Jhc2V0eXBlcy9IZWxtZXRTdHJEZXgwNiIsInciOjIsImgiOjIsInNjYWxlIjoxLCJyZWFsbSI6InBvZTIifV0/b2bcd2cacb/HelmetStrDex06.png	Metadata/Items/Armours/Helmets/FourHelmetStrDex6Verisium
item	Runeforged Commander Gauntlets	Руннокованые перчатки командира	WzI1LDE0LHsiZiI6IjJESXRlbXMvQXJtb3Vycy9HbG92ZXMvQmFzZXR5cGVzL0dsb3Zlc1N0ckRleDAyIiwidyI6MiwiaCI6Miwic2NhbGUiOjEsInJlYWxtIjoicG9lMiJ9XQ/0cb6b02463/GlovesStrDex02.png	Metadata/Items/Armours/Gloves/FourGlovesStrDex2EndgameVerisium
item	Runeforged Commander Greathelm	Руннокованый большой шлем командира	WzI1LDE0LHsiZiI6IjJESXRlbXMvQXJtb3Vycy9IZWxtZXRzL0Jhc2V0eXBlcy9IZWxtZXRTdHIwNyIsInciOjIsImgiOjIsInNjYWxlIjoxLCJyZWFsbSI6InBvZTIifV0/a455b9fc43/HelmetStr07.png	Metadata/Items/Armours/Helmets/FourHelmetStr7Verisium
item	Runeforged Composite Bow	Руннокованый составной лук		Metadata/Items/Weapons/TwoHandWeapons/Bows/FourBowVerisium5
item	Runeforged Conjurer Mantle	Руннокованый наряд призывателя	WzI1LDE0LHsiZiI6IjJESXRlbXMvQXJtb3Vycy9Cb2R5QXJtb3Vycy9CYXNldHlwZXMvQm9keUludFN0cjA0IiwidyI6MiwiaCI6Mywic2NhbGUiOjEsInJlYWxtIjoicG9lMiJ9XQ/3574a91ac4/BodyIntStr04.png	Metadata/Items/Armours/BodyArmours/FourBodyStrInt4EndgameVerisium;stat_3981240776|stat_2704225257=0
item	Runeforged Conqueror Plate	Руннокованый доспех завоевателя		Metadata/Items/Armours/BodyArmours/FourBodyStr14Verisium;stat_680068163=0
item	Runeforged Corsair Cap	Руннокованая треуголка корсара	WzI1LDE0LHsiZiI6IjJESXRlbXMvQXJtb3Vycy9IZWxtZXRzL0Jhc2V0eXBlcy9IZWxtZXREZXgwNyIsInciOjIsImgiOjIsInNjYWxlIjoxLCJyZWFsbSI6InBvZTIifV0/74f4fa374e/HelmetDex07.png	Metadata/Items/Armours/Helmets/FourHelmetDex7Verisium
item	Runeforged Corsair Coat	Руннокованый плащ корсара	WzI1LDE0LHsiZiI6IjJESXRlbXMvQXJtb3Vycy9Cb2R5QXJtb3Vycy9CYXNldHlwZXMvQm9keURleDEwIiwidyI6MiwiaCI6Mywic2NhbGUiOjEsInJlYWxtIjoicG9lMiJ9XQ/4451ea3f74/BodyDex10.png	Metadata/Items/Armours/BodyArmours/FourBodyDex10EndgameVerisium;stat_2250533757=0
item	Runeforged Corsair Vest	Руннокованый жилет корсара	WzI1LDE0LHsiZiI6IjJESXRlbXMvQXJtb3Vycy9Cb2R5QXJtb3Vycy9CYXNldHlwZXMvQm9keURleDA5IiwidyI6MiwiaCI6Mywic2NhbGUiOjEsInJlYWxtIjoicG9lMiJ9XQ/234a771f12/BodyDex09.png	Metadata/Items/Armours/BodyArmours/FourBodyDex9Verisium
item	Runeforged Covered Sabatons	Руннокованые сплошные сабатоны	WzI1LDE0LHsiZiI6IjJESXRlbXMvQXJtb3Vycy9Cb290cy9CYXNldHlwZXMvQm9vdHNTdHJEZXgwNCIsInciOjIsImgiOjIsInNjYWxlIjoxLCJyZWFsbSI6InBvZTIifV0/865c3e428d/BootsStrDex04.png	Metadata/Items/Armours/Boots/FourBootsStrDex4Verisium
item	Runeforged Cowled Helm	Руннокованый шлем с капюшоном	WzI1LDE0LHsiZiI6IjJESXRlbXMvQXJtb3Vycy9IZWxtZXRzL0Jhc2V0eXBlcy9IZWxtZXRTdHJEZXgwNCIsInciOjIsImgiOjIsInNjYWxlIjoxLCJyZWFsbSI6InBvZTIifV0/df04613939/HelmetStrDex04.png	Metadata/Items/Armours/Helmets/FourHelmetStrDex4Verisium
item	Runeforged Crescent Quarterstaff	Руннокованый боевой посох с полумесяцем		Metadata/Items/Weapons/TwoHandWeapons/Staves/FourQuarterstaffVerisium5;?;?
item	Runeforged Crescent Targe	Руннокованый тарджет с полумесяцем	WzI1LDE0LHsiZiI6IjJESXRlbXMvT2ZmaGFuZC9TaGllbGRzL1NoaWVsZDA0IiwidyI6MiwiaCI6Mywic2NhbGUiOjEsInJlYWxtIjoicG9lMiJ9XQ/b38b1a21b7/Shield04.png	Metadata/Items/Armours/Shields/FourShieldStrDex4Verisium
item	Runeforged Crucible Tower Shield	Руннокованый закалённый ростовой щит	WzI1LDE0LHsiZiI6IjJESXRlbXMvT2ZmaGFuZC9TaGllbGRzL1Rvd2VyMDkiLCJ3IjoyLCJoIjo0LCJzY2FsZSI6MSwicmVhbG0iOiJwb2UyIn1d/c6365c4b2a/Tower09.png	Metadata/Items/Armours/Shields/FourShieldStr9Verisium
item	Runeforged Crude Bow	Руннокованый грубый лук		Metadata/Items/Weapons/TwoHandWeapons/Bows/FourBowVerisium1;?
item	Runeforged Crumbling Maul	Руннокованый крошащий молот		Metadata/Items/Weapons/TwoHandWeapons/TwoHandMaces/FourTwoHandMaceVerisium8;stat_1541903247=0
item	Runeforged Cryptic Crown	Руннокованая скрытая корона	WzI1LDE0LHsiZiI6IjJESXRlbXMvQXJtb3Vycy9IZWxtZXRzL0Jhc2V0eXBlcy9IZWxtZXRJbnRTdHIwNiIsInciOjIsImgiOjIsInNjYWxlIjoxLCJyZWFsbSI6InBvZTIifV0/9456a4b2b7/HelmetIntStr06.png	Metadata/Items/Armours/Helmets/FourHelmetStrInt6EndgameVerisium
item	Runeforged Cryptic Helm	Руннокованый скрытый шлем	WzI1LDE0LHsiZiI6IjJESXRlbXMvQXJtb3Vycy9IZWxtZXRzL0Jhc2V0eXBlcy9IZWxtZXRTdHJEZXgwNCIsInciOjIsImgiOjIsInNjYWxlIjoxLCJyZWFsbSI6InBvZTIifV0/df04613939/HelmetStrDex04.png	Metadata/Items/Armours/Helmets/FourHelmetStrDex4EndgameVerisium
item	Runeforged Cryptic Leggings	Руннокованые скрытые сапоги	WzI1LDE0LHsiZiI6IjJESXRlbXMvQXJtb3Vycy9Cb290cy9CYXNldHlwZXMvQm9vdHNJbnRTdHIwNCIsInciOjIsImgiOjIsInNjYWxlIjoxLCJyZWFsbSI6InBvZTIifV0/12efc4aaa8/BootsIntStr04.png	Metadata/Items/Armours/Boots/FourBootsStrInt4EndgameVerisium
item	Runeforged Crystal Focus	Руннокованый кристальный фокус	WzI1LDE0LHsiZiI6IjJESXRlbXMvT2ZmaGFuZC9Gb2NpL0Jhc2V0eXBlcy9Gb2N1czA2IiwidyI6MiwiaCI6Mywic2NhbGUiOjEsInJlYWxtIjoicG9lMiJ9XQ/a7c172ac69/Focus06.png	Metadata/Items/Armours/Focii/FourFocus6Verisium
item	Runeforged Cultist Crown	Руннокованая корона культиста	WzI1LDE0LHsiZiI6IjJESXRlbXMvQXJtb3Vycy9IZWxtZXRzL0Jhc2V0eXBlcy9IZWxtZXRJbnRTdHIwMyIsInciOjIsImgiOjIsInNjYWxlIjoxLCJyZWFsbSI6InBvZTIifV0/236be52310/HelmetIntStr03.png	Metadata/Items/Armours/Helmets/FourHelmetStrInt3Verisium
item	Runeforged Cultist Focus	Руннокованый фокус культиста	WzI1LDE0LHsiZiI6IjJESXRlbXMvT2ZmaGFuZC9Gb2NpL0Jhc2V0eXBlcy9Gb2N1czA3IiwidyI6MiwiaCI6Mywic2NhbGUiOjEsInJlYWxtIjoicG9lMiJ9XQ/5111338008/Focus07.png	Metadata/Items/Armours/Focii/FourFocus7CruelVerisium
item	Runeforged Cultist Gauntlets	Руннокованые перчатки культиста	WzI1LDE0LHsiZiI6IjJESXRlbXMvQXJtb3Vycy9HbG92ZXMvQmFzZXR5cGVzL0dsb3Zlc1N0ckRleDAzIiwidyI6MiwiaCI6Miwic2NhbGUiOjEsInJlYWxtIjoicG9lMiJ9XQ/2d6c10dfcb/GlovesStrDex03.png	Metadata/Items/Armours/Gloves/FourGlovesStrDex3EndgameVerisium
item	Runeforged Cultist Greathammer	Руннокованый культовый молот		Metadata/Items/Weapons/TwoHandWeapons/TwoHandMaces/FourTwoHandMaceVerisium5;stat_3675300253;stat_1459321413=0
item	Runeforged Daggerfoot Shoes	Руннокованые ботинки с кинжалом	WzI1LDE0LHsiZiI6IjJESXRlbXMvQXJtb3Vycy9Cb290cy9CYXNldHlwZXMvQm9vdHNEZXhJbnQwNCIsInciOjIsImgiOjIsInNjYWxlIjoxLCJyZWFsbSI6InBvZTIifV0/c7b2a1d325/BootsDexInt04.png	Metadata/Items/Armours/Boots/FourBootsDexInt4EndgameVerisium
item	Runeforged Dastard Armour	Руннокованый доспех лиходея	WzI1LDE0LHsiZiI6IjJESXRlbXMvQXJtb3Vycy9Cb2R5QXJtb3Vycy9CYXNldHlwZXMvQm9keVN0ckRleDAyIiwidyI6MiwiaCI6Mywic2NhbGUiOjEsInJlYWxtIjoicG9lMiJ9XQ/a1b424ac4d/BodyStrDex02.png	Metadata/Items/Armours/BodyArmours/FourBodyStrDex2EndgameVerisium;stat_3299347043=0
item	Runeforged Death Mail	Руннокованый доспех смерти	WzI1LDE0LHsiZiI6IjJESXRlbXMvQXJtb3Vycy9Cb2R5QXJtb3Vycy9CYXNldHlwZXMvQm9keVN0ckRleDA2IiwidyI6MiwiaCI6Mywic2NhbGUiOjEsInJlYWxtIjoicG9lMiJ9XQ/4b99433643/BodyStrDex06.png	Metadata/Items/Armours/BodyArmours/FourBodyStrDex6EndgameVerisium
item	Runeforged Death Mantle	Руннокованая мантия смерти	WzI1LDE0LHsiZiI6IjJESXRlbXMvQXJtb3Vycy9Cb2R5QXJtb3Vycy9CYXNldHlwZXMvQm9keUludFN0cjA2IiwidyI6MiwiaCI6Mywic2NhbGUiOjEsInJlYWxtIjoicG9lMiJ9XQ/2188f05fcc/BodyIntStr06.png	Metadata/Items/Armours/BodyArmours/FourBodyStrInt6EndgameVerisium;stat_1978899297=0
item	Runeforged Deerstalker Hood	Руннокованый капюшон зверолова	WzI1LDE0LHsiZiI6IjJESXRlbXMvQXJtb3Vycy9IZWxtZXRzL0Jhc2V0eXBlcy9IZWxtZXREZXgwNSIsInciOjIsImgiOjIsInNjYWxlIjoxLCJyZWFsbSI6InBvZTIifV0/367615d8a8/HelmetDex05.png	Metadata/Items/Armours/Helmets/FourHelmetDex5CruelVerisium
item	Runeforged Dekharan Crest Shield	Руннокованый гербовый щит дехара	WzI1LDE0LHsiZiI6IjJESXRlbXMvT2ZmaGFuZC9TaGllbGRzL0NyZXN0MDQiLCJ3IjoyLCJoIjozLCJzY2FsZSI6MSwicmVhbG0iOiJwb2UyIn1d/d54e9d2de5/Crest04.png	Metadata/Items/Armours/Shields/FourShieldStrInt4CruelVerisium
item	Runeforged Desert Buckler	Руннокованый баклер пустыни		Metadata/Items/Armours/Shields/FourShieldDex9EndgameVerisium
item	Runeforged Desert Cap	Руннокованый капюшон пустынника	WzI1LDE0LHsiZiI6IjJESXRlbXMvQXJtb3Vycy9IZWxtZXRzL0Jhc2V0eXBlcy9IZWxtZXREZXgwNCIsInciOjIsImgiOjIsInNjYWxlIjoxLCJyZWFsbSI6InBvZTIifV0/e2bcc2e1c1/HelmetDex04.png	Metadata/Items/Armours/Helmets/FourHelmetDex4EndgameVerisium
item	Runeforged Detailed Mitts	Руннокованые украшенные рукавицы	WzI1LDE0LHsiZiI6IjJESXRlbXMvQXJtb3Vycy9HbG92ZXMvQmFzZXR5cGVzL0dsb3Zlc1N0cjA2IiwidyI6MiwiaCI6Miwic2NhbGUiOjEsInJlYWxtIjoicG9lMiJ9XQ/20c9cbb22c/GlovesStr06.png	Metadata/Items/Armours/Gloves/FourGlovesStr6Verisium
item	Runeforged Divine Crown	Руннокованая корона божества	WzI1LDE0LHsiZiI6IjJESXRlbXMvQXJtb3Vycy9IZWxtZXRzL0Jhc2V0eXBlcy9IZWxtZXRJbnRTdHIwNSIsInciOjIsImgiOjIsInNjYWxlIjoxLCJyZWFsbSI6InBvZTIifV0/2ded003789/HelmetIntStr05.png	Metadata/Items/Armours/Helmets/FourHelmetStrInt5EndgameVerisium
item	Runeforged Doubled Gauntlets	Руннокованые двухслойные перчатки	WzI1LDE0LHsiZiI6IjJESXRlbXMvQXJtb3Vycy9HbG92ZXMvQmFzZXR5cGVzL0dsb3Zlc1N0ckRleDAzIiwidyI6MiwiaCI6Miwic2NhbGUiOjEsInJlYWxtIjoicG9lMiJ9XQ/2d6c10dfcb/GlovesStrDex03.png	Metadata/Items/Armours/Gloves/FourGlovesStrDex3Verisium
item	Runeforged Dragonscale Boots	Руннокованые сапоги из кожи дракона	WzI1LDE0LHsiZiI6IjJESXRlbXMvQXJtb3Vycy9Cb290cy9CYXNldHlwZXMvQm9vdHNEZXgwNSIsInciOjIsImgiOjIsInNjYWxlIjoxLCJyZWFsbSI6InBvZTIifV0/316987efab/BootsDex05.png	Metadata/Items/Armours/Boots/FourBootsDex5EndgameVerisium
item	Runeforged Drakeskin Boots	Руннокованые сапоги из кожи рептилии	WzI1LDE0LHsiZiI6IjJESXRlbXMvQXJtb3Vycy9Cb290cy9CYXNldHlwZXMvQm9vdHNEZXgwNiIsInciOjIsImgiOjIsInNjYWxlIjoxLCJyZWFsbSI6InBvZTIifV0/8da0bb2ea6/BootsDex06.png	Metadata/Items/Armours/Boots/FourBootsDex6EndgameVerisium
item	Runeforged Druidic Crown	Руннокованая корона друида	WzI1LDE0LHsiZiI6IjJESXRlbXMvQXJtb3Vycy9IZWxtZXRzL0Jhc2V0eXBlcy9IZWxtZXRJbnRTdHIwMiIsInciOjIsImgiOjIsInNjYWxlIjoxLCJyZWFsbSI6InBvZTIifV0/b5cbbe6ce4/HelmetIntStr02.png	Metadata/Items/Armours/Helmets/FourHelmetStrInt2EndgameVerisium
item	Runeforged Druidic Focus	Руннокованый друидский фокус	WzI1LDE0LHsiZiI6IjJESXRlbXMvT2ZmaGFuZC9Gb2NpL0Jhc2V0eXBlcy9Gb2N1czAzIiwidyI6MiwiaCI6Mywic2NhbGUiOjEsInJlYWxtIjoicG9lMiJ9XQ/7832c8858c/Focus03.png	Metadata/Items/Armours/Focii/FourFocus3EndgameVerisium
item	Runeforged Dualstring Bow	Руннокованый спаренный лук		Metadata/Items/Weapons/TwoHandWeapons/Bows/FourBowVerisium6;stat_2463230181=0
item	Runeforged Dunerunner Sandals	Руннокованые сандалии гонца дюн	WzI1LDE0LHsiZiI6IjJESXRlbXMvQXJtb3Vycy9Cb290cy9CYXNldHlwZXMvQm9vdHNJbnQwNSIsInciOjIsImgiOjIsInNjYWxlIjoxLCJyZWFsbSI6InBvZTIifV0/2f27d465e1/BootsInt05.png	Metadata/Items/Armours/Boots/FourBootsInt5CruelVerisium
item	Runeforged Dyad Crossbow	Руннокованый парный самострел		Metadata/Items/Weapons/TwoHandWeapons/Crossbows/FourCrossbowVerisium5a
item	Runeforged Edged Buckler	Руннокованый баклер с остриём	WzI1LDE0LHsiZiI6IjJESXRlbXMvT2ZmaGFuZC9TaGllbGRzL0J1Y2tsZXIwOCIsInciOjIsImgiOjIsInNjYWxlIjoxLCJyZWFsbSI6InBvZTIifV0/e26e85892c/Buckler08.png	Metadata/Items/Armours/Shields/FourShieldDex8Verisium
item	Runeforged Effigial Tower Shield	Руннокованый тотемный ростовой щит	WzI1LDE0LHsiZiI6IjJESXRlbXMvT2ZmaGFuZC9TaGllbGRzL1Rvd2VyMDUiLCJ3IjoyLCJoIjo0LCJzY2FsZSI6MSwicmVhbG0iOiJwb2UyIn1d/df5701c32e/Tower05.png	Metadata/Items/Armours/Shields/FourShieldStr5Verisium
item	Runeforged Elegant Greathelm	Руннокованый элегантный большой шлем	WzI1LDE0LHsiZiI6IjJESXRlbXMvQXJtb3Vycy9IZWxtZXRzL0Jhc2V0eXBlcy9IZWxtZXRTdHIwNCIsInciOjIsImgiOjIsInNjYWxlIjoxLCJyZWFsbSI6InBvZTIifV0/8b85a26aad/HelmetStr04.png	Metadata/Items/Armours/Helmets/FourHelmetStr4CruelVerisium
item	Runeforged Elegant Greaves	Руннокованые элегантные поножи	WzI1LDE0LHsiZiI6IjJESXRlbXMvQXJtb3Vycy9Cb290cy9CYXNldHlwZXMvQm9vdHNTdHIwNCIsInciOjIsImgiOjIsInNjYWxlIjoxLCJyZWFsbSI6InBvZTIifV0/f9e847d2b0/BootsStr04.png	Metadata/Items/Armours/Boots/FourBootsStr4CruelVerisium
item	Runeforged Elegant Plate	Руннокованый элегантный доспех	WzI1LDE0LHsiZiI6IjJESXRlbXMvQXJtb3Vycy9Cb2R5QXJtb3Vycy9CYXNldHlwZXMvQm9keVN0cjA2IiwidyI6MiwiaCI6Mywic2NhbGUiOjEsInJlYWxtIjoicG9lMiJ9XQ/9751abcb6d/BodyStr06.png	Metadata/Items/Armours/BodyArmours/FourBodyStr6CruelVerisium
item	Runeforged Elegant Slippers	Руннокованые нарядные тапочки	WzI1LDE0LHsiZiI6IjJESXRlbXMvQXJtb3Vycy9Cb290cy9CYXNldHlwZXMvQm9vdHNJbnQwNCIsInciOjIsImgiOjIsInNjYWxlIjoxLCJyZWFsbSI6InBvZTIifV0/e1c49a9d6d/BootsInt04.png	Metadata/Items/Armours/Boots/FourBootsInt4CruelVerisium
item	Runeforged Elegant Wraps	Руннокованые утончённые обмотки	WzI1LDE0LHsiZiI6IjJESXRlbXMvQXJtb3Vycy9HbG92ZXMvQmFzZXR5cGVzL0dsb3Zlc0RleEludDAyIiwidyI6MiwiaCI6Miwic2NhbGUiOjEsInJlYWxtIjoicG9lMiJ9XQ/e226df102d/GlovesDexInt02.png	Metadata/Items/Armours/Gloves/FourGlovesDexInt2EndgameVerisium
item	Runeforged Elementalist Robe	Руннокованый камзол мага стихий	WzI1LDE0LHsiZiI6IjJESXRlbXMvQXJtb3Vycy9Cb2R5QXJtb3Vycy9CYXNldHlwZXMvQm9keUludDA5IiwidyI6MiwiaCI6Mywic2NhbGUiOjEsInJlYWxtIjoicG9lMiJ9XQ/c1fce2aadb/BodyInt09.png	Metadata/Items/Armours/BodyArmours/FourBodyInt9Verisium
item	Runeforged Elite Greathelm	Руннокованый большой шлем элиты	WzI1LDE0LHsiZiI6IjJESXRlbXMvQXJtb3Vycy9IZWxtZXRzL0Jhc2V0eXBlcy9IZWxtZXRTdHIwNSIsInciOjIsImgiOjIsInNjYWxlIjoxLCJyZWFsbSI6InBvZTIifV0/39a19d746e/HelmetStr05.png	Metadata/Items/Armours/Helmets/FourHelmetStr5Verisium
item	Runeforged Emblem Crest Shield	Руннокованый гербовый щит с эмблемой	WzI1LDE0LHsiZiI6IjJESXRlbXMvT2ZmaGFuZC9TaGllbGRzL0NyZXN0MDMiLCJ3IjoyLCJoIjozLCJzY2FsZSI6MSwicmVhbG0iOiJwb2UyIn1d/298c037c8b/Crest03.png	Metadata/Items/Armours/Shields/FourShieldStrInt3Verisium
item	Runeforged Embossed Boots	Руннокованые тиснёные сапоги	WzI1LDE0LHsiZiI6IjJESXRlbXMvQXJtb3Vycy9Cb290cy9CYXNldHlwZXMvQm9vdHNEZXgwMyIsInciOjIsImgiOjIsInNjYWxlIjoxLCJyZWFsbSI6InBvZTIifV0/96d222eebc/BootsDex03.png	Metadata/Items/Armours/Boots/FourBootsDex3Verisium
item	Runeforged Engraved Focus	Руннокованый резной фокус	WzI1LDE0LHsiZiI6IjJESXRlbXMvT2ZmaGFuZC9Gb2NpL0Jhc2V0eXBlcy9Gb2N1czA0IiwidyI6MiwiaCI6Mywic2NhbGUiOjEsInJlYWxtIjoicG9lMiJ9XQ/ca0ebdbac2/Focus04.png	Metadata/Items/Armours/Focii/FourFocus4Verisium
item	Runeforged Explorer Armour	Руннокованая броня исследователя	WzI1LDE0LHsiZiI6IjJESXRlbXMvQXJtb3Vycy9Cb2R5QXJtb3Vycy9CYXNldHlwZXMvQm9keVN0ckRleDA1IiwidyI6MiwiaCI6Mywic2NhbGUiOjEsInJlYWxtIjoicG9lMiJ9XQ/dfce2be64c/BodyStrDex05.png	Metadata/Items/Armours/BodyArmours/FourBodyStrDex5Verisium
item	Runeforged Face Mask	Руннокованая лицевая маска	WzI1LDE0LHsiZiI6IjJESXRlbXMvQXJtb3Vycy9IZWxtZXRzL0Jhc2V0eXBlcy9IZWxtZXREZXhJbnQwMiIsInciOjIsImgiOjIsInNjYWxlIjoxLCJyZWFsbSI6InBvZTIifV0/cd874c256b/HelmetDexInt02.png	Metadata/Items/Armours/Helmets/FourHelmetDexInt2Verisium
item	Runeforged Faithful Leggings	Руннокованые сапоги верного	WzI1LDE0LHsiZiI6IjJESXRlbXMvQXJtb3Vycy9Cb290cy9CYXNldHlwZXMvQm9vdHNJbnRTdHIwMSIsInciOjIsImgiOjIsInNjYWxlIjoxLCJyZWFsbSI6InBvZTIifV0/84fb41f219/BootsIntStr01.png	Metadata/Items/Armours/Boots/FourBootsStrInt1EndgameVerisium
item	Runeforged Falconer's Jacket	Руннокованая накидка сокольничего	WzI1LDE0LHsiZiI6IjJESXRlbXMvQXJtb3Vycy9Cb2R5QXJtb3Vycy9CYXNldHlwZXMvQm9keURleEludDA2IiwidyI6MiwiaCI6Mywic2NhbGUiOjEsInJlYWxtIjoicG9lMiJ9XQ/512e4bd095/BodyDexInt06.png	Metadata/Items/Armours/BodyArmours/FourBodyDexInt6EndgameVerisium;stat_2250533757=0
item	Runeforged Familial Talisman	Руннокованый наследственный талисман		Metadata/Items/Weapons/TwoHandWeapons/Talismans/TalismanVerisium4a;stat_1589917703=0
item	Runeforged Faridun Mask	Руннокованая фаридунская маска	WzI1LDE0LHsiZiI6IjJESXRlbXMvQXJtb3Vycy9IZWxtZXRzL0Jhc2V0eXBlcy9IZWxtZXREZXhJbnQwNCIsInciOjIsImgiOjIsInNjYWxlIjoxLCJyZWFsbSI6InBvZTIifV0/1322e46f92/HelmetDexInt04.png	Metadata/Items/Armours/Helmets/FourHelmetDexInt4EndgameVerisium
item	Runeforged Feathered Mitts	Руннокованые оперённые рукавицы	WzI1LDE0LHsiZiI6IjJESXRlbXMvQXJtb3Vycy9HbG92ZXMvQmFzZXR5cGVzL0dsb3Zlc1N0cjA1IiwidyI6MiwiaCI6Miwic2NhbGUiOjEsInJlYWxtIjoicG9lMiJ9XQ/30e916dc14/GlovesStr05.png	Metadata/Items/Armours/Gloves/FourGlovesStr5CruelVerisium
item	Runeforged Feathered Raiment	Руннокованое оперённое одеяние	WzI1LDE0LHsiZiI6IjJESXRlbXMvQXJtb3Vycy9Cb2R5QXJtb3Vycy9CYXNldHlwZXMvQm9keUludDEwIiwidyI6MiwiaCI6Mywic2NhbGUiOjEsInJlYWxtIjoicG9lMiJ9XQ/67075adc85/BodyInt10.png	Metadata/Items/Armours/BodyArmours/FourBodyInt10EndgameVerisium;stat_458438597=0
item	Runeforged Feathered Robe	Руннокованый наряд из перьев	WzI1LDE0LHsiZiI6IjJESXRlbXMvQXJtb3Vycy9Cb2R5QXJtb3Vycy9CYXNldHlwZXMvQm9keUludDAyIiwidyI6MiwiaCI6Mywic2NhbGUiOjEsInJlYWxtIjoicG9lMiJ9XQ/076c2981c4/BodyInt02.png	Metadata/Items/Armours/BodyArmours/FourBodyInt2Verisium
item	Runeforged Feathered Sandals	Руннокованые пернатые сандалии	WzI1LDE0LHsiZiI6IjJESXRlbXMvQXJtb3Vycy9Cb290cy9CYXNldHlwZXMvQm9vdHNJbnQwNSIsInciOjIsImgiOjIsInNjYWxlIjoxLCJyZWFsbSI6InBvZTIifV0/2f27d465e1/BootsInt05.png	Metadata/Items/Armours/Boots/FourBootsInt5Verisium
item	Runeforged Feathered Targe	Руннокованый украшенный перьями тарджет	WzI1LDE0LHsiZiI6IjJESXRlbXMvT2ZmaGFuZC9TaGllbGRzL1NoaWVsZDA2IiwidyI6MiwiaCI6Mywic2NhbGUiOjEsInJlYWxtIjoicG9lMiJ9XQ/67bd0824e2/Shield06.png	Metadata/Items/Armours/Shields/FourShieldStrDex6Verisium
item	Runeforged Feathered Tiara	Руннокованая тиара с перьями	WzI1LDE0LHsiZiI6IjJESXRlbXMvQXJtb3Vycy9IZWxtZXRzL0Jhc2V0eXBlcy9IZWxtZXRJbnQwNSIsInciOjIsImgiOjIsInNjYWxlIjoxLCJyZWFsbSI6InBvZTIifV0/e18c6eb9b7/HelmetInt05.png	Metadata/Items/Armours/Helmets/FourHelmetInt5Verisium
item	Runeforged Felled Greatclub	Руннокованая дубина из пня		Metadata/Items/Weapons/TwoHandWeapons/TwoHandMaces/FourTwoHandMaceVerisium1a
item	Runeforged Felt Cap	Руннокованая войлочная шляпа	WzI1LDE0LHsiZiI6IjJESXRlbXMvQXJtb3Vycy9IZWxtZXRzL0Jhc2V0eXBlcy9IZWxtZXREZXgwMiIsInciOjIsImgiOjIsInNjYWxlIjoxLCJyZWFsbSI6InBvZTIifV0/9d0b607edc/HelmetDex02.png	Metadata/Items/Armours/Helmets/FourHelmetDex2Verisium
item	Runeforged Fierce Greathelm	Руннокованый свирепый большой шлем	WzI1LDE0LHsiZiI6IjJESXRlbXMvQXJtb3Vycy9IZWxtZXRzL0Jhc2V0eXBlcy9IZWxtZXRTdHIwOCIsInciOjIsImgiOjIsInNjYWxlIjoxLCJyZWFsbSI6InBvZTIifV0/c37c9ac420/HelmetStr08.png	Metadata/Items/Armours/Helmets/FourHelmetStr8Verisium
item	Runeforged Fine Bracers	Руннокованые искусные наручи	WzI1LDE0LHsiZiI6IjJESXRlbXMvQXJtb3Vycy9HbG92ZXMvQmFzZXR5cGVzL0dsb3Zlc0RleDA2IiwidyI6MiwiaCI6Miwic2NhbGUiOjEsInJlYWxtIjoicG9lMiJ9XQ/f400b5dc10/GlovesDex06.png	Metadata/Items/Armours/Gloves/FourGlovesDex6Verisium
item	Runeforged Firm Bracers	Руннокованые плотные наручи	WzI1LDE0LHsiZiI6IjJESXRlbXMvQXJtb3Vycy9HbG92ZXMvQmFzZXR5cGVzL0dsb3Zlc0RleDAyIiwidyI6MiwiaCI6Miwic2NhbGUiOjEsInJlYWxtIjoicG9lMiJ9XQ/7a62d10b16/GlovesDex02.png	Metadata/Items/Armours/Gloves/FourGlovesDex2Verisium
item	Runeforged Flared Boots	Руннокованые ботфорты	WzI1LDE0LHsiZiI6IjJESXRlbXMvQXJtb3Vycy9Cb290cy9CYXNldHlwZXMvQm9vdHNEZXgwNiIsInciOjIsImgiOjIsInNjYWxlIjoxLCJyZWFsbSI6InBvZTIifV0/8da0bb2ea6/BootsDex06.png	Metadata/Items/Armours/Boots/FourBootsDex6Verisium
item	Runeforged Flax Sandals	Руннокованые льняные сандалии	WzI1LDE0LHsiZiI6IjJESXRlbXMvQXJtb3Vycy9Cb290cy9CYXNldHlwZXMvQm9vdHNJbnQwNiIsInciOjIsImgiOjIsInNjYWxlIjoxLCJyZWFsbSI6InBvZTIifV0/0fe23f857a/BootsInt06.png	Metadata/Items/Armours/Boots/FourBootsInt6Verisium
item	Runeforged Flowing Raiment	Руннокованое струящееся одеяние	WzI1LDE0LHsiZiI6IjJESXRlbXMvQXJtb3Vycy9Cb2R5QXJtb3Vycy9CYXNldHlwZXMvQm9keUludDA2IiwidyI6MiwiaCI6Mywic2NhbGUiOjEsInJlYWxtIjoicG9lMiJ9XQ/f868a6a214/BodyInt06.png	Metadata/Items/Armours/BodyArmours/FourBodyInt6EndgameVerisium;stat_2392260628=0
item	Runeforged Forge Maul	Руннокованый кузнечный молот		Metadata/Items/Weapons/TwoHandWeapons/TwoHandMaces/FourTwoHandMaceVerisium3;stat_1503146834
item	Runeforged Forked Spear	Руннокованое раздвоенное копьё		Metadata/Items/Weapons/OneHandWeapons/OneHandSpears/FourSpearVerisium6;?
item	Runeforged Fortress Sabatons	Руннокованые сабатоны оплота	WzI1LDE0LHsiZiI6IjJESXRlbXMvQXJtb3Vycy9Cb290cy9CYXNldHlwZXMvQm9vdHNTdHJEZXgwMyIsInciOjIsImgiOjIsInNjYWxlIjoxLCJyZWFsbSI6InBvZTIifV0/b0dd26050c/BootsStrDex03.png	Metadata/Items/Armours/Boots/FourBootsStrDex3EndgameVerisium
item	Runeforged Fortress Tower Shield	Руннокованый крепостной ростовой щит	WzI1LDE0LHsiZiI6IjJESXRlbXMvT2ZmaGFuZC9TaGllbGRzL1Rvd2VyMDYiLCJ3IjoyLCJoIjo0LCJzY2FsZSI6MSwicmVhbG0iOiJwb2UyIn1d/fae45edbc4/Tower06.png	Metadata/Items/Armours/Shields/FourShieldStr6EndgameVerisium
item	Runeforged Frayed Shoes	Руннокованые потёртые ботинки	WzI1LDE0LHsiZiI6IjJESXRlbXMvQXJtb3Vycy9Cb290cy9CYXNldHlwZXMvQm9vdHNEZXhJbnQwMSIsInciOjIsImgiOjIsInNjYWxlIjoxLCJyZWFsbSI6InBvZTIifV0/28c930b721/BootsDexInt01.png	Metadata/Items/Armours/Boots/FourBootsDexInt1Verisium
item	Runeforged Freebooter Cap	Руннокованая шляпа флибустьера	WzI1LDE0LHsiZiI6IjJESXRlbXMvQXJtb3Vycy9IZWxtZXRzL0Jhc2V0eXBlcy9IZWxtZXREZXgwNyIsInciOjIsImgiOjIsInNjYWxlIjoxLCJyZWFsbSI6InBvZTIifV0/74f4fa374e/HelmetDex07.png	Metadata/Items/Armours/Helmets/FourHelmetDex7EndgameVerisium
item	Runeforged Full Plate	Руннокованые полные латы	WzI1LDE0LHsiZiI6IjJESXRlbXMvQXJtb3Vycy9Cb2R5QXJtb3Vycy9CYXNldHlwZXMvQm9keVN0cjA3IiwidyI6MiwiaCI6Mywic2NhbGUiOjEsInJlYWxtIjoicG9lMiJ9XQ/4e67af290e/BodyStr07.png	Metadata/Items/Armours/BodyArmours/FourBodyStr7Verisium
item	Runeforged Fur Plate	Руннокованый меховой доспех	WzI1LDE0LHsiZiI6IjJESXRlbXMvQXJtb3Vycy9Cb2R5QXJtb3Vycy9CYXNldHlwZXMvQm9keVN0cjAyIiwidyI6MiwiaCI6Mywic2NhbGUiOjEsInJlYWxtIjoicG9lMiJ9XQ/7996e5d86a/BodyStr02.png	Metadata/Items/Armours/BodyArmours/FourBodyStr2Verisium Metadata/Items/Armours/BodyArmours/FourBodyStr2VerisiumUnique1
item	Runeforged Garment	Руннокованое одеяние		Metadata/Items/Armours/BodyArmours/FourBodyStrDexIntBaseVerisium
item	Runeforged Gauze Wraps	Руннокованые обмотки из муслина	WzI1LDE0LHsiZiI6IjJESXRlbXMvQXJtb3Vycy9HbG92ZXMvQmFzZXR5cGVzL0dsb3Zlc0RleEludDAxIiwidyI6MiwiaCI6Miwic2NhbGUiOjEsInJlYWxtIjoicG9lMiJ9XQ/5595d33f3d/GlovesDexInt01.png	Metadata/Items/Armours/Gloves/FourGlovesDexInt1Verisium
item	Runeforged Gladiatorial Helm	Руннокованый шлем гладиатора	WzI1LDE0LHsiZiI6IjJESXRlbXMvQXJtb3Vycy9IZWxtZXRzL0Jhc2V0eXBlcy9IZWxtZXRTdHJEZXgwNSIsInciOjIsImgiOjIsInNjYWxlIjoxLCJyZWFsbSI6InBvZTIifV0/643d282132/HelmetStrDex05.png	Metadata/Items/Armours/Helmets/FourHelmetStrDex5CruelVerisium Metadata/Items/Armours/Helmets/FourHelmetStrDex6EndgameVerisium
item	Runeforged Gleaming Cuffs	Руннокованые сверкающие манжеты	WzI1LDE0LHsiZiI6IjJESXRlbXMvQXJtb3Vycy9HbG92ZXMvQmFzZXR5cGVzL0dsb3Zlc0ludFN0cjAzIiwidyI6MiwiaCI6Miwic2NhbGUiOjEsInJlYWxtIjoicG9lMiJ9XQ/0e34625351/GlovesIntStr03.png	Metadata/Items/Armours/Gloves/FourGlovesStrInt3EndgameVerisium
item	Runeforged Glowering Crest Shield	Руннокованый угрожающий гербовый щит	WzI1LDE0LHsiZiI6IjJESXRlbXMvT2ZmaGFuZC9TaGllbGRzL0NyZXN0MDYiLCJ3IjoyLCJoIjozLCJzY2FsZSI6MSwicmVhbG0iOiJwb2UyIn1d/6ba061f56a/Crest06.png	Metadata/Items/Armours/Shields/FourShieldStrInt6CruelVerisium
item	Runeforged Gold Circlet	Руннокованый венец из золота	WzI1LDE0LHsiZiI6IjJESXRlbXMvQXJtb3Vycy9IZWxtZXRzL0Jhc2V0eXBlcy9IZWxtZXRJbnQwNiIsInciOjIsImgiOjIsInNjYWxlIjoxLCJyZWFsbSI6InBvZTIifV0/0821cebc37/HelmetInt06.png	Metadata/Items/Armours/Helmets/FourHelmetInt6Verisium
item	Runeforged Gold Gloves	Руннокованые золотые перчатки	WzI1LDE0LHsiZiI6IjJESXRlbXMvQXJtb3Vycy9HbG92ZXMvQmFzZXR5cGVzL0dsb3Zlc0ludDA1IiwidyI6MiwiaCI6Miwic2NhbGUiOjEsInJlYWxtIjoicG9lMiJ9XQ/b273510d40/GlovesInt05.png	Metadata/Items/Armours/Gloves/FourGlovesInt5CruelVerisium
item	Runeforged Goldcast Cuffs	Руннокованые золотые манжеты	WzI1LDE0LHsiZiI6IjJESXRlbXMvQXJtb3Vycy9HbG92ZXMvQmFzZXR5cGVzL0dsb3Zlc0ludFN0cjAzIiwidyI6MiwiaCI6Miwic2NhbGUiOjEsInJlYWxtIjoicG9lMiJ9XQ/0e34625351/GlovesIntStr03.png	Metadata/Items/Armours/Gloves/FourGlovesStrInt3Verisium
item	Runeforged Golden Mail	Руннокованый золочёный доспех	WzI1LDE0LHsiZiI6IjJESXRlbXMvQXJtb3Vycy9Cb2R5QXJtb3Vycy9CYXNldHlwZXMvQm9keVN0ckRleDA2IiwidyI6MiwiaCI6Mywic2NhbGUiOjEsInJlYWxtIjoicG9lMiJ9XQ/4b99433643/BodyStrDex06.png	Metadata/Items/Armours/BodyArmours/FourBodyStrDex6CruelVerisium
item	Runeforged Golden Targe	Руннокованый золотой тарджет		Metadata/Items/Armours/Shields/FourShieldStrDex10EndgameVerisium
item	Runeforged Goldworked Tower Shield	Руннокованый покрытый золотом ростовой щит	WzI1LDE0LHsiZiI6IjJESXRlbXMvT2ZmaGFuZC9TaGllbGRzL1Rvd2VyMDgiLCJ3IjoyLCJoIjo0LCJzY2FsZSI6MSwicmVhbG0iOiJwb2UyIn1d/3049a79ef7/Tower08.png	Metadata/Items/Armours/Shields/FourShieldStr8CruelVerisium
item	Runeforged Gothic Quarterstaff	Руннокованый готический боевой посох		Metadata/Items/Weapons/TwoHandWeapons/Staves/FourQuarterstaffVerisium3a;?
item	Runeforged Grand Bracers	Руннокованые великолепные наручи	WzI1LDE0LHsiZiI6IjJESXRlbXMvQXJtb3Vycy9HbG92ZXMvQmFzZXR5cGVzL0dsb3Zlc0RleDA0IiwidyI6MiwiaCI6Miwic2NhbGUiOjEsInJlYWxtIjoicG9lMiJ9XQ/d8dac34445/GlovesDex04.png	Metadata/Items/Armours/Gloves/FourGlovesDex4EndgameVerisium
item	Runeforged Grasping Mail	Руннокованая цепкая кольчуга		Metadata/Items/Armours/BodyArmours/FourBodyStrDexInt3Verisium1;stat_129891052;stat_254952842 Metadata/Items/Armours/BodyArmours/FourBodyStrDexInt3Verisium2;stat_129891052;stat_254952842 Metadata/Items/Armours/BodyArmours/FourBodyStrDexInt3Verisium3;stat_129891052;stat_254952842 Metadata/Items/Armours/BodyArmours/FourBodyStrDexInt3Verisium4;stat_129891052;stat_254952842
item	Runeforged Grim Gloves	Руннокованые мрачные перчатки	WzI1LDE0LHsiZiI6IjJESXRlbXMvQXJtb3Vycy9HbG92ZXMvQmFzZXR5cGVzL0dsb3Zlc0ludDAyIiwidyI6MiwiaCI6Miwic2NhbGUiOjEsInJlYWxtIjoicG9lMiJ9XQ/5da448ad79/GlovesInt02.png	Metadata/Items/Armours/Gloves/FourGlovesInt2EndgameVerisium
item	Runeforged Grinning Mask	Руннокованая ухмыляющаяся маска	WzI1LDE0LHsiZiI6IjJESXRlbXMvQXJtb3Vycy9IZWxtZXRzL0Jhc2V0eXBlcy9IZWxtZXREZXhJbnQwNiIsInciOjIsImgiOjIsInNjYWxlIjoxLCJyZWFsbSI6InBvZTIifV0/16d84d1940/HelmetDexInt06.png	Metadata/Items/Armours/Helmets/FourHelmetDexInt6EndgameVerisium
item	Runeforged Guarded Helm	Руннокованый шлем с забралом	WzI1LDE0LHsiZiI6IjJESXRlbXMvQXJtb3Vycy9IZWxtZXRzL0Jhc2V0eXBlcy9IZWxtZXRTdHJEZXgwMiIsInciOjIsImgiOjIsInNjYWxlIjoxLCJyZWFsbSI6InBvZTIifV0/76592dc5c5/HelmetStrDex02.png	Metadata/Items/Armours/Helmets/FourHelmetStrDex2Verisium
item	Runeforged Gutspike Buckler	Руннокованый баклер с заострённым шипом	WzI1LDE0LHsiZiI6IjJESXRlbXMvT2ZmaGFuZC9TaGllbGRzL0J1Y2tsZXIwNiIsInciOjIsImgiOjIsInNjYWxlIjoxLCJyZWFsbSI6InBvZTIifV0/b523f2b5bb/Buckler06.png	Metadata/Items/Armours/Shields/FourShieldDex6EndgameVerisium
item	Runeforged Hallowed Crown	Руннокованая корона посвящённого	WzI1LDE0LHsiZiI6IjJESXRlbXMvQXJtb3Vycy9IZWxtZXRzL0Jhc2V0eXBlcy9IZWxtZXRJbnRTdHIwNCIsInciOjIsImgiOjIsInNjYWxlIjoxLCJyZWFsbSI6InBvZTIifV0/2cf2a643af/HelmetIntStr04.png	Metadata/Items/Armours/Helmets/FourHelmetStrInt4CruelVerisium
item	Runeforged Hallowed Focus	Руннокованый освящённый фокус	WzI1LDE0LHsiZiI6IjJESXRlbXMvT2ZmaGFuZC9Gb2NpL0Jhc2V0eXBlcy9Gb2N1czA4IiwidyI6MiwiaCI6Mywic2NhbGUiOjEsInJlYWxtIjoicG9lMiJ9XQ/64fc1e2b9f/Focus08.png	Metadata/Items/Armours/Focii/FourFocus8CruelVerisium
item	Runeforged Hardwood Spear	Руннокованое копьё из твёрдой древесины		Metadata/Items/Weapons/OneHandWeapons/OneHandSpears/FourSpearVerisium1;?
item	Runeforged Hardwood Targe	Руннокованый тарджет из твёрдой древесины	WzI1LDE0LHsiZiI6IjJESXRlbXMvT2ZmaGFuZC9TaGllbGRzL1NoaWVsZDAxIiwidyI6MiwiaCI6Mywic2NhbGUiOjEsInJlYWxtIjoicG9lMiJ9XQ/aee8591b21/Shield01.png	Metadata/Items/Armours/Shields/FourShieldStrDex1Verisium
item	Runeforged Hatungo Garb	Руннокованое одеяние хатанго	WzI1LDE0LHsiZiI6IjJESXRlbXMvQXJtb3Vycy9Cb2R5QXJtb3Vycy9CYXNldHlwZXMvQm9keURleEludDA1IiwidyI6MiwiaCI6Mywic2NhbGUiOjEsInJlYWxtIjoicG9lMiJ9XQ/9875eb2d08/BodyDexInt05.png	Metadata/Items/Armours/BodyArmours/FourBodyDexInt5CruelVerisium
item	Runeforged Hawker's Jacket	Руннокованая накидка ястребятника	WzI1LDE0LHsiZiI6IjJESXRlbXMvQXJtb3Vycy9Cb2R5QXJtb3Vycy9CYXNldHlwZXMvQm9keURleEludDA2IiwidyI6MiwiaCI6Mywic2NhbGUiOjEsInJlYWxtIjoicG9lMiJ9XQ/512e4bd095/BodyDexInt06.png	Metadata/Items/Armours/BodyArmours/FourBodyDexInt6CruelVerisium
item	Runeforged Heartcarver Mantle	Руннокованая мантия вырезателя сердец	WzI1LDE0LHsiZiI6IjJESXRlbXMvQXJtb3Vycy9Cb2R5QXJtb3Vycy9CYXNldHlwZXMvQm9keUludFN0cjA2IiwidyI6MiwiaCI6Mywic2NhbGUiOjEsInJlYWxtIjoicG9lMiJ9XQ/2188f05fcc/BodyIntStr06.png	Metadata/Items/Armours/BodyArmours/FourBodyStrInt6CruelVerisium
item	Runeforged Heavy Crown	Руннокованая тяжёлая корона	WzI1LDE0LHsiZiI6IjJESXRlbXMvQXJtb3Vycy9IZWxtZXRzL0Jhc2V0eXBlcy9IZWxtZXRJbnRTdHIwNSIsInciOjIsImgiOjIsInNjYWxlIjoxLCJyZWFsbSI6InBvZTIifV0/2ded003789/HelmetIntStr05.png	Metadata/Items/Armours/Helmets/FourHelmetStrInt5Verisium
item	Runeforged Heavy Plate	Руннокованые тяжёлые латы	WzI1LDE0LHsiZiI6IjJESXRlbXMvQXJtb3Vycy9Cb2R5QXJtb3Vycy9CYXNldHlwZXMvQm9keVN0cjA3IiwidyI6MiwiaCI6Mywic2NhbGUiOjEsInJlYWxtIjoicG9lMiJ9XQ/4e67af290e/BodyStr07.png	Metadata/Items/Armours/BodyArmours/FourBodyStr7CruelVerisium
item	Runeforged Heraldric Tower Shield	Руннокованый геральдический ростовой щит	WzI1LDE0LHsiZiI6IjJESXRlbXMvT2ZmaGFuZC9TaGllbGRzL1Rvd2VyMDciLCJ3IjoyLCJoIjo0LCJzY2FsZSI6MSwicmVhbG0iOiJwb2UyIn1d/bbca7483fc/Tower07.png	Metadata/Items/Armours/Shields/FourShieldStr7Verisium
item	Runeforged Hermit Garb	Руннокованый наряд отшельника	WzI1LDE0LHsiZiI6IjJESXRlbXMvQXJtb3Vycy9Cb2R5QXJtb3Vycy9CYXNldHlwZXMvQm9keURleEludDAxIiwidyI6MiwiaCI6Mywic2NhbGUiOjEsInJlYWxtIjoicG9lMiJ9XQ/4fbd4624e7/BodyDexInt01.png	Metadata/Items/Armours/BodyArmours/FourBodyDexInt1Verisium
item	Runeforged Hewn Mask	Руннокованая обтёсанная маска	WzI1LDE0LHsiZiI6IjJESXRlbXMvQXJtb3Vycy9IZWxtZXRzL0Jhc2V0eXBlcy9IZWxtZXREZXhJbnQwMSIsInciOjIsImgiOjIsInNjYWxlIjoxLCJyZWFsbSI6InBvZTIifV0/3990268355/HelmetDexInt01.png	Metadata/Items/Armours/Helmets/FourHelmetDexInt1Verisium
item	Runeforged Hexer's Robe	Руннокованое ведьмино облачение	WzI1LDE0LHsiZiI6IjJESXRlbXMvQXJtb3Vycy9Cb2R5QXJtb3Vycy9CYXNldHlwZXMvQm9keUludDAzIiwidyI6MiwiaCI6Mywic2NhbGUiOjEsInJlYWxtIjoicG9lMiJ9XQ/72f888e8c2/BodyInt03.png	Metadata/Items/Armours/BodyArmours/FourBodyInt3Verisium
item	Runeforged Hooded Mask	Руннокованая маска с капюшоном	WzI1LDE0LHsiZiI6IjJESXRlbXMvQXJtb3Vycy9IZWxtZXRzL0Jhc2V0eXBlcy9IZWxtZXREZXhJbnQwMyIsInciOjIsImgiOjIsInNjYWxlIjoxLCJyZWFsbSI6InBvZTIifV0/0d5504ae23/HelmetDexInt03.png	Metadata/Items/Armours/Helmets/FourHelmetDexInt3Verisium
item	Runeforged Horned Crown	Руннокованая корона с рогами	WzI1LDE0LHsiZiI6IjJESXRlbXMvQXJtb3Vycy9IZWxtZXRzL0Jhc2V0eXBlcy9IZWxtZXRJbnRTdHIwMiIsInciOjIsImgiOjIsInNjYWxlIjoxLCJyZWFsbSI6InBvZTIifV0/b5cbbe6ce4/HelmetIntStr02.png	Metadata/Items/Armours/Helmets/FourHelmetStrInt2Verisium
item	Runeforged Hunter Hood	Руннокованый капюшон охотника	WzI1LDE0LHsiZiI6IjJESXRlbXMvQXJtb3Vycy9IZWxtZXRzL0Jhc2V0eXBlcy9IZWxtZXREZXgwNSIsInciOjIsImgiOjIsInNjYWxlIjoxLCJyZWFsbSI6InBvZTIifV0/367615d8a8/HelmetDex05.png	Metadata/Items/Armours/Helmets/FourHelmetDex5Verisium
item	Runeforged Hunting Shoes	Руннокованые охотничьи ботинки	WzI1LDE0LHsiZiI6IjJESXRlbXMvQXJtb3Vycy9Cb290cy9CYXNldHlwZXMvQm9vdHNEZXhJbnQwMyIsInciOjIsImgiOjIsInNjYWxlIjoxLCJyZWFsbSI6InBvZTIifV0/f36ea8ace2/BootsDexInt03.png	Metadata/Items/Armours/Boots/FourBootsDexInt3Verisium
item	Runeforged Hunting Spear	Руннокованое охотничье копьё		Metadata/Items/Weapons/OneHandWeapons/OneHandSpears/FourSpearVerisium3;?;stat_2763429652=0
item	Runeforged Imperial Greathelm	Руннокованый имперский большой шлем	WzI1LDE0LHsiZiI6IjJESXRlbXMvQXJtb3Vycy9IZWxtZXRzL0Jhc2V0eXBlcy9IZWxtZXRTdHIwNyIsInciOjIsImgiOjIsInNjYWxlIjoxLCJyZWFsbSI6InBvZTIifV0/a455b9fc43/HelmetStr07.png	Metadata/Items/Armours/Helmets/FourHelmetStr7EndgameVerisium
item	Runeforged Inquisitor Crown	Руннокованая корона инквизитора	WzI1LDE0LHsiZiI6IjJESXRlbXMvQXJtb3Vycy9IZWxtZXRzL0Jhc2V0eXBlcy9IZWxtZXRJbnRTdHIwNSIsInciOjIsImgiOjIsInNjYWxlIjoxLCJyZWFsbSI6InBvZTIifV0/2ded003789/HelmetIntStr05.png	Metadata/Items/Armours/Helmets/FourHelmetStrInt5CruelVerisium
item	Runeforged Intricate Crest Shield	Руннокованый затейливый гербовый щит	WzI1LDE0LHsiZiI6IjJESXRlbXMvT2ZmaGFuZC9TaGllbGRzL0NyZXN0MDIiLCJ3IjoyLCJoIjozLCJzY2FsZSI6MSwicmVhbG0iOiJwb2UyIn1d/590ed48c93/Crest02.png	Metadata/Items/Armours/Shields/FourShieldStrInt2EndgameVerisium
item	Runeforged Intricate Gloves	Руннокованые затейливые перчатки	WzI1LDE0LHsiZiI6IjJESXRlbXMvQXJtb3Vycy9HbG92ZXMvQmFzZXR5cGVzL0dsb3Zlc0ludDA1IiwidyI6MiwiaCI6Miwic2NhbGUiOjEsInJlYWxtIjoicG9lMiJ9XQ/b273510d40/GlovesInt05.png	Metadata/Items/Armours/Gloves/FourGlovesInt5Verisium
item	Runeforged Iron Buckler	Руннокованый железный баклер	WzI1LDE0LHsiZiI6IjJESXRlbXMvT2ZmaGFuZC9TaGllbGRzL0J1Y2tsZXIwNCIsInciOjIsImgiOjIsInNjYWxlIjoxLCJyZWFsbSI6InBvZTIifV0/66df4fdfc1/Buckler04.png	Metadata/Items/Armours/Shields/FourShieldDex4Verisium
item	Runeforged Iron Crown	Руннокованая железная корона	WzI1LDE0LHsiZiI6IjJESXRlbXMvQXJtb3Vycy9IZWxtZXRzL0Jhc2V0eXBlcy9IZWxtZXRJbnRTdHIwMSIsInciOjIsImgiOjIsInNjYWxlIjoxLCJyZWFsbSI6InBvZTIifV0/039c748dc9/HelmetIntStr01.png	Metadata/Items/Armours/Helmets/FourHelmetStrInt1Verisium
item	Runeforged Iron Cuirass	Руннокованая железная кираса	WzI1LDE0LHsiZiI6IjJESXRlbXMvQXJtb3Vycy9Cb2R5QXJtb3Vycy9CYXNldHlwZXMvQm9keVN0cjAzIiwidyI6MiwiaCI6Mywic2NhbGUiOjEsInJlYWxtIjoicG9lMiJ9XQ/d5346c8ff4/BodyStr03.png	Metadata/Items/Armours/BodyArmours/FourBodyStr3Verisium
item	Runeforged Iron Greaves	Руннокованые железные поножи	WzI1LDE0LHsiZiI6IjJESXRlbXMvQXJtb3Vycy9Cb290cy9CYXNldHlwZXMvQm9vdHNTdHIwMiIsInciOjIsImgiOjIsInNjYWxlIjoxLCJyZWFsbSI6InBvZTIifV0/70eea32d34/BootsStr02.png	Metadata/Items/Armours/Boots/FourBootsStr2Verisium
item	Runeforged Ironclad Vestments	Руннокованое ратное облачение	WzI1LDE0LHsiZiI6IjJESXRlbXMvQXJtb3Vycy9Cb2R5QXJtb3Vycy9CYXNldHlwZXMvQm9keUludFN0cjA1IiwidyI6MiwiaCI6Mywic2NhbGUiOjEsInJlYWxtIjoicG9lMiJ9XQ/81cbdffc78/BodyIntStr05.png	Metadata/Items/Armours/BodyArmours/FourBodyStrInt5Verisium
item	Runeforged Ironhead Spear	Руннокованое копьё с железным наконечником		Metadata/Items/Weapons/OneHandWeapons/OneHandSpears/FourSpearVerisium2a;?
item	Runeforged Itinerant Jacket	Руннокованый плащ странника	WzI1LDE0LHsiZiI6IjJESXRlbXMvQXJtb3Vycy9Cb2R5QXJtb3Vycy9CYXNldHlwZXMvQm9keURleEludDA0IiwidyI6MiwiaCI6Mywic2NhbGUiOjEsInJlYWxtIjoicG9lMiJ9XQ/dba7d26275/BodyDexInt04.png	Metadata/Items/Armours/BodyArmours/FourBodyDexInt4CruelVerisium
item	Runeforged Jade Tiara	Руннокованая нефритовая тиара	WzI1LDE0LHsiZiI6IjJESXRlbXMvQXJtb3Vycy9IZWxtZXRzL0Jhc2V0eXBlcy9IZWxtZXRJbnQwOCIsInciOjIsImgiOjIsInNjYWxlIjoxLCJyZWFsbSI6InBvZTIifV0/6e0502ce1f/HelmetInt08.png	Metadata/Items/Armours/Helmets/FourHelmetInt8Verisium
item	Runeforged Jewelled Gloves	Руннокованые инкрустированные перчатки	WzI1LDE0LHsiZiI6IjJESXRlbXMvQXJtb3Vycy9HbG92ZXMvQmFzZXR5cGVzL0dsb3Zlc0ludDA0IiwidyI6MiwiaCI6Miwic2NhbGUiOjEsInJlYWxtIjoicG9lMiJ9XQ/8882887a8e/GlovesInt04.png	Metadata/Items/Armours/Gloves/FourGlovesInt4Verisium
item	Runeforged Jingling Buckler	Руннокованый звенящий баклер	WzI1LDE0LHsiZiI6IjJESXRlbXMvT2ZmaGFuZC9TaGllbGRzL0J1Y2tsZXIwNyIsInciOjIsImgiOjIsInNjYWxlIjoxLCJyZWFsbSI6InBvZTIifV0/3e57ac46e5/Buckler07.png	Metadata/Items/Armours/Shields/FourShieldDex7CruelVerisium
item	Runeforged Jingling Crest Shield	Руннокованый звенящий гербовый щит	WzI1LDE0LHsiZiI6IjJESXRlbXMvT2ZmaGFuZC9TaGllbGRzL0NyZXN0MDQiLCJ3IjoyLCJoIjozLCJzY2FsZSI6MSwicmVhbG0iOiJwb2UyIn1d/d54e9d2de5/Crest04.png	Metadata/Items/Armours/Shields/FourShieldStrInt4Verisium
item	Runeforged Juggernaut Plate	Руннокованый доспех покорителя	WzI1LDE0LHsiZiI6IjJESXRlbXMvQXJtb3Vycy9Cb2R5QXJtb3Vycy9CYXNldHlwZXMvQm9keVN0cjA5IiwidyI6MiwiaCI6Mywic2NhbGUiOjEsInJlYWxtIjoicG9lMiJ9XQ/af59f92018/BodyStr09.png	Metadata/Items/Armours/BodyArmours/FourBodyStr9Verisium
item	Runeforged Jungle Tiara	Руннокованая тиара джунглей	WzI1LDE0LHsiZiI6IjJESXRlbXMvQXJtb3Vycy9IZWxtZXRzL0Jhc2V0eXBlcy9IZWxtZXRJbnQwNSIsInciOjIsImgiOjIsInNjYWxlIjoxLCJyZWFsbSI6InBvZTIifV0/e18c6eb9b7/HelmetInt05.png	Metadata/Items/Armours/Helmets/FourHelmetInt5CruelVerisium
item	Runeforged Kalguuran Cuffs	Руннокованые калгууранские манжеты	WzI1LDE0LHsiZiI6IjJESXRlbXMvQXJtb3Vycy9HbG92ZXMvQmFzZXR5cGVzL0dsb3Zlc0ludFN0cjA0IiwidyI6MiwiaCI6Miwic2NhbGUiOjEsInJlYWxtIjoicG9lMiJ9XQ/5749813f61/GlovesIntStr04.png	Metadata/Items/Armours/Gloves/FourGlovesStrInt4Verisium
item	Runeforged Kalguuran Forgehammer	Руннокованый калгууранский кузнечный молот		Metadata/Items/Weapons/OneHandWeapons/OneHandMaces/FourOneHandMace14Verisium1;stat_4077843608=0 Metadata/Items/Weapons/OneHandWeapons/OneHandMaces/FourOneHandMace14Verisium2;stat_4077843608=0 Metadata/Items/Weapons/OneHandWeapons/OneHandMaces/FourOneHandMace14Verisium3;stat_4077843608=0 Metadata/Items/Weapons/OneHandWeapons/OneHandMaces/FourOneHandMace14Verisium4;stat_4077843608=0;stat_3336230913|stat_774059442=0
item	Runeforged Kamasan Tiara	Руннокованая тиара Камасы	WzI1LDE0LHsiZiI6IjJESXRlbXMvQXJtb3Vycy9IZWxtZXRzL0Jhc2V0eXBlcy9IZWxtZXRJbnQwNSIsInciOjIsImgiOjIsInNjYWxlIjoxLCJyZWFsbSI6InBvZTIifV0/e18c6eb9b7/HelmetInt05.png	Metadata/Items/Armours/Helmets/FourHelmetInt5EndgameVerisium
item	Runeforged Keth Raiment	Руннокованое кетское одеяние	WzI1LDE0LHsiZiI6IjJESXRlbXMvQXJtb3Vycy9Cb2R5QXJtb3Vycy9CYXNldHlwZXMvQm9keUludDA2IiwidyI6MiwiaCI6Mywic2NhbGUiOjEsInJlYWxtIjoicG9lMiJ9XQ/f868a6a214/BodyInt06.png	Metadata/Items/Armours/BodyArmours/FourBodyInt6Verisium
item	Runeforged Knight Armour	Руннокованый рыцарский доспех	WzI1LDE0LHsiZiI6IjJESXRlbXMvQXJtb3Vycy9Cb2R5QXJtb3Vycy9CYXNldHlwZXMvQm9keVN0ckRleDA3IiwidyI6MiwiaCI6Mywic2NhbGUiOjEsInJlYWxtIjoicG9lMiJ9XQ/99a7ac0925/BodyStrDex07.png	Metadata/Items/Armours/BodyArmours/FourBodyStrDex7Verisium
item	Runeforged Knightly Mitts	Руннокованые рыцарские рукавицы	WzI1LDE0LHsiZiI6IjJESXRlbXMvQXJtb3Vycy9HbG92ZXMvQmFzZXR5cGVzL0dsb3Zlc1N0cjAyIiwidyI6MiwiaCI6Miwic2NhbGUiOjEsInJlYWxtIjoicG9lMiJ9XQ/07026229f5/GlovesStr02.png	Metadata/Items/Armours/Gloves/FourGlovesStr2EndgameVerisium
item	Runeforged Lace Hood	Руннокованый вышитый капюшон	WzI1LDE0LHsiZiI6IjJESXRlbXMvQXJtb3Vycy9IZWxtZXRzL0Jhc2V0eXBlcy9IZWxtZXREZXgwMyIsInciOjIsImgiOjIsInNjYWxlIjoxLCJyZWFsbSI6InBvZTIifV0/5b4c25e7e4/HelmetDex03.png	Metadata/Items/Armours/Helmets/FourHelmetDex3Verisium Metadata/Items/Armours/Helmets/FourHelmetDex3VerisiumUnique1;stat_3791899485=0
item	Runeforged Laced Boots	Руннокованые сапоги с тесьмой	WzI1LDE0LHsiZiI6IjJESXRlbXMvQXJtb3Vycy9Cb290cy9CYXNldHlwZXMvQm9vdHNEZXgwMiIsInciOjIsImgiOjIsInNjYWxlIjoxLCJyZWFsbSI6InBvZTIifV0/b82526a3d4/BootsDex02.png	Metadata/Items/Armours/Boots/FourBootsDex2Verisium
item	Runeforged Laminate Buckler	Руннокованый витой баклер	WzI1LDE0LHsiZiI6IjJESXRlbXMvT2ZmaGFuZC9TaGllbGRzL0J1Y2tsZXIwOSIsInciOjIsImgiOjIsInNjYWxlIjoxLCJyZWFsbSI6InBvZTIifV0/308580559f/Buckler09.png	Metadata/Items/Armours/Shields/FourShieldDex9Verisium
item	Runeforged Lattice Sandals	Руннокованые сетчатые сандалии	WzI1LDE0LHsiZiI6IjJESXRlbXMvQXJtb3Vycy9Cb290cy9CYXNldHlwZXMvQm9vdHNJbnQwMyIsInciOjIsImgiOjIsInNjYWxlIjoxLCJyZWFsbSI6InBvZTIifV0/793e2fcccc/BootsInt03.png	Metadata/Items/Armours/Boots/FourBootsInt3Verisium
item	Runeforged Layered Gauntlets	Руннокованые пластинчатые перчатки	WzI1LDE0LHsiZiI6IjJESXRlbXMvQXJtb3Vycy9HbG92ZXMvQmFzZXR5cGVzL0dsb3Zlc1N0ckRleDAyIiwidyI6MiwiaCI6Miwic2NhbGUiOjEsInJlYWxtIjoicG9lMiJ9XQ/0cb6b02463/GlovesStrDex02.png	Metadata/Items/Armours/Gloves/FourGlovesStrDex2Verisium
item	Runeforged Layered Vest	Руннокованый многослойный нагрудник	WzI1LDE0LHsiZiI6IjJESXRlbXMvQXJtb3Vycy9Cb2R5QXJtb3Vycy9CYXNldHlwZXMvQm9keURleDA2IiwidyI6MiwiaCI6Mywic2NhbGUiOjEsInJlYWxtIjoicG9lMiJ9XQ/dd53d7b8d1/BodyDex06.png	Metadata/Items/Armours/BodyArmours/FourBodyDex6CruelVerisium
item	Runeforged Leaden Greathammer	Руннокованый освинцованный молот		Metadata/Items/Weapons/TwoHandWeapons/TwoHandMaces/FourTwoHandMaceVerisium7
item	Runeforged Leather Buckler	Руннокованый кожаный баклер	WzI1LDE0LHsiZiI6IjJESXRlbXMvT2ZmaGFuZC9TaGllbGRzL0J1Y2tsZXIwMSIsInciOjIsImgiOjIsInNjYWxlIjoxLCJyZWFsbSI6InBvZTIifV0/432e30d8c8/Buckler01.png	Metadata/Items/Armours/Shields/FourShieldDex1Verisium
item	Runeforged Leather Vest	Руннокованый кожаный жилет	WzI1LDE0LHsiZiI6IjJESXRlbXMvQXJtb3Vycy9Cb2R5QXJtb3Vycy9CYXNldHlwZXMvQm9keURleDAxIiwidyI6MiwiaCI6Mywic2NhbGUiOjEsInJlYWxtIjoicG9lMiJ9XQ/958c8c2e72/BodyDex01.png	Metadata/Items/Armours/BodyArmours/FourBodyDex1Verisium
item	Runeforged Leatherbound Hood	Руннокованый кожаный капюшон	WzI1LDE0LHsiZiI6IjJESXRlbXMvQXJtb3Vycy9IZWxtZXRzL0Jhc2V0eXBlcy9IZWxtZXREZXgwOCIsInciOjIsImgiOjIsInNjYWxlIjoxLCJyZWFsbSI6InBvZTIifV0/c6c33408f3/HelmetDex08.png	Metadata/Items/Armours/Helmets/FourHelmetDex8Verisium
item	Runeforged Leyline Focus	Руннокованый фокус лучей	WzI1LDE0LHsiZiI6IjJESXRlbXMvT2ZmaGFuZC9Gb2NpL0Jhc2V0eXBlcy9Gb2N1czA2IiwidyI6MiwiaCI6Mywic2NhbGUiOjEsInJlYWxtIjoicG9lMiJ9XQ/a7c172ac69/Focus06.png	Metadata/Items/Armours/Focii/FourFocus6EndgameVerisium
item	Runeforged Linen Wraps	Руннокованые льняные обмотки	WzI1LDE0LHsiZiI6IjJESXRlbXMvQXJtb3Vycy9HbG92ZXMvQmFzZXR5cGVzL0dsb3Zlc0RleEludDAyIiwidyI6MiwiaCI6Miwic2NhbGUiOjEsInJlYWxtIjoicG9lMiJ9XQ/e226df102d/GlovesDexInt02.png	Metadata/Items/Armours/Gloves/FourGlovesDexInt2Verisium
item	Runeforged Lizardscale Boots	Руннокованые сапоги из кожи ящера	WzI1LDE0LHsiZiI6IjJESXRlbXMvQXJtb3Vycy9Cb290cy9CYXNldHlwZXMvQm9vdHNEZXgwNSIsInciOjIsImgiOjIsInNjYWxlIjoxLCJyZWFsbSI6InBvZTIifV0/316987efab/BootsDex05.png	Metadata/Items/Armours/Boots/FourBootsDex5Verisium
item	Runeforged Lizardscale Coat	Руннокованый доспех из чешуи ящера	WzI1LDE0LHsiZiI6IjJESXRlbXMvQXJtb3Vycy9Cb2R5QXJtb3Vycy9CYXNldHlwZXMvQm9keURleDA4IiwidyI6MiwiaCI6Mywic2NhbGUiOjEsInJlYWxtIjoicG9lMiJ9XQ/a43ac39920/BodyDex08.png	Metadata/Items/Armours/BodyArmours/FourBodyDex8CruelVerisium
item	Runeforged Long Quarterstaff	Руннокованый длинный боевой посох		Metadata/Items/Weapons/TwoHandWeapons/Staves/FourQuarterstaffVerisium2a;stat_548198834=0
item	Runeforged Luxurious Slippers	Руннокованые богатые тапочки	WzI1LDE0LHsiZiI6IjJESXRlbXMvQXJtb3Vycy9Cb290cy9CYXNldHlwZXMvQm9vdHNJbnQwNCIsInciOjIsImgiOjIsInNjYWxlIjoxLCJyZWFsbSI6InBvZTIifV0/e1c49a9d6d/BootsInt04.png	Metadata/Items/Armours/Boots/FourBootsInt4EndgameVerisium
item	Runeforged Mail Sabatons	Руннокованые кольчужные сабатоны	WzI1LDE0LHsiZiI6IjJESXRlbXMvQXJtb3Vycy9Cb290cy9CYXNldHlwZXMvQm9vdHNTdHJEZXgwMSIsInciOjIsImgiOjIsInNjYWxlIjoxLCJyZWFsbSI6InBvZTIifV0/a74f14c79f/BootsStrDex01.png	Metadata/Items/Armours/Boots/FourBootsStrDex1Verisium
item	Runeforged Mail Vestments	Руннокованое кольчатое одеяние	WzI1LDE0LHsiZiI6IjJESXRlbXMvQXJtb3Vycy9Cb2R5QXJtb3Vycy9CYXNldHlwZXMvQm9keUludFN0cjAzIiwidyI6MiwiaCI6Mywic2NhbGUiOjEsInJlYWxtIjoicG9lMiJ9XQ/c961133f58/BodyIntStr03.png	Metadata/Items/Armours/BodyArmours/FourBodyStrInt3Verisium
item	Runeforged Makeshift Crossbow	Руннокованый самодельный самострел		Metadata/Items/Weapons/TwoHandWeapons/Crossbows/FourCrossbowVerisium1;?
item	Runeforged Mammoth Targe	Руннокованый тарджет на меху мамонта	WzI1LDE0LHsiZiI6IjJESXRlbXMvT2ZmaGFuZC9TaGllbGRzL1NoaWVsZDAyIiwidyI6MiwiaCI6Mywic2NhbGUiOjEsInJlYWxtIjoicG9lMiJ9XQ/2a8af321d6/Shield02.png	Metadata/Items/Armours/Shields/FourShieldStrDex2EndgameVerisium
item	Runeforged Mantled Mail	Руннокованый укреплённый доспех с кольцами	WzI1LDE0LHsiZiI6IjJESXRlbXMvQXJtb3Vycy9Cb2R5QXJtb3Vycy9CYXNldHlwZXMvQm9keVN0ckRleDA0IiwidyI6MiwiaCI6Mywic2NhbGUiOjEsInJlYWxtIjoicG9lMiJ9XQ/d8e02875f2/BodyStrDex04.png	Metadata/Items/Armours/BodyArmours/FourBodyStrDex4CruelVerisium
item	Runeforged Marabout Garb	Руннокованый костюм марабута	WzI1LDE0LHsiZiI6IjJESXRlbXMvQXJtb3Vycy9Cb2R5QXJtb3Vycy9CYXNldHlwZXMvQm9keURleEludDAzIiwidyI6MiwiaCI6Mywic2NhbGUiOjEsInJlYWxtIjoicG9lMiJ9XQ/03a2617625/BodyDexInt03.png	Metadata/Items/Armours/BodyArmours/FourBodyDexInt3Verisium
item	Runeforged Maraketh Cuirass	Руннокованая маракетская кираса	WzI1LDE0LHsiZiI6IjJESXRlbXMvQXJtb3Vycy9Cb2R5QXJtb3Vycy9CYXNldHlwZXMvQm9keVN0cjA1IiwidyI6MiwiaCI6Mywic2NhbGUiOjEsInJlYWxtIjoicG9lMiJ9XQ/0897af36a7/BodyStr05.png	Metadata/Items/Armours/BodyArmours/FourBodyStr5Verisium
item	Runeforged Marching Mace	Руннокованая походная булава		Metadata/Items/Weapons/OneHandWeapons/OneHandMaces/FourOneHandMace6CruelVerisiumUnique1
item	Runeforged Martyr Crown	Руннокованая корона мученика	WzI1LDE0LHsiZiI6IjJESXRlbXMvQXJtb3Vycy9IZWxtZXRzL0Jhc2V0eXBlcy9IZWxtZXRJbnRTdHIwNCIsInciOjIsImgiOjIsInNjYWxlIjoxLCJyZWFsbSI6InBvZTIifV0/2cf2a643af/HelmetIntStr04.png	Metadata/Items/Armours/Helmets/FourHelmetStrInt4Verisium
item	Runeforged Masked Greathelm	Руннокованый большой шлем с маской	WzI1LDE0LHsiZiI6IjJESXRlbXMvQXJtb3Vycy9IZWxtZXRzL0Jhc2V0eXBlcy9IZWxtZXRTdHIwNCIsInciOjIsImgiOjIsInNjYWxlIjoxLCJyZWFsbSI6InBvZTIifV0/8b85a26aad/HelmetStr04.png	Metadata/Items/Armours/Helmets/FourHelmetStr4EndgameVerisium
item	Runeforged Massive Mitts	Руннокованые массивные рукавицы	WzI1LDE0LHsiZiI6IjJESXRlbXMvQXJtb3Vycy9HbG92ZXMvQmFzZXR5cGVzL0dsb3Zlc1N0cjA2IiwidyI6MiwiaCI6Miwic2NhbGUiOjEsInJlYWxtIjoicG9lMiJ9XQ/20c9cbb22c/GlovesStr06.png	Metadata/Items/Armours/Gloves/FourGlovesStr6EndgameVerisium
item	Runeforged Morning Star	Руннокованый моргенштерн		Metadata/Items/Weapons/OneHandWeapons/OneHandMaces/FourOneHandMaceVerisium9;?
item	Runeforged Moulded Mitts	Руннокованые литые рукавицы	WzI1LDE0LHsiZiI6IjJESXRlbXMvQXJtb3Vycy9HbG92ZXMvQmFzZXR5cGVzL0dsb3Zlc1N0cjA1IiwidyI6MiwiaCI6Miwic2NhbGUiOjEsInJlYWxtIjoicG9lMiJ9XQ/30e916dc14/GlovesStr05.png	Metadata/Items/Armours/Gloves/FourGlovesStr5Verisium
item	Runeforged Mystic Raiment	Руннокованый наряд мистика	WzI1LDE0LHsiZiI6IjJESXRlbXMvQXJtb3Vycy9Cb2R5QXJtb3Vycy9CYXNldHlwZXMvQm9keUludDEwIiwidyI6MiwiaCI6Mywic2NhbGUiOjEsInJlYWxtIjoicG9lMiJ9XQ/67075adc85/BodyInt10.png	Metadata/Items/Armours/BodyArmours/FourBodyInt10Verisium
item	Runeforged Nettle Talisman	Руннокованый талисман из крапивы		Metadata/Items/Weapons/TwoHandWeapons/Talismans/TalismanVerisium2a
item	Runeforged Noble Greathelm	Руннокованый большой шлем дворянина	WzI1LDE0LHsiZiI6IjJESXRlbXMvQXJtb3Vycy9IZWxtZXRzL0Jhc2V0eXBlcy9IZWxtZXRTdHIwNSIsInciOjIsImgiOjIsInNjYWxlIjoxLCJyZWFsbSI6InBvZTIifV0/39a19d746e/HelmetStr05.png	Metadata/Items/Armours/Helmets/FourHelmetStr5CruelVerisium
item	Runeforged Noble Sabatons	Руннокованые сабатоны дворянина	WzI1LDE0LHsiZiI6IjJESXRlbXMvQXJtb3Vycy9Cb290cy9CYXNldHlwZXMvQm9vdHNTdHJEZXgwMiIsInciOjIsImgiOjIsInNjYWxlIjoxLCJyZWFsbSI6InBvZTIifV0/fea44e00c3/BootsStrDex02.png	Metadata/Items/Armours/Boots/FourBootsStrDex2EndgameVerisium
item	Runeforged Noble Tower Shield	Руннокованый ростовой щит дворянина	WzI1LDE0LHsiZiI6IjJESXRlbXMvT2ZmaGFuZC9TaGllbGRzL1Rvd2VyMDciLCJ3IjoyLCJoIjo0LCJzY2FsZSI6MSwicmVhbG0iOiJwb2UyIn1d/bbca7483fc/Tower07.png	Metadata/Items/Armours/Shields/FourShieldStr7CruelVerisium
item	Runeforged Oak Greathammer	Руннокованая дубовая кувалда		Metadata/Items/Weapons/TwoHandWeapons/TwoHandMaces/FourTwoHandMaceVerisium2a;stat_791928121=0
item	Runeforged Occultist Mantle	Руннокованый наряд оккультиста	WzI1LDE0LHsiZiI6IjJESXRlbXMvQXJtb3Vycy9Cb2R5QXJtb3Vycy9CYXNldHlwZXMvQm9keUludFN0cjA0IiwidyI6MiwiaCI6Mywic2NhbGUiOjEsInJlYWxtIjoicG9lMiJ9XQ/3574a91ac4/BodyIntStr04.png	Metadata/Items/Armours/BodyArmours/FourBodyStrInt4CruelVerisium
item	Runeforged Omen Crest Shield	Руннокованый гербовый щит знамения	WzI1LDE0LHsiZiI6IjJESXRlbXMvT2ZmaGFuZC9TaGllbGRzL0NyZXN0MDYiLCJ3IjoyLCJoIjozLCJzY2FsZSI6MSwicmVhbG0iOiJwb2UyIn1d/6ba061f56a/Crest06.png	Metadata/Items/Armours/Shields/FourShieldStrInt6Verisium
item	Runeforged Opulent Gloves	Руннокованые богатые перчатки	WzI1LDE0LHsiZiI6IjJESXRlbXMvQXJtb3Vycy9HbG92ZXMvQmFzZXR5cGVzL0dsb3Zlc0ludDA0IiwidyI6MiwiaCI6Miwic2NhbGUiOjEsInJlYWxtIjoicG9lMiJ9XQ/8882887a8e/GlovesInt04.png	Metadata/Items/Armours/Gloves/FourGlovesInt4EndgameVerisium
item	Runeforged Ornate Buckler	Руннокованый украшенный баклер	WzI1LDE0LHsiZiI6IjJESXRlbXMvT2ZmaGFuZC9TaGllbGRzL0J1Y2tsZXIwMyIsInciOjIsImgiOjIsInNjYWxlIjoxLCJyZWFsbSI6InBvZTIifV0/42cd057891/Buckler03.png	Metadata/Items/Armours/Shields/FourShieldDex11Verisium Metadata/Items/Armours/Shields/FourShieldDex3EndgameVerisium
item	Runeforged Ornate Cuffs	Руннокованые изысканные манжеты	WzI1LDE0LHsiZiI6IjJESXRlbXMvQXJtb3Vycy9HbG92ZXMvQmFzZXR5cGVzL0dsb3Zlc0ludFN0cjAzIiwidyI6MiwiaCI6Miwic2NhbGUiOjEsInJlYWxtIjoicG9lMiJ9XQ/0e34625351/GlovesIntStr03.png	Metadata/Items/Armours/Gloves/FourGlovesStrInt3CruelVerisium
item	Runeforged Ornate Greaves	Руннокованые украшенные поножи	WzI1LDE0LHsiZiI6IjJESXRlbXMvQXJtb3Vycy9Cb290cy9CYXNldHlwZXMvQm9vdHNTdHIwNCIsInciOjIsImgiOjIsInNjYWxlIjoxLCJyZWFsbSI6InBvZTIifV0/f9e847d2b0/BootsStr04.png	Metadata/Items/Armours/Boots/FourBootsStr4EndgameVerisium
item	Runeforged Ornate Mitts	Руннокованые фактурные рукавицы	WzI1LDE0LHsiZiI6IjJESXRlbXMvQXJtb3Vycy9HbG92ZXMvQmFzZXR5cGVzL0dsb3Zlc1N0cjA0IiwidyI6MiwiaCI6Miwic2NhbGUiOjEsInJlYWxtIjoicG9lMiJ9XQ/041d8df186/GlovesStr04.png	Metadata/Items/Armours/Gloves/FourGlovesStr4EndgameVerisium
item	Runeforged Ornate Plate	Руннокованый украшенный доспех	WzI1LDE0LHsiZiI6IjJESXRlbXMvQXJtb3Vycy9Cb2R5QXJtb3Vycy9CYXNldHlwZXMvQm9keVN0cjA2IiwidyI6MiwiaCI6Mywic2NhbGUiOjEsInJlYWxtIjoicG9lMiJ9XQ/9751abcb6d/BodyStr06.png	Metadata/Items/Armours/BodyArmours/FourBodyStr6EndgameVerisium;stat_836936635=0
item	Runeforged Padded Leggings	Руннокованые ватные сапоги	WzI1LDE0LHsiZiI6IjJESXRlbXMvQXJtb3Vycy9Cb290cy9CYXNldHlwZXMvQm9vdHNJbnRTdHIwMSIsInciOjIsImgiOjIsInNjYWxlIjoxLCJyZWFsbSI6InBvZTIifV0/84fb41f219/BootsIntStr01.png	Metadata/Items/Armours/Boots/FourBootsStrInt1Verisium
item	Runeforged Painted Tower Shield	Руннокованый расписной ростовой щит	WzI1LDE0LHsiZiI6IjJESXRlbXMvT2ZmaGFuZC9TaGllbGRzL1Rvd2VyMDIiLCJ3IjoyLCJoIjo0LCJzY2FsZSI6MSwicmVhbG0iOiJwb2UyIn1d/656c8bbd9a/Tower02.png	Metadata/Items/Armours/Shields/FourShieldStr2Verisium
item	Runeforged Paragon Greathelm	Руннокованый большой шлем эталона	WzI1LDE0LHsiZiI6IjJESXRlbXMvQXJtb3Vycy9IZWxtZXRzL0Jhc2V0eXBlcy9IZWxtZXRTdHIwNSIsInciOjIsImgiOjIsInNjYWxlIjoxLCJyZWFsbSI6InBvZTIifV0/39a19d746e/HelmetStr05.png	Metadata/Items/Armours/Helmets/FourHelmetStr5EndgameVerisium
item	Runeforged Pariah Mask	Руннокованая маска парии	WzI1LDE0LHsiZiI6IjJESXRlbXMvQXJtb3Vycy9IZWxtZXRzL0Jhc2V0eXBlcy9IZWxtZXREZXhJbnQwNCIsInciOjIsImgiOjIsInNjYWxlIjoxLCJyZWFsbSI6InBvZTIifV0/1322e46f92/HelmetDexInt04.png	Metadata/Items/Armours/Helmets/FourHelmetDexInt4CruelVerisium
item	Runeforged Pathfinder Coat	Руннокованая куртка следопыта	WzI1LDE0LHsiZiI6IjJESXRlbXMvQXJtb3Vycy9Cb2R5QXJtb3Vycy9CYXNldHlwZXMvQm9keURleDAzIiwidyI6MiwiaCI6Mywic2NhbGUiOjEsInJlYWxtIjoicG9lMiJ9XQ/cc5ba22973/BodyDex03.png	Metadata/Items/Armours/BodyArmours/FourBodyDex3Verisium
item	Runeforged Pauascale Gloves	Руннокованые перчатки с перламутром	WzI1LDE0LHsiZiI6IjJESXRlbXMvQXJtb3Vycy9HbG92ZXMvQmFzZXR5cGVzL0dsb3Zlc0ludDA2IiwidyI6MiwiaCI6Miwic2NhbGUiOjEsInJlYWxtIjoicG9lMiJ9XQ/472c12ee59/GlovesInt06.png	Metadata/Items/Armours/Gloves/FourGlovesInt6Verisium
item	Runeforged Pearl Buckler	Руннокованый перламутровый баклер	WzI1LDE0LHsiZiI6IjJESXRlbXMvT2ZmaGFuZC9TaGllbGRzL0J1Y2tsZXIxMCIsInciOjIsImgiOjIsInNjYWxlIjoxLCJyZWFsbSI6InBvZTIifV0/6ec5082b3c/Buckler10.png	Metadata/Items/Armours/Shields/FourShieldDex10Verisium
item	Runeforged Pelage Targe	Руннокованый отделанный мехом тарджет	WzI1LDE0LHsiZiI6IjJESXRlbXMvT2ZmaGFuZC9TaGllbGRzL1NoaWVsZDAyIiwidyI6MiwiaCI6Mywic2NhbGUiOjEsInJlYWxtIjoicG9lMiJ9XQ/2a8af321d6/Shield02.png	Metadata/Items/Armours/Shields/FourShieldStrDex2Verisium
item	Runeforged Pelt Leggings	Руннокованые сапоги из шкур	WzI1LDE0LHsiZiI6IjJESXRlbXMvQXJtb3Vycy9Cb290cy9CYXNldHlwZXMvQm9vdHNJbnRTdHIwMyIsInciOjIsImgiOjIsInNjYWxlIjoxLCJyZWFsbSI6InBvZTIifV0/3fb2f64940/BootsIntStr03.png	Metadata/Items/Armours/Boots/FourBootsStrInt3Verisium
item	Runeforged Pelt Mantle	Руннокованый покров из шкур	WzI1LDE0LHsiZiI6IjJESXRlbXMvQXJtb3Vycy9Cb2R5QXJtb3Vycy9CYXNldHlwZXMvQm9keUludFN0cjAyIiwidyI6MiwiaCI6Mywic2NhbGUiOjEsInJlYWxtIjoicG9lMiJ9XQ/79f27dfa2e/BodyIntStr02.png	Metadata/Items/Armours/BodyArmours/FourBodyStrInt2Verisium
item	Runeforged Pilgrim Vestments	Руннокованое облачение пилигрима	WzI1LDE0LHsiZiI6IjJESXRlbXMvQXJtb3Vycy9Cb2R5QXJtb3Vycy9CYXNldHlwZXMvQm9keUludFN0cjAxIiwidyI6MiwiaCI6Mywic2NhbGUiOjEsInJlYWxtIjoicG9lMiJ9XQ/c4d1d74285/BodyIntStr01.png	Metadata/Items/Armours/BodyArmours/FourBodyStrInt1Verisium
item	Runeforged Plate Gauntlets	Руннокованые латные перчатки	WzI1LDE0LHsiZiI6IjJESXRlbXMvQXJtb3Vycy9HbG92ZXMvQmFzZXR5cGVzL0dsb3Zlc1N0ckRleDA0IiwidyI6MiwiaCI6Miwic2NhbGUiOjEsInJlYWxtIjoicG9lMiJ9XQ/1c86410ca6/GlovesStrDex04.png	Metadata/Items/Armours/Gloves/FourGlovesStrDex4Verisium
item	Runeforged Plated Buckler	Руннокованый облицованный баклер	WzI1LDE0LHsiZiI6IjJESXRlbXMvT2ZmaGFuZC9TaGllbGRzL0J1Y2tsZXIwMyIsInciOjIsImgiOjIsInNjYWxlIjoxLCJyZWFsbSI6InBvZTIifV0/42cd057891/Buckler03.png	Metadata/Items/Armours/Shields/FourShieldDex3Verisium
item	Runeforged Plated Vestments	Руннокованое пластинчатое облачение	WzI1LDE0LHsiZiI6IjJESXRlbXMvQXJtb3Vycy9Cb2R5QXJtb3Vycy9CYXNldHlwZXMvQm9keUludFN0cjA1IiwidyI6MiwiaCI6Mywic2NhbGUiOjEsInJlYWxtIjoicG9lMiJ9XQ/81cbdffc78/BodyIntStr05.png	Metadata/Items/Armours/BodyArmours/FourBodyStrInt5CruelVerisium
item	Runeforged Plumed Focus	Руннокованый павлиний фокус	WzI1LDE0LHsiZiI6IjJESXRlbXMvT2ZmaGFuZC9Gb2NpL0Jhc2V0eXBlcy9Gb2N1czA4IiwidyI6MiwiaCI6Mywic2NhbGUiOjEsInJlYWxtIjoicG9lMiJ9XQ/64fc1e2b9f/Focus08.png	Metadata/Items/Armours/Focii/FourFocus8Verisium
item	Runeforged Pointed Maul	Руннокованая остроконечная дубина		Metadata/Items/Weapons/TwoHandWeapons/TwoHandMaces/FourTwoHandMaceVerisium9;stat_3675300253
item	Runeforged Polished Bracers	Руннокованые полированные наручи	WzI1LDE0LHsiZiI6IjJESXRlbXMvQXJtb3Vycy9HbG92ZXMvQmFzZXR5cGVzL0dsb3Zlc0RleDA2IiwidyI6MiwiaCI6Miwic2NhbGUiOjEsInJlYWxtIjoicG9lMiJ9XQ/f400b5dc10/GlovesDex06.png	Metadata/Items/Armours/Gloves/FourGlovesDex6EndgameVerisium
item	Runeforged Polished Targe	Руннокованый полированный тарджет	WzI1LDE0LHsiZiI6IjJESXRlbXMvT2ZmaGFuZC9TaGllbGRzL1NoaWVsZDA0IiwidyI6MiwiaCI6Mywic2NhbGUiOjEsInJlYWxtIjoicG9lMiJ9XQ/b38b1a21b7/Shield04.png	Metadata/Items/Armours/Shields/FourShieldStrDex4CruelVerisium
item	Runeforged Quartered Crest Shield	Руннокованый расчетверённый гербовый щит	WzI1LDE0LHsiZiI6IjJESXRlbXMvT2ZmaGFuZC9TaGllbGRzL0NyZXN0MDUiLCJ3IjoyLCJoIjozLCJzY2FsZSI6MSwicmVhbG0iOiJwb2UyIn1d/2d5f68e415/Crest05.png	Metadata/Items/Armours/Shields/FourShieldStrInt5CruelVerisium
item	Runeforged Quickslip Shoes	Руннокованые ботинки быстрого шага	WzI1LDE0LHsiZiI6IjJESXRlbXMvQXJtb3Vycy9Cb290cy9CYXNldHlwZXMvQm9vdHNEZXhJbnQwMyIsInciOjIsImgiOjIsInNjYWxlIjoxLCJyZWFsbSI6InBvZTIifV0/f36ea8ace2/BootsDexInt03.png	Metadata/Items/Armours/Boots/FourBootsDexInt3EndgameVerisium
item	Runeforged Quilted Vest	Руннокованый стёганый жилет	WzI1LDE0LHsiZiI6IjJESXRlbXMvQXJtb3Vycy9Cb2R5QXJtb3Vycy9CYXNldHlwZXMvQm9keURleDAyIiwidyI6MiwiaCI6Mywic2NhbGUiOjEsInJlYWxtIjoicG9lMiJ9XQ/1c89ed3abf/BodyDex02.png	Metadata/Items/Armours/BodyArmours/FourBodyDex2Verisium
item	Runeforged Raider Plate	Руннокованый рейдерский нагрудник	WzI1LDE0LHsiZiI6IjJESXRlbXMvQXJtb3Vycy9Cb2R5QXJtb3Vycy9CYXNldHlwZXMvQm9keVN0cjA0IiwidyI6MiwiaCI6Mywic2NhbGUiOjEsInJlYWxtIjoicG9lMiJ9XQ/a7396344d9/BodyStr04.png	Metadata/Items/Armours/BodyArmours/FourBodyStr4Verisium
item	Runeforged Rambler Jacket	Руннокованый плащ скитальца	WzI1LDE0LHsiZiI6IjJESXRlbXMvQXJtb3Vycy9Cb2R5QXJtb3Vycy9CYXNldHlwZXMvQm9keURleEludDA0IiwidyI6MiwiaCI6Mywic2NhbGUiOjEsInJlYWxtIjoicG9lMiJ9XQ/dba7d26275/BodyDexInt04.png	Metadata/Items/Armours/BodyArmours/FourBodyDexInt4EndgameVerisium;stat_2923486259=0
item	Runeforged Rampart Tower Shield	Руннокованый бастионный ростовой щит	WzI1LDE0LHsiZiI6IjJESXRlbXMvT2ZmaGFuZC9TaGllbGRzL1Rvd2VyMDYiLCJ3IjoyLCJoIjo0LCJzY2FsZSI6MSwicmVhbG0iOiJwb2UyIn1d/fae45edbc4/Tower06.png	Metadata/Items/Armours/Shields/FourShieldStr6Verisium
item	Runeforged Rawhide Boots	Руннокованые сыромятные сапоги	WzI1LDE0LHsiZiI6IjJESXRlbXMvQXJtb3Vycy9Cb290cy9CYXNldHlwZXMvQm9vdHNEZXgwMSIsInciOjIsImgiOjIsInNjYWxlIjoxLCJyZWFsbSI6InBvZTIifV0/b407d5e703/BootsDex01.png	Metadata/Items/Armours/Boots/FourBootsDex1Verisium
item	Runeforged Recurve Bow	Руннокованый загнутый лук		Metadata/Items/Weapons/TwoHandWeapons/Bows/FourBowVerisium4
item	Runeforged Reefsteel Greaves	Руннокованые стальные рифлёные поножи	WzI1LDE0LHsiZiI6IjJESXRlbXMvQXJtb3Vycy9Cb290cy9CYXNldHlwZXMvQm9vdHNTdHIwNiIsInciOjIsImgiOjIsInNjYWxlIjoxLCJyZWFsbSI6InBvZTIifV0/4c3e83f5cc/BootsStr06.png	Metadata/Items/Armours/Boots/FourBootsStr6Verisium
item	Runeforged Refined Bracers	Руннокованые обрамлённые наручи	WzI1LDE0LHsiZiI6IjJESXRlbXMvQXJtb3Vycy9HbG92ZXMvQmFzZXR5cGVzL0dsb3Zlc0RleDA0IiwidyI6MiwiaCI6Miwic2NhbGUiOjEsInJlYWxtIjoicG9lMiJ9XQ/d8dac34445/GlovesDex04.png	Metadata/Items/Armours/Gloves/FourGlovesDex4CruelVerisium
item	Runeforged Rhoahide Coat	Руннокованый доспех из шкур роа	WzI1LDE0LHsiZiI6IjJESXRlbXMvQXJtb3Vycy9Cb2R5QXJtb3Vycy9CYXNldHlwZXMvQm9keURleDA1IiwidyI6MiwiaCI6Mywic2NhbGUiOjEsInJlYWxtIjoicG9lMiJ9XQ/dd46300ff5/BodyDex05.png	Metadata/Items/Armours/BodyArmours/FourBodyDex5Verisium
item	Runeforged Ridged Buckler	Руннокованый ребристый баклер	WzI1LDE0LHsiZiI6IjJESXRlbXMvT2ZmaGFuZC9TaGllbGRzL0J1Y2tsZXIwNSIsInciOjIsImgiOjIsInNjYWxlIjoxLCJyZWFsbSI6InBvZTIifV0/38c040462c/Buckler05.png	Metadata/Items/Armours/Shields/FourShieldDex5Verisium
item	Runeforged Ringed Buckler	Руннокованый баклер с кольцами	WzI1LDE0LHsiZiI6IjJESXRlbXMvT2ZmaGFuZC9TaGllbGRzL0J1Y2tsZXIwNyIsInciOjIsImgiOjIsInNjYWxlIjoxLCJyZWFsbSI6InBvZTIifV0/3e57ac46e5/Buckler07.png	Metadata/Items/Armours/Shields/FourShieldDex7Verisium
item	Runeforged Ringmail Gauntlets	Руннокованые кольчужные перчатки	WzI1LDE0LHsiZiI6IjJESXRlbXMvQXJtb3Vycy9HbG92ZXMvQmFzZXR5cGVzL0dsb3Zlc1N0ckRleDAxIiwidyI6MiwiaCI6Miwic2NhbGUiOjEsInJlYWxtIjoicG9lMiJ9XQ/b26babb5f6/GlovesStrDex01.png	Metadata/Items/Armours/Gloves/FourGlovesStrDex1Verisium
item	Runeforged River Raiment	Руннокованое одеяние истока	WzI1LDE0LHsiZiI6IjJESXRlbXMvQXJtb3Vycy9Cb2R5QXJtb3Vycy9CYXNldHlwZXMvQm9keUludDA2IiwidyI6MiwiaCI6Mywic2NhbGUiOjEsInJlYWxtIjoicG9lMiJ9XQ/f868a6a214/BodyInt06.png	Metadata/Items/Armours/BodyArmours/FourBodyInt6CruelVerisium
item	Runeforged Riveted Mitts	Руннокованые клёпаные рукавицы	WzI1LDE0LHsiZiI6IjJESXRlbXMvQXJtb3Vycy9HbG92ZXMvQmFzZXR5cGVzL0dsb3Zlc1N0cjAyIiwidyI6MiwiaCI6Miwic2NhbGUiOjEsInJlYWxtIjoicG9lMiJ9XQ/07026229f5/GlovesStr02.png	Metadata/Items/Armours/Gloves/FourGlovesStr2Verisium
item	Runeforged Rogue Armour	Руннокованый доспех изгоя	WzI1LDE0LHsiZiI6IjJESXRlbXMvQXJtb3Vycy9Cb2R5QXJtb3Vycy9CYXNldHlwZXMvQm9keVN0ckRleDAyIiwidyI6MiwiaCI6Mywic2NhbGUiOjEsInJlYWxtIjoicG9lMiJ9XQ/a1b424ac4d/BodyStrDex02.png	Metadata/Items/Armours/BodyArmours/FourBodyStrDex2Verisium
item	Runeforged Rope Cuffs	Руннокованые верёвочные манжеты	WzI1LDE0LHsiZiI6IjJESXRlbXMvQXJtb3Vycy9HbG92ZXMvQmFzZXR5cGVzL0dsb3Zlc0ludFN0cjAxIiwidyI6MiwiaCI6Miwic2NhbGUiOjEsInJlYWxtIjoicG9lMiJ9XQ/c4b6d03f66/GlovesIntStr01.png	Metadata/Items/Armours/Gloves/FourGlovesStrInt1Verisium
item	Runeforged Rough Greaves	Руннокованые грубые поножи	WzI1LDE0LHsiZiI6IjJESXRlbXMvQXJtb3Vycy9Cb290cy9CYXNldHlwZXMvQm9vdHNTdHIwMSIsInciOjIsImgiOjIsInNjYWxlIjoxLCJyZWFsbSI6InBvZTIifV0/81d947fe49/BootsStr01.png	Metadata/Items/Armours/Boots/FourBootsStr1Verisium
item	Runeforged Royal Tower Shield	Руннокованый царский ростовой щит	WzI1LDE0LHsiZiI6IjJESXRlbXMvT2ZmaGFuZC9TaGllbGRzL1Rvd2VyMDMiLCJ3IjoyLCJoIjo0LCJzY2FsZSI6MSwicmVhbG0iOiJwb2UyIn1d/a0b185297f/Tower03.png	Metadata/Items/Armours/Shields/FourShieldStr3EndgameVerisium
item	Runeforged Runed Focus	Руннокованый рунический фокус	WzI1LDE0LHsiZiI6IjJESXRlbXMvT2ZmaGFuZC9Gb2NpL0Jhc2V0eXBlcy9Gb2N1czA5IiwidyI6MiwiaCI6Mywic2NhbGUiOjEsInJlYWxtIjoicG9lMiJ9XQ/ac463c7728/Focus09.png	Metadata/Items/Armours/Focii/FourFocus9Verisium
item	Runeforged Runner Vest	Руннокованая безрукавка гонца	WzI1LDE0LHsiZiI6IjJESXRlbXMvQXJtb3Vycy9Cb2R5QXJtb3Vycy9CYXNldHlwZXMvQm9keURleDA3IiwidyI6MiwiaCI6Mywic2NhbGUiOjEsInJlYWxtIjoicG9lMiJ9XQ/8bb9cb5d22/BodyDex07.png	Metadata/Items/Armours/BodyArmours/FourBodyDex7CruelVerisium
item	Runeforged Rusted Cuirass	Руннокованая ржавая кираса	WzI1LDE0LHsiZiI6IjJESXRlbXMvQXJtb3Vycy9Cb2R5QXJtb3Vycy9CYXNldHlwZXMvQm9keVN0cjAxIiwidyI6MiwiaCI6Mywic2NhbGUiOjEsInJlYWxtIjoicG9lMiJ9XQ/48704d91dc/BodyStr01.png	Metadata/Items/Armours/BodyArmours/FourBodyStr1Verisium
item	Runeforged Rusted Greathelm	Руннокованый ржавый большой шлем	WzI1LDE0LHsiZiI6IjJESXRlbXMvQXJtb3Vycy9IZWxtZXRzL0Jhc2V0eXBlcy9IZWxtZXRTdHIwMSIsInciOjIsImgiOjIsInNjYWxlIjoxLCJyZWFsbSI6InBvZTIifV0/43e780c05c/HelmetStr01.png	Metadata/Items/Armours/Helmets/FourHelmetStr1Verisium
item	Runeforged Sacramental Robe	Руннокованое одеяние причастия	WzI1LDE0LHsiZiI6IjJESXRlbXMvQXJtb3Vycy9Cb2R5QXJtb3Vycy9CYXNldHlwZXMvQm9keUludDA4IiwidyI6MiwiaCI6Mywic2NhbGUiOjEsInJlYWxtIjoicG9lMiJ9XQ/e1702b49d8/BodyInt08.png	Metadata/Items/Armours/BodyArmours/FourBodyInt8EndgameVerisium;stat_2339757871=0
item	Runeforged Sacred Focus	Руннокованый священный фокус	WzI1LDE0LHsiZiI6IjJESXRlbXMvT2ZmaGFuZC9Gb2NpL0Jhc2V0eXBlcy9Gb2N1czA4IiwidyI6MiwiaCI6Mywic2NhbGUiOjEsInJlYWxtIjoicG9lMiJ9XQ/64fc1e2b9f/Focus08.png	Metadata/Items/Armours/Focii/FourFocus8EndgameVerisium
item	Runeforged Sacrificial Mantle	Руннокованая жертвенная мантия	WzI1LDE0LHsiZiI6IjJESXRlbXMvQXJtb3Vycy9Cb2R5QXJtb3Vycy9CYXNldHlwZXMvQm9keUludFN0cjA2IiwidyI6MiwiaCI6Mywic2NhbGUiOjEsInJlYWxtIjoicG9lMiJ9XQ/2188f05fcc/BodyIntStr06.png	Metadata/Items/Armours/BodyArmours/FourBodyStrInt6Verisium
item	Runeforged Sacrificial Regalia	Руннокованое жертвенное облачение		Metadata/Items/Armours/BodyArmours/FourBodyStrDexInt2Verisium1;stat_2251279027=0 Metadata/Items/Armours/BodyArmours/FourBodyStrDexInt2Verisium2;stat_2251279027=0;stat_4169430079=0 Metadata/Items/Armours/BodyArmours/FourBodyStrDexInt2Verisium3;stat_2251279027=0;stat_3100523498=0 Metadata/Items/Armours/BodyArmours/FourBodyStrDexInt2Verisium4;stat_2251279027=0;stat_4004011170=0
item	Runeforged Saintly Crown	Руннокованая корона святого	WzI1LDE0LHsiZiI6IjJESXRlbXMvQXJtb3Vycy9IZWxtZXRzL0Jhc2V0eXBlcy9IZWxtZXRJbnRTdHIwNCIsInciOjIsImgiOjIsInNjYWxlIjoxLCJyZWFsbSI6InBvZTIifV0/2cf2a643af/HelmetIntStr04.png	Metadata/Items/Armours/Helmets/FourHelmetStrInt4EndgameVerisium
item	Runeforged Sandsworn Sandals	Руннокованые сандалии хранителя песков	WzI1LDE0LHsiZiI6IjJESXRlbXMvQXJtb3Vycy9Cb290cy9CYXNldHlwZXMvQm9vdHNJbnQwNSIsInciOjIsImgiOjIsInNjYWxlIjoxLCJyZWFsbSI6InBvZTIifV0/2f27d465e1/BootsInt05.png	Metadata/Items/Armours/Boots/FourBootsInt5EndgameVerisium
item	Runeforged Sandsworn Tiara	Руннокованая тиара хранителя песков	WzI1LDE0LHsiZiI6IjJESXRlbXMvQXJtb3Vycy9IZWxtZXRzL0Jhc2V0eXBlcy9IZWxtZXRJbnQwNCIsInciOjIsImgiOjIsInNjYWxlIjoxLCJyZWFsbSI6InBvZTIifV0/33248feedf/HelmetInt04.png	Metadata/Items/Armours/Helmets/FourHelmetInt4CruelVerisium
item	Runeforged Scale Mail	Руннокованый чешуйчатый доспех	WzI1LDE0LHsiZiI6IjJESXRlbXMvQXJtb3Vycy9Cb2R5QXJtb3Vycy9CYXNldHlwZXMvQm9keVN0ckRleDA2IiwidyI6MiwiaCI6Mywic2NhbGUiOjEsInJlYWxtIjoicG9lMiJ9XQ/4b99433643/BodyStrDex06.png	Metadata/Items/Armours/BodyArmours/FourBodyStrDex6Verisium
item	Runeforged Scalper's Jacket	Руннокованая накидка спекулянта	WzI1LDE0LHsiZiI6IjJESXRlbXMvQXJtb3Vycy9Cb2R5QXJtb3Vycy9CYXNldHlwZXMvQm9keURleEludDA2IiwidyI6MiwiaCI6Mywic2NhbGUiOjEsInJlYWxtIjoicG9lMiJ9XQ/512e4bd095/BodyDexInt06.png	Metadata/Items/Armours/BodyArmours/FourBodyDexInt6Verisium
item	Runeforged Scoundrel Jacket	Руннокованый плащ пройдохи	WzI1LDE0LHsiZiI6IjJESXRlbXMvQXJtb3Vycy9Cb2R5QXJtb3Vycy9CYXNldHlwZXMvQm9keURleEludDA3IiwidyI6MiwiaCI6Mywic2NhbGUiOjEsInJlYWxtIjoicG9lMiJ9XQ/c8b9d0a065/BodyDexInt07.png	Metadata/Items/Armours/BodyArmours/FourBodyDexInt7Verisium
item	Runeforged Scout's Vest	Руннокованая безрукавка разведчика	WzI1LDE0LHsiZiI6IjJESXRlbXMvQXJtb3Vycy9Cb2R5QXJtb3Vycy9CYXNldHlwZXMvQm9keURleDA3IiwidyI6MiwiaCI6Mywic2NhbGUiOjEsInJlYWxtIjoicG9lMiJ9XQ/8bb9cb5d22/BodyDex07.png	Metadata/Items/Armours/BodyArmours/FourBodyDex7Verisium
item	Runeforged Seastorm Mantle	Руннокованая мантия шторма	WzI1LDE0LHsiZiI6IjJESXRlbXMvQXJtb3Vycy9Cb2R5QXJtb3Vycy9CYXNldHlwZXMvQm9keUludFN0cjA4IiwidyI6MiwiaCI6Mywic2NhbGUiOjEsInJlYWxtIjoicG9lMiJ9XQ/6ea550382e/BodyIntStr08.png	Metadata/Items/Armours/BodyArmours/FourBodyStrInt8EndgameVerisium;stat_1444556985=0
item	Runeforged Sectarian Crest Shield	Руннокованый гербовый щит сектанта	WzI1LDE0LHsiZiI6IjJESXRlbXMvT2ZmaGFuZC9TaGllbGRzL0NyZXN0MDUiLCJ3IjoyLCJoIjozLCJzY2FsZSI6MSwicmVhbG0iOiJwb2UyIn1d/2d5f68e415/Crest05.png	Metadata/Items/Armours/Shields/FourShieldStrInt5Verisium
item	Runeforged Sectioned Bracers	Руннокованые сегментные наручи	WzI1LDE0LHsiZiI6IjJESXRlbXMvQXJtb3Vycy9HbG92ZXMvQmFzZXR5cGVzL0dsb3Zlc0RleDA0IiwidyI6MiwiaCI6Miwic2NhbGUiOjEsInJlYWxtIjoicG9lMiJ9XQ/d8dac34445/GlovesDex04.png	Metadata/Items/Armours/Gloves/FourGlovesDex4Verisium
item	Runeforged Secured Leggings	Руннокованые меховые сапоги	WzI1LDE0LHsiZiI6IjJESXRlbXMvQXJtb3Vycy9Cb290cy9CYXNldHlwZXMvQm9vdHNJbnRTdHIwMiIsInciOjIsImgiOjIsInNjYWxlIjoxLCJyZWFsbSI6InBvZTIifV0/d3128f0287/BootsIntStr02.png	Metadata/Items/Armours/Boots/FourBootsStrInt2Verisium
item	Runeforged Secured Wraps	Руннокованые крепкие обмотки	WzI1LDE0LHsiZiI6IjJESXRlbXMvQXJtb3Vycy9HbG92ZXMvQmFzZXR5cGVzL0dsb3Zlc0RleEludDA0IiwidyI6MiwiaCI6Miwic2NhbGUiOjEsInJlYWxtIjoicG9lMiJ9XQ/f43ef07a0c/GlovesDexInt04.png	Metadata/Items/Armours/Gloves/FourGlovesDexInt4EndgameVerisium
item	Runeforged Seer Crest Shield	Руннокованый гербовый щит провидца	WzI1LDE0LHsiZiI6IjJESXRlbXMvT2ZmaGFuZC9TaGllbGRzL0NyZXN0MDgiLCJ3IjoyLCJoIjozLCJzY2FsZSI6MSwicmVhbG0iOiJwb2UyIn1d/ba218e8cf1/Crest08.png	Metadata/Items/Armours/Shields/FourShieldStrInt8Verisium
item	Runeforged Sekhema Sandals	Руннокованые сандалии Сехемы	WzI1LDE0LHsiZiI6IjJESXRlbXMvQXJtb3Vycy9Cb290cy9CYXNldHlwZXMvQm9vdHNJbnQwNiIsInciOjIsImgiOjIsInNjYWxlIjoxLCJyZWFsbSI6InBvZTIifV0/0fe23f857a/BootsInt06.png	Metadata/Items/Armours/Boots/FourBootsInt6EndgameVerisium
item	Runeforged Sekheman Crest Shield	Руннокованый гербовый щит Сехемы	WzI1LDE0LHsiZiI6IjJESXRlbXMvT2ZmaGFuZC9TaGllbGRzL0NyZXN0MDQiLCJ3IjoyLCJoIjozLCJzY2FsZSI6MSwicmVhbG0iOiJwb2UyIn1d/d54e9d2de5/Crest04.png	Metadata/Items/Armours/Shields/FourShieldStrInt4EndgameVerisium
item	Runeforged Serpentscale Boots	Руннокованые сапоги из змеиной кожи	WzI1LDE0LHsiZiI6IjJESXRlbXMvQXJtb3Vycy9Cb290cy9CYXNldHlwZXMvQm9vdHNEZXgwNSIsInciOjIsImgiOjIsInNjYWxlIjoxLCJyZWFsbSI6InBvZTIifV0/316987efab/BootsDex05.png	Metadata/Items/Armours/Boots/FourBootsDex5CruelVerisium
item	Runeforged Serpentscale Coat	Руннокованый доспех из змеиной чешуи	WzI1LDE0LHsiZiI6IjJESXRlbXMvQXJtb3Vycy9Cb2R5QXJtb3Vycy9CYXNldHlwZXMvQm9keURleDA4IiwidyI6MiwiaCI6Mywic2NhbGUiOjEsInJlYWxtIjoicG9lMiJ9XQ/a43ac39920/BodyDex08.png	Metadata/Items/Armours/BodyArmours/FourBodyDex8Verisium
item	Runeforged Shabby Hood	Руннокованый потрёпанный капюшон	WzI1LDE0LHsiZiI6IjJESXRlbXMvQXJtb3Vycy9IZWxtZXRzL0Jhc2V0eXBlcy9IZWxtZXREZXgwMSIsInciOjIsImgiOjIsInNjYWxlIjoxLCJyZWFsbSI6InBvZTIifV0/dcff771f29/HelmetDex01.png	Metadata/Items/Armours/Helmets/FourHelmetDex1Verisium
item	Runeforged Shaman Mantle	Руннокованый наряд шамана	WzI1LDE0LHsiZiI6IjJESXRlbXMvQXJtb3Vycy9Cb2R5QXJtb3Vycy9CYXNldHlwZXMvQm9keUludFN0cjA0IiwidyI6MiwiaCI6Mywic2NhbGUiOjEsInJlYWxtIjoicG9lMiJ9XQ/3574a91ac4/BodyIntStr04.png	Metadata/Items/Armours/BodyArmours/FourBodyStrInt4Verisium
item	Runeforged Shamanistic Leggings	Руннокованые шаманские сапоги	WzI1LDE0LHsiZiI6IjJESXRlbXMvQXJtb3Vycy9Cb290cy9CYXNldHlwZXMvQm9vdHNJbnRTdHIwMyIsInciOjIsImgiOjIsInNjYWxlIjoxLCJyZWFsbSI6InBvZTIifV0/3fb2f64940/BootsIntStr03.png	Metadata/Items/Armours/Boots/FourBootsStrInt3CruelVerisium
item	Runeforged Shielded Helm	Руннокованый шлем с горжетом	WzI1LDE0LHsiZiI6IjJESXRlbXMvQXJtb3Vycy9IZWxtZXRzL0Jhc2V0eXBlcy9IZWxtZXRTdHJEZXgwNSIsInciOjIsImgiOjIsInNjYWxlIjoxLCJyZWFsbSI6InBvZTIifV0/643d282132/HelmetStrDex05.png	Metadata/Items/Armours/Helmets/FourHelmetStrDex5Verisium
item	Runeforged Shortbow	Руннокованый короткий лук		Metadata/Items/Weapons/TwoHandWeapons/Bows/FourBowVerisium2a Metadata/Items/Weapons/TwoHandWeapons/Bows/FourBowVerisium2b;stat_3003542304=0
item	Runeforged Shrouded Mail	Руннокованый покров с кольцами	WzI1LDE0LHsiZiI6IjJESXRlbXMvQXJtb3Vycy9Cb2R5QXJtb3Vycy9CYXNldHlwZXMvQm9keVN0ckRleDA0IiwidyI6MiwiaCI6Mywic2NhbGUiOjEsInJlYWxtIjoicG9lMiJ9XQ/d8e02875f2/BodyStrDex04.png	Metadata/Items/Armours/BodyArmours/FourBodyStrDex4aEndgameVerisium;stat_3372524247=0 Metadata/Items/Armours/BodyArmours/FourBodyStrDex4bEndgameVerisium;stat_4220027924=0 Metadata/Items/Armours/BodyArmours/FourBodyStrDex4cEndgameVerisium;stat_1671376347=0
item	Runeforged Shrouded Vest	Руннокованая плотная кожанка	WzI1LDE0LHsiZiI6IjJESXRlbXMvQXJtb3Vycy9Cb2R5QXJtb3Vycy9CYXNldHlwZXMvQm9keURleDA0IiwidyI6MiwiaCI6Mywic2NhbGUiOjEsInJlYWxtIjoicG9lMiJ9XQ/2950326b72/BodyDex04.png	Metadata/Items/Armours/BodyArmours/FourBodyDex4Verisium
item	Runeforged Sigil Crest Shield	Руннокованый гербовый щит с символикой	WzI1LDE0LHsiZiI6IjJESXRlbXMvT2ZmaGFuZC9TaGllbGRzL0NyZXN0MDIiLCJ3IjoyLCJoIjozLCJzY2FsZSI6MSwicmVhbG0iOiJwb2UyIn1d/590ed48c93/Crest02.png	Metadata/Items/Armours/Shields/FourShieldStrInt2Verisium
item	Runeforged Silk Robe	Руннокованое шёлковое платье	WzI1LDE0LHsiZiI6IjJESXRlbXMvQXJtb3Vycy9Cb2R5QXJtb3Vycy9CYXNldHlwZXMvQm9keUludDA1IiwidyI6MiwiaCI6Mywic2NhbGUiOjEsInJlYWxtIjoicG9lMiJ9XQ/759bf548dc/BodyInt05.png	Metadata/Items/Armours/BodyArmours/FourBodyInt5Verisium
item	Runeforged Silk Slippers	Руннокованые шёлковые тапочки	WzI1LDE0LHsiZiI6IjJESXRlbXMvQXJtb3Vycy9Cb290cy9CYXNldHlwZXMvQm9vdHNJbnQwNCIsInciOjIsImgiOjIsInNjYWxlIjoxLCJyZWFsbSI6InBvZTIifV0/e1c49a9d6d/BootsInt04.png	Metadata/Items/Armours/Boots/FourBootsInt4Verisium
item	Runeforged Sirenscale Gloves	Руннокованые перчатки из чешуи сирены	WzI1LDE0LHsiZiI6IjJESXRlbXMvQXJtb3Vycy9HbG92ZXMvQmFzZXR5cGVzL0dsb3Zlc0ludDA2IiwidyI6MiwiaCI6Miwic2NhbGUiOjEsInJlYWxtIjoicG9lMiJ9XQ/472c12ee59/GlovesInt06.png	Metadata/Items/Armours/Gloves/FourGlovesInt6EndgameVerisium
item	Runeforged Skycrown Tiara	Руннокованая тиара небес	WzI1LDE0LHsiZiI6IjJESXRlbXMvQXJtb3Vycy9IZWxtZXRzL0Jhc2V0eXBlcy9IZWxtZXRJbnQwMiIsInciOjIsImgiOjIsInNjYWxlIjoxLCJyZWFsbSI6InBvZTIifV0/03048a9ab7/HelmetInt02.png	Metadata/Items/Armours/Helmets/FourHelmetInt2EndgameVerisium
item	Runeforged Sleek Jacket	Руннокованый дублёный плащ	WzI1LDE0LHsiZiI6IjJESXRlbXMvQXJtb3Vycy9Cb2R5QXJtb3Vycy9CYXNldHlwZXMvQm9keURleEludDAyIiwidyI6MiwiaCI6Mywic2NhbGUiOjEsInJlYWxtIjoicG9lMiJ9XQ/31d5df47b6/BodyDexInt02.png	Metadata/Items/Armours/BodyArmours/FourBodyDexInt2EndgameVerisium
item	Runeforged Slim Mace	Руннокованый шестопёр		Metadata/Items/Weapons/OneHandWeapons/OneHandMaces/FourOneHandMaceVerisium3;?
item	Runeforged Slipstrike Vest	Руннокованый нагрудник ловкача	WzI1LDE0LHsiZiI6IjJESXRlbXMvQXJtb3Vycy9Cb2R5QXJtb3Vycy9CYXNldHlwZXMvQm9keURleDA2IiwidyI6MiwiaCI6Mywic2NhbGUiOjEsInJlYWxtIjoicG9lMiJ9XQ/dd53d7b8d1/BodyDex06.png	Metadata/Items/Armours/BodyArmours/FourBodyDex6EndgameVerisium
item	Runeforged Smuggler Coat	Руннокованая куртка контрабандиста	WzI1LDE0LHsiZiI6IjJESXRlbXMvQXJtb3Vycy9Cb2R5QXJtb3Vycy9CYXNldHlwZXMvQm9keURleDEwIiwidyI6MiwiaCI6Mywic2NhbGUiOjEsInJlYWxtIjoicG9lMiJ9XQ/4451ea3f74/BodyDex10.png	Metadata/Items/Armours/BodyArmours/FourBodyDex10Verisium
item	Runeforged Soaring Mask	Руннокованая парящая маска	WzI1LDE0LHsiZiI6IjJESXRlbXMvQXJtb3Vycy9IZWxtZXRzL0Jhc2V0eXBlcy9IZWxtZXREZXhJbnQwNSIsInciOjIsImgiOjIsInNjYWxlIjoxLCJyZWFsbSI6InBvZTIifV0/a9d1297918/HelmetDexInt05.png	Metadata/Items/Armours/Helmets/FourHelmetDexInt5EndgameVerisium
item	Runeforged Soaring Targe	Руннокованый парящий тарджет		Metadata/Items/Armours/Shields/FourShieldStrDex6EndgameVerisium
item	Runeforged Soldier Cuirass	Руннокованая солдатская кираса	WzI1LDE0LHsiZiI6IjJESXRlbXMvQXJtb3Vycy9Cb2R5QXJtb3Vycy9CYXNldHlwZXMvQm9keVN0cjAzIiwidyI6MiwiaCI6Mywic2NhbGUiOjEsInJlYWxtIjoicG9lMiJ9XQ/d5346c8ff4/BodyStr03.png	Metadata/Items/Armours/BodyArmours/FourBodyStr3EndgameVerisium
item	Runeforged Soldier Greathelm	Руннокованый большой шлем солдата	WzI1LDE0LHsiZiI6IjJESXRlbXMvQXJtb3Vycy9IZWxtZXRzL0Jhc2V0eXBlcy9IZWxtZXRTdHIwMiIsInciOjIsImgiOjIsInNjYWxlIjoxLCJyZWFsbSI6InBvZTIifV0/73267fe169/HelmetStr02.png	Metadata/Items/Armours/Helmets/FourHelmetStr2Verisium
item	Runeforged Solid Mask	Руннокованая цельная маска	WzI1LDE0LHsiZiI6IjJESXRlbXMvQXJtb3Vycy9IZWxtZXRzL0Jhc2V0eXBlcy9IZWxtZXREZXhJbnQwNiIsInciOjIsImgiOjIsInNjYWxlIjoxLCJyZWFsbSI6InBvZTIifV0/16d84d1940/HelmetDexInt06.png	Metadata/Items/Armours/Helmets/FourHelmetDexInt6Verisium
item	Runeforged Sombre Gloves	Руннокованые тёмные перчатки	WzI1LDE0LHsiZiI6IjJESXRlbXMvQXJtb3Vycy9HbG92ZXMvQmFzZXR5cGVzL0dsb3Zlc0ludDAyIiwidyI6MiwiaCI6Miwic2NhbGUiOjEsInJlYWxtIjoicG9lMiJ9XQ/5da448ad79/GlovesInt02.png	Metadata/Items/Armours/Gloves/FourGlovesInt2Verisium
item	Runeforged Sorcerous Tiara	Руннокованая чародейская тиара	WzI1LDE0LHsiZiI6IjJESXRlbXMvQXJtb3Vycy9IZWxtZXRzL0Jhc2V0eXBlcy9IZWxtZXRJbnQwNCIsInciOjIsImgiOjIsInNjYWxlIjoxLCJyZWFsbSI6InBvZTIifV0/33248feedf/HelmetInt04.png	Metadata/Items/Armours/Helmets/FourHelmetInt4EndgameVerisium
item	Runeforged Spiked Bracers	Руннокованые шипастые наручи	WzI1LDE0LHsiZiI6IjJESXRlbXMvQXJtb3Vycy9HbG92ZXMvQmFzZXR5cGVzL0dsb3Zlc0RleDA1IiwidyI6MiwiaCI6Miwic2NhbGUiOjEsInJlYWxtIjoicG9lMiJ9XQ/b6a93d2794/GlovesDex05.png	Metadata/Items/Armours/Gloves/FourGlovesDex5CruelVerisium
item	Runeforged Spiked Buckler	Руннокованый баклер с шипом	WzI1LDE0LHsiZiI6IjJESXRlbXMvT2ZmaGFuZC9TaGllbGRzL0J1Y2tsZXIwNiIsInciOjIsImgiOjIsInNjYWxlIjoxLCJyZWFsbSI6InBvZTIifV0/b523f2b5bb/Buckler06.png	Metadata/Items/Armours/Shields/FourShieldDex6Verisium
item	Runeforged Spiked Club	Руннокованая шипастая дубинка		Metadata/Items/Weapons/OneHandWeapons/OneHandMaces/FourOneHandMaceVerisium4
item	Runeforged Spikeward Buckler	Руннокованый баклер с колющим шипом	WzI1LDE0LHsiZiI6IjJESXRlbXMvT2ZmaGFuZC9TaGllbGRzL0J1Y2tsZXIwNiIsInciOjIsImgiOjIsInNjYWxlIjoxLCJyZWFsbSI6InBvZTIifV0/b523f2b5bb/Buckler06.png	Metadata/Items/Armours/Shields/FourShieldDex6CruelVerisium
item	Runeforged Spined Bracers	Руннокованые щетинистые наручи	WzI1LDE0LHsiZiI6IjJESXRlbXMvQXJtb3Vycy9HbG92ZXMvQmFzZXR5cGVzL0dsb3Zlc0RleDA1IiwidyI6MiwiaCI6Miwic2NhbGUiOjEsInJlYWxtIjoicG9lMiJ9XQ/b6a93d2794/GlovesDex05.png	Metadata/Items/Armours/Gloves/FourGlovesDex5Verisium
item	Runeforged Spiral Wraps	Руннокованые витые обмотки	WzI1LDE0LHsiZiI6IjJESXRlbXMvQXJtb3Vycy9HbG92ZXMvQmFzZXR5cGVzL0dsb3Zlc0RleEludDAzIiwidyI6MiwiaCI6Miwic2NhbGUiOjEsInJlYWxtIjoicG9lMiJ9XQ/bdc7c3c15d/GlovesDexInt03.png	Metadata/Items/Armours/Gloves/FourGlovesDexInt3Verisium
item	Runeforged Spired Greathelm	Руннокованый остроконечный большой шлем	WzI1LDE0LHsiZiI6IjJESXRlbXMvQXJtb3Vycy9IZWxtZXRzL0Jhc2V0eXBlcy9IZWxtZXRTdHIwNCIsInciOjIsImgiOjIsInNjYWxlIjoxLCJyZWFsbSI6InBvZTIifV0/8b85a26aad/HelmetStr04.png	Metadata/Items/Armours/Helmets/FourHelmetStr4Verisium
item	Runeforged Spiritbone Crown	Руннокованая корона из костей духа	WzI1LDE0LHsiZiI6IjJESXRlbXMvQXJtb3Vycy9IZWxtZXRzL0Jhc2V0eXBlcy9IZWxtZXRJbnRTdHIwNiIsInciOjIsImgiOjIsInNjYWxlIjoxLCJyZWFsbSI6InBvZTIifV0/9456a4b2b7/HelmetIntStr06.png	Metadata/Items/Armours/Helmets/FourHelmetStrInt6Verisium
item	Runeforged Splintered Tower Shield	Руннокованый обшарпанный ростовой щит	WzI1LDE0LHsiZiI6IjJESXRlbXMvT2ZmaGFuZC9TaGllbGRzL1Rvd2VyMDEiLCJ3IjoyLCJoIjo0LCJzY2FsZSI6MSwicmVhbG0iOiJwb2UyIn1d/7aa530b23a/Tower01.png	Metadata/Items/Armours/Shields/FourShieldStr1Verisium
item	Runeforged Stacked Sabatons	Руннокованые пластинчатые сабатоны	WzI1LDE0LHsiZiI6IjJESXRlbXMvQXJtb3Vycy9Cb290cy9CYXNldHlwZXMvQm9vdHNTdHJEZXgwMyIsInciOjIsImgiOjIsInNjYWxlIjoxLCJyZWFsbSI6InBvZTIifV0/b0dd26050c/BootsStrDex03.png	Metadata/Items/Armours/Boots/FourBootsStrDex3Verisium
item	Runeforged Stalking Bracers	Руннокованые наручи погони	WzI1LDE0LHsiZiI6IjJESXRlbXMvQXJtb3Vycy9HbG92ZXMvQmFzZXR5cGVzL0dsb3Zlc0RleDAyIiwidyI6MiwiaCI6Miwic2NhbGUiOjEsInJlYWxtIjoicG9lMiJ9XQ/7a62d10b16/GlovesDex02.png	Metadata/Items/Armours/Gloves/FourGlovesDex2EndgameVerisium
item	Runeforged Steel Plate	Руннокованый стальной доспех	WzI1LDE0LHsiZiI6IjJESXRlbXMvQXJtb3Vycy9Cb2R5QXJtb3Vycy9CYXNldHlwZXMvQm9keVN0cjA2IiwidyI6MiwiaCI6Mywic2NhbGUiOjEsInJlYWxtIjoicG9lMiJ9XQ/9751abcb6d/BodyStr06.png	Metadata/Items/Armours/BodyArmours/FourBodyStr6Verisium
item	Runeforged Steelmail Gauntlets	Руннокованые стальные кольчужные перчатки	WzI1LDE0LHsiZiI6IjJESXRlbXMvQXJtb3Vycy9HbG92ZXMvQmFzZXR5cGVzL0dsb3Zlc1N0ckRleDAxIiwidyI6MiwiaCI6Miwic2NhbGUiOjEsInJlYWxtIjoicG9lMiJ9XQ/b26babb5f6/GlovesStrDex01.png	Metadata/Items/Armours/Gloves/FourGlovesStrDex1EndgameVerisium
item	Runeforged Steelpoint Quarterstaff	Руннокованый боевой посох со стальным наконечником		Metadata/Items/Weapons/TwoHandWeapons/Staves/FourQuarterstaffVerisium6
item	Runeforged Steelpoint Shoes	Руннокованые ботинки со стальным носком	WzI1LDE0LHsiZiI6IjJESXRlbXMvQXJtb3Vycy9Cb290cy9CYXNldHlwZXMvQm9vdHNEZXhJbnQwNCIsInciOjIsImgiOjIsInNjYWxlIjoxLCJyZWFsbSI6InBvZTIifV0/c7b2a1d325/BootsDexInt04.png	Metadata/Items/Armours/Boots/FourBootsDexInt4Verisium
item	Runeforged Steeltoe Boots	Руннокованые сапоги со стальным носком	WzI1LDE0LHsiZiI6IjJESXRlbXMvQXJtb3Vycy9Cb290cy9CYXNldHlwZXMvQm9vdHNEZXgwNCIsInciOjIsImgiOjIsInNjYWxlIjoxLCJyZWFsbSI6InBvZTIifV0/5a8bec4689/BootsDex04.png	Metadata/Items/Armours/Boots/FourBootsDex4Verisium
item	Runeforged Stitched Gloves	Руннокованые сшитые перчатки	WzI1LDE0LHsiZiI6IjJESXRlbXMvQXJtb3Vycy9HbG92ZXMvQmFzZXR5cGVzL0dsb3Zlc0ludDAzIiwidyI6MiwiaCI6Miwic2NhbGUiOjEsInJlYWxtIjoicG9lMiJ9XQ/85766bcbe2/GlovesInt03.png	Metadata/Items/Armours/Gloves/FourGlovesInt3Verisium
item	Runeforged Stocky Mitts	Руннокованые толстые рукавицы	WzI1LDE0LHsiZiI6IjJESXRlbXMvQXJtb3Vycy9HbG92ZXMvQmFzZXR5cGVzL0dsb3Zlc1N0cjAxIiwidyI6MiwiaCI6Miwic2NhbGUiOjEsInJlYWxtIjoicG9lMiJ9XQ/9087556afe/GlovesStr01.png	Metadata/Items/Armours/Gloves/FourGlovesStr1Verisium
item	Runeforged Stone Cuirass	Руннокованый каменный нагрудник	WzI1LDE0LHsiZiI6IjJESXRlbXMvQXJtb3Vycy9Cb2R5QXJtb3Vycy9CYXNldHlwZXMvQm9keVN0cjA4IiwidyI6MiwiaCI6Mywic2NhbGUiOjEsInJlYWxtIjoicG9lMiJ9XQ/017f2527d7/BodyStr08.png	Metadata/Items/Armours/BodyArmours/FourBodyStr8CruelVerisium
item	Runeforged Stone Greaves	Руннокованые каменные поножи	WzI1LDE0LHsiZiI6IjJESXRlbXMvQXJtb3Vycy9Cb290cy9CYXNldHlwZXMvQm9vdHNTdHIwNSIsInciOjIsImgiOjIsInNjYWxlIjoxLCJyZWFsbSI6InBvZTIifV0/3bc62e552f/BootsStr05.png	Metadata/Items/Armours/Boots/FourBootsStr5Verisium
item	Runeforged Stone Targe	Руннокованый каменный тарджет	WzI1LDE0LHsiZiI6IjJESXRlbXMvT2ZmaGFuZC9TaGllbGRzL1NoaWVsZDA1IiwidyI6MiwiaCI6Mywic2NhbGUiOjEsInJlYWxtIjoicG9lMiJ9XQ/8eead9d3b1/Shield05.png	Metadata/Items/Armours/Shields/FourShieldStrDex5CruelVerisium
item	Runeforged Stone Tower Shield	Руннокованый каменный ростовой щит	WzI1LDE0LHsiZiI6IjJESXRlbXMvT2ZmaGFuZC9TaGllbGRzL1Rvd2VyMDgiLCJ3IjoyLCJoIjo0LCJzY2FsZSI6MSwicmVhbG0iOiJwb2UyIn1d/3049a79ef7/Tower08.png	Metadata/Items/Armours/Shields/FourShieldStr8Verisium
item	Runeforged Stratified Targe	Руннокованый многослойный тарджет	WzI1LDE0LHsiZiI6IjJESXRlbXMvT2ZmaGFuZC9TaGllbGRzL1NoaWVsZDA3IiwidyI6MiwiaCI6Mywic2NhbGUiOjEsInJlYWxtIjoicG9lMiJ9XQ/0a4da02307/Shield07.png	Metadata/Items/Armours/Shields/FourShieldStrDex7Verisium
item	Runeforged Straw Sandals	Руннокованые соломенные сандалии	WzI1LDE0LHsiZiI6IjJESXRlbXMvQXJtb3Vycy9Cb290cy9CYXNldHlwZXMvQm9vdHNJbnQwMSIsInciOjIsImgiOjIsInNjYWxlIjoxLCJyZWFsbSI6InBvZTIifV0/97a15f9306/BootsInt01.png	Metadata/Items/Armours/Boots/FourBootsInt1Verisium
item	Runeforged Studded Boots	Руннокованые клёпаные сапоги	WzI1LDE0LHsiZiI6IjJESXRlbXMvQXJtb3Vycy9Cb290cy9CYXNldHlwZXMvQm9vdHNEZXgwNCIsInciOjIsImgiOjIsInNjYWxlIjoxLCJyZWFsbSI6InBvZTIifV0/5a8bec4689/BootsDex04.png	Metadata/Items/Armours/Boots/FourBootsDex4CruelVerisium
item	Runeforged Studded Greatclub	Руннокованая шипастая палица		Metadata/Items/Weapons/TwoHandWeapons/TwoHandMaces/FourTwoHandMaceVerisium4a;?
item	Runeforged Studded Targe	Руннокованый тарджет с заклёпками	WzI1LDE0LHsiZiI6IjJESXRlbXMvT2ZmaGFuZC9TaGllbGRzL1NoaWVsZDAzIiwidyI6MiwiaCI6Mywic2NhbGUiOjEsInJlYWxtIjoicG9lMiJ9XQ/6ff6f7c6d3/Shield03.png	Metadata/Items/Armours/Shields/FourShieldStrDex3Verisium
item	Runeforged Studded Vest	Руннокованый клёпаный нагрудник	WzI1LDE0LHsiZiI6IjJESXRlbXMvQXJtb3Vycy9Cb2R5QXJtb3Vycy9CYXNldHlwZXMvQm9keURleDA2IiwidyI6MiwiaCI6Mywic2NhbGUiOjEsInJlYWxtIjoicG9lMiJ9XQ/dd53d7b8d1/BodyDex06.png	Metadata/Items/Armours/BodyArmours/FourBodyDex6Verisium
item	Runeforged Suede Bracers	Руннокованые замшевые наручи	WzI1LDE0LHsiZiI6IjJESXRlbXMvQXJtb3Vycy9HbG92ZXMvQmFzZXR5cGVzL0dsb3Zlc0RleDAxIiwidyI6MiwiaCI6Miwic2NhbGUiOjEsInJlYWxtIjoicG9lMiJ9XQ/c025f87824/GlovesDex01.png	Metadata/Items/Armours/Gloves/FourGlovesDex1Verisium
item	Runeforged Swathed Cap	Руннокованый капюшон с куфией	WzI1LDE0LHsiZiI6IjJESXRlbXMvQXJtb3Vycy9IZWxtZXRzL0Jhc2V0eXBlcy9IZWxtZXREZXgwNCIsInciOjIsImgiOjIsInNjYWxlIjoxLCJyZWFsbSI6InBvZTIifV0/e2bcc2e1c1/HelmetDex04.png	Metadata/Items/Armours/Helmets/FourHelmetDex4Verisium
item	Runeforged Swiftstalker Coat	Руннокованая куртка ловчего	WzI1LDE0LHsiZiI6IjJESXRlbXMvQXJtb3Vycy9Cb2R5QXJtb3Vycy9CYXNldHlwZXMvQm9keURleDAzIiwidyI6MiwiaCI6Mywic2NhbGUiOjEsInJlYWxtIjoicG9lMiJ9XQ/cc5ba22973/BodyDex03.png	Metadata/Items/Armours/BodyArmours/FourBodyDex3EndgameVerisium;stat_924253255=0
item	Runeforged Tasalian Focus	Руннокованый фокус Тасалио	WzI1LDE0LHsiZiI6IjJESXRlbXMvT2ZmaGFuZC9Gb2NpL0Jhc2V0eXBlcy9Gb2N1czEwIiwidyI6MiwiaCI6Mywic2NhbGUiOjEsInJlYWxtIjoicG9lMiJ9XQ/fae6589795/Focus10.png	Metadata/Items/Armours/Focii/FourFocus10EndgameVerisium
item	Runeforged Tasalian Greaves	Руннокованые поножи Тасалио	WzI1LDE0LHsiZiI6IjJESXRlbXMvQXJtb3Vycy9Cb290cy9CYXNldHlwZXMvQm9vdHNTdHIwNiIsInciOjIsImgiOjIsInNjYWxlIjoxLCJyZWFsbSI6InBvZTIifV0/4c3e83f5cc/BootsStr06.png	Metadata/Items/Armours/Boots/FourBootsStr6EndgameVerisium
item	Runeforged Tattered Robe	Руннокованое рваное платье	WzI1LDE0LHsiZiI6IjJESXRlbXMvQXJtb3Vycy9Cb2R5QXJtb3Vycy9CYXNldHlwZXMvQm9keUludDAxIiwidyI6MiwiaCI6Mywic2NhbGUiOjEsInJlYWxtIjoicG9lMiJ9XQ/99cf30da0e/BodyInt01.png	Metadata/Items/Armours/BodyArmours/FourBodyInt1Verisium
item	Runeforged Tawhoan Tower Shield	Руннокованый ростовой щит Тахоа	WzI1LDE0LHsiZiI6IjJESXRlbXMvT2ZmaGFuZC9TaGllbGRzL1Rvd2VyMTAiLCJ3IjoyLCJoIjo0LCJzY2FsZSI6MSwicmVhbG0iOiJwb2UyIn1d/8efda96f5b/Tower10.png	Metadata/Items/Armours/Shields/FourShieldStr10EndgameVerisium
item	Runeforged Tempered Mitts	Руннокованые закалённые рукавицы	WzI1LDE0LHsiZiI6IjJESXRlbXMvQXJtb3Vycy9HbG92ZXMvQmFzZXR5cGVzL0dsb3Zlc1N0cjAzIiwidyI6MiwiaCI6Miwic2NhbGUiOjEsInJlYWxtIjoicG9lMiJ9XQ/5a4d47e4f0/GlovesStr03.png	Metadata/Items/Armours/Gloves/FourGlovesStr3Verisium
item	Runeforged Temple Maul	Руннокованая храмовая дубина		Metadata/Items/Weapons/TwoHandWeapons/TwoHandMaces/FourTwoHandMaceVerisium6
item	Runeforged Tense Crossbow	Руннокованый тугой самострел		Metadata/Items/Weapons/TwoHandWeapons/Crossbows/FourCrossbowVerisium2a
item	Runeforged Thane Mail	Руннокованая кольчуга тана	WzI1LDE0LHsiZiI6IjJESXRlbXMvQXJtb3Vycy9Cb2R5QXJtb3Vycy9CYXNldHlwZXMvQm9keVN0ckRleDA4IiwidyI6MiwiaCI6Mywic2NhbGUiOjEsInJlYWxtIjoicG9lMiJ9XQ/e3f1f20a56/BodyStrDex08.png	Metadata/Items/Armours/BodyArmours/FourBodyStrDex8EndgameVerisium;stat_3855016469=0
item	Runeforged Threaded Shoes	Руннокованые прошитые ботинки	WzI1LDE0LHsiZiI6IjJESXRlbXMvQXJtb3Vycy9Cb290cy9CYXNldHlwZXMvQm9vdHNEZXhJbnQwMiIsInciOjIsImgiOjIsInNjYWxlIjoxLCJyZWFsbSI6InBvZTIifV0/2c646ce419/BootsDexInt02.png	Metadata/Items/Armours/Boots/FourBootsDexInt2Verisium
item	Runeforged Tideseer Mantle	Руннокованый наряд провидца волн	WzI1LDE0LHsiZiI6IjJESXRlbXMvQXJtb3Vycy9Cb2R5QXJtb3Vycy9CYXNldHlwZXMvQm9keUludFN0cjA4IiwidyI6MiwiaCI6Mywic2NhbGUiOjEsInJlYWxtIjoicG9lMiJ9XQ/6ea550382e/BodyIntStr08.png	Metadata/Items/Armours/BodyArmours/FourBodyStrInt8Verisium
item	Runeforged Tonal Focus	Руннокованый мелодичный фокус	WzI1LDE0LHsiZiI6IjJESXRlbXMvT2ZmaGFuZC9Gb2NpL0Jhc2V0eXBlcy9Gb2N1czA1IiwidyI6MiwiaCI6Mywic2NhbGUiOjEsInJlYWxtIjoicG9lMiJ9XQ/0e885caa36/Focus05.png	Metadata/Items/Armours/Focii/FourFocus5Verisium
item	Runeforged Torn Gloves	Руннокованые рваные перчатки	WzI1LDE0LHsiZiI6IjJESXRlbXMvQXJtb3Vycy9HbG92ZXMvQmFzZXR5cGVzL0dsb3Zlc0ludDAxIiwidyI6MiwiaCI6Miwic2NhbGUiOjEsInJlYWxtIjoicG9lMiJ9XQ/23875ec7b0/GlovesInt01.png	Metadata/Items/Armours/Gloves/FourGlovesInt1Verisium
item	Runeforged Trailblazer Armour	Руннокованая броня первопроходца	WzI1LDE0LHsiZiI6IjJESXRlbXMvQXJtb3Vycy9Cb2R5QXJtb3Vycy9CYXNldHlwZXMvQm9keVN0ckRleDA1IiwidyI6MiwiaCI6Mywic2NhbGUiOjEsInJlYWxtIjoicG9lMiJ9XQ/dfce2be64c/BodyStrDex05.png	Metadata/Items/Armours/BodyArmours/FourBodyStrDex5CruelVerisium
item	Runeforged Trapper Hood	Руннокованый капюшон ловчего	WzI1LDE0LHsiZiI6IjJESXRlbXMvQXJtb3Vycy9IZWxtZXRzL0Jhc2V0eXBlcy9IZWxtZXREZXgwNSIsInciOjIsImgiOjIsInNjYWxlIjoxLCJyZWFsbSI6InBvZTIifV0/367615d8a8/HelmetDex05.png	Metadata/Items/Armours/Helmets/FourHelmetDex5EndgameVerisium
item	Runeforged Treerunner Shoes	Руннокованые ботинки лесного гонца	WzI1LDE0LHsiZiI6IjJESXRlbXMvQXJtb3Vycy9Cb290cy9CYXNldHlwZXMvQm9vdHNEZXhJbnQwMyIsInciOjIsImgiOjIsInNjYWxlIjoxLCJyZWFsbSI6InBvZTIifV0/f36ea8ace2/BootsDexInt03.png	Metadata/Items/Armours/Boots/FourBootsDexInt3CruelVerisium
item	Runeforged Tribal Mask	Руннокованая племенная маска	WzI1LDE0LHsiZiI6IjJESXRlbXMvQXJtb3Vycy9IZWxtZXRzL0Jhc2V0eXBlcy9IZWxtZXREZXhJbnQwNSIsInciOjIsImgiOjIsInNjYWxlIjoxLCJyZWFsbSI6InBvZTIifV0/a9d1297918/HelmetDexInt05.png	Metadata/Items/Armours/Helmets/FourHelmetDexInt5Verisium
item	Runeforged Trimmed Greaves	Руннокованые подогнанные поножи	WzI1LDE0LHsiZiI6IjJESXRlbXMvQXJtb3Vycy9Cb290cy9CYXNldHlwZXMvQm9vdHNTdHIwNCIsInciOjIsImgiOjIsInNjYWxlIjoxLCJyZWFsbSI6InBvZTIifV0/f9e847d2b0/BootsStr04.png	Metadata/Items/Armours/Boots/FourBootsStr4Verisium
item	Runeforged Twig Circlet	Руннокованый венок из ветвей	WzI1LDE0LHsiZiI6IjJESXRlbXMvQXJtb3Vycy9IZWxtZXRzL0Jhc2V0eXBlcy9IZWxtZXRJbnQwMSIsInciOjIsImgiOjIsInNjYWxlIjoxLCJyZWFsbSI6InBvZTIifV0/3ce3c4f92f/HelmetInt01.png	Metadata/Items/Armours/Helmets/FourHelmetInt1Verisium
item	Runeforged Twig Focus	Руннокованый фокус из веток	WzI1LDE0LHsiZiI6IjJESXRlbXMvT2ZmaGFuZC9Gb2NpL0Jhc2V0eXBlcy9Gb2N1czAxIiwidyI6MiwiaCI6Mywic2NhbGUiOjEsInJlYWxtIjoicG9lMiJ9XQ/6ebab8c3eb/Focus01.png	Metadata/Items/Armours/Focii/FourFocus1Verisium
item	Runeforged Utzaal Cuirass	Руннокованый нагрудник из Утцааля	WzI1LDE0LHsiZiI6IjJESXRlbXMvQXJtb3Vycy9Cb2R5QXJtb3Vycy9CYXNldHlwZXMvQm9keVN0cjA4IiwidyI6MiwiaCI6Mywic2NhbGUiOjEsInJlYWxtIjoicG9lMiJ9XQ/017f2527d7/BodyStr08.png	Metadata/Items/Armours/BodyArmours/FourBodyStr8EndgameVerisium;stat_680068163=0
item	Runeforged Vaal Crest Shield	Руннокованый гербовый щит ваал	WzI1LDE0LHsiZiI6IjJESXRlbXMvT2ZmaGFuZC9TaGllbGRzL0NyZXN0MDYiLCJ3IjoyLCJoIjozLCJzY2FsZSI6MSwicmVhbG0iOiJwb2UyIn1d/6ba061f56a/Crest06.png	Metadata/Items/Armours/Shields/FourShieldStrInt6EndgameVerisium
item	Runeforged Vaal Cuirass	Руннокованый нагрудник ваал	WzI1LDE0LHsiZiI6IjJESXRlbXMvQXJtb3Vycy9Cb2R5QXJtb3Vycy9CYXNldHlwZXMvQm9keVN0cjA4IiwidyI6MiwiaCI6Mywic2NhbGUiOjEsInJlYWxtIjoicG9lMiJ9XQ/017f2527d7/BodyStr08.png	Metadata/Items/Armours/BodyArmours/FourBodyStr8Verisium
item	Runeforged Vaal Gloves	Руннокованые перчатки ваал	WzI1LDE0LHsiZiI6IjJESXRlbXMvQXJtb3Vycy9HbG92ZXMvQmFzZXR5cGVzL0dsb3Zlc0ludDA1IiwidyI6MiwiaCI6Miwic2NhbGUiOjEsInJlYWxtIjoicG9lMiJ9XQ/b273510d40/GlovesInt05.png	Metadata/Items/Armours/Gloves/FourGlovesInt5EndgameVerisium
item	Runeforged Vaal Greaves	Руннокованые поножи ваал	WzI1LDE0LHsiZiI6IjJESXRlbXMvQXJtb3Vycy9Cb290cy9CYXNldHlwZXMvQm9vdHNTdHIwNSIsInciOjIsImgiOjIsInNjYWxlIjoxLCJyZWFsbSI6InBvZTIifV0/3bc62e552f/BootsStr05.png	Metadata/Items/Armours/Boots/FourBootsStr5EndgameVerisium
item	Runeforged Vaal Mitts	Руннокованые рукавицы ваал	WzI1LDE0LHsiZiI6IjJESXRlbXMvQXJtb3Vycy9HbG92ZXMvQmFzZXR5cGVzL0dsb3Zlc1N0cjA1IiwidyI6MiwiaCI6Miwic2NhbGUiOjEsInJlYWxtIjoicG9lMiJ9XQ/30e916dc14/GlovesStr05.png	Metadata/Items/Armours/Gloves/FourGlovesStr5EndgameVerisium
item	Runeforged Vaal Tower Shield	Руннокованый ростовой щит ваал	WzI1LDE0LHsiZiI6IjJESXRlbXMvT2ZmaGFuZC9TaGllbGRzL1Rvd2VyMDgiLCJ3IjoyLCJoIjo0LCJzY2FsZSI6MSwicmVhbG0iOiJwb2UyIn1d/3049a79ef7/Tower08.png	Metadata/Items/Armours/Shields/FourShieldStr8EndgameVerisium
item	Runeforged Vaal Wraps	Руннокованые обмотки ваал	WzI1LDE0LHsiZiI6IjJESXRlbXMvQXJtb3Vycy9HbG92ZXMvQmFzZXR5cGVzL0dsb3Zlc0RleEludDAzIiwidyI6MiwiaCI6Miwic2NhbGUiOjEsInJlYWxtIjoicG9lMiJ9XQ/bdc7c3c15d/GlovesDexInt03.png	Metadata/Items/Armours/Gloves/FourGlovesDexInt3EndgameVerisium
item	Runeforged Vagabond Armour	Руннокованый доспех бродяги	WzI1LDE0LHsiZiI6IjJESXRlbXMvQXJtb3Vycy9Cb2R5QXJtb3Vycy9CYXNldHlwZXMvQm9keVN0ckRleDAzIiwidyI6MiwiaCI6Mywic2NhbGUiOjEsInJlYWxtIjoicG9lMiJ9XQ/f92e38e404/BodyStrDex03.png	Metadata/Items/Armours/BodyArmours/FourBodyStrDex3Verisium
item	Runeforged Veiled Mask	Руннокованая маска с вуалью	WzI1LDE0LHsiZiI6IjJESXRlbXMvQXJtb3Vycy9IZWxtZXRzL0Jhc2V0eXBlcy9IZWxtZXREZXhJbnQwNCIsInciOjIsImgiOjIsInNjYWxlIjoxLCJyZWFsbSI6InBvZTIifV0/1322e46f92/HelmetDexInt04.png	Metadata/Items/Armours/Helmets/FourHelmetDexInt4Verisium
item	Runeforged Vermeil Circlet	Руннокованый вермелевый обруч	WzI1LDE0LHsiZiI6IjJESXRlbXMvQXJtb3Vycy9IZWxtZXRzL0Jhc2V0eXBlcy9IZWxtZXRJbnQwNyIsInciOjIsImgiOjIsInNjYWxlIjoxLCJyZWFsbSI6InBvZTIifV0/d6ed5a2a26/HelmetInt07.png	Metadata/Items/Armours/Helmets/FourHelmetInt7Verisium
item	Runeforged Veteran Sabatons	Руннокованые сабатоны ветерана	WzI1LDE0LHsiZiI6IjJESXRlbXMvQXJtb3Vycy9Cb290cy9CYXNldHlwZXMvQm9vdHNTdHJEZXgwMSIsInciOjIsImgiOjIsInNjYWxlIjoxLCJyZWFsbSI6InBvZTIifV0/a74f14c79f/BootsStrDex01.png	Metadata/Items/Armours/Boots/FourBootsStrDex1EndgameVerisium
item	Runeforged Vicious Talisman	Руннокованый злобный талисман 		Metadata/Items/Weapons/TwoHandWeapons/Talismans/TalismanVerisium8
item	Runeforged Vile Robe	Руннокованое нечестивое облачение	WzI1LDE0LHsiZiI6IjJESXRlbXMvQXJtb3Vycy9Cb2R5QXJtb3Vycy9CYXNldHlwZXMvQm9keUludDAzIiwidyI6MiwiaCI6Mywic2NhbGUiOjEsInJlYWxtIjoicG9lMiJ9XQ/72f888e8c2/BodyInt03.png	Metadata/Items/Armours/BodyArmours/FourBodyInt3EndgameVerisium
item	Runeforged Viper Cap	Руннокованая голова гадюки	WzI1LDE0LHsiZiI6IjJESXRlbXMvQXJtb3Vycy9IZWxtZXRzL0Jhc2V0eXBlcy9IZWxtZXREZXgwNiIsInciOjIsImgiOjIsInNjYWxlIjoxLCJyZWFsbSI6InBvZTIifV0/20e9cd169b/HelmetDex06.png	Metadata/Items/Armours/Helmets/FourHelmetDex6Verisium
item	Runeforged Visored Helm	Руннокованый шлем с козырьком	WzI1LDE0LHsiZiI6IjJESXRlbXMvQXJtb3Vycy9IZWxtZXRzL0Jhc2V0eXBlcy9IZWxtZXRTdHJEZXgwMyIsInciOjIsImgiOjIsInNjYWxlIjoxLCJyZWFsbSI6InBvZTIifV0/388d8eea74/HelmetStrDex03.png	Metadata/Items/Armours/Helmets/FourHelmetStrDex3Verisium
item	Runeforged Voodoo Focus	Руннокованый фокус вуду	WzI1LDE0LHsiZiI6IjJESXRlbXMvT2ZmaGFuZC9Gb2NpL0Jhc2V0eXBlcy9Gb2N1czA3IiwidyI6MiwiaCI6Mywic2NhbGUiOjEsInJlYWxtIjoicG9lMiJ9XQ/5111338008/Focus07.png	Metadata/Items/Armours/Focii/FourFocus7Verisium
item	Runeforged Votive Raiment	Руннокованое обетное одеяние	WzI1LDE0LHsiZiI6IjJESXRlbXMvQXJtb3Vycy9Cb2R5QXJtb3Vycy9CYXNldHlwZXMvQm9keUludDA3IiwidyI6MiwiaCI6Mywic2NhbGUiOjEsInJlYWxtIjoicG9lMiJ9XQ/e50f8b5131/BodyInt07.png	Metadata/Items/Armours/BodyArmours/FourBodyInt7Verisium
item	Runeforged Wanderer Shoes	Руннокованые ботинки странника	WzI1LDE0LHsiZiI6IjJESXRlbXMvQXJtb3Vycy9Cb290cy9CYXNldHlwZXMvQm9vdHNEZXhJbnQwMSIsInciOjIsImgiOjIsInNjYWxlIjoxLCJyZWFsbSI6InBvZTIifV0/28c930b721/BootsDexInt01.png	Metadata/Items/Armours/Boots/FourBootsDexInt1EndgameVerisium
item	Runeforged War Spear	Руннокованое воинское копьё		Metadata/Items/Weapons/OneHandWeapons/OneHandSpears/FourSpearVerisium5;?;stat_535217483=0
item	Runeforged War Wraps	Руннокованые военные обмотки	WzI1LDE0LHsiZiI6IjJESXRlbXMvQXJtb3Vycy9HbG92ZXMvQmFzZXR5cGVzL0dsb3Zlc0RleEludDAxIiwidyI6MiwiaCI6Miwic2NhbGUiOjEsInJlYWxtIjoicG9lMiJ9XQ/5595d33f3d/GlovesDexInt01.png	Metadata/Items/Armours/Gloves/FourGlovesDexInt1EndgameVerisium
item	Runeforged Warded Helm	Руннокованый шлем с решёткой	WzI1LDE0LHsiZiI6IjJESXRlbXMvQXJtb3Vycy9IZWxtZXRzL0Jhc2V0eXBlcy9IZWxtZXRTdHJEZXgwMiIsInciOjIsImgiOjIsInNjYWxlIjoxLCJyZWFsbSI6InBvZTIifV0/76592dc5c5/HelmetStrDex02.png	Metadata/Items/Armours/Helmets/FourHelmetStrDex2EndgameVerisium
item	Runeforged Warden Bow	Руннокованый лук часового		Metadata/Items/Weapons/TwoHandWeapons/Bows/FourBowVerisium3;stat_1028592286=0
item	Runeforged Warlock Leggings	Руннокованые сапоги ведуна	WzI1LDE0LHsiZiI6IjJESXRlbXMvQXJtb3Vycy9Cb290cy9CYXNldHlwZXMvQm9vdHNJbnRTdHIwMyIsInciOjIsImgiOjIsInNjYWxlIjoxLCJyZWFsbSI6InBvZTIifV0/3fb2f64940/BootsIntStr03.png	Metadata/Items/Armours/Boots/FourBootsStrInt3EndgameVerisium
item	Runeforged Warlord Cuirass	Руннокованая кираса вождя	WzI1LDE0LHsiZiI6IjJESXRlbXMvQXJtb3Vycy9Cb2R5QXJtb3Vycy9CYXNldHlwZXMvQm9keVN0cjEwIiwidyI6MiwiaCI6Mywic2NhbGUiOjEsInJlYWxtIjoicG9lMiJ9XQ/23e350525b/BodyStr10.png	Metadata/Items/Armours/BodyArmours/FourBodyStr10EndgameVerisium;stat_3362812763=0
item	Runeforged Warmonger Greathelm	Руннокованый большой шлем зачинщика	WzI1LDE0LHsiZiI6IjJESXRlbXMvQXJtb3Vycy9IZWxtZXRzL0Jhc2V0eXBlcy9IZWxtZXRTdHIwMiIsInciOjIsImgiOjIsInNjYWxlIjoxLCJyZWFsbSI6InBvZTIifV0/73267fe169/HelmetStr02.png	Metadata/Items/Armours/Helmets/FourHelmetStr2EndgameVerisium
item	Runeforged Warpick	Руннокованый клевец		Metadata/Items/Weapons/OneHandWeapons/OneHandMaces/FourOneHandMaceVerisium5;stat_1879206848=0
item	Runeforged Warrior Greathelm	Руннокованый большой шлем воина	WzI1LDE0LHsiZiI6IjJESXRlbXMvQXJtb3Vycy9IZWxtZXRzL0Jhc2V0eXBlcy9IZWxtZXRTdHIwNiIsInciOjIsImgiOjIsInNjYWxlIjoxLCJyZWFsbSI6InBvZTIifV0/65db2fac84/HelmetStr06.png	Metadata/Items/Armours/Helmets/FourHelmetStr6Verisium
item	Runeforged Waxed Jacket	Руннокованый вощёный плащ	WzI1LDE0LHsiZiI6IjJESXRlbXMvQXJtb3Vycy9Cb2R5QXJtb3Vycy9CYXNldHlwZXMvQm9keURleEludDAyIiwidyI6MiwiaCI6Mywic2NhbGUiOjEsInJlYWxtIjoicG9lMiJ9XQ/31d5df47b6/BodyDexInt02.png	Metadata/Items/Armours/BodyArmours/FourBodyDexInt2Verisium
item	Runeforged Wayfarer Jacket	Руннокованый плащ путника	WzI1LDE0LHsiZiI6IjJESXRlbXMvQXJtb3Vycy9Cb2R5QXJtb3Vycy9CYXNldHlwZXMvQm9keURleEludDA0IiwidyI6MiwiaCI6Mywic2NhbGUiOjEsInJlYWxtIjoicG9lMiJ9XQ/dba7d26275/BodyDexInt04.png	Metadata/Items/Armours/BodyArmours/FourBodyDexInt4Verisium
item	Runeforged Wayward Crest Shield	Руннокованый неуступчивый гербовый щит	WzI1LDE0LHsiZiI6IjJESXRlbXMvT2ZmaGFuZC9TaGllbGRzL0NyZXN0MDciLCJ3IjoyLCJoIjozLCJzY2FsZSI6MSwicmVhbG0iOiJwb2UyIn1d/227a2c5fc3/Crest07.png	Metadata/Items/Armours/Shields/FourShieldStrInt7Verisium
item	Runeforged Weaver Leggings	Руннокованые плетёные сапоги	WzI1LDE0LHsiZiI6IjJESXRlbXMvQXJtb3Vycy9Cb290cy9CYXNldHlwZXMvQm9vdHNJbnRTdHIwNCIsInciOjIsImgiOjIsInNjYWxlIjoxLCJyZWFsbSI6InBvZTIifV0/12efc4aaa8/BootsIntStr04.png	Metadata/Items/Armours/Boots/FourBootsStrInt4Verisium
item	Runeforged Whorl Focus	Руннокованый витой фокус	WzI1LDE0LHsiZiI6IjJESXRlbXMvT2ZmaGFuZC9Gb2NpL0Jhc2V0eXBlcy9Gb2N1czEwIiwidyI6MiwiaCI6Mywic2NhbGUiOjEsInJlYWxtIjoicG9lMiJ9XQ/fae6589795/Focus10.png	Metadata/Items/Armours/Focii/FourFocus10Verisium
item	Runeforged Wicker Tiara	Руннокованая тиара из прутьев	WzI1LDE0LHsiZiI6IjJESXRlbXMvQXJtb3Vycy9IZWxtZXRzL0Jhc2V0eXBlcy9IZWxtZXRJbnQwMiIsInciOjIsImgiOjIsInNjYWxlIjoxLCJyZWFsbSI6InBvZTIifV0/03048a9ab7/HelmetInt02.png	Metadata/Items/Armours/Helmets/FourHelmetInt2Verisium
item	Runeforged Winged Spear	Руннокованое крылатое копьё		Metadata/Items/Weapons/OneHandWeapons/OneHandSpears/FourSpearVerisium4;?;?
item	Runeforged Wolfskin Mantle	Руннокованый покров из волчьих шкур	WzI1LDE0LHsiZiI6IjJESXRlbXMvQXJtb3Vycy9Cb2R5QXJtb3Vycy9CYXNldHlwZXMvQm9keUludFN0cjAyIiwidyI6MiwiaCI6Mywic2NhbGUiOjEsInJlYWxtIjoicG9lMiJ9XQ/79f27dfa2e/BodyIntStr02.png	Metadata/Items/Armours/BodyArmours/FourBodyStrInt2EndgameVerisium
item	Runeforged Wooden Buckler	Руннокованый деревянный баклер	WzI1LDE0LHsiZiI6IjJESXRlbXMvT2ZmaGFuZC9TaGllbGRzL0J1Y2tsZXIwMiIsInciOjIsImgiOjIsInNjYWxlIjoxLCJyZWFsbSI6InBvZTIifV0/db7e92c9f1/Buckler02.png	Metadata/Items/Armours/Shields/FourShieldDex2Verisium
item	Runeforged Wooden Club	Руннокованая деревянная дубинка		Metadata/Items/Weapons/OneHandWeapons/OneHandMaces/FourOneHandMaceVerisium1a;stat_1840985759=0
item	Runeforged Woven Cap	Руннокованая тканая шляпа	WzI1LDE0LHsiZiI6IjJESXRlbXMvQXJtb3Vycy9IZWxtZXRzL0Jhc2V0eXBlcy9IZWxtZXREZXgwMiIsInciOjIsImgiOjIsInNjYWxlIjoxLCJyZWFsbSI6InBvZTIifV0/9d0b607edc/HelmetDex02.png	Metadata/Items/Armours/Helmets/FourHelmetDex2EndgameVerisium
item	Runeforged Woven Focus	Руннокованый плетёный фокус	WzI1LDE0LHsiZiI6IjJESXRlbXMvT2ZmaGFuZC9Gb2NpL0Jhc2V0eXBlcy9Gb2N1czAyIiwidyI6MiwiaCI6Mywic2NhbGUiOjEsInJlYWxtIjoicG9lMiJ9XQ/118df6fdf5/Focus02.png	Metadata/Items/Armours/Focii/FourFocus2Verisium
item	Runeforged Wrapped Cap	Руннокованый обмотанный капюшон	WzI1LDE0LHsiZiI6IjJESXRlbXMvQXJtb3Vycy9IZWxtZXRzL0Jhc2V0eXBlcy9IZWxtZXREZXgwNCIsInciOjIsImgiOjIsInNjYWxlIjoxLCJyZWFsbSI6InBvZTIifV0/e2bcc2e1c1/HelmetDex04.png	Metadata/Items/Armours/Helmets/FourHelmetDex4CruelVerisium
item	Runeforged Wrapped Greathelm	Руннокованый обмотанный большой шлем	WzI1LDE0LHsiZiI6IjJESXRlbXMvQXJtb3Vycy9IZWxtZXRzL0Jhc2V0eXBlcy9IZWxtZXRTdHIwMyIsInciOjIsImgiOjIsInNjYWxlIjoxLCJyZWFsbSI6InBvZTIifV0/72edb29cb8/HelmetStr03.png	Metadata/Items/Armours/Helmets/FourHelmetStr3Verisium
item	Runeforged Wrapped Quarterstaff	Руннокованый обмотанный боевой посох		Metadata/Items/Weapons/TwoHandWeapons/Staves/FourQuarterstaffVerisium1;stat_3166958180=0
item	Runeforged Wrapped Sandals	Руннокованые плетёные сандалии	WzI1LDE0LHsiZiI6IjJESXRlbXMvQXJtb3Vycy9Cb290cy9CYXNldHlwZXMvQm9vdHNJbnQwMiIsInciOjIsImgiOjIsInNjYWxlIjoxLCJyZWFsbSI6InBvZTIifV0/8a97a69384/BootsInt02.png	Metadata/Items/Armours/Boots/FourBootsInt2Verisium
item	Runeforged Wyrmscale Coat	Руннокованый доспех из чешуи гивра	WzI1LDE0LHsiZiI6IjJESXRlbXMvQXJtb3Vycy9Cb2R5QXJtb3Vycy9CYXNldHlwZXMvQm9keURleDA4IiwidyI6MiwiaCI6Mywic2NhbGUiOjEsInJlYWxtIjoicG9lMiJ9XQ/a43ac39920/BodyDex08.png	Metadata/Items/Armours/BodyArmours/FourBodyDex8EndgameVerisium;stat_3544800472=0
item	Runeforged Zealot Bow	Руннокованый лук подвижника		Metadata/Items/Weapons/TwoHandWeapons/Bows/FourBowVerisium8;?
item	Runeforged Zealot Gauntlets	Руннокованые перчатки подвижника	WzI1LDE0LHsiZiI6IjJESXRlbXMvQXJtb3Vycy9HbG92ZXMvQmFzZXR5cGVzL0dsb3Zlc1N0ckRleDAzIiwidyI6MiwiaCI6Miwic2NhbGUiOjEsInJlYWxtIjoicG9lMiJ9XQ/2d6c10dfcb/GlovesStrDex03.png	Metadata/Items/Armours/Gloves/FourGlovesStrDex3CruelVerisium
item	Runemastered Aberrant Sledge	Рунномастерский искажённый молот		Metadata/Items/Weapons/TwoHandWeapons/TwoHandMaces/FourTwoHandMaceUnique1VerisiumUnique1 Metadata/Items/Weapons/TwoHandWeapons/TwoHandMaces/FourTwoHandMaceUnique1VerisiumUnique2;stat_2544540062=0 Metadata/Items/Weapons/TwoHandWeapons/TwoHandMaces/FourTwoHandMaceUnique1VerisiumUnique3;stat_473429811=0 Metadata/Items/Weapons/TwoHandWeapons/TwoHandMaces/FourTwoHandMaceUnique1VerisiumUnique4;?
item	Runemastered Aged Cuffs	Рунномастерские старинные манжеты		Metadata/Items/Armours/Gloves/FourGlovesStrInt2VerisiumUnique1
item	Runemastered Altar Robe	Рунномастерское алтарное одеяние		Metadata/Items/Armours/BodyArmours/FourBodyInt8VerisiumUnique1
item	Runemastered Ancestral Mail	Рунномастерский фамильный доспех		Metadata/Items/Armours/BodyArmours/FourBodyStrDex8VerisiumUnique1
item	Runemastered Anchorite Garb	Рунномастерское одеяние анахорета		Metadata/Items/Armours/BodyArmours/FourBodyDexInt5VerisiumUnique1
item	Runemastered Ancient Leggings	Рунномастерские древние сапоги		Metadata/Items/Armours/Boots/FourBootsStrIntVerisiumUnique1
item	Runemastered Ancient Mail	Рунномастерская древняя кольчуга		Metadata/Items/Armours/BodyArmours/FourBodyStrIntUnique2VerisiumUnique1
item	Runemastered Ancient Visor	Рунномастерский древний забранный шлем		Metadata/Items/Armours/Helmets/FourHelmetStrDexVerisiumUnique1
item	Runemastered Antler Focus	Рунномастерский фокус из рогов		Metadata/Items/Armours/Focii/FourFocus3VerisiumUnique1
item	Runemastered Armoured Cap	Рунномастерский защитный капюшон		Metadata/Items/Armours/Helmets/FourHelmetDex11VerisiumUnique1
item	Runemastered Armoured Vest	Рунномастерский бригантный доспех		Metadata/Items/Armours/BodyArmours/FourBodyDex15VerisiumUnique1;stat_3544800472=0
item	Runemastered Array Buckler	Рунномастерский колющий баклер		Metadata/Items/Armours/Shields/FourShieldDex12VerisiumUnique1
item	Runemastered Assassin Garb	Рунномастерское облачение убийцы		Metadata/Items/Armours/BodyArmours/FourBodyDexInt13VerisiumUnique1;stat_2250533757=0
item	Runemastered Barricade Tower Shield	Рунномастерский баррикадный ростовой щит		Metadata/Items/Armours/Shields/FourShieldStr4VerisiumUnique1
item	Runemastered Beaded Circlet	Рунномастерский обруч с чётками		Metadata/Items/Armours/Helmets/FourHelmetInt3VerisiumUnique1
item	Runemastered Blacksteel Tower Shield	Рунномастерский ростовой щит из чёрной стали		Metadata/Items/Armours/Shields/FourShieldStr13VerisiumUnique1
item	Runemastered Blazon Crest Shield	Рунномастерский гербовый щит		Metadata/Items/Armours/Shields/FourShieldStrInt1VerisiumUnique1
item	Runemastered Bolstered Mitts	Рунномастерские укреплённые рукавицы		Metadata/Items/Armours/Gloves/FourGlovesStr4VerisiumUnique1
item	Runemastered Bone Raiment	Рунномастерское костяное облачение		Metadata/Items/Armours/BodyArmours/FourBodyInt4VerisiumUnique1
item	Runemastered Braced Sabatons	Рунномастерские сабатоны с ремнями		Metadata/Items/Armours/Boots/FourBootsStrDex2VerisiumUnique1;stat_2250533757=0
item	Runemastered Braced Tower Shield	Рунномастерский окованный ростовой щит		Metadata/Items/Armours/Shields/FourShieldStr3VerisiumUnique1
item	Runemastered Brimmed Helm	Рунномастерский шлем с полями		Metadata/Items/Armours/Helmets/FourHelmetStrDex1VerisiumUnique1
item	Runemastered Bronze Greaves	Рунномастерские бронзовые поножи		Metadata/Items/Armours/Boots/FourBootsStr3VerisiumUnique1;stat_2250533757=0
item	Runemastered Burnished Gauntlets	Рунномастерские полированные перчатки		Metadata/Items/Armours/Gloves/FourGlovesStrDex5VerisiumUnique1
item	Runemastered Chain Mail	Рунномастерская кольчуга		Metadata/Items/Armours/BodyArmours/FourBodyStrDex1VerisiumUnique1
item	Runemastered Chain Tiara	Рунномастерская цепная тиара		Metadata/Items/Armours/Helmets/FourHelmetInt4VerisiumUnique1
item	Runemastered Cinched Boots	Рунномастерские сапоги со шнуровкой		Metadata/Items/Armours/Boots/FourBootsDex2EndgameVerisiumUnique1
item	Runemastered Cleric Vestments	Рунномастерское одеяние клирика		Metadata/Items/Armours/BodyArmours/FourBodyStrInt7VerisiumUnique1
item	Runemastered Cloaked Mail	Рунномастерский доспех с кольцами		Metadata/Items/Armours/BodyArmours/FourBodyStrDex4VerisiumUnique1
item	Runemastered Corsair Cap	Рунномастерская треуголка корсара		Metadata/Items/Armours/Helmets/FourHelmetDex7VerisiumUnique1
item	Runemastered Corvus Mantle	Рунномастерское вороново облачение		Metadata/Items/Armours/BodyArmours/FourBodyStrInt12VerisiumUnique1;stat_3981240776|stat_2704225257=0
item	Runemastered Covered Sabatons	Рунномастерские сплошные сабатоны		Metadata/Items/Armours/Boots/FourBootsStrDex4VerisiumUnique1
item	Runemastered Covert Hood	Рунномастерский капюшон агента		Metadata/Items/Armours/Helmets/FourHelmetDex10VerisiumUnique1
item	Runemastered Cowled Helm	Рунномастерский шлем с капюшоном		Metadata/Items/Armours/Helmets/FourHelmetStrDex4VerisiumUnique1
item	Runemastered Crescent Targe	Рунномастерский тарджет с полумесяцем		Metadata/Items/Armours/Shields/FourShieldStrDex4VerisiumUnique1
item	Runemastered Crucible Tower Shield	Рунномастерский закалённый ростовой щит		Metadata/Items/Armours/Shields/FourShieldStr9VerisiumUnique1 Metadata/Items/Armours/Shields/FourShieldStr9VerisiumUnique2;stat_1568848828=0 Metadata/Items/Armours/Shields/FourShieldStr9VerisiumUnique3 Metadata/Items/Armours/Shields/FourShieldStr9VerisiumUnique4;stat_458438597=0
item	Runemastered Crystal Focus	Рунномастерский кристальный фокус		Metadata/Items/Armours/Focii/FourFocus6VerisiumUnique1
item	Runemastered Cultist Crown	Рунномастерская корона культиста		Metadata/Items/Armours/Helmets/FourHelmetStrInt3VerisiumUnique1
item	Runemastered Death Mask	Рунномастерская маска смерти		Metadata/Items/Armours/Helmets/FourHelmetDexInt8VerisiumUnique1
item	Runemastered Decorated Helm	Рунномастерский украшенный шлем		Metadata/Items/Armours/Helmets/FourHelmetStrDex7VerisiumUnique1
item	Runemastered Doubled Gauntlets	Рунномастерские двухслойные перчатки		Metadata/Items/Armours/Gloves/FourGlovesStrDex3VerisiumUnique1
item	Runemastered Dyad Crossbow	Рунномастерский парный самострел		Metadata/Items/Weapons/TwoHandWeapons/Crossbows/FourCrossbowVerisium5b
item	Runemastered Elementalist Robe	Рунномастерский камзол мага стихий		Metadata/Items/Armours/BodyArmours/FourBodyInt9VerisiumUnique1
item	Runemastered Elite Greathelm	Рунномастерский большой шлем элиты		Metadata/Items/Armours/Helmets/FourHelmetStr5VerisiumUnique1
item	Runemastered Emblem Crest Shield	Рунномастерский гербовый щит с эмблемой		Metadata/Items/Armours/Shields/FourShieldStrInt3VerisiumUnique1
item	Runemastered Embossed Boots	Рунномастерские тиснёные сапоги		Metadata/Items/Armours/Boots/FourBootsDex3VerisiumUnique1;stat_2250533757=0
item	Runemastered Embroidered Gloves	Рунномастерские расшитые перчатки		Metadata/Items/Armours/Gloves/FourGlovesInt7VerisiumUnique1
item	Runemastered Engraved Focus	Рунномастерский резной фокус		Metadata/Items/Armours/Focii/FourFocus4VerisiumUnique1
item	Runemastered Enlightened Robe	Рунномастерский наряд просвещённого		Metadata/Items/Armours/BodyArmours/FourBodyInt14VerisiumUnique1;stat_789117908=0
item	Runemastered Explorer Armour	Рунномастерская броня исследователя		Metadata/Items/Armours/BodyArmours/FourBodyStrDex5VerisiumUnique1
item	Runemastered Exquisite Vest	Рунномастерский изысканный нагрудник		Metadata/Items/Armours/BodyArmours/FourBodyDex13VerisiumUnique1
item	Runemastered Face Mask	Рунномастерская лицевая маска		Metadata/Items/Armours/Helmets/FourHelmetDexInt2VerisiumUnique1
item	Runemastered Familial Talisman	Рунномастерский наследственный талисман		Metadata/Items/Weapons/TwoHandWeapons/Talismans/TalismanVerisium4b;stat_1589917703=0
item	Runemastered Feathered Robe	Рунномастерский наряд из перьев		Metadata/Items/Armours/BodyArmours/FourBodyInt2VerisiumUnique1
item	Runemastered Feathered Sandals	Рунномастерские пернатые сандалии		Metadata/Items/Armours/Boots/FourBootsInt5VerisiumUnique1
item	Runemastered Feathered Tiara	Рунномастерская тиара с перьями		Metadata/Items/Armours/Helmets/FourHelmetInt5VerisiumUnique1
item	Runemastered Felled Greatclub	Рунномастерская дубина из пня		Metadata/Items/Weapons/TwoHandWeapons/TwoHandMaces/FourTwoHandMaceVerisium1b
item	Runemastered Felt Cap	Рунномастерская войлочная шляпа		Metadata/Items/Armours/Helmets/FourHelmetDex2VerisiumUnique1
item	Runemastered Fierce Greathelm	Рунномастерский свирепый большой шлем		Metadata/Items/Armours/Helmets/FourHelmetStr8VerisiumUnique1
item	Runemastered Fine Bracers	Рунномастерские искусные наручи		Metadata/Items/Armours/Gloves/FourGlovesDex6VerisiumUnique1
item	Runemastered Firm Bracers	Рунномастерские плотные наручи		Metadata/Items/Armours/Gloves/FourGlovesDex2VerisiumUnique1
item	Runemastered Full Plate	Рунномастерские полные латы		Metadata/Items/Armours/BodyArmours/FourBodyStr7VerisiumUnique1
item	Runemastered Furtive Wraps	Рунномастерские скрытые обмотки		Metadata/Items/Armours/Gloves/FourGlovesDexInt5VerisiumUnique1
item	Runemastered Gauze Wraps	Рунномастерские обмотки из муслина		Metadata/Items/Armours/Gloves/FourGlovesDexInt1VerisiumUnique1
item	Runemastered Gilded Vestments	Рунномастерское золочёное облачение		Metadata/Items/Armours/BodyArmours/FourBodyStrInt9VerisiumUnique1
item	Runemastered Glacial Fortress	Рунномастерская ледяная крепость		Metadata/Items/Armours/Shields/FourShieldStrUnique1VerisiumUnique1
item	Runemastered Gold Circlet	Рунномастерский венец из золота		Metadata/Items/Armours/Helmets/FourHelmetInt6VerisiumUnique1
item	Runemastered Goldcast Cuffs	Рунномастерские золотые манжеты		Metadata/Items/Armours/Gloves/FourGlovesStrInt3VerisiumUnique1
item	Runemastered Gothic Quarterstaff	Рунномастерский готический боевой посох		Metadata/Items/Weapons/TwoHandWeapons/Staves/FourQuarterstaffVerisium3b;?;stat_2443492284=0
item	Runemastered Grand Cuisses	Рунномастерские великолепные набедренники		Metadata/Items/Armours/Boots/FourBootsStrDexInt1VerisiumUnique1
item	Runemastered Grand Manchettes	Рунномастерские великолепные манжеты		Metadata/Items/Armours/Gloves/FourGlovesStrDexInt1VerisiumUnique1
item	Runemastered Grand Regalia	Рунномастерское великолепное облачение		Metadata/Items/Armours/BodyArmours/FourBodyStrDexInt1VerisiumUnique1
item	Runemastered Grand Visage	Рунномастерский великолепный лик		Metadata/Items/Armours/Helmets/FourHelmetStrDexInt1VerisiumUnique1
item	Runemastered Grasping Mail	Рунномастерская цепкая кольчуга		Metadata/Items/Armours/BodyArmours/FourBodyStrDexInt3Verisium5;stat_129891052;stat_254952842 Metadata/Items/Armours/BodyArmours/FourBodyStrDexInt3Verisium6;stat_129891052;stat_254952842 Metadata/Items/Armours/BodyArmours/FourBodyStrDexInt3Verisium7;stat_129891052;stat_254952842 Metadata/Items/Armours/BodyArmours/FourBodyStrDexInt3Verisium8;stat_129891052;stat_254952842
item	Runemastered Guarded Helm	Рунномастерский шлем с забралом		Metadata/Items/Armours/Helmets/FourHelmetStrDex2VerisiumUnique1
item	Runemastered Hardwood Targe	Рунномастерский тарджет из твёрдой древесины		Metadata/Items/Armours/Shields/FourShieldStrDex1VerisiumUnique1
item	Runemastered Havoc Raiment	Рунномастерские одежды хаоса		Metadata/Items/Armours/BodyArmours/FourBodyInt13VerisiumUnique1
item	Runemastered Heavy Belt	Рунномастерский тяжёлый ремень		Metadata/Items/Belts/FourBelt9VerisiumUnique1;stat_680068163=0;stat_2650263616=0 Metadata/Items/Belts/FourBelt9VerisiumUnique2;stat_680068163=0;stat_2392260628=0 Metadata/Items/Belts/FourBelt9VerisiumUnique3;stat_680068163=0;stat_3408607858 Metadata/Items/Belts/FourBelt9VerisiumUnique4;stat_680068163=0;stat_731781020=0
item	Runemastered Heavy Crown	Рунномастерская тяжёлая корона		Metadata/Items/Armours/Helmets/FourHelmetStrInt5VerisiumUnique1
item	Runemastered Heraldric Tower Shield	Рунномастерский геральдический ростовой щит		Metadata/Items/Armours/Shields/FourShieldStr7VerisiumUnique1
item	Runemastered Hermit Garb	Рунномастерский наряд отшельника		Metadata/Items/Armours/BodyArmours/FourBodyDexInt1VerisiumUnique1
item	Runemastered Heroic Armour	Рунномастерский доспех героя		Metadata/Items/Armours/BodyArmours/FourBodyStrDex11VerisiumUnique1;stat_3299347043=0
item	Runemastered Hewn Mask	Рунномастерская обтёсанная маска		Metadata/Items/Armours/Helmets/FourHelmetDexInt1VerisiumUnique1
item	Runemastered Hexer's Robe	Рунномастерское ведьмино облачение		Metadata/Items/Armours/BodyArmours/FourBodyInt3VerisiumUnique1
item	Runemastered Hooded Mask	Рунномастерская маска с капюшоном		Metadata/Items/Armours/Helmets/FourHelmetDexInt3VerisiumUnique1
item	Runemastered Horned Crown	Рунномастерская корона с рогами		Metadata/Items/Armours/Helmets/FourHelmetStrInt2VerisiumUnique1
item	Runemastered Hunter Hood	Рунномастерский капюшон охотника		Metadata/Items/Armours/Helmets/FourHelmetDex5VerisiumUnique1
item	Runemastered Hunting Shoes	Рунномастерские охотничьи ботинки		Metadata/Items/Armours/Boots/FourBootsDexInt3VerisiumUnique1
item	Runemastered Intricate Crest Shield	Рунномастерский затейливый гербовый щит		Metadata/Items/Armours/Shields/FourShieldStrInt2EndgameVerisiumUnique1
item	Runemastered Intricate Gloves	Рунномастерские затейливые перчатки		Metadata/Items/Armours/Gloves/FourGlovesInt5VerisiumUnique1
item	Runemastered Iron Buckler	Рунномастерский железный баклер		Metadata/Items/Armours/Shields/FourShieldDex4VerisiumUnique1
item	Runemastered Iron Crown	Рунномастерская железная корона		Metadata/Items/Armours/Helmets/FourHelmetStrInt1VerisiumUnique1
item	Runemastered Iron Cuirass	Рунномастерская железная кираса		Metadata/Items/Armours/BodyArmours/FourBodyStr3VerisiumUnique1
item	Runemastered Iron Greaves	Рунномастерские железные поножи		Metadata/Items/Armours/Boots/FourBootsStr2VerisiumUnique1;stat_2250533757=0
item	Runemastered Ironclad Vestments	Рунномастерское ратное облачение		Metadata/Items/Armours/BodyArmours/FourBodyStrInt5VerisiumUnique1
item	Runemastered Ironhead Spear	Рунномастерское копьё с железным наконечником		Metadata/Items/Weapons/OneHandWeapons/OneHandSpears/FourSpearVerisium2b;?
item	Runemastered Jade Tiara	Рунномастерская нефритовая тиара		Metadata/Items/Armours/Helmets/FourHelmetInt8VerisiumUnique1
item	Runemastered Jewelled Gloves	Рунномастерские инкрустированные перчатки		Metadata/Items/Armours/Gloves/FourGlovesInt4VerisiumUnique1
item	Runemastered Jingling Crest Shield	Рунномастерский звенящий гербовый щит		Metadata/Items/Armours/Shields/FourShieldStrInt4VerisiumUnique1
item	Runemastered Keth Raiment	Рунномастерское кетское одеяние		Metadata/Items/Armours/BodyArmours/FourBodyInt6VerisiumUnique1
item	Runemastered Knight Armour	Рунномастерский рыцарский доспех		Metadata/Items/Armours/BodyArmours/FourBodyStrDex7VerisiumUnique1
item	Runemastered Laced Boots	Рунномастерские сапоги с тесьмой		Metadata/Items/Armours/Boots/FourBootsDex2VerisiumUnique1;stat_2250533757=0
item	Runemastered Lattice Sandals	Рунномастерские сетчатые сандалии		Metadata/Items/Armours/Boots/FourBootsInt3VerisiumUnique1;stat_2250533757=0
item	Runemastered Layered Gauntlets	Рунномастерские пластинчатые перчатки		Metadata/Items/Armours/Gloves/FourGlovesStrDex2VerisiumUnique1
item	Runemastered Leather Buckler	Рунномастерский кожаный баклер		Metadata/Items/Armours/Shields/FourShieldDex1VerisiumUnique1
item	Runemastered Leather Vest	Рунномастерский кожаный жилет		Metadata/Items/Armours/BodyArmours/FourBodyDex1VerisiumUnique1
item	Runemastered Leatherbound Hood	Рунномастерский кожаный капюшон		Metadata/Items/Armours/Helmets/FourHelmetDex8VerisiumUnique1
item	Runemastered Linen Wraps	Рунномастерские льняные обмотки		Metadata/Items/Armours/Gloves/FourGlovesDexInt2VerisiumUnique1
item	Runemastered Lizardscale Boots	Рунномастерские сапоги из кожи ящера		Metadata/Items/Armours/Boots/FourBootsDex5VerisiumUnique1
item	Runemastered Long Quarterstaff	Рунномастерский длинный боевой посох		Metadata/Items/Weapons/TwoHandWeapons/Staves/FourQuarterstaffVerisium2b;stat_548198834=0;?
item	Runemastered Magus Tiara	Рунномастерская тиара волшебника		Metadata/Items/Armours/Helmets/FourHelmetInt11VerisiumUnique1
item	Runemastered Mail Sabatons	Рунномастерские кольчужные сабатоны		Metadata/Items/Armours/Boots/FourBootsStrDex1VerisiumUnique1;stat_2250533757=0
item	Runemastered Mail Vestments	Рунномастерское кольчатое одеяние		Metadata/Items/Armours/BodyArmours/FourBodyStrInt3VerisiumUnique1
item	Runemastered Marabout Garb	Рунномастерский костюм марабута		Metadata/Items/Armours/BodyArmours/FourBodyDexInt3VerisiumUnique1
item	Runemastered Maraketh Cuirass	Рунномастерская маракетская кираса		Metadata/Items/Armours/BodyArmours/FourBodyStr5VerisiumUnique1
item	Runemastered Martyr Crown	Рунномастерская корона мученика		Metadata/Items/Armours/Helmets/FourHelmetStrInt4VerisiumUnique1
item	Runemastered Moulded Mitts	Рунномастерские литые рукавицы		Metadata/Items/Armours/Gloves/FourGlovesStr5VerisiumUnique1
item	Runemastered Nettle Talisman	Рунномастерский талисман из крапивы		Metadata/Items/Weapons/TwoHandWeapons/Talismans/TalismanVerisium2b
item	Runemastered Oak Greathammer	Рунномастерская дубовая кувалда		Metadata/Items/Weapons/TwoHandWeapons/TwoHandMaces/FourTwoHandMaceVerisium2b;stat_791928121=0
item	Runemastered Omen Crest Shield	Рунномастерский гербовый щит знамения		Metadata/Items/Armours/Shields/FourShieldStrInt6VerisiumUnique1
item	Runemastered Ornate Buckler	Рунномастерский украшенный баклер		Metadata/Items/Armours/Shields/FourShieldDex11VerisiumUnique1
item	Runemastered Ornate Ringmail	Рунномастерский парадный кольчатый доспех		Metadata/Items/Armours/BodyArmours/FourBodyStrIntUnique1VerisiumUnique1
item	Runemastered Painted Tower Shield	Рунномастерский расписной ростовой щит		Metadata/Items/Armours/Shields/FourShieldStr2VerisiumUnique1
item	Runemastered Pathfinder Coat	Рунномастерская куртка следопыта		Metadata/Items/Armours/BodyArmours/FourBodyDex3VerisiumUnique1
item	Runemastered Pauascale Gloves	Рунномастерские перчатки с перламутром		Metadata/Items/Armours/Gloves/FourGlovesInt6VerisiumUnique1
item	Runemastered Pilgrim Vestments	Рунномастерское облачение пилигрима		Metadata/Items/Armours/BodyArmours/FourBodyStrInt1VerisiumUnique1
item	Runemastered Plate Gauntlets	Рунномастерские латные перчатки		Metadata/Items/Armours/Gloves/FourGlovesStrDex4VerisiumUnique1
item	Runemastered Plated Buckler	Рунномастерский облицованный баклер		Metadata/Items/Armours/Shields/FourShieldDex3VerisiumUnique1
item	Runemastered Plated Raiment	Рунномастерское окованное одеяние		Metadata/Items/Armours/BodyArmours/FourBodyInt12VerisiumUnique1
item	Runemastered Plumed Focus	Рунномастерский павлиний фокус		Metadata/Items/Armours/Focii/FourFocus8VerisiumUnique1
item	Runemastered Primal Markings	Рунномастерский первобытный узор		Metadata/Items/Armours/BodyArmours/FourBodyDexIntUnique1VerisiumUnique1
item	Runemastered Quilted Vest	Рунномастерский стёганый жилет		Metadata/Items/Armours/BodyArmours/FourBodyDex2VerisiumUnique1
item	Runemastered Rampart Tower Shield	Рунномастерский бастионный ростовой щит		Metadata/Items/Armours/Shields/FourShieldStr6VerisiumUnique1
item	Runemastered Revered Vestments	Рунномастерское одеяние досточтимого		Metadata/Items/Armours/BodyArmours/FourBodyStrInt11VerisiumUnique1;stat_1978899297=0;stat_2103650854=0 Metadata/Items/Armours/BodyArmours/FourBodyStrInt11VerisiumUnique2;stat_1978899297=0;stat_2339757871=0 Metadata/Items/Armours/BodyArmours/FourBodyStrInt11VerisiumUnique3;stat_1978899297=0
item	Runemastered Rhoahide Coat	Рунномастерский доспех из шкур роа		Metadata/Items/Armours/BodyArmours/FourBodyDex5VerisiumUnique1
item	Runemastered Ridged Buckler	Рунномастерский ребристый баклер		Metadata/Items/Armours/Shields/FourShieldDex5VerisiumUnique1
item	Runemastered Ringmail Gauntlets	Рунномастерские кольчужные перчатки		Metadata/Items/Armours/Gloves/FourGlovesStrDex1VerisiumUnique1
item	Runemastered Riveted Mitts	Рунномастерские клёпаные рукавицы		Metadata/Items/Armours/Gloves/FourGlovesStr2VerisiumUnique1
item	Runemastered Rogue Armour	Рунномастерский доспех изгоя		Metadata/Items/Armours/BodyArmours/FourBodyStrDex2VerisiumUnique1
item	Runemastered Rope Cuffs	Рунномастерские верёвочные манжеты		Metadata/Items/Armours/Gloves/FourGlovesStrInt1VerisiumUnique1
item	Runemastered Rough Greaves	Рунномастерские грубые поножи		Metadata/Items/Armours/Boots/FourBootsStr1VerisiumUnique1;stat_2250533757=0
item	Runemastered Runic Fork	Рунномастерская руническая вилка		Metadata/Items/Weapons/OneHandWeapons/Wands/FourWandUnique2VerisiumUnique1;? Metadata/Items/Weapons/OneHandWeapons/Wands/FourWandUnique2VerisiumUnique2;stat_789117908=0 Metadata/Items/Weapons/OneHandWeapons/Wands/FourWandUnique2VerisiumUnique3;stat_3336230913|stat_774059442=0
item	Runemastered Rusted Cuirass	Рунномастерская ржавая кираса		Metadata/Items/Armours/BodyArmours/FourBodyStr1VerisiumUnique1
item	Runemastered Rusted Greathelm	Рунномастерский ржавый большой шлем		Metadata/Items/Armours/Helmets/FourHelmetStr1VerisiumUnique1
item	Runemastered Sacrificial Mantle	Рунномастерская жертвенная мантия		Metadata/Items/Armours/BodyArmours/FourBodyStrInt6VerisiumUnique1
item	Runemastered Sacrificial Regalia	Рунномастерское жертвенное облачение		Metadata/Items/Armours/BodyArmours/FourBodyStrDexInt2VerisiumUnique1;stat_2251279027=0
item	Runemastered Scale Mail	Рунномастерский чешуйчатый доспех		Metadata/Items/Armours/BodyArmours/FourBodyStrDex6VerisiumUnique1
item	Runemastered Scalper's Jacket	Рунномастерская накидка спекулянта		Metadata/Items/Armours/BodyArmours/FourBodyDexInt6VerisiumUnique1
item	Runemastered Scout's Vest	Рунномастерская безрукавка разведчика		Metadata/Items/Armours/BodyArmours/FourBodyDex7VerisiumUnique1
item	Runemastered Sectioned Bracers	Рунномастерские сегментные наручи		Metadata/Items/Armours/Gloves/FourGlovesDex4VerisiumUnique1
item	Runemastered Secured Leggings	Рунномастерские меховые сапоги		Metadata/Items/Armours/Boots/FourBootsStrInt2VerisiumUnique1;stat_2250533757=0
item	Runemastered Serpentscale Coat	Рунномастерский доспех из змеиной чешуи		Metadata/Items/Armours/BodyArmours/FourBodyDex8VerisiumUnique1
item	Runemastered Shabby Hood	Рунномастерский потрёпанный капюшон		Metadata/Items/Armours/Helmets/FourHelmetDex1VerisiumUnique1
item	Runemastered Shaman Mantle	Рунномастерский наряд шамана		Metadata/Items/Armours/BodyArmours/FourBodyStrInt4VerisiumUnique1
item	Runemastered Shielded Helm	Рунномастерский шлем с горжетом		Metadata/Items/Armours/Helmets/FourHelmetStrDex5VerisiumUnique1
item	Runemastered Shrouded Vest	Рунномастерская плотная кожанка		Metadata/Items/Armours/BodyArmours/FourBodyDex4VerisiumUnique1
item	Runemastered Sigil Crest Shield	Рунномастерский гербовый щит с символикой		Metadata/Items/Armours/Shields/FourShieldStrInt2VerisiumUnique1
item	Runemastered Silk Robe	Рунномастерское шёлковое платье		Metadata/Items/Armours/BodyArmours/FourBodyInt5VerisiumUnique1
item	Runemastered Silk Slippers	Рунномастерские шёлковые тапочки		Metadata/Items/Armours/Boots/FourBootsInt4VerisiumUnique1
item	Runemastered Smuggler Coat	Рунномастерская куртка контрабандиста		Metadata/Items/Armours/BodyArmours/FourBodyDex10VerisiumUnique1
item	Runemastered Soldier Greathelm	Рунномастерский большой шлем солдата		Metadata/Items/Armours/Helmets/FourHelmetStr2VerisiumUnique1
item	Runemastered Solid Mask	Рунномастерская цельная маска		Metadata/Items/Armours/Helmets/FourHelmetDexInt6VerisiumUnique1
item	Runemastered Sombre Gloves	Рунномастерские тёмные перчатки		Metadata/Items/Armours/Gloves/FourGlovesInt2VerisiumUnique1
item	Runemastered Spiked Buckler	Рунномастерский баклер с шипом		Metadata/Items/Armours/Shields/FourShieldDex6VerisiumUnique1
item	Runemastered Spined Bracers	Рунномастерские щетинистые наручи		Metadata/Items/Armours/Gloves/FourGlovesDex5VerisiumUnique1
item	Runemastered Spiral Wraps	Рунномастерские витые обмотки		Metadata/Items/Armours/Gloves/FourGlovesDexInt3VerisiumUnique1
item	Runemastered Spired Greathelm	Рунномастерский остроконечный большой шлем		Metadata/Items/Armours/Helmets/FourHelmetStr4VerisiumUnique1
item	Runemastered Spiritbone Crown	Рунномастерская корона из костей духа		Metadata/Items/Armours/Helmets/FourHelmetStrInt6VerisiumUnique1;stat_4077843608=0 Metadata/Items/Armours/Helmets/FourHelmetStrInt6VerisiumUnique2;stat_2392260628=0;stat_2153364323=0;stat_2920970371=0 Metadata/Items/Armours/Helmets/FourHelmetStrInt6VerisiumUnique3;stat_3326854490=0
item	Runemastered Splintered Tower Shield	Рунномастерский обшарпанный ростовой щит		Metadata/Items/Armours/Shields/FourShieldStr1VerisiumUnique1
item	Runemastered Stacked Sabatons	Рунномастерские пластинчатые сабатоны		Metadata/Items/Armours/Boots/FourBootsStrDex3VerisiumUnique1;stat_2250533757=0
item	Runemastered Steel Plate	Рунномастерский стальной доспех		Metadata/Items/Armours/BodyArmours/FourBodyStr6VerisiumUnique1
item	Runemastered Stitched Gloves	Рунномастерские сшитые перчатки		Metadata/Items/Armours/Gloves/FourGlovesInt3VerisiumUnique1
item	Runemastered Stocky Mitts	Рунномастерские толстые рукавицы		Metadata/Items/Armours/Gloves/FourGlovesStr1VerisiumUnique1
item	Runemastered Stone Greaves	Рунномастерские каменные поножи		Metadata/Items/Armours/Boots/FourBootsStr5VerisiumUnique1
item	Runemastered Straw Sandals	Рунномастерские соломенные сандалии		Metadata/Items/Armours/Boots/FourBootsInt1VerisiumUnique1;stat_2250533757=0
item	Runemastered Strider Vest	Рунномастерский жилет наездника		Metadata/Items/Armours/BodyArmours/FourBodyDex11VerisiumUnique1
item	Runemastered Studded Greatclub	Рунномастерская шипастая палица		Metadata/Items/Weapons/TwoHandWeapons/TwoHandMaces/FourTwoHandMaceVerisium4b;?
item	Runemastered Studded Vest	Рунномастерский клёпаный нагрудник		Metadata/Items/Armours/BodyArmours/FourBodyDex6VerisiumUnique1
item	Runemastered Suede Bracers	Рунномастерские замшевые наручи		Metadata/Items/Armours/Gloves/FourGlovesDex1VerisiumUnique1
item	Runemastered Tattered Robe	Рунномастерское рваное платье		Metadata/Items/Armours/BodyArmours/FourBodyInt1VerisiumUnique1
item	Runemastered Tempered Mitts	Рунномастерские закалённые рукавицы		Metadata/Items/Armours/Gloves/FourGlovesStr3VerisiumUnique1
item	Runemastered Tenebrous Crown	Рунномастерская тусклая корона		Metadata/Items/Armours/Helmets/FourHelmetStrIntVerisiumUnique1
item	Runemastered Tense Crossbow	Рунномастерский тугой самострел		Metadata/Items/Weapons/TwoHandWeapons/Crossbows/FourCrossbowVerisium2b
item	Runemastered Threaded Shoes	Рунномастерские прошитые ботинки		Metadata/Items/Armours/Boots/FourBootsDexInt2VerisiumUnique1;stat_2250533757=0
item	Runemastered Tideseer Mantle	Рунномастерский наряд провидца волн		Metadata/Items/Armours/BodyArmours/FourBodyStrInt8VerisiumUnique1
item	Runemastered Titan Mitts	Рунномастерские рукавицы титана		Metadata/Items/Armours/Gloves/FourGlovesStr7VerisiumUnique1
item	Runemastered Tonal Focus	Рунномастерский мелодичный фокус		Metadata/Items/Armours/Focii/FourFocus5VerisiumUnique1
item	Runemastered Torment Club	Рунномастерская булава мучений		Metadata/Items/Weapons/OneHandWeapons/OneHandMaces/FourOneHandMace13VerisiumUnique1;stat_3627052716=0;? Metadata/Items/Weapons/OneHandWeapons/OneHandMaces/FourOneHandMace13VerisiumUnique2;? Metadata/Items/Weapons/OneHandWeapons/OneHandMaces/FourOneHandMace13VerisiumUnique3;stat_2264295449=0 Metadata/Items/Weapons/OneHandWeapons/OneHandMaces/FourOneHandMace13VerisiumUnique4;stat_2231156303=0;? Metadata/Items/Weapons/OneHandWeapons/OneHandMaces/FourOneHandMace13VerisiumUnique5;stat_3112931530=0 Metadata/Items/Weapons/OneHandWeapons/OneHandMaces/FourOneHandMace13VerisiumUnique6
item	Runemastered Torn Gloves	Рунномастерские рваные перчатки		Metadata/Items/Armours/Gloves/FourGlovesInt1VerisiumUnique1
item	Runemastered Tribal Mask	Рунномастерская племенная маска		Metadata/Items/Armours/Helmets/FourHelmetDexInt5VerisiumUnique1
item	Runemastered Trimmed Greaves	Рунномастерские подогнанные поножи		Metadata/Items/Armours/Boots/FourBootsStr4VerisiumUnique1;stat_2250533757=0
item	Runemastered Twig Circlet	Рунномастерский венок из ветвей		Metadata/Items/Armours/Helmets/FourHelmetInt1VerisiumUnique1
item	Runemastered Twig Focus	Рунномастерский фокус из веток		Metadata/Items/Armours/Focii/FourFocus1VerisiumUnique1
item	Runemastered Utility Wraps	Рунномастерские практичные обмотки		Metadata/Items/Armours/Gloves/FourGlovesDexInt6VerisiumUnique1
item	Runemastered Vaal Cuirass	Рунномастерский нагрудник ваал		Metadata/Items/Armours/BodyArmours/FourBodyStr8VerisiumUnique1
item	Runemastered Vaal Tower Shield	Рунномастерский ростовой щит ваал		Metadata/Items/Armours/Shields/FourShieldStr8EndgameVerisiumUnique1
item	Runemastered Vagabond Armour	Рунномастерский доспех бродяги		Metadata/Items/Armours/BodyArmours/FourBodyStrDex3VerisiumUnique1
item	Runemastered Veiled Mask	Рунномастерская маска с вуалью		Metadata/Items/Armours/Helmets/FourHelmetDexInt4VerisiumUnique1
item	Runemastered Velour Shoes	Рунномастерские бархатные ботинки		Metadata/Items/Armours/Boots/FourBootsDexInt5VerisiumUnique1
item	Runemastered Velvet Cap	Рунномастерская бархатная шляпа		Metadata/Items/Armours/Helmets/FourHelmetDex9VerisiumUnique1
item	Runemastered Venerable Defender	Рунномастерский почётный защитник		Metadata/Items/Armours/Shields/FourShieldStrDexUnique1VerisiumUnique1 Metadata/Items/Armours/Shields/FourShieldStrDexUnique1VerisiumUnique2 Metadata/Items/Armours/Shields/FourShieldStrDexUnique1VerisiumUnique3 Metadata/Items/Armours/Shields/FourShieldStrDexUnique1VerisiumUnique4
item	Runemastered Veridical Chain	Рунномастерская цепочка истины		Metadata/Items/Amulets/FourAmuletUnique1VerisiumUnique1;stat_3336230913|stat_774059442=0;stat_3676141501=0 Metadata/Items/Amulets/FourAmuletUnique1VerisiumUnique2;stat_3336230913|stat_774059442=0;stat_1078455967=0 Metadata/Items/Amulets/FourAmuletUnique1VerisiumUnique3;stat_4273473110=0
item	Runemastered Verisium Cuffs	Рунномастерский веризиевые манжеты		Metadata/Items/Armours/Gloves/FourGlovesStrInt4VerisiumUnique1
item	Runemastered Vermeil Circlet	Рунномастерский вермелевый обруч		Metadata/Items/Armours/Helmets/FourHelmetInt7VerisiumUnique1
item	Runemastered Viper Cap	Рунномастерская голова гадюки		Metadata/Items/Armours/Helmets/FourHelmetDex6VerisiumUnique1
item	Runemastered Visored Helm	Рунномастерский шлем с козырьком		Metadata/Items/Armours/Helmets/FourHelmetStrDex3VerisiumUnique1
item	Runemastered Voodoo Focus	Рунномастерский фокус вуду		Metadata/Items/Armours/Focii/FourFocus7VerisiumUnique1
item	Runemastered Votive Raiment	Рунномастерское обетное одеяние		Metadata/Items/Armours/BodyArmours/FourBodyInt7VerisiumUnique1
item	Runemastered Warding Quarterstaff	Рунномастерский барьерный боевой посох		Metadata/Items/Weapons/TwoHandWeapons/Staves/FourQuarterstaffUnique1VerisiumUnique1;stat_3336230913|stat_774059442=0 Metadata/Items/Weapons/TwoHandWeapons/Staves/FourQuarterstaffUnique1VerisiumUnique2;stat_3336230913|stat_774059442=0 Metadata/Items/Weapons/TwoHandWeapons/Staves/FourQuarterstaffUnique1VerisiumUnique3;stat_3336230913|stat_774059442=0
item	Runemastered Warrior Greathelm	Рунномастерский большой шлем воина		Metadata/Items/Armours/Helmets/FourHelmetStr6VerisiumUnique1
item	Runemastered Waxed Jacket	Рунномастерский вощёный плащ		Metadata/Items/Armours/BodyArmours/FourBodyDexInt2VerisiumUnique1
item	Runemastered Wayfarer Jacket	Рунномастерский плащ путника		Metadata/Items/Armours/BodyArmours/FourBodyDexInt4VerisiumUnique1
item	Runemastered Wicker Tiara	Рунномастерская тиара из прутьев		Metadata/Items/Armours/Helmets/FourHelmetInt2VerisiumUnique1
item	Runemastered Wooden Buckler	Рунномастерский деревянный баклер		Metadata/Items/Armours/Shields/FourShieldDex2VerisiumUnique1
item	Runemastered Wooden Club	Рунномастерская деревянная дубинка		Metadata/Items/Weapons/OneHandWeapons/OneHandMaces/FourOneHandMaceVerisium1b;stat_1840985759=0
item	Runemastered Woven Focus	Рунномастерский плетёный фокус		Metadata/Items/Armours/Focii/FourFocus2VerisiumUnique1
item	Runemastered Wrapped Greathelm	Рунномастерский обмотанный большой шлем		Metadata/Items/Armours/Helmets/FourHelmetStr3VerisiumUnique1
item	Runemastered Wrapped Sandals	Рунномастерские плетёные сандалии		Metadata/Items/Armours/Boots/FourBootsInt2VerisiumUnique1;stat_2250533757=0
item	Runic Alloy	Рунный сплав	WzI1LDE0LHsiZiI6IjJESXRlbXMvQ3VycmVuY3kvRXhwZWRpdGlvbjIvU2NyYXBWZXJpc2l1bSIsInNjYWxlIjoxLCJyZWFsbSI6InBvZTIifV0/a16ffa5970/ScrapVerisium.png	
item	Runic Fork	Руническая вилка		Metadata/Items/Weapons/OneHandWeapons/Wands/FourWandUnique2
item	Runic Shortsword	Рунический короткий меч	WzI1LDE0LHsiZiI6IjJESXRlbXMvV2VhcG9ucy9PbmVIYW5kV2VhcG9ucy9PbmVIYW5kU3dvcmRzL0Jhc2V0eXBlcy8xSFN3b3JkMTAiLCJ3IjoyLCJoIjozLCJzY2FsZSI6MSwicmVhbG0iOiJwb2UyIn1d/7db267882b/1HSword10.png	Metadata/Items/Weapons/OneHandWeapons/OneHandSwords/FourOneHandSword10
item	Runic Splinter	Рунический осколок	WzI1LDE0LHsiZiI6IjJESXRlbXMvQ3VycmVuY3kvRXhwZWRpdGlvbi9FeHBlZGl0aW9uU3BsaW50ZXIiLCJzY2FsZSI6MSwicmVhbG0iOiJwb2UyIn1d/4768efb2c6/ExpeditionSplinter.png	
item	Runner Vest	Безрукавка гонца	WzI1LDE0LHsiZiI6IjJESXRlbXMvQXJtb3Vycy9Cb2R5QXJtb3Vycy9CYXNldHlwZXMvQm9keURleDA3IiwidyI6MiwiaCI6Mywic2NhbGUiOjEsInJlYWxtIjoicG9lMiJ9XQ/8bb9cb5d22/BodyDex07.png	Metadata/Items/Armours/BodyArmours/FourBodyDex7Cruel
item	Rusted Cuirass	Ржавая кираса	WzI1LDE0LHsiZiI6IjJESXRlbXMvQXJtb3Vycy9Cb2R5QXJtb3Vycy9CYXNldHlwZXMvQm9keVN0cjAxIiwidyI6MiwiaCI6Mywic2NhbGUiOjEsInJlYWxtIjoicG9lMiJ9XQ/48704d91dc/BodyStr01.png	Metadata/Items/Armours/BodyArmours/FourBodyStr1
item	Rusted Greathelm	Ржавый большой шлем	WzI1LDE0LHsiZiI6IjJESXRlbXMvQXJtb3Vycy9IZWxtZXRzL0Jhc2V0eXBlcy9IZWxtZXRTdHIwMSIsInciOjIsImgiOjIsInNjYWxlIjoxLCJyZWFsbSI6InBvZTIifV0/43e780c05c/HelmetStr01.png	Metadata/Items/Armours/Helmets/FourHelmetStr1
item	Sacral Quiver	Колчан освящённых стрел	WzI1LDE0LHsiZiI6IjJESXRlbXMvUXVpdmVycy9CYXNldHlwZXMvUXVpdmVyU2FjcmFsIiwidyI6MiwiaCI6Mywic2NhbGUiOjEsInJlYWxtIjoicG9lMiJ9XQ/22e32f4fc5/QuiverSacral.png	Metadata/Items/Quivers/FourQuiver3;stat_2797971005=0
item	Sacramental Robe	Одеяние причастия	WzI1LDE0LHsiZiI6IjJESXRlbXMvQXJtb3Vycy9Cb2R5QXJtb3Vycy9CYXNldHlwZXMvQm9keUludDA4IiwidyI6MiwiaCI6Mywic2NhbGUiOjEsInJlYWxtIjoicG9lMiJ9XQ/e1702b49d8/BodyInt08.png	Metadata/Items/Armours/BodyArmours/FourBodyInt8Endgame;stat_2339757871=0
item	Sacred Bloom	Священное соцветие	WzI1LDE0LHsiZiI6IjJESXRlbXMvQ3VycmVuY3kvSGFydmVzdC9TYWNyZWRMaWZlZm9yY2UiLCJzY2FsZSI6MSwicmVhbG0iOiJwb2UyIn1d/0dcf04819c/SacredLifeforce.png	
item	Sacred Focus	Священный фокус	WzI1LDE0LHsiZiI6IjJESXRlbXMvT2ZmaGFuZC9Gb2NpL0Jhc2V0eXBlcy9Gb2N1czA4IiwidyI6MiwiaCI6Mywic2NhbGUiOjEsInJlYWxtIjoicG9lMiJ9XQ/64fc1e2b9f/Focus08.png	Metadata/Items/Armours/Focii/FourFocus8Endgame
item	Sacred Maul	Освящённая дубина	WzI1LDE0LHsiZiI6IjJESXRlbXMvV2VhcG9ucy9Ud29IYW5kV2VhcG9ucy9Ud29IYW5kTWFjZXMvQmFzZXR5cGVzLzJITWFjZTA2IiwidyI6MiwiaCI6NCwic2NhbGUiOjEsInJlYWxtIjoicG9lMiJ9XQ/cde79f403c/2HMace06.png	Metadata/Items/Weapons/TwoHandWeapons/TwoHandMaces/FourTwoHandMace6Endgame
item	Sacrificial Axe	Жертвенный топор	WzI1LDE0LHsiZiI6IjJESXRlbXMvV2VhcG9ucy9PbmVIYW5kV2VhcG9ucy9PbmVIYW5kQXhlcy9CYXNldHlwZXMvMUhBeGUwOCIsInciOjIsImgiOjMsInNjYWxlIjoxLCJyZWFsbSI6InBvZTIifV0/3995fe89e5/1HAxe08.png	Metadata/Items/Weapons/OneHandWeapons/OneHandAxes/FourOneHandAxe8;stat_1368271171=0
item	Sacrificial Mantle	Жертвенная мантия	WzI1LDE0LHsiZiI6IjJESXRlbXMvQXJtb3Vycy9Cb2R5QXJtb3Vycy9CYXNldHlwZXMvQm9keUludFN0cjA2IiwidyI6MiwiaCI6Mywic2NhbGUiOjEsInJlYWxtIjoicG9lMiJ9XQ/2188f05fcc/BodyIntStr06.png	Metadata/Items/Armours/BodyArmours/FourBodyStrInt6
item	Sacrificial Regalia	Жертвенное облачение	WzI1LDE0LHsiZiI6IjJESXRlbXMvQXJtb3Vycy9Cb2R5QXJtb3Vycy9CYXNldHlwZXMvQm9keVN0ckRleEludDAyIiwidyI6MiwiaCI6Mywic2NhbGUiOjEsInJlYWxtIjoicG9lMiJ9XQ/7e5722b0ec/BodyStrDexInt02.png	Metadata/Items/Armours/BodyArmours/FourBodyStrDexInt2;stat_2251279027=0
item	Saintly Crown	Корона святого	WzI1LDE0LHsiZiI6IjJESXRlbXMvQXJtb3Vycy9IZWxtZXRzL0Jhc2V0eXBlcy9IZWxtZXRJbnRTdHIwNCIsInciOjIsImgiOjIsInNjYWxlIjoxLCJyZWFsbSI6InBvZTIifV0/2cf2a643af/HelmetIntStr04.png	Metadata/Items/Armours/Helmets/FourHelmetStrInt4Endgame
item	Sanctified Staff	Освящённый посох	WzI1LDE0LHsiZiI6IjJESXRlbXMvV2VhcG9ucy9Ud29IYW5kV2VhcG9ucy9TdGF2ZXMvQmFzZXR5cGVzL1N0YWZmMDEiLCJ3IjoxLCJoIjo0LCJzY2FsZSI6MSwicmVhbG0iOiJwb2UyIn1d/9d50d5c541/Staff01.png	Metadata/Items/Weapons/TwoHandWeapons/Staves/FourStaff12
item	Sandsworn Cuirass	Кираса хранителя песков	WzI1LDE0LHsiZiI6IjJESXRlbXMvQXJtb3Vycy9Cb2R5QXJtb3Vycy9CYXNldHlwZXMvQm9keVN0cjA1IiwidyI6MiwiaCI6Mywic2NhbGUiOjEsInJlYWxtIjoicG9lMiJ9XQ/0897af36a7/BodyStr05.png	Metadata/Items/Armours/BodyArmours/FourBodyStr5Cruel
item	Sandsworn Sandals	Сандалии хранителя песков	WzI1LDE0LHsiZiI6IjJESXRlbXMvQXJtb3Vycy9Cb290cy9CYXNldHlwZXMvQm9vdHNJbnQwNSIsInciOjIsImgiOjIsInNjYWxlIjoxLCJyZWFsbSI6InBvZTIifV0/2f27d465e1/BootsInt05.png	Metadata/Items/Armours/Boots/FourBootsInt5Endgame
item	Sandsworn Tiara	Тиара хранителя песков	WzI1LDE0LHsiZiI6IjJESXRlbXMvQXJtb3Vycy9IZWxtZXRzL0Jhc2V0eXBlcy9IZWxtZXRJbnQwNCIsInciOjIsImgiOjIsInNjYWxlIjoxLCJyZWFsbSI6InBvZTIifV0/33248feedf/HelmetInt04.png	Metadata/Items/Armours/Helmets/FourHelmetInt4Cruel
item	Sapphire	Сапфир	WzI1LDE0LHsiZiI6IjJESXRlbXMvSmV3ZWxzL1NhcHBoaXJlSmV3ZWwiLCJ3IjoxLCJoIjoxLCJzY2FsZSI6MSwicmVhbG0iOiJwb2UyIn1d/976a8c1642/SapphireJewel.png	Metadata/Items/Jewels/JewelInt
item	Sapphire Charm	Оберег с сапфиром	WzI1LDE0LHsiZiI6IjJESXRlbXMvQ2hhcm1zL0Jhc2V0eXBlcy9TYXBwaGlyZUNoYXJtIiwidyI6MSwiaCI6MSwic2NhbGUiOjEsInJlYWxtIjoicG9lMiJ9XQ/b2d6e7a108/SapphireCharm.png	Metadata/Items/Flasks/FourCharm9;stat_2994271459
item	Sapphire Ring	Кольцо с сапфиром	WzI1LDE0LHsiZiI6IjJESXRlbXMvUmluZ3MvQmFzZXR5cGVzL1NhcHBoaXJlUmluZyIsInciOjEsImgiOjEsInNjYWxlIjoxLCJyZWFsbSI6InBvZTIifV0/14608c24b1/SapphireRing.png	Metadata/Items/Rings/FourRing4;stat_4220027924=0
item	Saqawal's Rune of Erosion	Руна эрозии Сакаваля	WzI1LDE0LHsiZiI6IjJESXRlbXMvQ3VycmVuY3kvUnVuZXMvTmV3UnVuZTgiLCJzY2FsZSI6MSwicmVhbG0iOiJwb2UyIn1d/63347aa4f1/NewRune8.png	
item	Saqawal's Rune of Memory	Руна памяти Сакаваля	WzI1LDE0LHsiZiI6IjJESXRlbXMvQ3VycmVuY3kvUnVuZXMvTmV3UnVuZTciLCJzY2FsZSI6MSwicmVhbG0iOiJwb2UyIn1d/6a71f0e666/NewRune7.png	
item	Saqawal's Rune of the Sky	Руна неба Сакаваля	WzI1LDE0LHsiZiI6IjJESXRlbXMvQ3VycmVuY3kvUnVuZXMvTmV3UnVuZTIiLCJzY2FsZSI6MSwicmVhbG0iOiJwb2UyIn1d/7c3f68cf1c/NewRune2.png	
item	Savage Greataxe	Большой топор дикаря		Metadata/Items/Weapons/TwoHandWeapons/TwoHandAxes/FourTwoHandAxe6;stat_3695891184=0
item	Scale Mail	Чешуйчатый доспех	WzI1LDE0LHsiZiI6IjJESXRlbXMvQXJtb3Vycy9Cb2R5QXJtb3Vycy9CYXNldHlwZXMvQm9keVN0ckRleDA2IiwidyI6MiwiaCI6Mywic2NhbGUiOjEsInJlYWxtIjoicG9lMiJ9XQ/4b99433643/BodyStrDex06.png	Metadata/Items/Armours/BodyArmours/FourBodyStrDex6
item	Scalper's Jacket	Накидка спекулянта	WzI1LDE0LHsiZiI6IjJESXRlbXMvQXJtb3Vycy9Cb2R5QXJtb3Vycy9CYXNldHlwZXMvQm9keURleEludDA2IiwidyI6MiwiaCI6Mywic2NhbGUiOjEsInJlYWxtIjoicG9lMiJ9XQ/512e4bd095/BodyDexInt06.png	Metadata/Items/Armours/BodyArmours/FourBodyDexInt6
item	Scimitar	Скимитар		Metadata/Items/Weapons/OneHandWeapons/OneHandSwords/FourOneHandSword4
item	Scoundrel Armour	Доспех проходимца	WzI1LDE0LHsiZiI6IjJESXRlbXMvQXJtb3Vycy9Cb2R5QXJtb3Vycy9CYXNldHlwZXMvQm9keVN0ckRleDAyIiwidyI6MiwiaCI6Mywic2NhbGUiOjEsInJlYWxtIjoicG9lMiJ9XQ/a1b424ac4d/BodyStrDex02.png	Metadata/Items/Armours/BodyArmours/FourBodyStrDex2Cruel
item	Scoundrel Jacket	Плащ пройдохи	WzI1LDE0LHsiZiI6IjJESXRlbXMvQXJtb3Vycy9Cb2R5QXJtb3Vycy9CYXNldHlwZXMvQm9keURleEludDA3IiwidyI6MiwiaCI6Mywic2NhbGUiOjEsInJlYWxtIjoicG9lMiJ9XQ/c8b9d0a065/BodyDexInt07.png	Metadata/Items/Armours/BodyArmours/FourBodyDexInt7
item	Scout's Vest	Безрукавка разведчика	WzI1LDE0LHsiZiI6IjJESXRlbXMvQXJtb3Vycy9Cb2R5QXJtb3Vycy9CYXNldHlwZXMvQm9keURleDA3IiwidyI6MiwiaCI6Mywic2NhbGUiOjEsInJlYWxtIjoicG9lMiJ9XQ/8bb9cb5d22/BodyDex07.png	Metadata/Items/Armours/BodyArmours/FourBodyDex7
item	Scroll of Wisdom	Свиток мудрости	WzI1LDE0LHsiZiI6IjJESXRlbXMvQ3VycmVuY3kvQ3VycmVuY3lJZGVudGlmaWNhdGlvbiIsInNjYWxlIjoxLCJyZWFsbSI6InBvZTIifV0/884f7bc58b/CurrencyIdentification.png	
item	Seaglass Spear	Копьё из морского стекла	WzI1LDE0LHsiZiI6IjJESXRlbXMvV2VhcG9ucy9PbmVIYW5kV2VhcG9ucy9PbmVIYW5kU3BlYXJzLzFIU3BlYXIxMCIsInciOjEsImgiOjQsInNjYWxlIjoxLCJyZWFsbSI6InBvZTIifV0/114525ad0e/1HSpear10.png	Metadata/Items/Weapons/OneHandWeapons/OneHandSpears/FourSpear10;?
item	Seal Relic	Печать	WzI1LDE0LHsiZiI6IjJESXRlbXMvUmVsaWNzL1JlbGljQmFzZTJ4MSIsInciOjIsImgiOjEsInNjYWxlIjoxLCJyZWFsbSI6InBvZTIifV0/043d51c088/RelicBase2x1.png	Metadata/Items/Relics/SanctumRelic2x1
item	Seastorm Mantle	Мантия шторма	WzI1LDE0LHsiZiI6IjJESXRlbXMvQXJtb3Vycy9Cb2R5QXJtb3Vycy9CYXNldHlwZXMvQm9keUludFN0cjA4IiwidyI6MiwiaCI6Mywic2NhbGUiOjEsInJlYWxtIjoicG9lMiJ9XQ/6ea550382e/BodyIntStr08.png	Metadata/Items/Armours/BodyArmours/FourBodyStrInt8Endgame;stat_1444556985=0
item	Secondary Calamity Fragment	Вторичный фрагмент бедствия	WzI1LDE0LHsiZiI6IjJESXRlbXMvUXVlc3RJdGVtcy9VYmVyUGlubmFjbGVLZXkyIiwic2NhbGUiOjEsInJlYWxtIjoicG9lMiJ9XQ/0fec2b1925/UberPinnacleKey2.png	
item	Sectarian Crest Shield	Гербовый щит сектанта	WzI1LDE0LHsiZiI6IjJESXRlbXMvT2ZmaGFuZC9TaGllbGRzL0NyZXN0MDUiLCJ3IjoyLCJoIjozLCJzY2FsZSI6MSwicmVhbG0iOiJwb2UyIn1d/2d5f68e415/Crest05.png	Metadata/Items/Armours/Shields/FourShieldStrInt5
item	Sectioned Bracers	Сегментные наручи	WzI1LDE0LHsiZiI6IjJESXRlbXMvQXJtb3Vycy9HbG92ZXMvQmFzZXR5cGVzL0dsb3Zlc0RleDA0IiwidyI6MiwiaCI6Miwic2NhbGUiOjEsInJlYWxtIjoicG9lMiJ9XQ/d8dac34445/GlovesDex04.png	Metadata/Items/Armours/Gloves/FourGlovesDex4
item	Secured Leggings	Меховые сапоги	WzI1LDE0LHsiZiI6IjJESXRlbXMvQXJtb3Vycy9Cb290cy9CYXNldHlwZXMvQm9vdHNJbnRTdHIwMiIsInciOjIsImgiOjIsInNjYWxlIjoxLCJyZWFsbSI6InBvZTIifV0/d3128f0287/BootsIntStr02.png	Metadata/Items/Armours/Boots/FourBootsStrInt2
item	Secured Wraps	Крепкие обмотки	WzI1LDE0LHsiZiI6IjJESXRlbXMvQXJtb3Vycy9HbG92ZXMvQmFzZXR5cGVzL0dsb3Zlc0RleEludDA0IiwidyI6MiwiaCI6Miwic2NhbGUiOjEsInJlYWxtIjoicG9lMiJ9XQ/f43ef07a0c/GlovesDexInt04.png	Metadata/Items/Armours/Gloves/FourGlovesDexInt4Endgame
item	Seer Crest Shield	Гербовый щит провидца	WzI1LDE0LHsiZiI6IjJESXRlbXMvT2ZmaGFuZC9TaGllbGRzL0NyZXN0MDgiLCJ3IjoyLCJoIjozLCJzY2FsZSI6MSwicmVhbG0iOiJwb2UyIn1d/ba218e8cf1/Crest08.png	Metadata/Items/Armours/Shields/FourShieldStrInt8
item	Sekhema Sandals	Сандалии Сехемы	WzI1LDE0LHsiZiI6IjJESXRlbXMvQXJtb3Vycy9Cb290cy9CYXNldHlwZXMvQm9vdHNJbnQwNiIsInciOjIsImgiOjIsInNjYWxlIjoxLCJyZWFsbSI6InBvZTIifV0/0fe23f857a/BootsInt06.png	Metadata/Items/Armours/Boots/FourBootsInt6Endgame
item	Sekheman Crest Shield	Гербовый щит Сехемы	WzI1LDE0LHsiZiI6IjJESXRlbXMvT2ZmaGFuZC9TaGllbGRzL0NyZXN0MDQiLCJ3IjoyLCJoIjozLCJzY2FsZSI6MSwicmVhbG0iOiJwb2UyIn1d/d54e9d2de5/Crest04.png	Metadata/Items/Armours/Shields/FourShieldStrInt4Endgame
item	Serle's Triumph	Триумф Серли	WzI1LDE0LHsiZiI6IjJESXRlbXMvQ3VycmVuY3kvRXhwZWRpdGlvbjIvR2FtZVdhcnBSdW5lMiIsInNjYWxlIjoxLCJyZWFsbSI6InBvZTIifV0/4a1b9c272c/GameWarpRune2.png	
item	Serpentscale Boots	Сапоги из змеиной кожи	WzI1LDE0LHsiZiI6IjJESXRlbXMvQXJtb3Vycy9Cb290cy9CYXNldHlwZXMvQm9vdHNEZXgwNSIsInciOjIsImgiOjIsInNjYWxlIjoxLCJyZWFsbSI6InBvZTIifV0/316987efab/BootsDex05.png	Metadata/Items/Armours/Boots/FourBootsDex5Cruel
item	Serpentscale Coat	Доспех из змеиной чешуи	WzI1LDE0LHsiZiI6IjJESXRlbXMvQXJtb3Vycy9Cb2R5QXJtb3Vycy9CYXNldHlwZXMvQm9keURleDA4IiwidyI6MiwiaCI6Mywic2NhbGUiOjEsInJlYWxtIjoicG9lMiJ9XQ/a43ac39920/BodyDex08.png	Metadata/Items/Armours/BodyArmours/FourBodyDex8
item	Serrated Quiver	Колчан зазубренных стрел	WzI1LDE0LHsiZiI6IjJESXRlbXMvUXVpdmVycy9CYXNldHlwZXMvUXVpdmVyU2VycmF0ZWQiLCJ3IjoyLCJoIjozLCJzY2FsZSI6MSwicmVhbG0iOiJwb2UyIn1d/0cc6236767/QuiverSerrated.png	Metadata/Items/Quivers/FourQuiver7;stat_2055966527=0
item	Shabby Hood	Потрёпанный капюшон	WzI1LDE0LHsiZiI6IjJESXRlbXMvQXJtb3Vycy9IZWxtZXRzL0Jhc2V0eXBlcy9IZWxtZXREZXgwMSIsInciOjIsImgiOjIsInNjYWxlIjoxLCJyZWFsbSI6InBvZTIifV0/dcff771f29/HelmetDex01.png	Metadata/Items/Armours/Helmets/FourHelmetDex1
item	Shaman Mantle	Наряд шамана	WzI1LDE0LHsiZiI6IjJESXRlbXMvQXJtb3Vycy9Cb2R5QXJtb3Vycy9CYXNldHlwZXMvQm9keUludFN0cjA0IiwidyI6MiwiaCI6Mywic2NhbGUiOjEsInJlYWxtIjoicG9lMiJ9XQ/3574a91ac4/BodyIntStr04.png	Metadata/Items/Armours/BodyArmours/FourBodyStrInt4
item	Shamanistic Leggings	Шаманские сапоги	WzI1LDE0LHsiZiI6IjJESXRlbXMvQXJtb3Vycy9Cb290cy9CYXNldHlwZXMvQm9vdHNJbnRTdHIwMyIsInciOjIsImgiOjIsInNjYWxlIjoxLCJyZWFsbSI6InBvZTIifV0/3fb2f64940/BootsIntStr03.png	Metadata/Items/Armours/Boots/FourBootsStrInt3Cruel
item	Shattered Triskelion	Расколовшийся Трискелион	WzI1LDE0LHsiZiI6IjJESXRlbXMvUXVlc3RJdGVtcy9EYW1hZ2VkS2FsZ3V1cmFuVHJpc2tlbGxpb24iLCJ3IjoyLCJoIjoyLCJzY2FsZSI6MSwicmVhbG0iOiJwb2UyIn1d/8dbe64dd12/DamagedKalguuranTriskellion.png	
item	Shielded Helm	Шлем с горжетом	WzI1LDE0LHsiZiI6IjJESXRlbXMvQXJtb3Vycy9IZWxtZXRzL0Jhc2V0eXBlcy9IZWxtZXRTdHJEZXgwNSIsInciOjIsImgiOjIsInNjYWxlIjoxLCJyZWFsbSI6InBvZTIifV0/643d282132/HelmetStrDex05.png	Metadata/Items/Armours/Helmets/FourHelmetStrDex5
item	Shortbow	Короткий лук	WzI1LDE0LHsiZiI6IjJESXRlbXMvV2VhcG9ucy9Ud29IYW5kV2VhcG9ucy9Cb3dzL0Jhc2V0eXBlcy9Cb3cwMiIsInciOjIsImgiOjQsInNjYWxlIjoxLCJyZWFsbSI6InBvZTIifV0/1ea0e1977e/Bow02.png	Metadata/Items/Weapons/TwoHandWeapons/Bows/FourBow2
item	Shortsword	Короткий меч		Metadata/Items/Weapons/OneHandWeapons/OneHandSwords/FourOneHandSword1
item	Shrine Sceptre	Храмовый скипетр	WzI1LDE0LHsiZiI6IjJESXRlbXMvV2VhcG9ucy9PbmVIYW5kV2VhcG9ucy9TY2VwdGVycy9CYXNldHlwZXMvU2NlcHRyZTA2YSIsInciOjIsImgiOjMsInNjYWxlIjoxLCJyZWFsbSI6InBvZTIifV0/a6a4d69a6b/Sceptre06a.png	Metadata/Items/Weapons/OneHandWeapons/Sceptres/FourSceptre6a Metadata/Items/Weapons/OneHandWeapons/Sceptres/FourSceptre6b Metadata/Items/Weapons/OneHandWeapons/Sceptres/FourSceptre6c Metadata/Items/Weapons/OneHandWeapons/Sceptres/FourSceptreUnique1
item	Shrine Sceptre	Скипетр святыни	WzI1LDE0LHsiZiI6IjJESXRlbXMvV2VhcG9ucy9PbmVIYW5kV2VhcG9ucy9TY2VwdGVycy9CYXNldHlwZXMvU2NlcHRyZTA2YSIsInciOjIsImgiOjMsInNjYWxlIjoxLCJyZWFsbSI6InBvZTIifV0/a6a4d69a6b/Sceptre06a.png	Metadata/Items/Weapons/OneHandWeapons/Sceptres/FourSceptre6a Metadata/Items/Weapons/OneHandWeapons/Sceptres/FourSceptre6b Metadata/Items/Weapons/OneHandWeapons/Sceptres/FourSceptre6c Metadata/Items/Weapons/OneHandWeapons/Sceptres/FourSceptreUnique1
item	Shrouded Mail	Покров с кольцами	WzI1LDE0LHsiZiI6IjJESXRlbXMvQXJtb3Vycy9Cb2R5QXJtb3Vycy9CYXNldHlwZXMvQm9keVN0ckRleDA0IiwidyI6MiwiaCI6Mywic2NhbGUiOjEsInJlYWxtIjoicG9lMiJ9XQ/d8e02875f2/BodyStrDex04.png	Metadata/Items/Armours/BodyArmours/FourBodyStrDex4aEndgame;stat_3372524247=0 Metadata/Items/Armours/BodyArmours/FourBodyStrDex4bEndgame;stat_4220027924=0 Metadata/Items/Armours/BodyArmours/FourBodyStrDex4cEndgame;stat_1671376347=0
item	Shrouded Vest	Плотная кожанка	WzI1LDE0LHsiZiI6IjJESXRlbXMvQXJtb3Vycy9Cb2R5QXJtb3Vycy9CYXNldHlwZXMvQm9keURleDA0IiwidyI6MiwiaCI6Mywic2NhbGUiOjEsInJlYWxtIjoicG9lMiJ9XQ/2950326b72/BodyDex04.png	Metadata/Items/Armours/BodyArmours/FourBodyDex4
item	Sibilant Catalyst	Свистящий катализатор	WzI1LDE0LHsiZiI6IjJESXRlbXMvQ3VycmVuY3kvQnJlYWNoL0JyZWFjaENhdGFseXN0Q2FzdGVyIiwic2NhbGUiOjEsInJlYWxtIjoicG9lMiJ9XQ/51dc6bc317/BreachCatalystCaster.png	
item	Sickle Sword	Хопеш	WzI1LDE0LHsiZiI6IjJESXRlbXMvV2VhcG9ucy9PbmVIYW5kV2VhcG9ucy9PbmVIYW5kU3dvcmRzL0Jhc2V0eXBlcy8xSFN3b3JkMDYiLCJ3IjoyLCJoIjozLCJzY2FsZSI6MSwicmVhbG0iOiJwb2UyIn1d/65415c0254/1HSword06.png	Metadata/Items/Weapons/OneHandWeapons/OneHandSwords/FourOneHandSword6
item	Siege Crossbow	Осадный самострел	WzI1LDE0LHsiZiI6IjJESXRlbXMvV2VhcG9ucy9Ud29IYW5kV2VhcG9ucy9Dcm9zc2Jvd3MvMkhDcm9zc2JvdzA3IiwidyI6MiwiaCI6NCwic2NhbGUiOjEsInJlYWxtIjoicG9lMiJ9XQ/7153259b14/2HCrossbow07.png	Metadata/Items/Weapons/TwoHandWeapons/Crossbows/FourCrossbow7Endgame;stat_1980802737
item	Sigil Crest Shield	Гербовый щит с символикой	WzI1LDE0LHsiZiI6IjJESXRlbXMvT2ZmaGFuZC9TaGllbGRzL0NyZXN0MDIiLCJ3IjoyLCJoIjozLCJzY2FsZSI6MSwicmVhbG0iOiJwb2UyIn1d/590ed48c93/Crest02.png	Metadata/Items/Armours/Shields/FourShieldStrInt2
item	Signet Wombgift	Опечатанный дар утробы	WzI1LDE0LHsiZiI6IjJESXRlbXMvQ3VycmVuY3kvQnJlYWNoL0JyZWFjaEZydWl0MyIsInNjYWxlIjoxLCJyZWFsbSI6InBvZTIifV0/8fafaf71c7/BreachFruit3.png	
item	Silk Robe	Шёлковое платье	WzI1LDE0LHsiZiI6IjJESXRlbXMvQXJtb3Vycy9Cb2R5QXJtb3Vycy9CYXNldHlwZXMvQm9keUludDA1IiwidyI6MiwiaCI6Mywic2NhbGUiOjEsInJlYWxtIjoicG9lMiJ9XQ/759bf548dc/BodyInt05.png	Metadata/Items/Armours/BodyArmours/FourBodyInt5
item	Silk Slippers	Шёлковые тапочки	WzI1LDE0LHsiZiI6IjJESXRlbXMvQXJtb3Vycy9Cb290cy9CYXNldHlwZXMvQm9vdHNJbnQwNCIsInciOjIsImgiOjIsInNjYWxlIjoxLCJyZWFsbSI6InBvZTIifV0/e1c49a9d6d/BootsInt04.png	Metadata/Items/Armours/Boots/FourBootsInt4
item	Silver Charm	Серебряный оберег	WzI1LDE0LHsiZiI6IjJESXRlbXMvQ2hhcm1zL0Jhc2V0eXBlcy9TaWx2ZXJDaGFybSIsInciOjEsImgiOjEsInNjYWxlIjoxLCJyZWFsbSI6InBvZTIifV0/be98ce2ba3/SilverCharm.png	Metadata/Items/Flasks/FourCharm7;stat_2778646494
item	Silverbuckled Shoes	Ботинки с серебряной пряжкой	WzI1LDE0LHsiZiI6IjJESXRlbXMvQXJtb3Vycy9Cb290cy9CYXNldHlwZXMvQm9vdHNEZXhJbnQwMiIsInciOjIsImgiOjIsInNjYWxlIjoxLCJyZWFsbSI6InBvZTIifV0/2c646ce419/BootsDexInt02.png	Metadata/Items/Armours/Boots/FourBootsDexInt2Cruel
item	Simple Dagger	Простой кинжал		Metadata/Items/Weapons/OneHandWeapons/Daggers/FourDagger3
item	Simulacrum	Симулякр	WzI1LDE0LHsiZiI6IjJESXRlbXMvTWFwcy9EZWxpcml1bUZyYWdtZW50Iiwic2NhbGUiOjEsInJlYWxtIjoicG9lMiJ9XQ/9298d81279/DeliriumFragment.png	
item	Simulacrum Splinter	Осколок Симулякра	WzI1LDE0LHsiZiI6IjJESXRlbXMvTWFwcy9EZWxpcml1bVNwbGludGVyIiwic2NhbGUiOjEsInJlYWxtIjoicG9lMiJ9XQ/81906b3522/DeliriumSplinter.png	
item	Sinew Belt	Ремень из сухожилий	WzI1LDE0LHsiZiI6IjJESXRlbXMvQmVsdHMvQmFzZXR5cGVzL1NpbmV3QmVsdCIsInciOjIsImgiOjEsInNjYWxlIjoxLCJyZWFsbSI6InBvZTIifV0/aa7081dc7d/SinewBelt.png	Metadata/Items/Belts/FourBeltB3;stat_1416292992=0;stat_4080418644=0
item	Sinister Quarterstaff	Зловещий боевой посох	WzI1LDE0LHsiZiI6IjJESXRlbXMvV2VhcG9ucy9Ud29IYW5kV2VhcG9ucy9XYXJTdGF2ZXMvV2Fyc3RhZmYwMyIsInciOjIsImgiOjQsInNjYWxlIjoxLCJyZWFsbSI6InBvZTIifV0/ac756ffc0d/Warstaff03.png	Metadata/Items/Weapons/TwoHandWeapons/Staves/FourQuarterstaff3Endgame
item	Siphoning Wand	Переливающий жезл	WzI1LDE0LHsiZiI6IjJESXRlbXMvV2VhcG9ucy9PbmVIYW5kV2VhcG9ucy9XYW5kcy9CYXNldHlwZXMvV2FuZDA0IiwidyI6MSwiaCI6Mywic2NhbGUiOjEsInJlYWxtIjoicG9lMiJ9XQ/215ca539ef/Wand04.png	Metadata/Items/Weapons/OneHandWeapons/Wands/FourWand4
item	Sirenscale Gloves	Перчатки из чешуи сирены	WzI1LDE0LHsiZiI6IjJESXRlbXMvQXJtb3Vycy9HbG92ZXMvQmFzZXR5cGVzL0dsb3Zlc0ludDA2IiwidyI6MiwiaCI6Miwic2NhbGUiOjEsInJlYWxtIjoicG9lMiJ9XQ/472c12ee59/GlovesInt06.png	Metadata/Items/Armours/Gloves/FourGlovesInt6Endgame
item	Skinning Knife	Нож скорняка		Metadata/Items/Weapons/OneHandWeapons/Daggers/FourDagger4
item	Skittering Catalyst	Шуршащий катализатор	WzI1LDE0LHsiZiI6IjJESXRlbXMvQ3VycmVuY3kvQnJlYWNoL0JyZWFjaENhdGFseXN0U3BlZWQiLCJzY2FsZSI6MSwicmVhbG0iOiJwb2UyIn1d/14b5db3c3c/BreachCatalystSpeed.png	
item	Skulking Mask	Таящаяся маска	WzI1LDE0LHsiZiI6IjJESXRlbXMvQXJtb3Vycy9IZWxtZXRzL0Jhc2V0eXBlcy9IZWxtZXREZXhJbnQwMyIsInciOjIsImgiOjIsInNjYWxlIjoxLCJyZWFsbSI6InBvZTIifV0/0d5504ae23/HelmetDexInt03.png	Metadata/Items/Armours/Helmets/FourHelmetDexInt3Cruel
item	Skullcrusher Quarterstaff	Боевой посох крушителя черепов	WzI1LDE0LHsiZiI6IjJESXRlbXMvV2VhcG9ucy9Ud29IYW5kV2VhcG9ucy9XYXJTdGF2ZXMvV2Fyc3RhZmYwOSIsInciOjIsImgiOjQsInNjYWxlIjoxLCJyZWFsbSI6InBvZTIifV0/fbbd584845/Warstaff09.png	Metadata/Items/Weapons/TwoHandWeapons/Staves/FourQuarterstaff9Endgame;stat_2933846633|stat_3146310524=0
item	Skycrown Tiara	Тиара небес	WzI1LDE0LHsiZiI6IjJESXRlbXMvQXJtb3Vycy9IZWxtZXRzL0Jhc2V0eXBlcy9IZWxtZXRJbnQwMiIsInciOjIsImgiOjIsInNjYWxlIjoxLCJyZWFsbSI6InBvZTIifV0/03048a9ab7/HelmetInt02.png	Metadata/Items/Armours/Helmets/FourHelmetInt2Endgame
item	Sleek Boots	Модные сапоги	WzI1LDE0LHsiZiI6IjJESXRlbXMvQXJtb3Vycy9Cb290cy9CYXNldHlwZXMvQm9vdHNEZXgwMyIsInciOjIsImgiOjIsInNjYWxlIjoxLCJyZWFsbSI6InBvZTIifV0/96d222eebc/BootsDex03.png	Metadata/Items/Armours/Boots/FourBootsDex3Cruel
item	Sleek Jacket	Дублёный плащ	WzI1LDE0LHsiZiI6IjJESXRlbXMvQXJtb3Vycy9Cb2R5QXJtb3Vycy9CYXNldHlwZXMvQm9keURleEludDAyIiwidyI6MiwiaCI6Mywic2NhbGUiOjEsInJlYWxtIjoicG9lMiJ9XQ/31d5df47b6/BodyDexInt02.png	Metadata/Items/Armours/BodyArmours/FourBodyDexInt2Endgame
item	Slender Flail	Тонкий кистень	WzI1LDE0LHsiZiI6IjJESXRlbXMvV2VhcG9ucy9PbmVIYW5kV2VhcG9ucy9GbGFpbHMvRmxhaWwwNiIsInciOjIsImgiOjMsInNjYWxlIjoxLCJyZWFsbSI6InBvZTIifV0/d85e80af50/Flail06.png	Metadata/Items/Weapons/OneHandWeapons/Flails/FourFlail6
item	Slicing Quarterstaff	Режущий боевой посох	WzI1LDE0LHsiZiI6IjJESXRlbXMvV2VhcG9ucy9Ud29IYW5kV2VhcG9ucy9XYXJTdGF2ZXMvV2Fyc3RhZmYwNyIsInciOjIsImgiOjQsInNjYWxlIjoxLCJyZWFsbSI6InBvZTIifV0/10760714ba/Warstaff07.png	Metadata/Items/Weapons/TwoHandWeapons/Staves/FourQuarterstaff7
item	Slim Mace	Шестопёр	WzI1LDE0LHsiZiI6IjJESXRlbXMvV2VhcG9ucy9PbmVIYW5kV2VhcG9ucy9PbmVIYW5kTWFjZXMvQmFzZXR5cGVzLzFITWFjZTAzIiwidyI6MiwiaCI6Mywic2NhbGUiOjEsInJlYWxtIjoicG9lMiJ9XQ/928c9bbfe8/1HMace03.png	Metadata/Items/Weapons/OneHandWeapons/OneHandMaces/FourOneHandMace3
item	Slipstrike Vest	Нагрудник ловкача	WzI1LDE0LHsiZiI6IjJESXRlbXMvQXJtb3Vycy9Cb2R5QXJtb3Vycy9CYXNldHlwZXMvQm9keURleDA2IiwidyI6MiwiaCI6Mywic2NhbGUiOjEsInJlYWxtIjoicG9lMiJ9XQ/dd53d7b8d1/BodyDex06.png	Metadata/Items/Armours/BodyArmours/FourBodyDex6Endgame
item	Smithing Hammer	Кузнечный молоток	WzI1LDE0LHsiZiI6IjJESXRlbXMvV2VhcG9ucy9PbmVIYW5kV2VhcG9ucy9PbmVIYW5kTWFjZXMvQmFzZXR5cGVzLzFITWFjZTAyIiwidyI6MiwiaCI6Mywic2NhbGUiOjEsInJlYWxtIjoicG9lMiJ9XQ/7a5fb1add8/1HMace02.png	Metadata/Items/Weapons/OneHandWeapons/OneHandMaces/FourOneHandMace2;?
item	Smooth Quarterstaff	Гладкий боевой посох	WzI1LDE0LHsiZiI6IjJESXRlbXMvV2VhcG9ucy9Ud29IYW5kV2VhcG9ucy9XYXJTdGF2ZXMvV2Fyc3RhZmYxMCIsInciOjIsImgiOjQsInNjYWxlIjoxLCJyZWFsbSI6InBvZTIifV0/d836b3566d/Warstaff10.png	Metadata/Items/Weapons/TwoHandWeapons/Staves/FourQuarterstaff10
item	Smuggler Coat	Куртка контрабандиста	WzI1LDE0LHsiZiI6IjJESXRlbXMvQXJtb3Vycy9Cb2R5QXJtb3Vycy9CYXNldHlwZXMvQm9keURleDEwIiwidyI6MiwiaCI6Mywic2NhbGUiOjEsInJlYWxtIjoicG9lMiJ9XQ/4451ea3f74/BodyDex10.png	Metadata/Items/Armours/BodyArmours/FourBodyDex10
item	Snake Idol	Идол змеи	WzI1LDE0LHsiZiI6IjJESXRlbXMvQ3VycmVuY3kvVG9ybWVudGVkU3Bpcml0U29ja2V0YWJsZXMvQXptZXJpU29ja2V0YWJsZVNuYWtlIiwic2NhbGUiOjEsInJlYWxtIjoicG9lMiJ9XQ/752d762312/AzmeriSocketableSnake.png	
item	Snakewood Greathammer	Кувалда из змеиного дерева	WzI1LDE0LHsiZiI6IjJESXRlbXMvV2VhcG9ucy9Ud29IYW5kV2VhcG9ucy9Ud29IYW5kTWFjZXMvQmFzZXR5cGVzLzJITWFjZTAyIiwidyI6MiwiaCI6NCwic2NhbGUiOjEsInJlYWxtIjoicG9lMiJ9XQ/3ed2c526c1/2HMace02.png	Metadata/Items/Weapons/TwoHandWeapons/TwoHandMaces/FourTwoHandMace2Cruel;stat_791928121=0
item	Snakewood Shortbow	Короткий лук из змеиного дерева	WzI1LDE0LHsiZiI6IjJESXRlbXMvV2VhcG9ucy9Ud29IYW5kV2VhcG9ucy9Cb3dzL0Jhc2V0eXBlcy9Cb3cwMiIsInciOjIsImgiOjQsInNjYWxlIjoxLCJyZWFsbSI6InBvZTIifV0/1ea0e1977e/Bow02.png	Metadata/Items/Weapons/TwoHandWeapons/Bows/FourBow2Cruel
item	Soaring Mask	Парящая маска	WzI1LDE0LHsiZiI6IjJESXRlbXMvQXJtb3Vycy9IZWxtZXRzL0Jhc2V0eXBlcy9IZWxtZXREZXhJbnQwNSIsInciOjIsImgiOjIsInNjYWxlIjoxLCJyZWFsbSI6InBvZTIifV0/a9d1297918/HelmetDexInt05.png	Metadata/Items/Armours/Helmets/FourHelmetDexInt5Endgame
item	Soaring Spear	Парящее копьё	WzI1LDE0LHsiZiI6IjJESXRlbXMvV2VhcG9ucy9PbmVIYW5kV2VhcG9ucy9PbmVIYW5kU3BlYXJzLzFIU3BlYXIwNCIsInciOjEsImgiOjQsInNjYWxlIjoxLCJyZWFsbSI6InBvZTIifV0/5f32a7f996/1HSpear04.png	Metadata/Items/Weapons/OneHandWeapons/OneHandSpears/FourSpear4Endgame;?
item	Soaring Targe	Парящий тарджет	WzI1LDE0LHsiZiI6IjJESXRlbXMvT2ZmaGFuZC9TaGllbGRzL1NoaWVsZDA2IiwidyI6MiwiaCI6Mywic2NhbGUiOjEsInJlYWxtIjoicG9lMiJ9XQ/67bd0824e2/Shield06.png	Metadata/Items/Armours/Shields/FourShieldStrDex6Endgame
item	Solar Amulet	Солнечный амулет	WzI1LDE0LHsiZiI6IjJESXRlbXMvQW11bGV0cy9CYXNldHlwZXMvU29sYXJBbXVsZXQiLCJ3IjoxLCJoIjoxLCJzY2FsZSI6MSwicmVhbG0iOiJwb2UyIn1d/f23b75f540/SolarAmulet.png	Metadata/Items/Amulets/FourAmulet9;stat_3981240776|stat_2704225257=0
item	Soldier Cuirass	Солдатская кираса	WzI1LDE0LHsiZiI6IjJESXRlbXMvQXJtb3Vycy9Cb2R5QXJtb3Vycy9CYXNldHlwZXMvQm9keVN0cjAzIiwidyI6MiwiaCI6Mywic2NhbGUiOjEsInJlYWxtIjoicG9lMiJ9XQ/d5346c8ff4/BodyStr03.png	Metadata/Items/Armours/BodyArmours/FourBodyStr3Endgame
item	Soldier Greathelm	Большой шлем солдата	WzI1LDE0LHsiZiI6IjJESXRlbXMvQXJtb3Vycy9IZWxtZXRzL0Jhc2V0eXBlcy9IZWxtZXRTdHIwMiIsInciOjIsImgiOjIsInNjYWxlIjoxLCJyZWFsbSI6InBvZTIifV0/73267fe169/HelmetStr02.png	Metadata/Items/Armours/Helmets/FourHelmetStr2
item	Soldier Helm	Солдатский шлем	WzI1LDE0LHsiZiI6IjJESXRlbXMvQXJtb3Vycy9IZWxtZXRzL0Jhc2V0eXBlcy9IZWxtZXRTdHJEZXgwMyIsInciOjIsImgiOjIsInNjYWxlIjoxLCJyZWFsbSI6InBvZTIifV0/388d8eea74/HelmetStrDex03.png	Metadata/Items/Armours/Helmets/FourHelmetStrDex3Cruel
item	Soldiering Sabatons	Солдатские сабатоны	WzI1LDE0LHsiZiI6IjJESXRlbXMvQXJtb3Vycy9Cb290cy9CYXNldHlwZXMvQm9vdHNTdHJEZXgwMSIsInciOjIsImgiOjIsInNjYWxlIjoxLCJyZWFsbSI6InBvZTIifV0/a74f14c79f/BootsStrDex01.png	Metadata/Items/Armours/Boots/FourBootsStrDex1Cruel
item	Solemn Maul	Клятвенная дубина	WzI1LDE0LHsiZiI6IjJESXRlbXMvV2VhcG9ucy9Ud29IYW5kV2VhcG9ucy9Ud29IYW5kTWFjZXMvQmFzZXR5cGVzLzJITWFjZTA2IiwidyI6MiwiaCI6NCwic2NhbGUiOjEsInJlYWxtIjoicG9lMiJ9XQ/cde79f403c/2HMace06.png	Metadata/Items/Weapons/TwoHandWeapons/TwoHandMaces/FourTwoHandMace6Cruel
item	Solid Mask	Цельная маска	WzI1LDE0LHsiZiI6IjJESXRlbXMvQXJtb3Vycy9IZWxtZXRzL0Jhc2V0eXBlcy9IZWxtZXREZXhJbnQwNiIsInciOjIsImgiOjIsInNjYWxlIjoxLCJyZWFsbSI6InBvZTIifV0/16d84d1940/HelmetDexInt06.png	Metadata/Items/Armours/Helmets/FourHelmetDexInt6
item	Sombre Gloves	Тёмные перчатки	WzI1LDE0LHsiZiI6IjJESXRlbXMvQXJtb3Vycy9HbG92ZXMvQmFzZXR5cGVzL0dsb3Zlc0ludDAyIiwidyI6MiwiaCI6Miwic2NhbGUiOjEsInJlYWxtIjoicG9lMiJ9XQ/5da448ad79/GlovesInt02.png	Metadata/Items/Armours/Gloves/FourGlovesInt2
item	Sorcerous Tiara	Чародейская тиара	WzI1LDE0LHsiZiI6IjJESXRlbXMvQXJtb3Vycy9IZWxtZXRzL0Jhc2V0eXBlcy9IZWxtZXRJbnQwNCIsInciOjIsImgiOjIsInNjYWxlIjoxLCJyZWFsbSI6InBvZTIifV0/33248feedf/HelmetInt04.png	Metadata/Items/Armours/Helmets/FourHelmetInt4Endgame
item	Soul Core of Atmohua	Ядро душ Атмохвы	WzI1LDE0LHsiZiI6IjJESXRlbXMvQ3VycmVuY3kvU291bENvcmVzL0dyZWF0ZXJTb3VsQ29yZVN0cmVuZ3RoIiwic2NhbGUiOjEsInJlYWxtIjoicG9lMiJ9XQ/1b37135049/GreaterSoulCoreStrength.png	
item	Soul Core of Azcapa	Ядро душ Азкапы	WzI1LDE0LHsiZiI6IjJESXRlbXMvQ3VycmVuY3kvU291bENvcmVzL0dyZWF0ZXJTb3VsQ29yZVdlYWx0aFJhcml0eSIsInNjYWxlIjoxLCJyZWFsbSI6InBvZTIifV0/6a69033a04/GreaterSoulCoreWealthRarity.png	
item	Soul Core of Cholotl	Ядро душ Чолотля	WzI1LDE0LHsiZiI6IjJESXRlbXMvQ3VycmVuY3kvU291bENvcmVzL0dyZWF0ZXJTb3VsQ29yZURleCIsInNjYWxlIjoxLCJyZWFsbSI6InBvZTIifV0/c732c8a579/GreaterSoulCoreDex.png	
item	Soul Core of Citaqualotl	Ядро душ Ситаквалотля	WzI1LDE0LHsiZiI6IjJESXRlbXMvQ3VycmVuY3kvU291bENvcmVzL0dyZWF0ZXJTb3VsQ29yZUVsZW1lbnRhbFJlc2lzdCIsInNjYWxlIjoxLCJyZWFsbSI6InBvZTIifV0/b8926e8826/GreaterSoulCoreElementalResist.png	
item	Soul Core of Jiquani	Ядро душ Джиквани	WzI1LDE0LHsiZiI6IjJESXRlbXMvQ3VycmVuY3kvU291bENvcmVzL0dyZWF0ZXJTb3VsQ29yZUxpZmUiLCJzY2FsZSI6MSwicmVhbG0iOiJwb2UyIn1d/bb83a9f337/GreaterSoulCoreLife.png	
item	Soul Core of Opiloti	Ядро душ Опилоти	WzI1LDE0LHsiZiI6IjJESXRlbXMvQ3VycmVuY3kvU291bENvcmVzL0dyZWF0ZXJTb3VsQ29yZVBoeXNpY2FsIiwic2NhbGUiOjEsInJlYWxtIjoicG9lMiJ9XQ/366f87b8f2/GreaterSoulCorePhysical.png	
item	Soul Core of Puhuarte	Ядро душ Пухварте	WzI1LDE0LHsiZiI6IjJESXRlbXMvQ3VycmVuY3kvU291bENvcmVzL0dyZWF0ZXJTb3VsQ29yZUZpcmUiLCJzY2FsZSI6MSwicmVhbG0iOiJwb2UyIn1d/6390ebeaa6/GreaterSoulCoreFire.png	
item	Soul Core of Quipolatl	Ядро душ Квиполатля	WzI1LDE0LHsiZiI6IjJESXRlbXMvQ3VycmVuY3kvU291bENvcmVzL0dyZWF0ZXJTb3VsQ29yZVNwZWVkIiwic2NhbGUiOjEsInJlYWxtIjoicG9lMiJ9XQ/d4967ad0f1/GreaterSoulCoreSpeed.png	
item	Soul Core of Tacati	Ядро душ Такати	WzI1LDE0LHsiZiI6IjJESXRlbXMvQ3VycmVuY3kvU291bENvcmVzL0dyZWF0ZXJTb3VsQ29yZUNoYW9zIiwic2NhbGUiOjEsInJlYWxtIjoicG9lMiJ9XQ/cd9c4fb0a7/GreaterSoulCoreChaos.png	
item	Soul Core of Ticaba	Ядро душ Тикабы	WzI1LDE0LHsiZiI6IjJESXRlbXMvQ3VycmVuY3kvU291bENvcmVzL0dyZWF0ZXJTb3VsQ29yZUNyaXQiLCJzY2FsZSI6MSwicmVhbG0iOiJwb2UyIn1d/b453416064/GreaterSoulCoreCrit.png	
item	Soul Core of Topotante	Ядро душ Топотанте	WzI1LDE0LHsiZiI6IjJESXRlbXMvQ3VycmVuY3kvU291bENvcmVzL0dyZWF0ZXJTb3VsQ29yZVRyaUVsZW1lbnQiLCJzY2FsZSI6MSwicmVhbG0iOiJwb2UyIn1d/ae7a949b3a/GreaterSoulCoreTriElement.png	
item	Soul Core of Tzamoto	Ядро душ Цамото	WzI1LDE0LHsiZiI6IjJESXRlbXMvQ3VycmVuY3kvU291bENvcmVzL0dyZWF0ZXJTb3VsQ29yZUNvbGQiLCJzY2FsZSI6MSwicmVhbG0iOiJwb2UyIn1d/d437c04d5e/GreaterSoulCoreCold.png	
item	Soul Core of Xopec	Ядро душ Шопека	WzI1LDE0LHsiZiI6IjJESXRlbXMvQ3VycmVuY3kvU291bENvcmVzL0dyZWF0ZXJTb3VsQ29yZUxpZ2h0bmluZyIsInNjYWxlIjoxLCJyZWFsbSI6InBvZTIifV0/3dffadfa9a/GreaterSoulCoreLightning.png	
item	Soul Core of Zalatl	Ядро душ Залатля	WzI1LDE0LHsiZiI6IjJESXRlbXMvQ3VycmVuY3kvU291bENvcmVzL0dyZWF0ZXJTb3VsQ29yZU1hbmEiLCJzY2FsZSI6MSwicmVhbG0iOiJwb2UyIn1d/1437190de2/GreaterSoulCoreMana.png	
item	Soul Core of Zantipi	Ядро душ Зантипи	WzI1LDE0LHsiZiI6IjJESXRlbXMvQ3VycmVuY3kvU291bENvcmVzL0dyZWF0ZXJTb3VsQ29yZWludCIsInNjYWxlIjoxLCJyZWFsbSI6InBvZTIifV0/bf932f7001/GreaterSoulCoreint.png	
item	Sovereign Alloy	Державный сплав	WzI1LDE0LHsiZiI6IjJESXRlbXMvQ3VycmVuY3kvRXhwZWRpdGlvbjIvQWxsb3kxIiwic2NhbGUiOjEsInJlYWxtIjoicG9lMiJ9XQ/34231c4ea8/Alloy1.png	
item	Spiked Bracers	Шипастые наручи	WzI1LDE0LHsiZiI6IjJESXRlbXMvQXJtb3Vycy9HbG92ZXMvQmFzZXR5cGVzL0dsb3Zlc0RleDA1IiwidyI6MiwiaCI6Miwic2NhbGUiOjEsInJlYWxtIjoicG9lMiJ9XQ/b6a93d2794/GlovesDex05.png	Metadata/Items/Armours/Gloves/FourGlovesDex5Cruel
item	Spiked Buckler	Баклер с шипом	WzI1LDE0LHsiZiI6IjJESXRlbXMvT2ZmaGFuZC9TaGllbGRzL0J1Y2tsZXIwNiIsInciOjIsImgiOjIsInNjYWxlIjoxLCJyZWFsbSI6InBvZTIifV0/b523f2b5bb/Buckler06.png	Metadata/Items/Armours/Shields/FourShieldDex6
item	Spiked Club	Шипастая дубинка	WzI1LDE0LHsiZiI6IjJESXRlbXMvV2VhcG9ucy9PbmVIYW5kV2VhcG9ucy9PbmVIYW5kTWFjZXMvQmFzZXR5cGVzLzFITWFjZTA0IiwidyI6MiwiaCI6Mywic2NhbGUiOjEsInJlYWxtIjoicG9lMiJ9XQ/796ecd1781/1HMace04.png	Metadata/Items/Weapons/OneHandWeapons/OneHandMaces/FourOneHandMace4
item	Spiked Spear	Копьё с шипами	WzI1LDE0LHsiZiI6IjJESXRlbXMvV2VhcG9ucy9PbmVIYW5kV2VhcG9ucy9PbmVIYW5kU3BlYXJzLzFIU3BlYXIwNyIsInciOjEsImgiOjQsInNjYWxlIjoxLCJyZWFsbSI6InBvZTIifV0/9bda9719ba/1HSpear07.png	Metadata/Items/Weapons/OneHandWeapons/OneHandSpears/FourSpear7Endgame;?;stat_3828375170=0
item	Spikeward Buckler	Баклер с колющим шипом	WzI1LDE0LHsiZiI6IjJESXRlbXMvT2ZmaGFuZC9TaGllbGRzL0J1Y2tsZXIwNiIsInciOjIsImgiOjIsInNjYWxlIjoxLCJyZWFsbSI6InBvZTIifV0/b523f2b5bb/Buckler06.png	Metadata/Items/Armours/Shields/FourShieldDex6Cruel
item	Spined Bracers	Щетинистые наручи	WzI1LDE0LHsiZiI6IjJESXRlbXMvQXJtb3Vycy9HbG92ZXMvQmFzZXR5cGVzL0dsb3Zlc0RleDA1IiwidyI6MiwiaCI6Miwic2NhbGUiOjEsInJlYWxtIjoicG9lMiJ9XQ/b6a93d2794/GlovesDex05.png	Metadata/Items/Armours/Gloves/FourGlovesDex5
item	Spiny Talisman	Колючий талисман	WzI1LDE0LHsiZiI6IjJESXRlbXMvT2ZmaGFuZC9UYWxpc21hbnMvTmV0dGxlVGFsaXNtYW4iLCJ3IjoyLCJoIjoyLCJzY2FsZSI6MSwicmVhbG0iOiJwb2UyIn1d/b5b9f39416/NettleTalisman.png	Metadata/Items/Weapons/TwoHandWeapons/Talismans/Talisman2Endgame
item	Spiral Wraps	Витые обмотки	WzI1LDE0LHsiZiI6IjJESXRlbXMvQXJtb3Vycy9HbG92ZXMvQmFzZXR5cGVzL0dsb3Zlc0RleEludDAzIiwidyI6MiwiaCI6Miwic2NhbGUiOjEsInJlYWxtIjoicG9lMiJ9XQ/bdc7c3c15d/GlovesDexInt03.png	Metadata/Items/Armours/Gloves/FourGlovesDexInt3
item	Spired Greathelm	Остроконечный большой шлем	WzI1LDE0LHsiZiI6IjJESXRlbXMvQXJtb3Vycy9IZWxtZXRzL0Jhc2V0eXBlcy9IZWxtZXRTdHIwNCIsInciOjIsImgiOjIsInNjYWxlIjoxLCJyZWFsbSI6InBvZTIifV0/8b85a26aad/HelmetStr04.png	Metadata/Items/Armours/Helmets/FourHelmetStr4
item	Spiritbone Crown	Корона из костей духа	WzI1LDE0LHsiZiI6IjJESXRlbXMvQXJtb3Vycy9IZWxtZXRzL0Jhc2V0eXBlcy9IZWxtZXRJbnRTdHIwNiIsInciOjIsImgiOjIsInNjYWxlIjoxLCJyZWFsbSI6InBvZTIifV0/9456a4b2b7/HelmetIntStr06.png	Metadata/Items/Armours/Helmets/FourHelmetStrInt6
item	Splintered Flail	Потрескавшийся кистень		Metadata/Items/Weapons/OneHandWeapons/Flails/FourFlail1
item	Splintered Tower Shield	Обшарпанный ростовой щит	WzI1LDE0LHsiZiI6IjJESXRlbXMvT2ZmaGFuZC9TaGllbGRzL1Rvd2VyMDEiLCJ3IjoyLCJoIjo0LCJzY2FsZSI6MSwicmVhbG0iOiJwb2UyIn1d/7aa530b23a/Tower01.png	Metadata/Items/Armours/Shields/FourShieldStr1
item	Splitting Greataxe	Большой топор лесоруба		Metadata/Items/Weapons/TwoHandWeapons/TwoHandAxes/FourTwoHandAxe1
item	Stacked Sabatons	Пластинчатые сабатоны	WzI1LDE0LHsiZiI6IjJESXRlbXMvQXJtb3Vycy9Cb290cy9CYXNldHlwZXMvQm9vdHNTdHJEZXgwMyIsInciOjIsImgiOjIsInNjYWxlIjoxLCJyZWFsbSI6InBvZTIifV0/b0dd26050c/BootsStrDex03.png	Metadata/Items/Armours/Boots/FourBootsStrDex3
item	Stag Idol	Идол оленя	WzI1LDE0LHsiZiI6IjJESXRlbXMvQ3VycmVuY3kvVG9ybWVudGVkU3Bpcml0U29ja2V0YWJsZXMvQXptZXJpU29ja2V0YWJsZVN0YWciLCJzY2FsZSI6MSwicmVhbG0iOiJwb2UyIn1d/2a0668f95a/AzmeriSocketableStag.png	
item	Staghorn Focus	Фокус из оленьего рога	WzI1LDE0LHsiZiI6IjJESXRlbXMvT2ZmaGFuZC9Gb2NpL0Jhc2V0eXBlcy9Gb2N1czAzIiwidyI6MiwiaCI6Mywic2NhbGUiOjEsInJlYWxtIjoicG9lMiJ9XQ/7832c8858c/Focus03.png	Metadata/Items/Armours/Focii/FourFocus3Cruel
item	Stalking Belt	Охотничий ремень	WzI1LDE0LHsiZiI6IjJESXRlbXMvQmVsdHMvQmFzZXR5cGVzL1N0YWxraW5nQmVsdCIsInciOjIsImgiOjEsInNjYWxlIjoxLCJyZWFsbSI6InBvZTIifV0/2e3318a434/StalkingBelt.png	Metadata/Items/Belts/FourBeltB1;stat_1416292992=0;stat_2733960806
item	Stalking Bracers	Наручи погони	WzI1LDE0LHsiZiI6IjJESXRlbXMvQXJtb3Vycy9HbG92ZXMvQmFzZXR5cGVzL0dsb3Zlc0RleDAyIiwidyI6MiwiaCI6Miwic2NhbGUiOjEsInJlYWxtIjoicG9lMiJ9XQ/7a62d10b16/GlovesDex02.png	Metadata/Items/Armours/Gloves/FourGlovesDex2Endgame
item	Stalking Spear	Копьё погони	WzI1LDE0LHsiZiI6IjJESXRlbXMvV2VhcG9ucy9PbmVIYW5kV2VhcG9ucy9PbmVIYW5kU3BlYXJzLzFIU3BlYXIwMyIsInciOjEsImgiOjQsInNjYWxlIjoxLCJyZWFsbSI6InBvZTIifV0/d4c8557684/1HSpear03.png	Metadata/Items/Weapons/OneHandWeapons/OneHandSpears/FourSpear3Endgame;?;stat_2763429652=0
item	Staunching Charm	Рубцующий оберег	WzI1LDE0LHsiZiI6IjJESXRlbXMvQ2hhcm1zL0Jhc2V0eXBlcy9TdGF1bmNoaW5nQ2hhcm0iLCJ3IjoxLCJoIjoxLCJzY2FsZSI6MSwicmVhbG0iOiJwb2UyIn1d/0d2d459c24/StaunchingCharm.png	Metadata/Items/Flasks/FourCharm2;stat_3676540188
item	Steel Plate	Стальной доспех	WzI1LDE0LHsiZiI6IjJESXRlbXMvQXJtb3Vycy9Cb2R5QXJtb3Vycy9CYXNldHlwZXMvQm9keVN0cjA2IiwidyI6MiwiaCI6Mywic2NhbGUiOjEsInJlYWxtIjoicG9lMiJ9XQ/9751abcb6d/BodyStr06.png	Metadata/Items/Armours/BodyArmours/FourBodyStr6
item	Steelhead Spear	Копьё со стальным наконечником	WzI1LDE0LHsiZiI6IjJESXRlbXMvV2VhcG9ucy9PbmVIYW5kV2VhcG9ucy9PbmVIYW5kU3BlYXJzLzFIU3BlYXIwMiIsInciOjEsImgiOjQsInNjYWxlIjoxLCJyZWFsbSI6InBvZTIifV0/08f2f8530e/1HSpear02.png	Metadata/Items/Weapons/OneHandWeapons/OneHandSpears/FourSpear2Cruel;?
item	Steelmail Gauntlets	Стальные кольчужные перчатки	WzI1LDE0LHsiZiI6IjJESXRlbXMvQXJtb3Vycy9HbG92ZXMvQmFzZXR5cGVzL0dsb3Zlc1N0ckRleDAxIiwidyI6MiwiaCI6Miwic2NhbGUiOjEsInJlYWxtIjoicG9lMiJ9XQ/b26babb5f6/GlovesStrDex01.png	Metadata/Items/Armours/Gloves/FourGlovesStrDex1Endgame
item	Steelpoint Quarterstaff	Боевой посох со стальным наконечником	WzI1LDE0LHsiZiI6IjJESXRlbXMvV2VhcG9ucy9Ud29IYW5kV2VhcG9ucy9XYXJTdGF2ZXMvV2Fyc3RhZmYwNiIsInciOjIsImgiOjQsInNjYWxlIjoxLCJyZWFsbSI6InBvZTIifV0/7b8175ae91/Warstaff06.png	Metadata/Items/Weapons/TwoHandWeapons/Staves/FourQuarterstaff6
item	Steelpoint Shoes	Ботинки со стальным носком	WzI1LDE0LHsiZiI6IjJESXRlbXMvQXJtb3Vycy9Cb290cy9CYXNldHlwZXMvQm9vdHNEZXhJbnQwNCIsInciOjIsImgiOjIsInNjYWxlIjoxLCJyZWFsbSI6InBvZTIifV0/c7b2a1d325/BootsDexInt04.png	Metadata/Items/Armours/Boots/FourBootsDexInt4
item	Steeltoe Boots	Сапоги со стальным носком	WzI1LDE0LHsiZiI6IjJESXRlbXMvQXJtb3Vycy9Cb290cy9CYXNldHlwZXMvQm9vdHNEZXgwNCIsInciOjIsImgiOjIsInNjYWxlIjoxLCJyZWFsbSI6InBvZTIifV0/5a8bec4689/BootsDex04.png	Metadata/Items/Armours/Boots/FourBootsDex4
item	Stellar Amulet	Звёздный амулет	WzI1LDE0LHsiZiI6IjJESXRlbXMvQW11bGV0cy9CYXNldHlwZXMvU3RlbGxhckFtdWxldCIsInciOjEsImgiOjEsInNjYWxlIjoxLCJyZWFsbSI6InBvZTIifV0/a44db4cd4a/StellarAmulet.png	Metadata/Items/Amulets/FourAmulet8;stat_1379411836|stat_2897413282=0
item	Stitched Gloves	Сшитые перчатки	WzI1LDE0LHsiZiI6IjJESXRlbXMvQXJtb3Vycy9HbG92ZXMvQmFzZXR5cGVzL0dsb3Zlc0ludDAzIiwidyI6MiwiaCI6Miwic2NhbGUiOjEsInJlYWxtIjoicG9lMiJ9XQ/85766bcbe2/GlovesInt03.png	Metadata/Items/Armours/Gloves/FourGlovesInt3
item	Stoat Idol	Идол горностая	WzI1LDE0LHsiZiI6IjJESXRlbXMvQ3VycmVuY3kvVG9ybWVudGVkU3Bpcml0U29ja2V0YWJsZXMvQXptZXJpU29ja2V0YWJsZVN0b2F0IiwidyI6MSwiaCI6MSwic2NhbGUiOjEsInJlYWxtIjoicG9lMiJ9XQ/47aaf155ca/AzmeriSocketableStoat.png	
item	Stocky Mitts	Толстые рукавицы	WzI1LDE0LHsiZiI6IjJESXRlbXMvQXJtb3Vycy9HbG92ZXMvQmFzZXR5cGVzL0dsb3Zlc1N0cjAxIiwidyI6MiwiaCI6Miwic2NhbGUiOjEsInJlYWxtIjoicG9lMiJ9XQ/9087556afe/GlovesStr01.png	Metadata/Items/Armours/Gloves/FourGlovesStr1
item	Stoic Sceptre	Скипетр стоика	WzI1LDE0LHsiZiI6IjJESXRlbXMvV2VhcG9ucy9PbmVIYW5kV2VhcG9ucy9TY2VwdGVycy9CYXNldHlwZXMvU2NlcHRyZTAyIiwidyI6MiwiaCI6Mywic2NhbGUiOjEsInJlYWxtIjoicG9lMiJ9XQ/fa0606497b/Sceptre02.png	Metadata/Items/Weapons/OneHandWeapons/Sceptres/FourSceptre2
item	Stone Charm	Каменный оберег	WzI1LDE0LHsiZiI6IjJESXRlbXMvQ2hhcm1zL0Jhc2V0eXBlcy9TdG9uZUNoYXJtIiwidyI6MSwiaCI6MSwic2NhbGUiOjEsInJlYWxtIjoicG9lMiJ9XQ/40ef89ccdb/StoneCharm.png	Metadata/Items/Flasks/FourCharm6;stat_1810482573
item	Stone Cuirass	Каменный нагрудник	WzI1LDE0LHsiZiI6IjJESXRlbXMvQXJtb3Vycy9Cb2R5QXJtb3Vycy9CYXNldHlwZXMvQm9keVN0cjA4IiwidyI6MiwiaCI6Mywic2NhbGUiOjEsInJlYWxtIjoicG9lMiJ9XQ/017f2527d7/BodyStr08.png	Metadata/Items/Armours/BodyArmours/FourBodyStr8Cruel
item	Stone Flail	Кистень из камня	WzI1LDE0LHsiZiI6IjJESXRlbXMvV2VhcG9ucy9PbmVIYW5kV2VhcG9ucy9GbGFpbHMvRmxhaWwwNyIsInciOjIsImgiOjMsInNjYWxlIjoxLCJyZWFsbSI6InBvZTIifV0/c7b74aadd6/Flail07.png	Metadata/Items/Weapons/OneHandWeapons/Flails/FourFlail7;stat_1137147997
item	Stone Greatsword	Каменный большой меч		Metadata/Items/Weapons/TwoHandWeapons/TwoHandSwords/FourTwoHandSword7
item	Stone Greaves	Каменные поножи	WzI1LDE0LHsiZiI6IjJESXRlbXMvQXJtb3Vycy9Cb290cy9CYXNldHlwZXMvQm9vdHNTdHIwNSIsInciOjIsImgiOjIsInNjYWxlIjoxLCJyZWFsbSI6InBvZTIifV0/3bc62e552f/BootsStr05.png	Metadata/Items/Armours/Boots/FourBootsStr5
item	Stone Rune	Руна камня	WzI1LDE0LHsiZiI6IjJESXRlbXMvQ3VycmVuY3kvUnVuZXMvU3R1blJ1bmUiLCJzY2FsZSI6MSwicmVhbG0iOiJwb2UyIn1d/f7830fb594/StunRune.png	
item	Stone Targe	Каменный тарджет	WzI1LDE0LHsiZiI6IjJESXRlbXMvT2ZmaGFuZC9TaGllbGRzL1NoaWVsZDA1IiwidyI6MiwiaCI6Mywic2NhbGUiOjEsInJlYWxtIjoicG9lMiJ9XQ/8eead9d3b1/Shield05.png	Metadata/Items/Armours/Shields/FourShieldStrDex5Cruel
item	Stone Tower Shield	Каменный ростовой щит	WzI1LDE0LHsiZiI6IjJESXRlbXMvT2ZmaGFuZC9TaGllbGRzL1Rvd2VyMDgiLCJ3IjoyLCJoIjo0LCJzY2FsZSI6MSwicmVhbG0iOiJwb2UyIn1d/3049a79ef7/Tower08.png	Metadata/Items/Armours/Shields/FourShieldStr8
item	Storm Rune	Руна шторма	WzI1LDE0LHsiZiI6IjJESXRlbXMvQ3VycmVuY3kvUnVuZXMvTGlnaHRuaW5nUnVuZSIsInNjYWxlIjoxLCJyZWFsbSI6InBvZTIifV0/98319b3998/LightningRune.png	
item	Stout Crossbow	Добротный самострел	WzI1LDE0LHsiZiI6IjJESXRlbXMvV2VhcG9ucy9Ud29IYW5kV2VhcG9ucy9Dcm9zc2Jvd3MvMkhDcm9zc2JvdzAzIiwidyI6MiwiaCI6NCwic2NhbGUiOjEsInJlYWxtIjoicG9lMiJ9XQ/0b27058920/2HCrossbow03.png	Metadata/Items/Weapons/TwoHandWeapons/Crossbows/FourCrossbow3Endgame
item	Stratified Targe	Многослойный тарджет	WzI1LDE0LHsiZiI6IjJESXRlbXMvT2ZmaGFuZC9TaGllbGRzL1NoaWVsZDA3IiwidyI6MiwiaCI6Mywic2NhbGUiOjEsInJlYWxtIjoicG9lMiJ9XQ/0a4da02307/Shield07.png	Metadata/Items/Armours/Shields/FourShieldStrDex7
item	Straw Sandals	Соломенные сандалии	WzI1LDE0LHsiZiI6IjJESXRlbXMvQXJtb3Vycy9Cb290cy9CYXNldHlwZXMvQm9vdHNJbnQwMSIsInciOjIsImgiOjIsInNjYWxlIjoxLCJyZWFsbSI6InBvZTIifV0/97a15f9306/BootsInt01.png	Metadata/Items/Armours/Boots/FourBootsInt1
item	Strider Vest	Жилет наездника		Metadata/Items/Armours/BodyArmours/FourBodyDex11
item	Strife Pick	Кирка раздора	WzI1LDE0LHsiZiI6IjJESXRlbXMvV2VhcG9ucy9PbmVIYW5kV2VhcG9ucy9PbmVIYW5kTWFjZXMvQmFzZXR5cGVzLzFITWFjZTA1IiwidyI6MiwiaCI6Mywic2NhbGUiOjEsInJlYWxtIjoicG9lMiJ9XQ/9d05debfab/1HMace05.png	Metadata/Items/Weapons/OneHandWeapons/OneHandMaces/FourOneHandMace5Endgame;stat_2694482655=0
item	Striking Quarterstaff	Ударный боевой посох	WzI1LDE0LHsiZiI6IjJESXRlbXMvV2VhcG9ucy9Ud29IYW5kV2VhcG9ucy9XYXJTdGF2ZXMvV2Fyc3RhZmYwMiIsInciOjIsImgiOjQsInNjYWxlIjoxLCJyZWFsbSI6InBvZTIifV0/23459cf5a8/Warstaff02.png	Metadata/Items/Weapons/TwoHandWeapons/Staves/FourQuarterstaff2Endgame;stat_548198834=0
item	Striking Spear	Ударное копьё	WzI1LDE0LHsiZiI6IjJESXRlbXMvV2VhcG9ucy9PbmVIYW5kV2VhcG9ucy9PbmVIYW5kU3BlYXJzLzFIU3BlYXIxMiIsInciOjEsImgiOjQsInNjYWxlIjoxLCJyZWFsbSI6InBvZTIifV0/6a35a6cbad/1HSpear12.png	Metadata/Items/Weapons/OneHandWeapons/OneHandSpears/FourSpear12;?;?
item	Structured Hammer	Гранёный молот	WzI1LDE0LHsiZiI6IjJESXRlbXMvV2VhcG9ucy9PbmVIYW5kV2VhcG9ucy9PbmVIYW5kTWFjZXMvQmFzZXR5cGVzLzFITWFjZTA4IiwidyI6MiwiaCI6Mywic2NhbGUiOjEsInJlYWxtIjoicG9lMiJ9XQ/f0a2fc612b/1HMace08.png	Metadata/Items/Weapons/OneHandWeapons/OneHandMaces/FourOneHandMace8Cruel;stat_2933846633|stat_3146310524=0
item	Studded Boots	Клёпаные сапоги	WzI1LDE0LHsiZiI6IjJESXRlbXMvQXJtb3Vycy9Cb290cy9CYXNldHlwZXMvQm9vdHNEZXgwNCIsInciOjIsImgiOjIsInNjYWxlIjoxLCJyZWFsbSI6InBvZTIifV0/5a8bec4689/BootsDex04.png	Metadata/Items/Armours/Boots/FourBootsDex4Cruel
item	Studded Greatclub	Шипастая палица	WzI1LDE0LHsiZiI6IjJESXRlbXMvV2VhcG9ucy9Ud29IYW5kV2VhcG9ucy9Ud29IYW5kTWFjZXMvQmFzZXR5cGVzLzJITWFjZTA0IiwidyI6MiwiaCI6NCwic2NhbGUiOjEsInJlYWxtIjoicG9lMiJ9XQ/668125dcb3/2HMace04.png	Metadata/Items/Weapons/TwoHandWeapons/TwoHandMaces/FourTwoHandMace4
item	Studded Targe	Тарджет с заклёпками	WzI1LDE0LHsiZiI6IjJESXRlbXMvT2ZmaGFuZC9TaGllbGRzL1NoaWVsZDAzIiwidyI6MiwiaCI6Mywic2NhbGUiOjEsInJlYWxtIjoicG9lMiJ9XQ/6ff6f7c6d3/Shield03.png	Metadata/Items/Armours/Shields/FourShieldStrDex3
item	Studded Vest	Клёпаный нагрудник	WzI1LDE0LHsiZiI6IjJESXRlbXMvQXJtb3Vycy9Cb2R5QXJtb3Vycy9CYXNldHlwZXMvQm9keURleDA2IiwidyI6MiwiaCI6Mywic2NhbGUiOjEsInJlYWxtIjoicG9lMiJ9XQ/dd53d7b8d1/BodyDex06.png	Metadata/Items/Armours/BodyArmours/FourBodyDex6
item	Sturdy Crossbow	Прочный самострел	WzI1LDE0LHsiZiI6IjJESXRlbXMvV2VhcG9ucy9Ud29IYW5kV2VhcG9ucy9Dcm9zc2Jvd3MvMkhDcm9zc2JvdzAzIiwidyI6MiwiaCI6NCwic2NhbGUiOjEsInJlYWxtIjoicG9lMiJ9XQ/0b27058920/2HCrossbow03.png	Metadata/Items/Weapons/TwoHandWeapons/Crossbows/FourCrossbow3
item	Suede Bracers	Замшевые наручи	WzI1LDE0LHsiZiI6IjJESXRlbXMvQXJtb3Vycy9HbG92ZXMvQmFzZXR5cGVzL0dsb3Zlc0RleDAxIiwidyI6MiwiaCI6Miwic2NhbGUiOjEsInJlYWxtIjoicG9lMiJ9XQ/c025f87824/GlovesDex01.png	Metadata/Items/Armours/Gloves/FourGlovesDex1
item	Sun Artifact	Артефакт Солнца	WzI1LDE0LHsiZiI6IjJESXRlbXMvQ3VycmVuY3kvRXhwZWRpdGlvbi9SdW5lMTciLCJ3IjoxLCJoIjoxLCJzY2FsZSI6MSwicmVhbG0iOiJwb2UyIn1d/956b7e6b64/Rune17.png	
item	Swathed Cap	Капюшон с куфией	WzI1LDE0LHsiZiI6IjJESXRlbXMvQXJtb3Vycy9IZWxtZXRzL0Jhc2V0eXBlcy9IZWxtZXREZXgwNCIsInciOjIsImgiOjIsInNjYWxlIjoxLCJyZWFsbSI6InBvZTIifV0/e2bcc2e1c1/HelmetDex04.png	Metadata/Items/Armours/Helmets/FourHelmetDex4
item	Swift Alloy	Лёгкий сплав	WzI1LDE0LHsiZiI6IjJESXRlbXMvQ3VycmVuY3kvRXhwZWRpdGlvbjIvUHVyZVZlcmlzaXVtIiwic2NhbGUiOjEsInJlYWxtIjoicG9lMiJ9XQ/8418cd5cc3/PureVerisium.png	
item	Swift Bracers	Наручи быстроты	WzI1LDE0LHsiZiI6IjJESXRlbXMvQXJtb3Vycy9HbG92ZXMvQmFzZXR5cGVzL0dsb3Zlc0RleDAzIiwidyI6MiwiaCI6Miwic2NhbGUiOjEsInJlYWxtIjoicG9lMiJ9XQ/431643ec14/GlovesDex03.png	Metadata/Items/Armours/Gloves/FourGlovesDex3Cruel
item	Swift Spear	Быстрое копьё	WzI1LDE0LHsiZiI6IjJESXRlbXMvV2VhcG9ucy9PbmVIYW5kV2VhcG9ucy9PbmVIYW5kU3BlYXJzLzFIU3BlYXIwNSIsInciOjEsImgiOjQsInNjYWxlIjoxLCJyZWFsbSI6InBvZTIifV0/b176f54004/1HSpear05.png	Metadata/Items/Weapons/OneHandWeapons/OneHandSpears/FourSpear5Cruel;?;stat_535217483=0
item	Swiftstalker Coat	Куртка ловчего	WzI1LDE0LHsiZiI6IjJESXRlbXMvQXJtb3Vycy9Cb2R5QXJtb3Vycy9CYXNldHlwZXMvQm9keURleDAzIiwidyI6MiwiaCI6Mywic2NhbGUiOjEsInJlYWxtIjoicG9lMiJ9XQ/cc5ba22973/BodyDex03.png	Metadata/Items/Armours/BodyArmours/FourBodyDex3Endgame;stat_924253255=0
item	Sword Spear	Копьё-меч	WzI1LDE0LHsiZiI6IjJESXRlbXMvV2VhcG9ucy9PbmVIYW5kV2VhcG9ucy9PbmVIYW5kU3BlYXJzLzFIU3BlYXIxMSIsInciOjEsImgiOjQsInNjYWxlIjoxLCJyZWFsbSI6InBvZTIifV0/63c4e7e781/1HSpear11.png	Metadata/Items/Weapons/OneHandWeapons/OneHandSpears/FourSpear11;?
item	Tacati's Soul Core of Affliction	Ядро душ недуга Такати	WzI1LDE0LHsiZiI6IjJESXRlbXMvQ3VycmVuY3kvU291bENvcmVzL05ld1NvdWxDb3JlQ2hhb3MxIiwic2NhbGUiOjEsInJlYWxtIjoicG9lMiJ9XQ/276b585906/NewSoulCoreChaos1.png	
item	Tangmazu's Reliquary Key	Ключ от Реликвария Тангмазу	WzI1LDE0LHsiZiI6IjJESXRlbXMvTWFwcy9Ud2lsaWdodE9yZGVyUmVsaXF1YXJ5S2V5RGVsaXJpdW0iLCJzY2FsZSI6MSwicmVhbG0iOiJwb2UyIn1d/1a87e735c6/TwilightOrderReliquaryKeyDelirium.png	
item	Tapestry Relic	Гобелен	WzI1LDE0LHsiZiI6IjJESXRlbXMvUmVsaWNzL1JlbGljQmFzZTN4MSIsInciOjMsImgiOjEsInNjYWxlIjoxLCJyZWFsbSI6InBvZTIifV0/b73199fe0f/RelicBase3x1.png	Metadata/Items/Relics/SanctumRelic3x1
item	Tasalian Focus	Фокус Тасалио	WzI1LDE0LHsiZiI6IjJESXRlbXMvT2ZmaGFuZC9Gb2NpL0Jhc2V0eXBlcy9Gb2N1czEwIiwidyI6MiwiaCI6Mywic2NhbGUiOjEsInJlYWxtIjoicG9lMiJ9XQ/fae6589795/Focus10.png	Metadata/Items/Armours/Focii/FourFocus10Endgame
item	Tasalian Greaves	Поножи Тасалио	WzI1LDE0LHsiZiI6IjJESXRlbXMvQXJtb3Vycy9Cb290cy9CYXNldHlwZXMvQm9vdHNTdHIwNiIsInciOjIsImgiOjIsInNjYWxlIjoxLCJyZWFsbSI6InBvZTIifV0/4c3e83f5cc/BootsStr06.png	Metadata/Items/Armours/Boots/FourBootsStr6Endgame
item	Tattered Robe	Рваное платье	WzI1LDE0LHsiZiI6IjJESXRlbXMvQXJtb3Vycy9Cb2R5QXJtb3Vycy9CYXNldHlwZXMvQm9keUludDAxIiwidyI6MiwiaCI6Mywic2NhbGUiOjEsInJlYWxtIjoicG9lMiJ9XQ/99cf30da0e/BodyInt01.png	Metadata/Items/Armours/BodyArmours/FourBodyInt1
item	Taut Crossbow	Упругий самострел	WzI1LDE0LHsiZiI6IjJESXRlbXMvV2VhcG9ucy9Ud29IYW5kV2VhcG9ucy9Dcm9zc2Jvd3MvMkhDcm9zc2JvdzAyIiwidyI6MiwiaCI6NCwic2NhbGUiOjEsInJlYWxtIjoicG9lMiJ9XQ/68b7ea1492/2HCrossbow02.png	Metadata/Items/Weapons/TwoHandWeapons/Crossbows/FourCrossbow2Cruel;stat_1803308202=0
item	Tawhoan Greatclub	Дубина Тахоа	WzI1LDE0LHsiZiI6IjJESXRlbXMvV2VhcG9ucy9Ud29IYW5kV2VhcG9ucy9Ud29IYW5kTWFjZXMvQmFzZXR5cGVzLzJITWFjZTEwIiwidyI6MiwiaCI6NCwic2NhbGUiOjEsInJlYWxtIjoicG9lMiJ9XQ/772d24f388/2HMace10.png	Metadata/Items/Weapons/TwoHandWeapons/TwoHandMaces/FourTwoHandMace10Endgame;stat_1434716233
item	Tawhoan Tower Shield	Ростовой щит Тахоа	WzI1LDE0LHsiZiI6IjJESXRlbXMvT2ZmaGFuZC9TaGllbGRzL1Rvd2VyMTAiLCJ3IjoyLCJoIjo0LCJzY2FsZSI6MSwicmVhbG0iOiJwb2UyIn1d/8efda96f5b/Tower10.png	Metadata/Items/Armours/Shields/FourShieldStr10Endgame
item	Tearing Flail	Разрывающий кистень	WzI1LDE0LHsiZiI6IjJESXRlbXMvV2VhcG9ucy9PbmVIYW5kV2VhcG9ucy9GbGFpbHMvRmxhaWwxMSIsInciOjIsImgiOjMsInNjYWxlIjoxLCJyZWFsbSI6InBvZTIifV0/9b5ddf1e71/Flail11.png	Metadata/Items/Weapons/OneHandWeapons/Flails/FourFlail11
item	Tecrod's Gaze	Взгляд Текрода	WzI1LDE0LHsiZiI6IjJESXRlbXMvQ3VycmVuY3kvQWJ5c3NhbEV5ZVNvY2tldGFibGVzL1RlY3JvZHNHYXplIiwic2NhbGUiOjEsInJlYWxtIjoicG9lMiJ9XQ/ef2a9355b4/TecrodsGaze.png	
item	Tempered Mitts	Закалённые рукавицы	WzI1LDE0LHsiZiI6IjJESXRlbXMvQXJtb3Vycy9HbG92ZXMvQmFzZXR5cGVzL0dsb3Zlc1N0cjAzIiwidyI6MiwiaCI6Miwic2NhbGUiOjEsInJlYWxtIjoicG9lMiJ9XQ/5a4d47e4f0/GlovesStr03.png	Metadata/Items/Armours/Gloves/FourGlovesStr3
item	Templar Vestments	Облачение жреца	WzI1LDE0LHsiZiI6IjJESXRlbXMvQXJtb3Vycy9Cb2R5QXJtb3Vycy9CYXNldHlwZXMvQm9keUludFN0cjAxIiwidyI6MiwiaCI6Mywic2NhbGUiOjEsInJlYWxtIjoicG9lMiJ9XQ/c4d1d74285/BodyIntStr01.png	Metadata/Items/Armours/BodyArmours/FourBodyStrInt1Cruel
item	Temple Maul	Храмовая дубина	WzI1LDE0LHsiZiI6IjJESXRlbXMvV2VhcG9ucy9Ud29IYW5kV2VhcG9ucy9Ud29IYW5kTWFjZXMvQmFzZXR5cGVzLzJITWFjZTA2IiwidyI6MiwiaCI6NCwic2NhbGUiOjEsInJlYWxtIjoicG9lMiJ9XQ/cde79f403c/2HMace06.png	Metadata/Items/Weapons/TwoHandWeapons/TwoHandMaces/FourTwoHandMace6
item	Temple Tablet	Плитка Храма	WzI1LDE0LHsiZiI6IjJESXRlbXMvQ3VycmVuY3kvUHJlY3Vyc29yVGFibGV0cy9QcmVjdXJzb3JUYWJsZXRJbmN1cnNpb24iLCJ3IjoxLCJoIjoxLCJzY2FsZSI6MSwicmVhbG0iOiJwb2UyIn1d/9beb68ac5d/PrecursorTabletIncursion.png	Metadata/Items/TowerAugment/IncursionAugment;?,?
item	Tenebrous Amulet	Тусклый амулет	WzI1LDE0LHsiZiI6IjJESXRlbXMvQW11bGV0cy9IZWlzdEFtdWxldDIiLCJ3IjoxLCJoIjoxLCJzY2FsZSI6MSwicmVhbG0iOiJwb2UyIn1d/236c01fe8a/HeistAmulet2.png	Metadata/Items/Amulets/FourAmuletLake4;stat_3182714256,stat_718638445=0,1
item	Tenebrous Crown	Тусклая корона		Metadata/Items/Armours/Helmets/FourHelmetStrIntUnique1
item	Tenebrous Ring	Тусклое кольцо	WzI1LDE0LHsiZiI6IjJESXRlbXMvUmluZ3MvTGFrZVJpbmc0IiwidyI6MSwiaCI6MSwic2NhbGUiOjEsInJlYWxtIjoicG9lMiJ9XQ/c6a4a54692/LakeRing4.png	Metadata/Items/Rings/FourRingLake4;stat_3182714256,stat_718638445=0,1
item	Tense Crossbow	Тугой самострел	WzI1LDE0LHsiZiI6IjJESXRlbXMvV2VhcG9ucy9Ud29IYW5kV2VhcG9ucy9Dcm9zc2Jvd3MvMkhDcm9zc2JvdzAyIiwidyI6MiwiaCI6NCwic2NhbGUiOjEsInJlYWxtIjoicG9lMiJ9XQ/68b7ea1492/2HCrossbow02.png	Metadata/Items/Weapons/TwoHandWeapons/Crossbows/FourCrossbow2;stat_1803308202=0
item	Tertiary Calamity Fragment	Третичный фрагмент бедствия	WzI1LDE0LHsiZiI6IjJESXRlbXMvUXVlc3RJdGVtcy9VYmVyUGlubmFjbGVLZXkzIiwic2NhbGUiOjEsInJlYWxtIjoicG9lMiJ9XQ/29665daa60/UberPinnacleKey3.png	
item	Test of Cunning Barya	Бария Испытания хитрости	WzI1LDE0LHsiZiI6IjJESXRlbXMvQ3VycmVuY3kvU2FuY3R1bS9CYWxiYWxhQ29pbjMiLCJ3IjoxLCJoIjoxLCJzY2FsZSI6MSwicmVhbG0iOiJwb2UyIn1d/a885daaaf7/BalbalaCoin3.png	
item	Test of Strength Barya	Бария Испытания силы	WzI1LDE0LHsiZiI6IjJESXRlbXMvQ3VycmVuY3kvU2FuY3R1bS9CYWxiYWxhQ29pbjEiLCJ3IjoxLCJoIjoxLCJzY2FsZSI6MSwicmVhbG0iOiJwb2UyIn1d/4fe253f6e7/BalbalaCoin1.png	
item	Test of Time Barya	Бария Испытания времени	WzI1LDE0LHsiZiI6IjJESXRlbXMvQ3VycmVuY3kvU2FuY3R1bS9CYWxiYWxhQ29pbjQiLCJ3IjoxLCJoIjoxLCJzY2FsZSI6MSwicmVhbG0iOiJwb2UyIn1d/b20c9c7b03/BalbalaCoin4.png	
item	Test of Will Barya	Бария Испытания воли	WzI1LDE0LHsiZiI6IjJESXRlbXMvQ3VycmVuY3kvU2FuY3R1bS9CYWxiYWxhQ29pbjIiLCJ3IjoxLCJoIjoxLCJzY2FsZSI6MSwicmVhbG0iOiJwb2UyIn1d/3e8bb78623/BalbalaCoin2.png	
item	Tethering Bands	Связующие браслеты		Metadata/Items/Armours/Gloves/FourGlovesStrIntUnique1
item	Thane Girt's Rune of Wildness	Руна дикости тана Гирта	WzI1LDE0LHsiZiI6IjJESXRlbXMvQ3VycmVuY3kvUnVuZXMvTmV3UnVuZTE1Iiwic2NhbGUiOjEsInJlYWxtIjoicG9lMiJ9XQ/d76b01cd40/NewRune15.png	
item	Thane Grannell's Rune of Mastery	Руна мастерства тана Граннеля	WzI1LDE0LHsiZiI6IjJESXRlbXMvQ3VycmVuY3kvUnVuZXMvTmV3UnVuZTEyIiwic2NhbGUiOjEsInJlYWxtIjoicG9lMiJ9XQ/8fddac42a1/NewRune12.png	
item	Thane Leld's Rune of Spring	Руна весны тана Лельда	WzI1LDE0LHsiZiI6IjJESXRlbXMvQ3VycmVuY3kvUnVuZXMvTmV3UnVuZTE5Iiwic2NhbGUiOjEsInJlYWxtIjoicG9lMiJ9XQ/b2966e8da7/NewRune19.png	
item	Thane Mail	Кольчуга тана	WzI1LDE0LHsiZiI6IjJESXRlbXMvQXJtb3Vycy9Cb2R5QXJtb3Vycy9CYXNldHlwZXMvQm9keVN0ckRleDA4IiwidyI6MiwiaCI6Mywic2NhbGUiOjEsInJlYWxtIjoicG9lMiJ9XQ/e3f1f20a56/BodyStrDex08.png	Metadata/Items/Armours/BodyArmours/FourBodyStrDex8Endgame;stat_3855016469=0
item	Thane Myrk's Rune of Summer	Руна лета тана Мирка	WzI1LDE0LHsiZiI6IjJESXRlbXMvQ3VycmVuY3kvUnVuZXMvTmV3UnVuZTE3Iiwic2NhbGUiOjEsInJlYWxtIjoicG9lMiJ9XQ/f1bf657be5/NewRune17.png	
item	Thaumaturgic Flux (Level 10)	Чародейский расплав (Уровень 10)	WzI1LDE0LHsiZiI6IjJESXRlbXMvQ3VycmVuY3kvRXhwZWRpdGlvbjIvRXhwZWRpdGlvbkdlbUN1cnJlbmN5Iiwic2NhbGUiOjEsInJlYWxtIjoicG9lMiJ9XQ/51fec6d0d5/ExpeditionGemCurrency.png	
item	Thaumaturgic Flux (Level 11)	Чародейский расплав (Уровень 11)	WzI1LDE0LHsiZiI6IjJESXRlbXMvQ3VycmVuY3kvRXhwZWRpdGlvbjIvRXhwZWRpdGlvbkdlbUN1cnJlbmN5Iiwic2NhbGUiOjEsInJlYWxtIjoicG9lMiJ9XQ/51fec6d0d5/ExpeditionGemCurrency.png	
item	Thaumaturgic Flux (Level 12)	Чародейский расплав (Уровень 12)	WzI1LDE0LHsiZiI6IjJESXRlbXMvQ3VycmVuY3kvRXhwZWRpdGlvbjIvRXhwZWRpdGlvbkdlbUN1cnJlbmN5Iiwic2NhbGUiOjEsInJlYWxtIjoicG9lMiJ9XQ/51fec6d0d5/ExpeditionGemCurrency.png	
item	Thaumaturgic Flux (Level 13)	Чародейский расплав (Уровень 13)	WzI1LDE0LHsiZiI6IjJESXRlbXMvQ3VycmVuY3kvRXhwZWRpdGlvbjIvRXhwZWRpdGlvbkdlbUN1cnJlbmN5Iiwic2NhbGUiOjEsInJlYWxtIjoicG9lMiJ9XQ/51fec6d0d5/ExpeditionGemCurrency.png	
item	Thaumaturgic Flux (Level 14)	Чародейский расплав (Уровень 14)	WzI1LDE0LHsiZiI6IjJESXRlbXMvQ3VycmVuY3kvRXhwZWRpdGlvbjIvRXhwZWRpdGlvbkdlbUN1cnJlbmN5Iiwic2NhbGUiOjEsInJlYWxtIjoicG9lMiJ9XQ/51fec6d0d5/ExpeditionGemCurrency.png	
item	Thaumaturgic Flux (Level 15)	Чародейский расплав (Уровень 15)	WzI1LDE0LHsiZiI6IjJESXRlbXMvQ3VycmVuY3kvRXhwZWRpdGlvbjIvRXhwZWRpdGlvbkdlbUN1cnJlbmN5Iiwic2NhbGUiOjEsInJlYWxtIjoicG9lMiJ9XQ/51fec6d0d5/ExpeditionGemCurrency.png	
item	Thaumaturgic Flux (Level 16)	Чародейский расплав (Уровень 16)	WzI1LDE0LHsiZiI6IjJESXRlbXMvQ3VycmVuY3kvRXhwZWRpdGlvbjIvRXhwZWRpdGlvbkdlbUN1cnJlbmN5Iiwic2NhbGUiOjEsInJlYWxtIjoicG9lMiJ9XQ/51fec6d0d5/ExpeditionGemCurrency.png	
item	Thaumaturgic Flux (Level 17)	Чародейский расплав (Уровень 17)	WzI1LDE0LHsiZiI6IjJESXRlbXMvQ3VycmVuY3kvRXhwZWRpdGlvbjIvRXhwZWRpdGlvbkdlbUN1cnJlbmN5Iiwic2NhbGUiOjEsInJlYWxtIjoicG9lMiJ9XQ/51fec6d0d5/ExpeditionGemCurrency.png	
item	Thaumaturgic Flux (Level 18)	Чародейский расплав (Уровень 18)	WzI1LDE0LHsiZiI6IjJESXRlbXMvQ3VycmVuY3kvRXhwZWRpdGlvbjIvRXhwZWRpdGlvbkdlbUN1cnJlbmN5Iiwic2NhbGUiOjEsInJlYWxtIjoicG9lMiJ9XQ/51fec6d0d5/ExpeditionGemCurrency.png	
item	Thaumaturgic Flux (Level 19)	Чародейский расплав (Уровень 19)	WzI1LDE0LHsiZiI6IjJESXRlbXMvQ3VycmVuY3kvRXhwZWRpdGlvbjIvRXhwZWRpdGlvbkdlbUN1cnJlbmN5Iiwic2NhbGUiOjEsInJlYWxtIjoicG9lMiJ9XQ/51fec6d0d5/ExpeditionGemCurrency.png	
item	Thaumaturgic Flux (Level 20)	Чародейский расплав (Уровень 20)	WzI1LDE0LHsiZiI6IjJESXRlbXMvQ3VycmVuY3kvRXhwZWRpdGlvbjIvRXhwZWRpdGlvbkdlbUN1cnJlbmN5Iiwic2NhbGUiOjEsInJlYWxtIjoicG9lMiJ9XQ/51fec6d0d5/ExpeditionGemCurrency.png	
item	Thaumaturgic Flux (Level 8)	Чародейский расплав (Уровень 8)	WzI1LDE0LHsiZiI6IjJESXRlbXMvQ3VycmVuY3kvRXhwZWRpdGlvbjIvRXhwZWRpdGlvbkdlbUN1cnJlbmN5Iiwic2NhbGUiOjEsInJlYWxtIjoicG9lMiJ9XQ/51fec6d0d5/ExpeditionGemCurrency.png	
item	Thaumaturgic Flux (Level 9)	Чародейский расплав (Уровень 9)	WzI1LDE0LHsiZiI6IjJESXRlbXMvQ3VycmVuY3kvRXhwZWRpdGlvbjIvRXhwZWRpdGlvbkdlbUN1cnJlbmN5Iiwic2NhbGUiOjEsInJlYWxtIjoicG9lMiJ9XQ/51fec6d0d5/ExpeditionGemCurrency.png	
item	Thawing Charm	Тающий оберег	WzI1LDE0LHsiZiI6IjJESXRlbXMvQ2hhcm1zL0Jhc2V0eXBlcy9UaGF3aW5nQ2hhcm0iLCJ3IjoxLCJoIjoxLCJzY2FsZSI6MSwicmVhbG0iOiJwb2UyIn1d/d9184b853a/ThawingCharm.png	Metadata/Items/Flasks/FourCharm1;stat_1691862754
item	The Arbiter's Reliquary Key	Ключ от Реликвария Арбитра	WzI1LDE0LHsiZiI6IjJESXRlbXMvTWFwcy9Ud2lsaWdodE9yZGVyUmVsaXF1YXJ5S2V5UGlubmFjbGUiLCJzY2FsZSI6MSwicmVhbG0iOiJwb2UyIn1d/c2e7758a33/TwilightOrderReliquaryKeyPinnacle.png	
item	The Greatwolf's Rune of Claws	Руна когтей Великого волка	WzI1LDE0LHsiZiI6IjJESXRlbXMvQ3VycmVuY3kvUnVuZXMvTmV3UnVuZTIwIiwic2NhbGUiOjEsInJlYWxtIjoicG9lMiJ9XQ/ae83a7c954/NewRune20.png	
item	The Greatwolf's Rune of Willpower	Руна воли Великого волка	WzI1LDE0LHsiZiI6IjJESXRlbXMvQ3VycmVuY3kvUnVuZXMvTmV3UnVuZTIxIiwic2NhbGUiOjEsInJlYWxtIjoicG9lMiJ9XQ/6228f14146/NewRune21.png	
item	The Runebinder's Alloy	Сплав Повелителя рун	WzI1LDE0LHsiZiI6IjJESXRlbXMvQ3VycmVuY3kvRXhwZWRpdGlvbjIvQWxsb3kyIiwic2NhbGUiOjEsInJlYWxtIjoicG9lMiJ9XQ/e0ba7ace00/Alloy2.png	
item	The Runefather's Alloy	Сплав Рунного отца	WzI1LDE0LHsiZiI6IjJESXRlbXMvQ3VycmVuY3kvRXhwZWRpdGlvbjIvQWxsb3kzIiwic2NhbGUiOjEsInJlYWxtIjoicG9lMiJ9XQ/226e099997/Alloy3.png	
item	The Trialmaster's Reliquary Key	Ключ от Реликвария Мастера испытаний	WzI1LDE0LHsiZiI6IjJESXRlbXMvTWFwcy9Ud2lsaWdodE9yZGVyUmVsaXF1YXJ5S2V5VWx0aW1hdHVtIiwic2NhbGUiOjEsInJlYWxtIjoicG9lMiJ9XQ/92ccd5ad96/TwilightOrderReliquaryKeyUltimatum.png	
item	The Triskelion Reforged	Трискелион Перекованный	WzI1LDE0LHsiZiI6IjJESXRlbXMvUXVlc3RJdGVtcy9LYWxndXVyYW5Ucmlza2VsbGlvbiIsInciOjIsImgiOjIsInNjYWxlIjoxLCJyZWFsbSI6InBvZTIifV0/911e9a6178/KalguuranTriskellion.png	
item	Threaded Shoes	Прошитые ботинки	WzI1LDE0LHsiZiI6IjJESXRlbXMvQXJtb3Vycy9Cb290cy9CYXNldHlwZXMvQm9vdHNEZXhJbnQwMiIsInciOjIsImgiOjIsInNjYWxlIjoxLCJyZWFsbSI6InBvZTIifV0/2c646ce419/BootsDexInt02.png	Metadata/Items/Armours/Boots/FourBootsDexInt2
item	Thrud's Might	Сила Трада	WzI1LDE0LHsiZiI6IjJESXRlbXMvQ3VycmVuY3kvRXhwZWRpdGlvbjIvR2FtZVdhcnBSdW5lRmlyZSIsInNjYWxlIjoxLCJyZWFsbSI6InBvZTIifV0/4e68367277/GameWarpRuneFire.png	
item	Thunder Talisman	Талисман грома	WzI1LDE0LHsiZiI6IjJESXRlbXMvT2ZmaGFuZC9UYWxpc21hbnMvVm9sdGZhbmdUYWxpc21hbiIsInciOjIsImgiOjIsInNjYWxlIjoxLCJyZWFsbSI6InBvZTIifV0/0ab277d9d8/VoltfangTalisman.png	Metadata/Items/Weapons/TwoHandWeapons/Talismans/Talisman9Endgame;stat_2527686725
item	Tideseer Mantle	Наряд провидца волн	WzI1LDE0LHsiZiI6IjJESXRlbXMvQXJtb3Vycy9Cb2R5QXJtb3Vycy9CYXNldHlwZXMvQm9keUludFN0cjA4IiwidyI6MiwiaCI6Mywic2NhbGUiOjEsInJlYWxtIjoicG9lMiJ9XQ/6ea550382e/BodyIntStr08.png	Metadata/Items/Armours/BodyArmours/FourBodyStrInt8
item	Time-Lost Diamond	Утерянный алмаз	WzI1LDE0LHsiZiI6IjJESXRlbXMvSmV3ZWxzL1RpbWVsb3N0RGlhbW9uZEpld2VsIiwidyI6MSwiaCI6MSwic2NhbGUiOjEsInJlYWxtIjoicG9lMiJ9XQ/1f62c0f62a/TimelostDiamondJewel.png	
item	Time-Lost Emerald	Утерянный изумруд	WzI1LDE0LHsiZiI6IjJESXRlbXMvSmV3ZWxzL1NwZWNpYWxFbWVyYWxkSmV3ZWwiLCJ3IjoxLCJoIjoxLCJzY2FsZSI6MSwicmVhbG0iOiJwb2UyIn1d/9acdb9443b/SpecialEmeraldJewel.png	
item	Time-Lost Ruby	Утерянный рубин	WzI1LDE0LHsiZiI6IjJESXRlbXMvSmV3ZWxzL1NwZWNpYWxSdWJ5SmV3ZWwiLCJ3IjoxLCJoIjoxLCJzY2FsZSI6MSwicmVhbG0iOiJwb2UyIn1d/3c28c96282/SpecialRubyJewel.png	
item	Time-Lost Sapphire	Утерянный сапфир	WzI1LDE0LHsiZiI6IjJESXRlbXMvSmV3ZWxzL1NwZWNpYWxTYXBwaGlyZUpld2VsIiwidyI6MSwiaCI6MSwic2NhbGUiOjEsInJlYWxtIjoicG9lMiJ9XQ/d370c05c11/SpecialSapphireJewel.png	
item	Timeless Jewel	Вневременной самоцвет		
item	Titan Mitts	Рукавицы титана		Metadata/Items/Armours/Gloves/FourGlovesStr7
item	Tonal Focus	Мелодичный фокус	WzI1LDE0LHsiZiI6IjJESXRlbXMvT2ZmaGFuZC9Gb2NpL0Jhc2V0eXBlcy9Gb2N1czA1IiwidyI6MiwiaCI6Mywic2NhbGUiOjEsInJlYWxtIjoicG9lMiJ9XQ/0e885caa36/Focus05.png	Metadata/Items/Armours/Focii/FourFocus5
item	Topaz Charm	Оберег с топазом	WzI1LDE0LHsiZiI6IjJESXRlbXMvQ2hhcm1zL0Jhc2V0eXBlcy9Ub3BhekNoYXJtIiwidyI6MSwiaCI6MSwic2NhbGUiOjEsInJlYWxtIjoicG9lMiJ9XQ/d0a2318c38/TopazCharm.png	Metadata/Items/Flasks/FourCharm10;stat_2016937536
item	Topaz Ring	Кольцо с топазом	WzI1LDE0LHsiZiI6IjJESXRlbXMvUmluZ3MvQmFzZXR5cGVzL1RvcGF6UmluZyIsInciOjEsImgiOjEsInNjYWxlIjoxLCJyZWFsbSI6InBvZTIifV0/83315d9397/TopazRing.png	Metadata/Items/Rings/FourRing5;stat_1671376347=0
item	Topotante's Soul Core of Dampening	Ядро душ подавления Топотанте	WzI1LDE0LHsiZiI6IjJESXRlbXMvQ3VycmVuY3kvU291bENvcmVzL05ld1NvdWxDb3JlRmlyZSIsInNjYWxlIjoxLCJyZWFsbSI6InBvZTIifV0/3657368a8c/NewSoulCoreFire.png	
item	Torment Club	Булава мучений		Metadata/Items/Weapons/OneHandWeapons/OneHandMaces/FourOneHandMace13
item	Torn Gloves	Рваные перчатки	WzI1LDE0LHsiZiI6IjJESXRlbXMvQXJtb3Vycy9HbG92ZXMvQmFzZXR5cGVzL0dsb3Zlc0ludDAxIiwidyI6MiwiaCI6Miwic2NhbGUiOjEsInJlYWxtIjoicG9lMiJ9XQ/23875ec7b0/GlovesInt01.png	Metadata/Items/Armours/Gloves/FourGlovesInt1
item	Totemic Greatclub	Тотемная палица	WzI1LDE0LHsiZiI6IjJESXRlbXMvV2VhcG9ucy9Ud29IYW5kV2VhcG9ucy9Ud29IYW5kTWFjZXMvQmFzZXR5cGVzLzJITWFjZTEwIiwidyI6MiwiaCI6NCwic2NhbGUiOjEsInJlYWxtIjoicG9lMiJ9XQ/772d24f388/2HMace10.png	Metadata/Items/Weapons/TwoHandWeapons/TwoHandMaces/FourTwoHandMace10;stat_1434716233
item	Toxic Quiver	Колчан отравленных стрел	WzI1LDE0LHsiZiI6IjJESXRlbXMvUXVpdmVycy9CYXNldHlwZXMvUXVpdmVyVG94aWMiLCJ3IjoyLCJoIjozLCJzY2FsZSI6MSwicmVhbG0iOiJwb2UyIn1d/bac06abdcf/QuiverToxic.png	Metadata/Items/Quivers/FourQuiver6;stat_3954735777=0
item	Trailblazer Armour	Броня первопроходца	WzI1LDE0LHsiZiI6IjJESXRlbXMvQXJtb3Vycy9Cb2R5QXJtb3Vycy9CYXNldHlwZXMvQm9keVN0ckRleDA1IiwidyI6MiwiaCI6Mywic2NhbGUiOjEsInJlYWxtIjoicG9lMiJ9XQ/dfce2be64c/BodyStrDex05.png	Metadata/Items/Armours/BodyArmours/FourBodyStrDex5Cruel
item	Transcendent Alloy	Возвышенный сплав	WzI1LDE0LHsiZiI6IjJESXRlbXMvQ3VycmVuY3kvRXhwZWRpdGlvbjIvQWxsb3k1Iiwic2NhbGUiOjEsInJlYWxtIjoicG9lMiJ9XQ/4ffca7b84e/Alloy5.png	
item	Transcendent Life Flask	Возвышенный флакон жизни	WzksMTQseyJmIjoiMkRJdGVtcy9GbGFza3MvQmFzZXR5cGVzL0ZsYXNrTGlmZTA4IiwidyI6MSwiaCI6Miwic2NhbGUiOjEsInJlYWxtIjoicG9lMiIsImxldmVsIjoxfV0/7c702cdd32/FlaskLife08.png	Metadata/Items/Flasks/FourFlaskLife8
item	Transcendent Mana Flask	Возвышенный флакон маны	WzksMTQseyJmIjoiMkRJdGVtcy9GbGFza3MvQmFzZXR5cGVzL0ZsYXNrTWFuYTA4IiwidyI6MSwiaCI6Miwic2NhbGUiOjEsInJlYWxtIjoicG9lMiIsImxldmVsIjoxfV0/b004359295/FlaskMana08.png	Metadata/Items/Flasks/FourFlaskMana8
item	Transmutation Shard	Осколок превращения	WzI1LDE0LHsiZiI6IjJESXRlbXMvQ3VycmVuY3kvQ3VycmVuY3lVcGdyYWRlVG9NYWdpY1NoYXJkIiwic2NhbGUiOjEsInJlYWxtIjoicG9lMiJ9XQ/e67bca229b/CurrencyUpgradeToMagicShard.png	
item	Trapper Hood	Капюшон ловчего	WzI1LDE0LHsiZiI6IjJESXRlbXMvQXJtb3Vycy9IZWxtZXRzL0Jhc2V0eXBlcy9IZWxtZXREZXgwNSIsInciOjIsImgiOjIsInNjYWxlIjoxLCJyZWFsbSI6InBvZTIifV0/367615d8a8/HelmetDex05.png	Metadata/Items/Armours/Helmets/FourHelmetDex5Endgame
item	Trarthan Cannon	Тератновская пушка	WzI1LDE0LHsiZiI6IjJESXRlbXMvV2VhcG9ucy9Ud29IYW5kV2VhcG9ucy9Dcm9zc2Jvd3MvSGFuZENhbm5vbiIsInciOjIsImgiOjQsInNjYWxlIjoxLCJyZWFsbSI6InBvZTIifV0/13a8578e77/HandCannon.png	Metadata/Items/Weapons/TwoHandWeapons/Crossbows/FourCrossbow14Endgame;stat_3663551379
item	Treasured Blade	Драгоценный клинок		Metadata/Items/Weapons/OneHandWeapons/OneHandSwords/FourOneHandSword8
item	Treerunner Shoes	Ботинки лесного гонца	WzI1LDE0LHsiZiI6IjJESXRlbXMvQXJtb3Vycy9Cb290cy9CYXNldHlwZXMvQm9vdHNEZXhJbnQwMyIsInciOjIsImgiOjIsInNjYWxlIjoxLCJyZWFsbSI6InBvZTIifV0/f36ea8ace2/BootsDexInt03.png	Metadata/Items/Armours/Boots/FourBootsDexInt3Cruel
item	Tribal Bow	Племенной лук	WzI1LDE0LHsiZiI6IjJESXRlbXMvV2VhcG9ucy9Ud29IYW5kV2VhcG9ucy9Cb3dzL0Jhc2V0eXBlcy9Cb3cxMCIsInciOjIsImgiOjQsInNjYWxlIjoxLCJyZWFsbSI6InBvZTIifV0/6fd6621089/Bow10.png	Metadata/Items/Weapons/TwoHandWeapons/Bows/FourBow10
item	Tribal Mask	Племенная маска	WzI1LDE0LHsiZiI6IjJESXRlbXMvQXJtb3Vycy9IZWxtZXRzL0Jhc2V0eXBlcy9IZWxtZXREZXhJbnQwNSIsInciOjIsImgiOjIsInNjYWxlIjoxLCJyZWFsbSI6InBvZTIifV0/a9d1297918/HelmetDexInt05.png	Metadata/Items/Armours/Helmets/FourHelmetDexInt5
item	Trimmed Greaves	Подогнанные поножи	WzI1LDE0LHsiZiI6IjJESXRlbXMvQXJtb3Vycy9Cb290cy9CYXNldHlwZXMvQm9vdHNTdHIwNCIsInciOjIsImgiOjIsInNjYWxlIjoxLCJyZWFsbSI6InBvZTIifV0/f9e847d2b0/BootsStr04.png	Metadata/Items/Armours/Boots/FourBootsStr4
item	Tul's Catalyst	Катализатор Тул	WzI1LDE0LHsiZiI6IjJESXRlbXMvQ3VycmVuY3kvQnJlYWNoL0JyZWFjaENhdGFseXN0Q29sZCIsInNjYWxlIjoxLCJyZWFsbSI6InBvZTIifV0/c3bc9abf43/BreachCatalystCold.png	
item	Twig Circlet	Венок из ветвей	WzI1LDE0LHsiZiI6IjJESXRlbXMvQXJtb3Vycy9IZWxtZXRzL0Jhc2V0eXBlcy9IZWxtZXRJbnQwMSIsInciOjIsImgiOjIsInNjYWxlIjoxLCJyZWFsbSI6InBvZTIifV0/3ce3c4f92f/HelmetInt01.png	Metadata/Items/Armours/Helmets/FourHelmetInt1
item	Twig Focus	Фокус из веток	WzI1LDE0LHsiZiI6IjJESXRlbXMvT2ZmaGFuZC9Gb2NpL0Jhc2V0eXBlcy9Gb2N1czAxIiwidyI6MiwiaCI6Mywic2NhbGUiOjEsInJlYWxtIjoicG9lMiJ9XQ/6ebab8c3eb/Focus01.png	Metadata/Items/Armours/Focii/FourFocus1
item	Twilight Reliquary Key	Ключ от Сумеречного Реликвария	WzI1LDE0LHsiZiI6IjJESXRlbXMvTWFwcy9Ud2lsaWdodE9yZGVyUmVsaXF1YXJ5S2V5V29ybGQiLCJzY2FsZSI6MSwicmVhbG0iOiJwb2UyIn1d/27f2d492e7/TwilightOrderReliquaryKeyWorld.png	
item	Twin Bow	Сдвоенный лук	WzI1LDE0LHsiZiI6IjJESXRlbXMvV2VhcG9ucy9Ud29IYW5kV2VhcG9ucy9Cb3dzL0Jhc2V0eXBlcy9Cb3cwNiIsInciOjIsImgiOjQsInNjYWxlIjoxLCJyZWFsbSI6InBvZTIifV0/b0a606586d/Bow06.png	Metadata/Items/Weapons/TwoHandWeapons/Bows/FourBow6Cruel;stat_2463230181=0
item	Twin Crossbow	Сдвоенный самострел	WzI1LDE0LHsiZiI6IjJESXRlbXMvV2VhcG9ucy9Ud29IYW5kV2VhcG9ucy9Dcm9zc2Jvd3MvMkhDcm9zc2JvdzA1IiwidyI6MiwiaCI6NCwic2NhbGUiOjEsInJlYWxtIjoicG9lMiJ9XQ/28ab8c9744/2HCrossbow05.png	Metadata/Items/Weapons/TwoHandWeapons/Crossbows/FourCrossbow5Cruel;stat_1967051901
item	Twin Flail	Двойной кистень		Metadata/Items/Weapons/OneHandWeapons/Flails/FourFlail5;stat_1451444093
item	Twisted Amulet	Искривлённый амулет	WzI1LDE0LHsiZiI6IjJESXRlbXMvQW11bGV0cy9CYXNldHlwZXMvVHdpc3RlZEFtdWxldCIsInciOjEsImgiOjEsInNjYWxlIjoxLCJyZWFsbSI6InBvZTIifV0/19aaf324a3/TwistedAmulet.png	Metadata/Items/Amulets/FourAmuletDelirium1;stat_3182714256
item	Twisted Wand	Кручёный жезл		Metadata/Items/Weapons/OneHandWeapons/Wands/FourWandUnique1
item	Two-Point Quiver	Колчан двуглавых стрел	WzI1LDE0LHsiZiI6IjJESXRlbXMvUXVpdmVycy9CYXNldHlwZXMvUXVpdmVyVHdvUG9pbnQiLCJ3IjoyLCJoIjozLCJzY2FsZSI6MSwicmVhbG0iOiJwb2UyIn1d/cca38d7cc5/QuiverTwoPoint.png	Metadata/Items/Quivers/FourQuiver4;stat_624954515=0
item	Two-Stone Ring	Кольцо с двумя камнями		Metadata/Items/Rings/FourRing13a;stat_2915988346=0 Metadata/Items/Rings/FourRing13b;stat_3441501978=0 Metadata/Items/Rings/FourRing13c;stat_4277795662=0
item	Tzamoto's Soul Core of Ferocity	Ядро душ свирепости Цамото	WzI1LDE0LHsiZiI6IjJESXRlbXMvQ3VycmVuY3kvU291bENvcmVzL05ld1NvdWxDb3JlUmFnZSIsInNjYWxlIjoxLCJyZWFsbSI6InBvZTIifV0/7bbacc1706/NewSoulCoreRage.png	
item	Uhtred's Crest of the Chalice	Знак Чаши Утреда	WzI1LDE0LHsiZiI6IjJESXRlbXMvQ3VycmVuY3kvRXhwZWRpdGlvbjIvTWVkdmVkQ3Jlc3QiLCJzY2FsZSI6MSwicmVhbG0iOiJwb2UyIn1d/75a8fb110a/MedvedCrest.png	
item	Uhtred's Saga	Сага Утреда	WzI1LDE0LHsiZiI6IjJESXRlbXMvQ3VycmVuY3kvRXhwZWRpdGlvbjIvU3BlY2lhbEV4cGVkaXRpb25QYWdlNCIsInNjYWxlIjoxLCJyZWFsbSI6InBvZTIifV0/0470c24911/SpecialExpeditionPage4.png	
item	Uhtred's Sidereus	Сидерий Утреда	WzI1LDE0LHsiZiI6IjJESXRlbXMvQ3VycmVuY3kvRXhwZWRpdGlvbjIvR2FtZVdhcnBSdW5lVGltZSIsInNjYWxlIjoxLCJyZWFsbSI6InBvZTIifV0/63a40dc79d/GameWarpRuneTime.png	
item	Ulaman's Gaze	Взгляд Уламана	WzI1LDE0LHsiZiI6IjJESXRlbXMvQ3VycmVuY3kvQWJ5c3NhbEV5ZVNvY2tldGFibGVzL1VsYW1hbnNHYXplIiwic2NhbGUiOjEsInJlYWxtIjoicG9lMiJ9XQ/b39b0a03bc/UlamansGaze.png	
item	Ultimate Life Flask	Совершенный флакон жизни	WzksMTQseyJmIjoiMkRJdGVtcy9GbGFza3MvQmFzZXR5cGVzL0ZsYXNrTGlmZTA5IiwidyI6MSwiaCI6Miwic2NhbGUiOjEsInJlYWxtIjoicG9lMiIsImxldmVsIjoxfV0/8ed5f669f0/FlaskLife09.png	Metadata/Items/Flasks/FourFlaskLife9
item	Ultimate Mana Flask	Совершенный флакон маны	WzksMTQseyJmIjoiMkRJdGVtcy9GbGFza3MvQmFzZXR5cGVzL0ZsYXNrTWFuYTA5IiwidyI6MSwiaCI6Miwic2NhbGUiOjEsInJlYWxtIjoicG9lMiIsImxldmVsIjoxfV0/ff9d3e75d9/FlaskMana09.png	Metadata/Items/Flasks/FourFlaskMana9
item	Ultra Greatsword	Сверхтяжёлый меч	WzI1LDE0LHsiZiI6IjJESXRlbXMvV2VhcG9ucy9Ud29IYW5kV2VhcG9ucy9Ud29IYW5kU3dvcmRzL0Jhc2V0eXBlcy8ySFN3b3JkMTMiLCJ3IjoyLCJoIjo0LCJzY2FsZSI6MSwicmVhbG0iOiJwb2UyIn1d/6297c060ee/2HSword13.png	Metadata/Items/Weapons/TwoHandWeapons/TwoHandSwords/FourTwoHandSword13
item	Uncut Skill Gem	Неогранённый камень умения	WzI1LDE0LHsiZiI6IjJESXRlbXMvR2Vtcy9VbmN1dFNraWxsR2VtIiwidyI6MSwiaCI6MSwic2NhbGUiOjEsInJlYWxtIjoicG9lMiJ9XQ/5c78b17b3c/UncutSkillGem.png	
item	Uncut Skill Gem (Level 1)	Неогранённый камень умения (уровень 1)	WzI1LDE0LHsiZiI6IjJESXRlbXMvR2Vtcy9VbmN1dFNraWxsR2VtIiwic2NhbGUiOjEsInJlYWxtIjoicG9lMiJ9XQ/97f0ceba15/UncutSkillGem.png	
item	Uncut Skill Gem (Level 10)	Неогранённый камень умения (уровень 10)	WzI1LDE0LHsiZiI6IjJESXRlbXMvR2Vtcy9VbmN1dFNraWxsR2VtIiwic2NhbGUiOjEsInJlYWxtIjoicG9lMiJ9XQ/97f0ceba15/UncutSkillGem.png	
item	Uncut Skill Gem (Level 11)	Неогранённый камень умения (уровень 11)	WzI1LDE0LHsiZiI6IjJESXRlbXMvR2Vtcy9VbmN1dFNraWxsR2VtIiwic2NhbGUiOjEsInJlYWxtIjoicG9lMiJ9XQ/97f0ceba15/UncutSkillGem.png	
item	Uncut Skill Gem (Level 12)	Неогранённый камень умения (уровень 12)	WzI1LDE0LHsiZiI6IjJESXRlbXMvR2Vtcy9VbmN1dFNraWxsR2VtIiwic2NhbGUiOjEsInJlYWxtIjoicG9lMiJ9XQ/97f0ceba15/UncutSkillGem.png	
item	Uncut Skill Gem (Level 13)	Неогранённый камень умения (уровень 13)	WzI1LDE0LHsiZiI6IjJESXRlbXMvR2Vtcy9VbmN1dFNraWxsR2VtIiwic2NhbGUiOjEsInJlYWxtIjoicG9lMiJ9XQ/97f0ceba15/UncutSkillGem.png	
item	Uncut Skill Gem (Level 14)	Неогранённый камень умения (уровень 14)	WzI1LDE0LHsiZiI6IjJESXRlbXMvR2Vtcy9VbmN1dFNraWxsR2VtIiwic2NhbGUiOjEsInJlYWxtIjoicG9lMiJ9XQ/97f0ceba15/UncutSkillGem.png	
item	Uncut Skill Gem (Level 15)	Неогранённый камень умения (уровень 15)	WzI1LDE0LHsiZiI6IjJESXRlbXMvR2Vtcy9VbmN1dFNraWxsR2VtIiwic2NhbGUiOjEsInJlYWxtIjoicG9lMiJ9XQ/97f0ceba15/UncutSkillGem.png	
item	Uncut Skill Gem (Level 16)	Неогранённый камень умения (уровень 16)	WzI1LDE0LHsiZiI6IjJESXRlbXMvR2Vtcy9VbmN1dFNraWxsR2VtIiwic2NhbGUiOjEsInJlYWxtIjoicG9lMiJ9XQ/97f0ceba15/UncutSkillGem.png	
item	Uncut Skill Gem (Level 17)	Неогранённый камень умения (уровень 17)	WzI1LDE0LHsiZiI6IjJESXRlbXMvR2Vtcy9VbmN1dFNraWxsR2VtIiwic2NhbGUiOjEsInJlYWxtIjoicG9lMiJ9XQ/97f0ceba15/UncutSkillGem.png	
item	Uncut Skill Gem (Level 18)	Неогранённый камень умения (уровень 18)	WzI1LDE0LHsiZiI6IjJESXRlbXMvR2Vtcy9VbmN1dFNraWxsR2VtIiwic2NhbGUiOjEsInJlYWxtIjoicG9lMiJ9XQ/97f0ceba15/UncutSkillGem.png	
item	Uncut Skill Gem (Level 19)	Неогранённый камень умения (уровень 19)	WzI1LDE0LHsiZiI6IjJESXRlbXMvR2Vtcy9VbmN1dFNraWxsR2VtIiwic2NhbGUiOjEsInJlYWxtIjoicG9lMiJ9XQ/97f0ceba15/UncutSkillGem.png	
item	Uncut Skill Gem (Level 2)	Неогранённый камень умения (уровень 2)	WzI1LDE0LHsiZiI6IjJESXRlbXMvR2Vtcy9VbmN1dFNraWxsR2VtIiwic2NhbGUiOjEsInJlYWxtIjoicG9lMiJ9XQ/97f0ceba15/UncutSkillGem.png	
item	Uncut Skill Gem (Level 20)	Неогранённый камень умения (уровень 20)	WzI1LDE0LHsiZiI6IjJESXRlbXMvR2Vtcy9VbmN1dFNraWxsR2VtIiwic2NhbGUiOjEsInJlYWxtIjoicG9lMiJ9XQ/97f0ceba15/UncutSkillGem.png	
item	Uncut Skill Gem (Level 3)	Неогранённый камень умения (уровень 3)	WzI1LDE0LHsiZiI6IjJESXRlbXMvR2Vtcy9VbmN1dFNraWxsR2VtIiwic2NhbGUiOjEsInJlYWxtIjoicG9lMiJ9XQ/97f0ceba15/UncutSkillGem.png	
item	Uncut Skill Gem (Level 4)	Неогранённый камень умения (уровень 4)	WzI1LDE0LHsiZiI6IjJESXRlbXMvR2Vtcy9VbmN1dFNraWxsR2VtIiwic2NhbGUiOjEsInJlYWxtIjoicG9lMiJ9XQ/97f0ceba15/UncutSkillGem.png	
item	Uncut Skill Gem (Level 5)	Неогранённый камень умения (уровень 5)	WzI1LDE0LHsiZiI6IjJESXRlbXMvR2Vtcy9VbmN1dFNraWxsR2VtIiwic2NhbGUiOjEsInJlYWxtIjoicG9lMiJ9XQ/97f0ceba15/UncutSkillGem.png	
item	Uncut Skill Gem (Level 6)	Неогранённый камень умения (уровень 6)	WzI1LDE0LHsiZiI6IjJESXRlbXMvR2Vtcy9VbmN1dFNraWxsR2VtIiwic2NhbGUiOjEsInJlYWxtIjoicG9lMiJ9XQ/97f0ceba15/UncutSkillGem.png	
item	Uncut Skill Gem (Level 7)	Неогранённый камень умения (уровень 7)	WzI1LDE0LHsiZiI6IjJESXRlbXMvR2Vtcy9VbmN1dFNraWxsR2VtIiwic2NhbGUiOjEsInJlYWxtIjoicG9lMiJ9XQ/97f0ceba15/UncutSkillGem.png	
item	Uncut Skill Gem (Level 8)	Неогранённый камень умения (уровень 8)	WzI1LDE0LHsiZiI6IjJESXRlbXMvR2Vtcy9VbmN1dFNraWxsR2VtIiwic2NhbGUiOjEsInJlYWxtIjoicG9lMiJ9XQ/97f0ceba15/UncutSkillGem.png	
item	Uncut Skill Gem (Level 9)	Неогранённый камень умения (уровень 9)	WzI1LDE0LHsiZiI6IjJESXRlbXMvR2Vtcy9VbmN1dFNraWxsR2VtIiwic2NhbGUiOjEsInJlYWxtIjoicG9lMiJ9XQ/97f0ceba15/UncutSkillGem.png	
item	Uncut Spirit Gem	Неогранённый камень духа	WzI1LDE0LHsiZiI6IjJESXRlbXMvR2Vtcy9VbmN1dFNraWxsR2VtQnVmZiIsInciOjEsImgiOjEsInNjYWxlIjoxLCJyZWFsbSI6InBvZTIifV0/3b8a50576a/UncutSkillGemBuff.png	
item	Uncut Spirit Gem (Level 10)	Неогранённый камень духа (уровень 10)	WzI1LDE0LHsiZiI6IjJESXRlbXMvR2Vtcy9VbmN1dFNraWxsR2VtQnVmZiIsInNjYWxlIjoxLCJyZWFsbSI6InBvZTIifV0/ab25e9aa3b/UncutSkillGemBuff.png	
item	Uncut Spirit Gem (Level 11)	Неогранённый камень духа (уровень 11)	WzI1LDE0LHsiZiI6IjJESXRlbXMvR2Vtcy9VbmN1dFNraWxsR2VtQnVmZiIsInNjYWxlIjoxLCJyZWFsbSI6InBvZTIifV0/ab25e9aa3b/UncutSkillGemBuff.png	
item	Uncut Spirit Gem (Level 12)	Неогранённый камень духа (уровень 12)	WzI1LDE0LHsiZiI6IjJESXRlbXMvR2Vtcy9VbmN1dFNraWxsR2VtQnVmZiIsInNjYWxlIjoxLCJyZWFsbSI6InBvZTIifV0/ab25e9aa3b/UncutSkillGemBuff.png	
item	Uncut Spirit Gem (Level 13)	Неогранённый камень духа (уровень 13)	WzI1LDE0LHsiZiI6IjJESXRlbXMvR2Vtcy9VbmN1dFNraWxsR2VtQnVmZiIsInNjYWxlIjoxLCJyZWFsbSI6InBvZTIifV0/ab25e9aa3b/UncutSkillGemBuff.png	
item	Uncut Spirit Gem (Level 14)	Неогранённый камень духа (уровень 14)	WzI1LDE0LHsiZiI6IjJESXRlbXMvR2Vtcy9VbmN1dFNraWxsR2VtQnVmZiIsInNjYWxlIjoxLCJyZWFsbSI6InBvZTIifV0/ab25e9aa3b/UncutSkillGemBuff.png	
item	Uncut Spirit Gem (Level 15)	Неогранённый камень духа (уровень 15)	WzI1LDE0LHsiZiI6IjJESXRlbXMvR2Vtcy9VbmN1dFNraWxsR2VtQnVmZiIsInNjYWxlIjoxLCJyZWFsbSI6InBvZTIifV0/ab25e9aa3b/UncutSkillGemBuff.png	
item	Uncut Spirit Gem (Level 16)	Неогранённый камень духа (уровень 16)	WzI1LDE0LHsiZiI6IjJESXRlbXMvR2Vtcy9VbmN1dFNraWxsR2VtQnVmZiIsInNjYWxlIjoxLCJyZWFsbSI6InBvZTIifV0/ab25e9aa3b/UncutSkillGemBuff.png	
item	Uncut Spirit Gem (Level 17)	Неогранённый камень духа (уровень 17)	WzI1LDE0LHsiZiI6IjJESXRlbXMvR2Vtcy9VbmN1dFNraWxsR2VtQnVmZiIsInNjYWxlIjoxLCJyZWFsbSI6InBvZTIifV0/ab25e9aa3b/UncutSkillGemBuff.png	
item	Uncut Spirit Gem (Level 18)	Неогранённый камень духа (уровень 18)	WzI1LDE0LHsiZiI6IjJESXRlbXMvR2Vtcy9VbmN1dFNraWxsR2VtQnVmZiIsInNjYWxlIjoxLCJyZWFsbSI6InBvZTIifV0/ab25e9aa3b/UncutSkillGemBuff.png	
item	Uncut Spirit Gem (Level 19)	Неогранённый камень духа (уровень 19)	WzI1LDE0LHsiZiI6IjJESXRlbXMvR2Vtcy9VbmN1dFNraWxsR2VtQnVmZiIsInNjYWxlIjoxLCJyZWFsbSI6InBvZTIifV0/ab25e9aa3b/UncutSkillGemBuff.png	
item	Uncut Spirit Gem (Level 20)	Неогранённый камень духа (уровень 20)	WzI1LDE0LHsiZiI6IjJESXRlbXMvR2Vtcy9VbmN1dFNraWxsR2VtQnVmZiIsInNjYWxlIjoxLCJyZWFsbSI6InBvZTIifV0/ab25e9aa3b/UncutSkillGemBuff.png	
item	Uncut Spirit Gem (Level 4)	Неогранённый камень духа (уровень 4)	WzI1LDE0LHsiZiI6IjJESXRlbXMvR2Vtcy9VbmN1dFNraWxsR2VtQnVmZiIsInNjYWxlIjoxLCJyZWFsbSI6InBvZTIifV0/ab25e9aa3b/UncutSkillGemBuff.png	
item	Uncut Spirit Gem (Level 5)	Неогранённый камень духа (уровень 5)	WzI1LDE0LHsiZiI6IjJESXRlbXMvR2Vtcy9VbmN1dFNraWxsR2VtQnVmZiIsInNjYWxlIjoxLCJyZWFsbSI6InBvZTIifV0/ab25e9aa3b/UncutSkillGemBuff.png	
item	Uncut Spirit Gem (Level 6)	Неогранённый камень духа (уровень 6)	WzI1LDE0LHsiZiI6IjJESXRlbXMvR2Vtcy9VbmN1dFNraWxsR2VtQnVmZiIsInNjYWxlIjoxLCJyZWFsbSI6InBvZTIifV0/ab25e9aa3b/UncutSkillGemBuff.png	
item	Uncut Spirit Gem (Level 7)	Неогранённый камень духа (уровень 7)	WzI1LDE0LHsiZiI6IjJESXRlbXMvR2Vtcy9VbmN1dFNraWxsR2VtQnVmZiIsInNjYWxlIjoxLCJyZWFsbSI6InBvZTIifV0/ab25e9aa3b/UncutSkillGemBuff.png	
item	Uncut Spirit Gem (Level 8)	Неогранённый камень духа (уровень 8)	WzI1LDE0LHsiZiI6IjJESXRlbXMvR2Vtcy9VbmN1dFNraWxsR2VtQnVmZiIsInNjYWxlIjoxLCJyZWFsbSI6InBvZTIifV0/ab25e9aa3b/UncutSkillGemBuff.png	
item	Uncut Spirit Gem (Level 9)	Неогранённый камень духа (уровень 9)	WzI1LDE0LHsiZiI6IjJESXRlbXMvR2Vtcy9VbmN1dFNraWxsR2VtQnVmZiIsInNjYWxlIjoxLCJyZWFsbSI6InBvZTIifV0/ab25e9aa3b/UncutSkillGemBuff.png	
item	Uncut Support Gem	Неогранённый камень поддержки	WzI1LDE0LHsiZiI6IjJESXRlbXMvR2Vtcy9VbmN1dFN1cHBvcnRHZW0iLCJ3IjoxLCJoIjoxLCJzY2FsZSI6MSwicmVhbG0iOiJwb2UyIn1d/9cb67faf4c/UncutSupportGem.png	
item	Uncut Support Gem (Level 1)	Неогранённый камень поддержки (уровень 1)	WzI1LDE0LHsiZiI6IjJESXRlbXMvR2Vtcy9VbmN1dFN1cHBvcnRHZW0iLCJzY2FsZSI6MSwicmVhbG0iOiJwb2UyIn1d/d1ffe1c951/UncutSupportGem.png	
item	Uncut Support Gem (Level 2)	Неогранённый камень поддержки (уровень 2)	WzI1LDE0LHsiZiI6IjJESXRlbXMvR2Vtcy9VbmN1dFN1cHBvcnRHZW0iLCJzY2FsZSI6MSwicmVhbG0iOiJwb2UyIn1d/d1ffe1c951/UncutSupportGem.png	
item	Uncut Support Gem (Level 3)	Неогранённый камень поддержки (уровень 3)	WzI1LDE0LHsiZiI6IjJESXRlbXMvR2Vtcy9VbmN1dFN1cHBvcnRHZW0iLCJzY2FsZSI6MSwicmVhbG0iOiJwb2UyIn1d/d1ffe1c951/UncutSupportGem.png	
item	Uncut Support Gem (Level 4)	Неогранённый камень поддержки (уровень 4)	WzI1LDE0LHsiZiI6IjJESXRlbXMvR2Vtcy9VbmN1dFN1cHBvcnRHZW0iLCJzY2FsZSI6MSwicmVhbG0iOiJwb2UyIn1d/d1ffe1c951/UncutSupportGem.png	
item	Uncut Support Gem (Level 5)	Неогранённый камень поддержки (уровень 5)	WzI1LDE0LHsiZiI6IjJESXRlbXMvR2Vtcy9VbmN1dFN1cHBvcnRHZW0iLCJzY2FsZSI6MSwicmVhbG0iOiJwb2UyIn1d/d1ffe1c951/UncutSupportGem.png	
item	Unset Ring	Кольцо без камня	WzI1LDE0LHsiZiI6IjJESXRlbXMvUmluZ3MvQmFzZXR5cGVzL1Vuc2V0UmluZyIsInciOjEsImgiOjEsInNjYWxlIjoxLCJyZWFsbSI6InBvZTIifV0/79ee559b51/UnsetRing.png	Metadata/Items/Rings/FourRing11;?
item	Urn Relic	Урна	WzI1LDE0LHsiZiI6IjJESXRlbXMvUmVsaWNzL1JlbGljQmFzZTF4MiIsInciOjEsImgiOjIsInNjYWxlIjoxLCJyZWFsbSI6InBvZTIifV0/cb44400921/RelicBase1x2.png	Metadata/Items/Relics/SanctumRelic1x2
item	Uromoti's Soul Core of Attenuation	Ядро душ истощения Уромоти	WzI1LDE0LHsiZiI6IjJESXRlbXMvQ3VycmVuY3kvU291bENvcmVzL05ld1NvdWxDb3JlQ3Vyc2VzMiIsInNjYWxlIjoxLCJyZWFsbSI6InBvZTIifV0/25919ac93d/NewSoulCoreCurses2.png	
item	Utility Belt	Практичный ремень	WzI1LDE0LHsiZiI6IjJESXRlbXMvQmVsdHMvQmFzZXR5cGVzL0JlbHQxMCIsInciOjIsImgiOjEsInNjYWxlIjoxLCJyZWFsbSI6InBvZTIifV0/d95952e174/Belt10.png	Metadata/Items/Belts/FourBelt10;stat_462041840=0
item	Utility Wraps	Практичные обмотки		Metadata/Items/Armours/Gloves/FourGlovesDexInt6
item	Utzaal Cuirass	Нагрудник из Утцааля	WzI1LDE0LHsiZiI6IjJESXRlbXMvQXJtb3Vycy9Cb2R5QXJtb3Vycy9CYXNldHlwZXMvQm9keVN0cjA4IiwidyI6MiwiaCI6Mywic2NhbGUiOjEsInJlYWxtIjoicG9lMiJ9XQ/017f2527d7/BodyStr08.png	Metadata/Items/Armours/BodyArmours/FourBodyStr8Endgame;stat_680068163=0
item	Uul-Netol's Catalyst	Катализатор Уул-Нетол	WzI1LDE0LHsiZiI6IjJESXRlbXMvQ3VycmVuY3kvQnJlYWNoL0JyZWFjaENhdGFseXN0UGh5c2ljYWwiLCJzY2FsZSI6MSwicmVhbG0iOiJwb2UyIn1d/bc9406c106/BreachCatalystPhysical.png	
item	Vaal Arcanist's Infuser	Нагнетатель чародея ваал	WzI1LDE0LHsiZiI6IjJESXRlbXMvQ3VycmVuY3kvSW5jdXJzaW9uQ3JhZnRpbmdPcmJzL1ZhYWxBcmNhbmlzdHNFdGNoZXIiLCJzY2FsZSI6MSwicmVhbG0iOiJwb2UyIn1d/3eb344ecc5/VaalArcanistsEtcher.png	
item	Vaal Armourer's Infuser	Нагнетатель бронника ваал	WzI1LDE0LHsiZiI6IjJESXRlbXMvQ3VycmVuY3kvSW5jdXJzaW9uQ3JhZnRpbmdPcmJzL1ZhYWtBcm1vdXJlcnNTY3JhcCIsInNjYWxlIjoxLCJyZWFsbSI6InBvZTIifV0/f9e1c7e389/VaakArmourersScrap.png	
item	Vaal Blacksmith's Infuser	Нагнетатель кузнеца ваал	WzI1LDE0LHsiZiI6IjJESXRlbXMvQ3VycmVuY3kvSW5jdXJzaW9uQ3JhZnRpbmdPcmJzL1ZhYWxCbGFja3NtaXRoc1doZXRzdG9uZSIsInNjYWxlIjoxLCJyZWFsbSI6InBvZTIifV0/193a2f8085/VaalBlacksmithsWhetstone.png	
item	Vaal Catalysing Infuser	Катализирующий нагнетатель ваал	WzI1LDE0LHsiZiI6IjJESXRlbXMvQ3VycmVuY3kvSW5jdXJzaW9uQ3JhZnRpbmdPcmJzL1ZhYWxDYXRhbHlzdCIsInNjYWxlIjoxLCJyZWFsbSI6InBvZTIifV0/1c9f7be28c/VaalCatalyst.png	
item	Vaal Crest Shield	Гербовый щит ваал	WzI1LDE0LHsiZiI6IjJESXRlbXMvT2ZmaGFuZC9TaGllbGRzL0NyZXN0MDYiLCJ3IjoyLCJoIjozLCJzY2FsZSI6MSwicmVhbG0iOiJwb2UyIn1d/6ba061f56a/Crest06.png	Metadata/Items/Armours/Shields/FourShieldStrInt6Endgame
item	Vaal Cuirass	Нагрудник ваал	WzI1LDE0LHsiZiI6IjJESXRlbXMvQXJtb3Vycy9Cb2R5QXJtb3Vycy9CYXNldHlwZXMvQm9keVN0cjA4IiwidyI6MiwiaCI6Mywic2NhbGUiOjEsInJlYWxtIjoicG9lMiJ9XQ/017f2527d7/BodyStr08.png	Metadata/Items/Armours/BodyArmours/FourBodyStr8
item	Vaal Cultivation Orb	Культивирующая сфера ваал	WzI1LDE0LHsiZiI6IjJESXRlbXMvQ3VycmVuY3kvSW5jdXJzaW9uQ3JhZnRpbmdPcmJzL0luY3Vyc2lvbkhpc3RvcmljVmFhbE9yYiIsInNjYWxlIjoxLCJyZWFsbSI6InBvZTIifV0/07d4d75931/IncursionHistoricVaalOrb.png	
item	Vaal Gloves	Перчатки ваал	WzI1LDE0LHsiZiI6IjJESXRlbXMvQXJtb3Vycy9HbG92ZXMvQmFzZXR5cGVzL0dsb3Zlc0ludDA1IiwidyI6MiwiaCI6Miwic2NhbGUiOjEsInJlYWxtIjoicG9lMiJ9XQ/b273510d40/GlovesInt05.png	Metadata/Items/Armours/Gloves/FourGlovesInt5Endgame
item	Vaal Greaves	Поножи ваал	WzI1LDE0LHsiZiI6IjJESXRlbXMvQXJtb3Vycy9Cb290cy9CYXNldHlwZXMvQm9vdHNTdHIwNSIsInciOjIsImgiOjIsInNjYWxlIjoxLCJyZWFsbSI6InBvZTIifV0/3bc62e552f/BootsStr05.png	Metadata/Items/Armours/Boots/FourBootsStr5Endgame
item	Vaal Mitts	Рукавицы ваал	WzI1LDE0LHsiZiI6IjJESXRlbXMvQXJtb3Vycy9HbG92ZXMvQmFzZXR5cGVzL0dsb3Zlc1N0cjA1IiwidyI6MiwiaCI6Miwic2NhbGUiOjEsInJlYWxtIjoicG9lMiJ9XQ/30e916dc14/GlovesStr05.png	Metadata/Items/Armours/Gloves/FourGlovesStr5Endgame
item	Vaal Orb	Сфера ваал	WzI1LDE0LHsiZiI6IjJESXRlbXMvQ3VycmVuY3kvQ3VycmVuY3lWYWFsIiwic2NhbGUiOjEsInJlYWxtIjoicG9lMiJ9XQ/72bc84396c/CurrencyVaal.png	
item	Vaal Siphoner	Поглотитель ваал	WzI1LDE0LHsiZiI6IjJESXRlbXMvQ3VycmVuY3kvSW5jdXJzaW9uQ3JhZnRpbmdPcmJzL0luY3Vyc2lvblZhYWxTaXBob25lciIsInNjYWxlIjoxLCJyZWFsbSI6InBvZTIifV0/070fd020d7/IncursionVaalSiphoner.png	
item	Vaal Tower Shield	Ростовой щит ваал	WzI1LDE0LHsiZiI6IjJESXRlbXMvT2ZmaGFuZC9TaGllbGRzL1Rvd2VyMDgiLCJ3IjoyLCJoIjo0LCJzY2FsZSI6MSwicmVhbG0iOiJwb2UyIn1d/3049a79ef7/Tower08.png	Metadata/Items/Armours/Shields/FourShieldStr8Endgame
item	Vaal Wraps	Обмотки ваал	WzI1LDE0LHsiZiI6IjJESXRlbXMvQXJtb3Vycy9HbG92ZXMvQmFzZXR5cGVzL0dsb3Zlc0RleEludDAzIiwidyI6MiwiaCI6Miwic2NhbGUiOjEsInJlYWxtIjoicG9lMiJ9XQ/bdc7c3c15d/GlovesDexInt03.png	Metadata/Items/Armours/Gloves/FourGlovesDexInt3Endgame
item	Vagabond Armour	Доспех бродяги	WzI1LDE0LHsiZiI6IjJESXRlbXMvQXJtb3Vycy9Cb2R5QXJtb3Vycy9CYXNldHlwZXMvQm9keVN0ckRleDAzIiwidyI6MiwiaCI6Mywic2NhbGUiOjEsInJlYWxtIjoicG9lMiJ9XQ/f92e38e404/BodyStrDex03.png	Metadata/Items/Armours/BodyArmours/FourBodyStrDex3
item	Vampiric Blade	Клинок-кровопийца		Metadata/Items/Weapons/OneHandWeapons/OneHandSwords/FourOneHandSword3
item	Varnished Crossbow	Лакированный самострел	WzI1LDE0LHsiZiI6IjJESXRlbXMvV2VhcG9ucy9Ud29IYW5kV2VhcG9ucy9Dcm9zc2Jvd3MvMkhDcm9zc2JvdzA0IiwidyI6MiwiaCI6NCwic2NhbGUiOjEsInJlYWxtIjoicG9lMiJ9XQ/138fee04e3/2HCrossbow04.png	Metadata/Items/Weapons/TwoHandWeapons/Crossbows/FourCrossbow4
item	Vase Relic	Ваза	WzI1LDE0LHsiZiI6IjJESXRlbXMvUmVsaWNzL1JlbGljQmFzZTF4NCIsInciOjEsImgiOjQsInNjYWxlIjoxLCJyZWFsbSI6InBvZTIifV0/9b2fc780e6/RelicBase1x4.png	Metadata/Items/Relics/SanctumRelic1x4
item	Veiled Mask	Маска с вуалью	WzI1LDE0LHsiZiI6IjJESXRlbXMvQXJtb3Vycy9IZWxtZXRzL0Jhc2V0eXBlcy9IZWxtZXREZXhJbnQwNCIsInciOjIsImgiOjIsInNjYWxlIjoxLCJyZWFsbSI6InBvZTIifV0/1322e46f92/HelmetDexInt04.png	Metadata/Items/Armours/Helmets/FourHelmetDexInt4
item	Velour Shoes	Бархатные ботинки		Metadata/Items/Armours/Boots/FourBootsDexInt5
item	Velvet Cap	Бархатная шляпа		Metadata/Items/Armours/Helmets/FourHelmetDex9
item	Venerable Defender	Почётный защитник		Metadata/Items/Armours/Shields/FourShieldStrDexUnique1
item	Venerable Starlit Ore	Почитаемая подзвёздная руда	WzI1LDE0LHsiZiI6IjJESXRlbXMvQ3JhZnRpbmcvVmVyaXNpdW0vVmVyaXNpdW1PcmVfU3RhcmxpdF8yeDMiLCJzY2FsZSI6MSwicmVhbG0iOiJwb2UyIn1d/ef8350565a/VerisiumOre_Starlit_2x3.png	
item	Veridical Chain	Цепочка истины		Metadata/Items/Amulets/FourAmuletUnique1;stat_3336230913|stat_774059442=0
item	Veridical Starlit Ore	Истинная подзвёздная руда	WzI1LDE0LHsiZiI6IjJESXRlbXMvQ3JhZnRpbmcvVmVyaXNpdW0vVmVyaXNpdW1PcmVfU3RhcmxpdF8xeDEiLCJzY2FsZSI6MSwicmVhbG0iOiJwb2UyIn1d/8811af0254/VerisiumOre_Starlit_1x1.png	
item	Verisium	Веризий	WzI1LDE0LHsiZiI6IjJESXRlbXMvQ3VycmVuY3kvRXhwZWRpdGlvbjIvUmVmaW5lZFZlcmlzaXVtIiwic2NhbGUiOjEsInJlYWxtIjoicG9lMiJ9XQ/35616acb9f/RefinedVerisium.png	
item	Vermeil Circlet	Вермелевый обруч	WzI1LDE0LHsiZiI6IjJESXRlbXMvQXJtb3Vycy9IZWxtZXRzL0Jhc2V0eXBlcy9IZWxtZXRJbnQwNyIsInciOjIsImgiOjIsInNjYWxlIjoxLCJyZWFsbSI6InBvZTIifV0/d6ed5a2a26/HelmetInt07.png	Metadata/Items/Armours/Helmets/FourHelmetInt7
item	Veteran Sabatons	Сабатоны ветерана	WzI1LDE0LHsiZiI6IjJESXRlbXMvQXJtb3Vycy9Cb290cy9CYXNldHlwZXMvQm9vdHNTdHJEZXgwMSIsInciOjIsImgiOjIsInNjYWxlIjoxLCJyZWFsbSI6InBvZTIifV0/a74f14c79f/BootsStrDex01.png	Metadata/Items/Armours/Boots/FourBootsStrDex1Endgame
item	Vicious Talisman	Злобный талисман 	WzI1LDE0LHsiZiI6IjJESXRlbXMvT2ZmaGFuZC9UYWxpc21hbnMvVmljaW91c1RhbGlzbWFuIiwidyI6MiwiaCI6Miwic2NhbGUiOjEsInJlYWxtIjoicG9lMiJ9XQ/10e044a5b7/ViciousTalisman.png	Metadata/Items/Weapons/TwoHandWeapons/Talismans/Talisman8
item	Victorious Fate	Победный конец	WzI1LDE0LHsiZiI6IjJESXRlbXMvQ3VycmVuY3kvU291bENvcmVzL1RyaWFsbWFzdGVyS2V5MyIsInNjYWxlIjoxLCJyZWFsbSI6InBvZTIifV0/0270951a73/TrialmasterKey3.png	
item	Vile Greataxe	Большой топор грешника	WzI1LDE0LHsiZiI6IjJESXRlbXMvV2VhcG9ucy9Ud29IYW5kV2VhcG9ucy9Ud29IYW5kQXhlcy9CYXNldHlwZXMvMkhBeGUxMyIsInciOjIsImgiOjQsInNjYWxlIjoxLCJyZWFsbSI6InBvZTIifV0/910b718ec3/2HAxe13.png	Metadata/Items/Weapons/TwoHandWeapons/TwoHandAxes/FourTwoHandAxe13
item	Vile Robe	Нечестивое облачение	WzI1LDE0LHsiZiI6IjJESXRlbXMvQXJtb3Vycy9Cb2R5QXJtb3Vycy9CYXNldHlwZXMvQm9keUludDAzIiwidyI6MiwiaCI6Mywic2NhbGUiOjEsInJlYWxtIjoicG9lMiJ9XQ/72f888e8c2/BodyInt03.png	Metadata/Items/Armours/BodyArmours/FourBodyInt3Endgame
item	Viper Cap	Голова гадюки	WzI1LDE0LHsiZiI6IjJESXRlbXMvQXJtb3Vycy9IZWxtZXRzL0Jhc2V0eXBlcy9IZWxtZXREZXgwNiIsInciOjIsImgiOjIsInNjYWxlIjoxLCJyZWFsbSI6InBvZTIifV0/20e9cd169b/HelmetDex06.png	Metadata/Items/Armours/Helmets/FourHelmetDex6
item	Visceral Quiver	Колчан жестоких стрел	WzI1LDE0LHsiZiI6IjJESXRlbXMvUXVpdmVycy9CYXNldHlwZXMvUXVpdmVyVmlzY2VyYWwiLCJ3IjoyLCJoIjozLCJzY2FsZSI6MSwicmVhbG0iOiJwb2UyIn1d/1c5ba2c98f/QuiverVisceral.png	Metadata/Items/Quivers/FourQuiver11;stat_2194114101=0
item	Vision Rune	Руна видения	WzI1LDE0LHsiZiI6IjJESXRlbXMvQ3VycmVuY3kvUnVuZXMvQWNjdXJhY3lSdW5lIiwic2NhbGUiOjEsInJlYWxtIjoicG9lMiJ9XQ/8e7841f0ef/AccuracyRune.png	
item	Visored Helm	Шлем с козырьком	WzI1LDE0LHsiZiI6IjJESXRlbXMvQXJtb3Vycy9IZWxtZXRzL0Jhc2V0eXBlcy9IZWxtZXRTdHJEZXgwMyIsInciOjIsImgiOjIsInNjYWxlIjoxLCJyZWFsbSI6InBvZTIifV0/388d8eea74/HelmetStrDex03.png	Metadata/Items/Armours/Helmets/FourHelmetStrDex3
item	Vitalic Ring	Жизнестойкое кольцо	WzI1LDE0LHsiZiI6IjJESXRlbXMvUmluZ3MvQnJlYWNobG9yZFJpbmdfWG9waCIsInciOjEsImgiOjEsInNjYWxlIjoxLCJyZWFsbSI6InBvZTIifV0/4dab9e4fd8/BreachlordRing_Xoph.png	Metadata/Items/Rings/FourRingB2;stat_983749596=0
item	Void Flux	Пустотный расплав	WzI1LDE0LHsiZiI6IjJESXRlbXMvQ3VycmVuY3kvRXhwZWRpdGlvbjIvQXJjYW5lRmx1eCIsInNjYWxlIjoxLCJyZWFsbSI6InBvZTIifV0/05c5ace7f7/ArcaneFlux.png	
item	Volant Quiver	Колчан крылатых стрел	WzI1LDE0LHsiZiI6IjJESXRlbXMvUXVpdmVycy9CYXNldHlwZXMvUXVpdmVyVm9sYW50IiwidyI6MiwiaCI6Mywic2NhbGUiOjEsInJlYWxtIjoicG9lMiJ9XQ/2577f2fea8/QuiverVolant.png	Metadata/Items/Quivers/FourQuiver10;stat_1207554355=0
item	Volatile Wand	Нестабильный жезл	WzI1LDE0LHsiZiI6IjJESXRlbXMvV2VhcG9ucy9PbmVIYW5kV2VhcG9ucy9XYW5kcy9CYXNldHlwZXMvV2FuZDA1IiwidyI6MSwiaCI6Mywic2NhbGUiOjEsInJlYWxtIjoicG9lMiJ9XQ/5682626ab6/Wand05.png	Metadata/Items/Weapons/OneHandWeapons/Wands/FourWand5
item	Voltaic Staff	Гальванический посох	WzI1LDE0LHsiZiI6IjJESXRlbXMvV2VhcG9ucy9Ud29IYW5kV2VhcG9ucy9TdGF2ZXMvQmFzZXR5cGVzL1N0YWZmMDMiLCJ3IjoxLCJoIjo0LCJzY2FsZSI6MSwicmVhbG0iOiJwb2UyIn1d/8503cd2436/Staff03.png	Metadata/Items/Weapons/TwoHandWeapons/Staves/FourStaff3
item	Voltfang Talisman	Талисман грозового когтя	WzI1LDE0LHsiZiI6IjJESXRlbXMvT2ZmaGFuZC9UYWxpc21hbnMvVm9sdGZhbmdUYWxpc21hbiIsInciOjIsImgiOjIsInNjYWxlIjoxLCJyZWFsbSI6InBvZTIifV0/0ab277d9d8/VoltfangTalisman.png	Metadata/Items/Weapons/TwoHandWeapons/Talismans/Talisman9;stat_2527686725
item	Voodoo Focus	Фокус вуду	WzI1LDE0LHsiZiI6IjJESXRlbXMvT2ZmaGFuZC9Gb2NpL0Jhc2V0eXBlcy9Gb2N1czA3IiwidyI6MiwiaCI6Mywic2NhbGUiOjEsInJlYWxtIjoicG9lMiJ9XQ/5111338008/Focus07.png	Metadata/Items/Armours/Focii/FourFocus7
item	Vorana's Carnage	Резня Вораны	WzI1LDE0LHsiZiI6IjJESXRlbXMvQ3VycmVuY3kvRXhwZWRpdGlvbjIvR2FtZVdhcnBSdW5lUGh5c2ljYWwiLCJzY2FsZSI6MSwicmVhbG0iOiJwb2UyIn1d/c3f3a5bf14/GameWarpRunePhysical.png	
item	Vorana's Crest of the Scythe	Знак Косы Вораны	WzI1LDE0LHsiZiI6IjJESXRlbXMvQ3VycmVuY3kvRXhwZWRpdGlvbjIvVm9yYW5hQ3Jlc3QiLCJzY2FsZSI6MSwicmVhbG0iOiJwb2UyIn1d/af46d3f422/VoranaCrest.png	
item	Vorana's Saga	Сага Вораны	WzI1LDE0LHsiZiI6IjJESXRlbXMvQ3VycmVuY3kvRXhwZWRpdGlvbjIvU3BlY2lhbEV4cGVkaXRpb25QYWdlMiIsInNjYWxlIjoxLCJyZWFsbSI6InBvZTIifV0/057899d625/SpecialExpeditionPage2.png	
item	Votive Raiment	Обетное одеяние	WzI1LDE0LHsiZiI6IjJESXRlbXMvQXJtb3Vycy9Cb2R5QXJtb3Vycy9CYXNldHlwZXMvQm9keUludDA3IiwidyI6MiwiaCI6Mywic2NhbGUiOjEsInJlYWxtIjoicG9lMiJ9XQ/e50f8b5131/BodyInt07.png	Metadata/Items/Armours/BodyArmours/FourBodyInt7
item	Wanderer Armour	Доспех странника	WzI1LDE0LHsiZiI6IjJESXRlbXMvQXJtb3Vycy9Cb2R5QXJtb3Vycy9CYXNldHlwZXMvQm9keVN0ckRleDAzIiwidyI6MiwiaCI6Mywic2NhbGUiOjEsInJlYWxtIjoicG9lMiJ9XQ/f92e38e404/BodyStrDex03.png	Metadata/Items/Armours/BodyArmours/FourBodyStrDex3Cruel
item	Wanderer Shoes	Ботинки странника	WzI1LDE0LHsiZiI6IjJESXRlbXMvQXJtb3Vycy9Cb290cy9CYXNldHlwZXMvQm9vdHNEZXhJbnQwMSIsInciOjIsImgiOjIsInNjYWxlIjoxLCJyZWFsbSI6InBvZTIifV0/28c930b721/BootsDexInt01.png	Metadata/Items/Armours/Boots/FourBootsDexInt1Endgame
item	War Spear	Воинское копьё	WzI1LDE0LHsiZiI6IjJESXRlbXMvV2VhcG9ucy9PbmVIYW5kV2VhcG9ucy9PbmVIYW5kU3BlYXJzLzFIU3BlYXIwNSIsInciOjEsImgiOjQsInNjYWxlIjoxLCJyZWFsbSI6InBvZTIifV0/b176f54004/1HSpear05.png	Metadata/Items/Weapons/OneHandWeapons/OneHandSpears/FourSpear5;?;stat_535217483=0
item	War Wraps	Военные обмотки	WzI1LDE0LHsiZiI6IjJESXRlbXMvQXJtb3Vycy9HbG92ZXMvQmFzZXR5cGVzL0dsb3Zlc0RleEludDAxIiwidyI6MiwiaCI6Miwic2NhbGUiOjEsInJlYWxtIjoicG9lMiJ9XQ/5595d33f3d/GlovesDexInt01.png	Metadata/Items/Armours/Gloves/FourGlovesDexInt1Endgame
item	Ward Rune	Руна барьера	WzI1LDE0LHsiZiI6IjJESXRlbXMvQ3VycmVuY3kvRXhwZWRpdGlvbjIvQWRkZWRXYXJkTm9ybWFsIiwic2NhbGUiOjEsInJlYWxtIjoicG9lMiJ9XQ/6666f53dc9/AddedWardNormal.png	
item	Warded Helm	Шлем с решёткой	WzI1LDE0LHsiZiI6IjJESXRlbXMvQXJtb3Vycy9IZWxtZXRzL0Jhc2V0eXBlcy9IZWxtZXRTdHJEZXgwMiIsInciOjIsImgiOjIsInNjYWxlIjoxLCJyZWFsbSI6InBvZTIifV0/76592dc5c5/HelmetStrDex02.png	Metadata/Items/Armours/Helmets/FourHelmetStrDex2Endgame
item	Warden Bow	Лук часового	WzI1LDE0LHsiZiI6IjJESXRlbXMvV2VhcG9ucy9Ud29IYW5kV2VhcG9ucy9Cb3dzL0Jhc2V0eXBlcy9Cb3cwMyIsInciOjIsImgiOjQsInNjYWxlIjoxLCJyZWFsbSI6InBvZTIifV0/9ef6f2ee3a/Bow03.png	Metadata/Items/Weapons/TwoHandWeapons/Bows/FourBow3;stat_1028592286=0
item	Warding Quarterstaff	Барьерный боевой посох		Metadata/Items/Weapons/TwoHandWeapons/Staves/FourQuarterstaffUnique1;stat_3336230913|stat_774059442=0
item	Warding Rune of Annihilation	Барьерная руна уничтожения	WzI1LDE0LHsiZiI6IjJESXRlbXMvQ3VycmVuY3kvRXhwZWRpdGlvbjIvUnVuaWNXYXJkMTYiLCJzY2FsZSI6MSwicmVhbG0iOiJwb2UyIn1d/6abd9d3594/RunicWard16.png	
item	Warding Rune of Armature	Барьерная руна панциря	WzI1LDE0LHsiZiI6IjJESXRlbXMvQ3VycmVuY3kvRXhwZWRpdGlvbjIvUnVuaWNXYXJkMTgiLCJzY2FsZSI6MSwicmVhbG0iOiJwb2UyIn1d/f48bd622f8/RunicWard18.png	
item	Warding Rune of Bodyguards	Барьерная руна телохранителей	WzI1LDE0LHsiZiI6IjJESXRlbXMvQ3VycmVuY3kvRXhwZWRpdGlvbjIvUnVuaWNXYXJkMjMiLCJzY2FsZSI6MSwicmVhbG0iOiJwb2UyIn1d/0a468cc91f/RunicWard23.png	
item	Warding Rune of Courage	Барьерная руна храбрости	WzI1LDE0LHsiZiI6IjJESXRlbXMvQ3VycmVuY3kvRXhwZWRpdGlvbjIvUnVuaWNXYXJkOSIsInNjYWxlIjoxLCJyZWFsbSI6InBvZTIifV0/3a80888429/RunicWard9.png	
item	Warding Rune of Desperation	Барьерная руна отчаяния	WzI1LDE0LHsiZiI6IjJESXRlbXMvQ3VycmVuY3kvRXhwZWRpdGlvbjIvUnVuaWNXYXJkNCIsInNjYWxlIjoxLCJyZWFsbSI6InBvZTIifV0/2662ce564a/RunicWard4.png	
item	Warding Rune of Disintegration	Барьерная руна расщепления	WzI1LDE0LHsiZiI6IjJESXRlbXMvQ3VycmVuY3kvRXhwZWRpdGlvbjIvUnVuaWNXYXJkMyIsInNjYWxlIjoxLCJyZWFsbSI6InBvZTIifV0/54ed17499a/RunicWard3.png	
item	Warding Rune of Equinox	Барьерная руна равноденствия	WzI1LDE0LHsiZiI6IjJESXRlbXMvQ3VycmVuY3kvRXhwZWRpdGlvbjIvUnVuaWNXYXJkMjAiLCJzY2FsZSI6MSwicmVhbG0iOiJwb2UyIn1d/d636760a41/RunicWard20.png	
item	Warding Rune of Glancing	Барьерная руна скольжения	WzI1LDE0LHsiZiI6IjJESXRlbXMvQ3VycmVuY3kvRXhwZWRpdGlvbjIvUnVuaWNXYXJkMTMiLCJzY2FsZSI6MSwicmVhbG0iOiJwb2UyIn1d/dcdd116775/RunicWard13.png	
item	Warding Rune of Heart	Барьерная руна сердца	WzI1LDE0LHsiZiI6IjJESXRlbXMvQ3VycmVuY3kvRXhwZWRpdGlvbjIvUnVuaWNXYXJkMTQiLCJzY2FsZSI6MSwicmVhbG0iOiJwb2UyIn1d/eafc6ac83e/RunicWard14.png	
item	Warding Rune of Hollowing	Барьерная руна опустевания	WzI1LDE0LHsiZiI6IjJESXRlbXMvQ3VycmVuY3kvRXhwZWRpdGlvbjIvUnVuaWNXYXJkMjQiLCJzY2FsZSI6MSwicmVhbG0iOiJwb2UyIn1d/1248d249b1/RunicWard24.png	
item	Warding Rune of Nourishment	Барьерная руна пропитания	WzI1LDE0LHsiZiI6IjJESXRlbXMvQ3VycmVuY3kvRXhwZWRpdGlvbjIvUnVuaWNXYXJkMTUiLCJzY2FsZSI6MSwicmVhbG0iOiJwb2UyIn1d/5c516d4bf8/RunicWard15.png	
item	Warding Rune of Obsession	Барьерная руна одержимости	WzI1LDE0LHsiZiI6IjJESXRlbXMvQ3VycmVuY3kvRXhwZWRpdGlvbjIvUnVuaWNXYXJkMTkiLCJzY2FsZSI6MSwicmVhbG0iOiJwb2UyIn1d/d3b0901b07/RunicWard19.png	
item	Warding Rune of Protection	Барьерная руна защиты	WzI1LDE0LHsiZiI6IjJESXRlbXMvQ3VycmVuY3kvRXhwZWRpdGlvbjIvUnVuaWNXYXJkMiIsInNjYWxlIjoxLCJyZWFsbSI6InBvZTIifV0/f81320137b/RunicWard2.png	
item	Warding Rune of Reinforcement	Барьерная руна укрепления	WzI1LDE0LHsiZiI6IjJESXRlbXMvQ3VycmVuY3kvRXhwZWRpdGlvbjIvUnVuaWNXYXJkMSIsInNjYWxlIjoxLCJyZWFsbSI6InBvZTIifV0/9dad170d35/RunicWard1.png	
item	Warding Rune of Salvaging	Барьерная руна обломков	WzI1LDE0LHsiZiI6IjJESXRlbXMvQ3VycmVuY3kvRXhwZWRpdGlvbjIvUnVuaWNXYXJkMjEiLCJzY2FsZSI6MSwicmVhbG0iOiJwb2UyIn1d/c14d4dd553/RunicWard21.png	
item	Warding Rune of Stability	Барьерная руна устойчивости	WzI1LDE0LHsiZiI6IjJESXRlbXMvQ3VycmVuY3kvRXhwZWRpdGlvbjIvUnVuaWNXYXJkMTAiLCJzY2FsZSI6MSwicmVhbG0iOiJwb2UyIn1d/089be64017/RunicWard10.png	
item	Warding Rune of Symbiosis	Барьерная руна симбиоза	WzI1LDE0LHsiZiI6IjJESXRlbXMvQ3VycmVuY3kvRXhwZWRpdGlvbjIvUnVuaWNXYXJkOCIsInNjYWxlIjoxLCJyZWFsbSI6InBvZTIifV0/5aefb386bc/RunicWard8.png	
item	Warding Starlit Ore	Оберегающая подзвёздная руда	WzI1LDE0LHsiZiI6IjJESXRlbXMvQ3JhZnRpbmcvVmVyaXNpdW0vVmVyaXNpdW1PcmVfU3RhcmxpdF8yeDRfV2VhcG9uIiwic2NhbGUiOjEsInJlYWxtIjoicG9lMiJ9XQ/0bb113db28/VerisiumOre_Starlit_2x4_Weapon.png	
item	Warlock Leggings	Сапоги ведуна	WzI1LDE0LHsiZiI6IjJESXRlbXMvQXJtb3Vycy9Cb290cy9CYXNldHlwZXMvQm9vdHNJbnRTdHIwMyIsInciOjIsImgiOjIsInNjYWxlIjoxLCJyZWFsbSI6InBvZTIifV0/3fb2f64940/BootsIntStr03.png	Metadata/Items/Armours/Boots/FourBootsStrInt3Endgame
item	Warlord Cuirass	Кираса вождя	WzI1LDE0LHsiZiI6IjJESXRlbXMvQXJtb3Vycy9Cb2R5QXJtb3Vycy9CYXNldHlwZXMvQm9keVN0cjEwIiwidyI6MiwiaCI6Mywic2NhbGUiOjEsInJlYWxtIjoicG9lMiJ9XQ/23e350525b/BodyStr10.png	Metadata/Items/Armours/BodyArmours/FourBodyStr10Endgame;stat_3362812763=0
item	Warmonger Bow	Лук зачинщика	WzI1LDE0LHsiZiI6IjJESXRlbXMvV2VhcG9ucy9Ud29IYW5kV2VhcG9ucy9Cb3dzL0Jhc2V0eXBlcy9Cb3cwOCIsInciOjIsImgiOjQsInNjYWxlIjoxLCJyZWFsbSI6InBvZTIifV0/90f84002ea/Bow08.png	Metadata/Items/Weapons/TwoHandWeapons/Bows/FourBow8Endgame
item	Warmonger Greathelm	Большой шлем зачинщика	WzI1LDE0LHsiZiI6IjJESXRlbXMvQXJtb3Vycy9IZWxtZXRzL0Jhc2V0eXBlcy9IZWxtZXRTdHIwMiIsInciOjIsImgiOjIsInNjYWxlIjoxLCJyZWFsbSI6InBvZTIifV0/73267fe169/HelmetStr02.png	Metadata/Items/Armours/Helmets/FourHelmetStr2Endgame
item	Warpick	Клевец	WzI1LDE0LHsiZiI6IjJESXRlbXMvV2VhcG9ucy9PbmVIYW5kV2VhcG9ucy9PbmVIYW5kTWFjZXMvQmFzZXR5cGVzLzFITWFjZTA1IiwidyI6MiwiaCI6Mywic2NhbGUiOjEsInJlYWxtIjoicG9lMiJ9XQ/9d05debfab/1HMace05.png	Metadata/Items/Weapons/OneHandWeapons/OneHandMaces/FourOneHandMace5;stat_2694482655=0
item	Warrior Greathelm	Большой шлем воина	WzI1LDE0LHsiZiI6IjJESXRlbXMvQXJtb3Vycy9IZWxtZXRzL0Jhc2V0eXBlcy9IZWxtZXRTdHIwNiIsInciOjIsImgiOjIsInNjYWxlIjoxLCJyZWFsbSI6InBvZTIifV0/65db2fac84/HelmetStr06.png	Metadata/Items/Armours/Helmets/FourHelmetStr6
item	Waxed Jacket	Вощёный плащ	WzI1LDE0LHsiZiI6IjJESXRlbXMvQXJtb3Vycy9Cb2R5QXJtb3Vycy9CYXNldHlwZXMvQm9keURleEludDAyIiwidyI6MiwiaCI6Mywic2NhbGUiOjEsInJlYWxtIjoicG9lMiJ9XQ/31d5df47b6/BodyDexInt02.png	Metadata/Items/Armours/BodyArmours/FourBodyDexInt2
item	Waxing Quarterstaff	Боевой посох растущей луны	WzI1LDE0LHsiZiI6IjJESXRlbXMvV2VhcG9ucy9Ud29IYW5kV2VhcG9ucy9XYXJTdGF2ZXMvV2Fyc3RhZmYwNSIsInciOjIsImgiOjQsInNjYWxlIjoxLCJyZWFsbSI6InBvZTIifV0/e69a1d604f/Warstaff05.png	Metadata/Items/Weapons/TwoHandWeapons/Staves/FourQuarterstaff5Cruel
item	Wayfarer Jacket	Плащ путника	WzI1LDE0LHsiZiI6IjJESXRlbXMvQXJtb3Vycy9Cb2R5QXJtb3Vycy9CYXNldHlwZXMvQm9keURleEludDA0IiwidyI6MiwiaCI6Mywic2NhbGUiOjEsInJlYWxtIjoicG9lMiJ9XQ/dba7d26275/BodyDexInt04.png	Metadata/Items/Armours/BodyArmours/FourBodyDexInt4
item	Wayfarer Shoes	Ботинки путника	WzI1LDE0LHsiZiI6IjJESXRlbXMvQXJtb3Vycy9Cb290cy9CYXNldHlwZXMvQm9vdHNEZXhJbnQwMSIsInciOjIsImgiOjIsInNjYWxlIjoxLCJyZWFsbSI6InBvZTIifV0/28c930b721/BootsDexInt01.png	Metadata/Items/Armours/Boots/FourBootsDexInt1Cruel
item	Waystone (Tier 1)	Путевой камень (Ур. 1)	WzI1LDE0LHsiZiI6IjJESXRlbXMvTWFwcy9FbmRnYW1lTWFwcy9FbmRnYW1lTWFwMSIsInNjYWxlIjoxLCJyZWFsbSI6InBvZTIifV0/2a4bc06f7a/EndgameMap1.png	Metadata/Items/Maps/MapKeyTier1
item	Waystone (Tier 10)	Путевой камень (Ур. 10)	WzI1LDE0LHsiZiI6IjJESXRlbXMvTWFwcy9FbmRnYW1lTWFwcy9FbmRnYW1lTWFwMTAiLCJzY2FsZSI6MSwicmVhbG0iOiJwb2UyIn1d/f6b342e4f6/EndgameMap10.png	Metadata/Items/Maps/MapKeyTier10
item	Waystone (Tier 11)	Путевой камень (Ур. 11)	WzI1LDE0LHsiZiI6IjJESXRlbXMvTWFwcy9FbmRnYW1lTWFwcy9FbmRnYW1lTWFwMTEiLCJzY2FsZSI6MSwicmVhbG0iOiJwb2UyIn1d/b7cd06b32d/EndgameMap11.png	Metadata/Items/Maps/MapKeyTier11
item	Waystone (Tier 12)	Путевой камень (Ур. 12)	WzI1LDE0LHsiZiI6IjJESXRlbXMvTWFwcy9FbmRnYW1lTWFwcy9FbmRnYW1lTWFwMTIiLCJzY2FsZSI6MSwicmVhbG0iOiJwb2UyIn1d/ec43a7ca23/EndgameMap12.png	Metadata/Items/Maps/MapKeyTier12
item	Waystone (Tier 13)	Путевой камень (Ур. 13)	WzI1LDE0LHsiZiI6IjJESXRlbXMvTWFwcy9FbmRnYW1lTWFwcy9FbmRnYW1lTWFwMTMiLCJzY2FsZSI6MSwicmVhbG0iOiJwb2UyIn1d/dcaafb634e/EndgameMap13.png	Metadata/Items/Maps/MapKeyTier13
item	Waystone (Tier 14)	Путевой камень (Ур. 14)	WzI1LDE0LHsiZiI6IjJESXRlbXMvTWFwcy9FbmRnYW1lTWFwcy9FbmRnYW1lTWFwMTQiLCJzY2FsZSI6MSwicmVhbG0iOiJwb2UyIn1d/6038c7e458/EndgameMap14.png	Metadata/Items/Maps/MapKeyTier14
item	Waystone (Tier 15)	Путевой камень (Ур. 15)	WzI1LDE0LHsiZiI6IjJESXRlbXMvTWFwcy9FbmRnYW1lTWFwcy9FbmRnYW1lTWFwMTUiLCJzY2FsZSI6MSwicmVhbG0iOiJwb2UyIn1d/36fdc2dffa/EndgameMap15.png	Metadata/Items/Maps/MapKeyTier15
item	Waystone (Tier 16)	Путевой камень (Ур. 16)	WzI1LDE0LHsiZiI6IjJESXRlbXMvTWFwcy9FbmRnYW1lTWFwcy9FbmRnYW1lTWFwMTYiLCJzY2FsZSI6MSwicmVhbG0iOiJwb2UyIn1d/71ae1577e7/EndgameMap16.png	Metadata/Items/Maps/MapKeyTier16
item	Waystone (Tier 2)	Путевой камень (Ур. 2)	WzI1LDE0LHsiZiI6IjJESXRlbXMvTWFwcy9FbmRnYW1lTWFwcy9FbmRnYW1lTWFwMiIsInNjYWxlIjoxLCJyZWFsbSI6InBvZTIifV0/96fc7f7e65/EndgameMap2.png	Metadata/Items/Maps/MapKeyTier2
item	Waystone (Tier 3)	Путевой камень (Ур. 3)	WzI1LDE0LHsiZiI6IjJESXRlbXMvTWFwcy9FbmRnYW1lTWFwcy9FbmRnYW1lTWFwMyIsInNjYWxlIjoxLCJyZWFsbSI6InBvZTIifV0/c9f809ff07/EndgameMap3.png	Metadata/Items/Maps/MapKeyTier3
item	Waystone (Tier 4)	Путевой камень (Ур. 4)	WzI1LDE0LHsiZiI6IjJESXRlbXMvTWFwcy9FbmRnYW1lTWFwcy9FbmRnYW1lTWFwNCIsInNjYWxlIjoxLCJyZWFsbSI6InBvZTIifV0/d73d7cd359/EndgameMap4.png	Metadata/Items/Maps/MapKeyTier4
item	Waystone (Tier 5)	Путевой камень (Ур. 5)	WzI1LDE0LHsiZiI6IjJESXRlbXMvTWFwcy9FbmRnYW1lTWFwcy9FbmRnYW1lTWFwNSIsInNjYWxlIjoxLCJyZWFsbSI6InBvZTIifV0/dfe401fd22/EndgameMap5.png	Metadata/Items/Maps/MapKeyTier5
item	Waystone (Tier 6)	Путевой камень (Ур. 6)	WzI1LDE0LHsiZiI6IjJESXRlbXMvTWFwcy9FbmRnYW1lTWFwcy9FbmRnYW1lTWFwNiIsInNjYWxlIjoxLCJyZWFsbSI6InBvZTIifV0/b3fff34040/EndgameMap6.png	Metadata/Items/Maps/MapKeyTier6
item	Waystone (Tier 7)	Путевой камень (Ур. 7)	WzI1LDE0LHsiZiI6IjJESXRlbXMvTWFwcy9FbmRnYW1lTWFwcy9FbmRnYW1lTWFwNyIsInNjYWxlIjoxLCJyZWFsbSI6InBvZTIifV0/18461780be/EndgameMap7.png	Metadata/Items/Maps/MapKeyTier7
item	Waystone (Tier 8)	Путевой камень (Ур. 8)	WzI1LDE0LHsiZiI6IjJESXRlbXMvTWFwcy9FbmRnYW1lTWFwcy9FbmRnYW1lTWFwOCIsInNjYWxlIjoxLCJyZWFsbSI6InBvZTIifV0/c2d5a0a220/EndgameMap8.png	Metadata/Items/Maps/MapKeyTier8
item	Waystone (Tier 9)	Путевой камень (Ур. 9)	WzI1LDE0LHsiZiI6IjJESXRlbXMvTWFwcy9FbmRnYW1lTWFwcy9FbmRnYW1lTWFwOSIsInNjYWxlIjoxLCJyZWFsbSI6InBvZTIifV0/5f289352ef/EndgameMap9.png	Metadata/Items/Maps/MapKeyTier9
item	Wayward Crest Shield	Неуступчивый гербовый щит	WzI1LDE0LHsiZiI6IjJESXRlbXMvT2ZmaGFuZC9TaGllbGRzL0NyZXN0MDciLCJ3IjoyLCJoIjozLCJzY2FsZSI6MSwicmVhbG0iOiJwb2UyIn1d/227a2c5fc3/Crest07.png	Metadata/Items/Armours/Shields/FourShieldStrInt7
item	Weathered Crisis Fragment	Выцветший переломный фрагмент	WzI1LDE0LHsiZiI6IjJESXRlbXMvUXVlc3RJdGVtcy9QaW5uYWNsZUtleTMiLCJzY2FsZSI6MSwicmVhbG0iOiJwb2UyIn1d/32e6544250/PinnacleKey3.png	
item	Weaver Leggings	Плетёные сапоги	WzI1LDE0LHsiZiI6IjJESXRlbXMvQXJtb3Vycy9Cb290cy9CYXNldHlwZXMvQm9vdHNJbnRTdHIwNCIsInciOjIsImgiOjIsInNjYWxlIjoxLCJyZWFsbSI6InBvZTIifV0/12efc4aaa8/BootsIntStr04.png	Metadata/Items/Armours/Boots/FourBootsStrInt4
item	Whorl Focus	Витой фокус	WzI1LDE0LHsiZiI6IjJESXRlbXMvT2ZmaGFuZC9Gb2NpL0Jhc2V0eXBlcy9Gb2N1czEwIiwidyI6MiwiaCI6Mywic2NhbGUiOjEsInJlYWxtIjoicG9lMiJ9XQ/fae6589795/Focus10.png	Metadata/Items/Armours/Focii/FourFocus10
item	Wicker Tiara	Тиара из прутьев	WzI1LDE0LHsiZiI6IjJESXRlbXMvQXJtb3Vycy9IZWxtZXRzL0Jhc2V0eXBlcy9IZWxtZXRJbnQwMiIsInciOjIsImgiOjIsInNjYWxlIjoxLCJyZWFsbSI6InBvZTIifV0/03048a9ab7/HelmetInt02.png	Metadata/Items/Armours/Helmets/FourHelmetInt2
item	Wide Belt	Широкий ремень	WzI1LDE0LHsiZiI6IjJESXRlbXMvQmVsdHMvQmFzZXR5cGVzL0JlbHQwMyIsInciOjIsImgiOjEsInNjYWxlIjoxLCJyZWFsbSI6InBvZTIifV0/3dcd330357/Belt03.png	Metadata/Items/Belts/FourBelt3;stat_1836676211=0
item	Wildwood Talisman	Талисман Диколесья	WzI1LDE0LHsiZiI6IjJESXRlbXMvT2ZmaGFuZC9UYWxpc21hbnMvVmljaW91c1RhbGlzbWFuIiwidyI6MiwiaCI6Miwic2NhbGUiOjEsInJlYWxtIjoicG9lMiJ9XQ/10e044a5b7/ViciousTalisman.png	Metadata/Items/Weapons/TwoHandWeapons/Talismans/Talisman8Endgame
item	Winged Spear	Крылатое копьё	WzI1LDE0LHsiZiI6IjJESXRlbXMvV2VhcG9ucy9PbmVIYW5kV2VhcG9ucy9PbmVIYW5kU3BlYXJzLzFIU3BlYXIwNCIsInciOjEsImgiOjQsInNjYWxlIjoxLCJyZWFsbSI6InBvZTIifV0/5f32a7f996/1HSpear04.png	Metadata/Items/Weapons/OneHandWeapons/OneHandSpears/FourSpear4;?
item	Withered Wand	Увядший жезл	WzI1LDE0LHsiZiI6IjJESXRlbXMvV2VhcG9ucy9PbmVIYW5kV2VhcG9ucy9XYW5kcy9CYXNldHlwZXMvV2FuZDAxIiwidyI6MSwiaCI6Mywic2NhbGUiOjEsInJlYWxtIjoicG9lMiJ9XQ/8b127e7050/Wand01.png	Metadata/Items/Weapons/OneHandWeapons/Wands/FourWand1
item	Wolf Idol	Идол волка	WzI1LDE0LHsiZiI6IjJESXRlbXMvQ3VycmVuY3kvVG9ybWVudGVkU3Bpcml0U29ja2V0YWJsZXMvQXptZXJpU29ja2V0YWJsZVdvbGYiLCJzY2FsZSI6MSwicmVhbG0iOiJwb2UyIn1d/c0deeb6d94/AzmeriSocketableWolf.png	
item	Wolfskin Mantle	Покров из волчьих шкур	WzI1LDE0LHsiZiI6IjJESXRlbXMvQXJtb3Vycy9Cb2R5QXJtb3Vycy9CYXNldHlwZXMvQm9keUludFN0cjAyIiwidyI6MiwiaCI6Mywic2NhbGUiOjEsInJlYWxtIjoicG9lMiJ9XQ/79f27dfa2e/BodyIntStr02.png	Metadata/Items/Armours/BodyArmours/FourBodyStrInt2Endgame
item	Wooden Buckler	Деревянный баклер	WzI1LDE0LHsiZiI6IjJESXRlbXMvT2ZmaGFuZC9TaGllbGRzL0J1Y2tsZXIwMiIsInciOjIsImgiOjIsInNjYWxlIjoxLCJyZWFsbSI6InBvZTIifV0/db7e92c9f1/Buckler02.png	Metadata/Items/Armours/Shields/FourShieldDex2
item	Wooden Club	Деревянная дубинка	WzI1LDE0LHsiZiI6IjJESXRlbXMvV2VhcG9ucy9PbmVIYW5kV2VhcG9ucy9PbmVIYW5kTWFjZXMvQmFzZXR5cGVzLzFITWFjZTAxIiwidyI6MiwiaCI6Mywic2NhbGUiOjEsInJlYWxtIjoicG9lMiJ9XQ/27fd23d84f/1HMace01.png	Metadata/Items/Weapons/OneHandWeapons/OneHandMaces/FourOneHandMace1
item	Wool Cap	Шерстяная шляпа	WzI1LDE0LHsiZiI6IjJESXRlbXMvQXJtb3Vycy9IZWxtZXRzL0Jhc2V0eXBlcy9IZWxtZXREZXgwMiIsInciOjIsImgiOjIsInNjYWxlIjoxLCJyZWFsbSI6InBvZTIifV0/9d0b607edc/HelmetDex02.png	Metadata/Items/Armours/Helmets/FourHelmetDex2Cruel
item	Woven Cap	Тканая шляпа	WzI1LDE0LHsiZiI6IjJESXRlbXMvQXJtb3Vycy9IZWxtZXRzL0Jhc2V0eXBlcy9IZWxtZXREZXgwMiIsInciOjIsImgiOjIsInNjYWxlIjoxLCJyZWFsbSI6InBvZTIifV0/9d0b607edc/HelmetDex02.png	Metadata/Items/Armours/Helmets/FourHelmetDex2Endgame
item	Woven Focus	Плетёный фокус	WzI1LDE0LHsiZiI6IjJESXRlbXMvT2ZmaGFuZC9Gb2NpL0Jhc2V0eXBlcy9Gb2N1czAyIiwidyI6MiwiaCI6Mywic2NhbGUiOjEsInJlYWxtIjoicG9lMiJ9XQ/118df6fdf5/Focus02.png	Metadata/Items/Armours/Focii/FourFocus2
item	Wrapped Cap	Обмотанный капюшон	WzI1LDE0LHsiZiI6IjJESXRlbXMvQXJtb3Vycy9IZWxtZXRzL0Jhc2V0eXBlcy9IZWxtZXREZXgwNCIsInciOjIsImgiOjIsInNjYWxlIjoxLCJyZWFsbSI6InBvZTIifV0/e2bcc2e1c1/HelmetDex04.png	Metadata/Items/Armours/Helmets/FourHelmetDex4Cruel
item	Wrapped Greathelm	Обмотанный большой шлем	WzI1LDE0LHsiZiI6IjJESXRlbXMvQXJtb3Vycy9IZWxtZXRzL0Jhc2V0eXBlcy9IZWxtZXRTdHIwMyIsInciOjIsImgiOjIsInNjYWxlIjoxLCJyZWFsbSI6InBvZTIifV0/72edb29cb8/HelmetStr03.png	Metadata/Items/Armours/Helmets/FourHelmetStr3
item	Wrapped Quarterstaff	Обмотанный боевой посох	WzI1LDE0LHsiZiI6IjJESXRlbXMvV2VhcG9ucy9Ud29IYW5kV2VhcG9ucy9XYXJTdGF2ZXMvV2Fyc3RhZmYwMSIsInciOjIsImgiOjQsInNjYWxlIjoxLCJyZWFsbSI6InBvZTIifV0/fea458e458/Warstaff01.png	Metadata/Items/Weapons/TwoHandWeapons/Staves/FourQuarterstaff1
item	Wrapped Sandals	Плетёные сандалии	WzI1LDE0LHsiZiI6IjJESXRlbXMvQXJtb3Vycy9Cb290cy9CYXNldHlwZXMvQm9vdHNJbnQwMiIsInciOjIsImgiOjIsInNjYWxlIjoxLCJyZWFsbSI6InBvZTIifV0/8a97a69384/BootsInt02.png	Metadata/Items/Armours/Boots/FourBootsInt2
item	Wrath Sceptre	Скипетр гнева	WzI1LDE0LHsiZiI6IjJESXRlbXMvV2VhcG9ucy9PbmVIYW5kV2VhcG9ucy9TY2VwdGVycy9CYXNldHlwZXMvU2NlcHRyZTEwIiwidyI6MiwiaCI6Mywic2NhbGUiOjEsInJlYWxtIjoicG9lMiJ9XQ/3b3845420a/Sceptre10.png	Metadata/Items/Weapons/OneHandWeapons/Sceptres/FourSceptre10
item	Wreath Focus	Вязаный фокус	WzI1LDE0LHsiZiI6IjJESXRlbXMvT2ZmaGFuZC9Gb2NpL0Jhc2V0eXBlcy9Gb2N1czAyIiwidyI6MiwiaCI6Mywic2NhbGUiOjEsInJlYWxtIjoicG9lMiJ9XQ/118df6fdf5/Focus02.png	Metadata/Items/Armours/Focii/FourFocus2Cruel
item	Wyrm Quarterstaff	Боевой посох змия		Metadata/Items/Weapons/TwoHandWeapons/Staves/FourQuarterstaff13
item	Wyrmscale Coat	Доспех из чешуи гивра	WzI1LDE0LHsiZiI6IjJESXRlbXMvQXJtb3Vycy9Cb2R5QXJtb3Vycy9CYXNldHlwZXMvQm9keURleDA4IiwidyI6MiwiaCI6Mywic2NhbGUiOjEsInJlYWxtIjoicG9lMiJ9XQ/a43ac39920/BodyDex08.png	Metadata/Items/Armours/BodyArmours/FourBodyDex8Endgame;stat_3544800472=0
item	Xesht's Reliquary Key	Ключ от Реликвария Ксешта	WzI1LDE0LHsiZiI6IjJESXRlbXMvTWFwcy9Ud2lsaWdodE9yZGVyUmVsaXF1YXJ5S2V5QnJlYWNoIiwic2NhbGUiOjEsInJlYWxtIjoicG9lMiJ9XQ/866c9d5c45/TwilightOrderReliquaryKeyBreach.png	
item	Xipocado's Soul Core of Dominion	Ядро душ господства Шипокадо	WzI1LDE0LHsiZiI6IjJESXRlbXMvQ3VycmVuY3kvU291bENvcmVzL05ld1NvdWxDb3JlTWluaW9uIiwic2NhbGUiOjEsInJlYWxtIjoicG9lMiJ9XQ/b1e7975db2/NewSoulCoreMinion.png	
item	Xopec's Soul Core of Power	Ядро душ могущества Шопека	WzI1LDE0LHsiZiI6IjJESXRlbXMvQ3VycmVuY3kvU291bENvcmVzL05ld1NvdWxDb3JlUG93ZXJDaGFyZ2UiLCJzY2FsZSI6MSwicmVhbG0iOiJwb2UyIn1d/083d39a63b/NewSoulCorePowerCharge.png	
item	Xoph's Catalyst	Катализатор Ксофа	WzI1LDE0LHsiZiI6IjJESXRlbXMvQ3VycmVuY3kvQnJlYWNoL0JyZWFjaENhdGFseXN0RmlyZSIsInNjYWxlIjoxLCJyZWFsbSI6InBvZTIifV0/05b1999374/BreachCatalystFire.png	
item	Yaomac's Orb of Sacrifice	Сфера жертвоприношения Яомака	WzI1LDE0LHsiZiI6IjJESXRlbXMvQ3VycmVuY3kvSW5jdXJzaW9uQ3JhZnRpbmdPcmJzL0luY3Vyc2lvbkNvcnJ1cHRpb25PcmIxIiwic2NhbGUiOjEsInJlYWxtIjoicG9lMiJ9XQ/d8bf3af5d5/IncursionCorruptionOrb1.png	
item	Yugul's Orb of Sacrifice	Сфера жертвоприношения Югула	WzI1LDE0LHsiZiI6IjJESXRlbXMvQ3VycmVuY3kvSW5jdXJzaW9uQ3JhZnRpbmdPcmJzL0luY3Vyc2lvbkNvcnJ1cHRpb25PcmI0Iiwic2NhbGUiOjEsInJlYWxtIjoicG9lMiJ9XQ/5102a7c2f5/IncursionCorruptionOrb4.png	
item	Zalatl's Soul Core of Insulation	Ядро душ изоляции Залатля	WzI1LDE0LHsiZiI6IjJESXRlbXMvQ3VycmVuY3kvU291bENvcmVzL05ld1NvdWxDb3JlTGlnaHRuaW5nIiwic2NhbGUiOjEsInJlYWxtIjoicG9lMiJ9XQ/80c455f775/NewSoulCoreLightning.png	
item	Zarokh's Reliquary Key: Against the Darkness	Ключ от Реликвария Зарока: Противление тьме	WzI1LDE0LHsiZiI6IjJESXRlbXMvTWFwcy9Ud2lsaWdodE9yZGVyUmVsaXF1YXJ5S2V5U2FuY3R1bTIiLCJzY2FsZSI6MSwicmVhbG0iOiJwb2UyIn1d/a9e91de8f5/TwilightOrderReliquaryKeySanctum2.png	
item	Zarokh's Reliquary Key: Temporalis	Ключ от Реликвария Зарока: Темпоралис	WzI1LDE0LHsiZiI6IjJESXRlbXMvTWFwcy9Ud2lsaWdodE9yZGVyUmVsaXF1YXJ5S2V5U2FuY3R1bTYiLCJzY2FsZSI6MSwicmVhbG0iOiJwb2UyIn1d/8aeeb6fc3d/TwilightOrderReliquaryKeySanctum6.png	
item	Zealot Bow	Лук подвижника	WzI1LDE0LHsiZiI6IjJESXRlbXMvV2VhcG9ucy9Ud29IYW5kV2VhcG9ucy9Cb3dzL0Jhc2V0eXBlcy9Cb3cwOCIsInciOjIsImgiOjQsInNjYWxlIjoxLCJyZWFsbSI6InBvZTIifV0/90f84002ea/Bow08.png	Metadata/Items/Weapons/TwoHandWeapons/Bows/FourBow8
item	Zealot Crown	Корона подвижника	WzI1LDE0LHsiZiI6IjJESXRlbXMvQXJtb3Vycy9IZWxtZXRzL0Jhc2V0eXBlcy9IZWxtZXRJbnRTdHIwMyIsInciOjIsImgiOjIsInNjYWxlIjoxLCJyZWFsbSI6InBvZTIifV0/236be52310/HelmetIntStr03.png	Metadata/Items/Armours/Helmets/FourHelmetStrInt3Cruel
item	Zealot Gauntlets	Перчатки подвижника	WzI1LDE0LHsiZiI6IjJESXRlbXMvQXJtb3Vycy9HbG92ZXMvQmFzZXR5cGVzL0dsb3Zlc1N0ckRleDAzIiwidyI6MiwiaCI6Miwic2NhbGUiOjEsInJlYWxtIjoicG9lMiJ9XQ/2d6c10dfcb/GlovesStrDex03.png	Metadata/Items/Armours/Gloves/FourGlovesStrDex3Cruel
item	Zealot Greathammer	Молот подвижника	WzI1LDE0LHsiZiI6IjJESXRlbXMvV2VhcG9ucy9Ud29IYW5kV2VhcG9ucy9Ud29IYW5kTWFjZXMvQmFzZXR5cGVzLzJITWFjZTA1IiwidyI6MiwiaCI6NCwic2NhbGUiOjEsInJlYWxtIjoicG9lMiJ9XQ/b68c491072/2HMace05.png	Metadata/Items/Weapons/TwoHandWeapons/TwoHandMaces/FourTwoHandMace5Cruel;stat_3675300253
item	[DNT] Incursion Gemcutter's Prism (not visible to players)	[DNT] Incursion Gemcutter's Prism (not visible to players)	WzI1LDE0LHsiZiI6IjJESXRlbXMvQ3VycmVuY3kvQ3VycmVuY3lHZW1RdWFsaXR5IiwidyI6MSwiaCI6MSwic2NhbGUiOjEsInJlYWxtIjoicG9lMiJ9XQ/b813ef94bd/CurrencyGemQuality.png	
item	[DNT] Not Shown To Players	[DNT] Not Shown To Players		
unique	Ab Aeterno	Извечные	WzI1LDE0LHsiZiI6IjJESXRlbXMvQXJtb3Vycy9Cb290cy9VbmlxdWVzL0FiQWV0ZXJubyIsInciOjIsImgiOjIsInNjYWxlIjoxLCJyZWFsbSI6InBvZTIifV0/516b4991b9/AbAeterno.png	
unique	Adonia's Ego	Эго Адонии	WzI1LDE0LHsiZiI6IjJESXRlbXMvV2VhcG9ucy9PbmVIYW5kV2VhcG9ucy9XYW5kcy9VbmlxdWVzL0NvdXJ0bHlEaXNjb3JkIiwidyI6MSwiaCI6Mywic2NhbGUiOjEsInJlYWxtIjoicG9lMiJ9XQ/761ae3ed19/CourtlyDiscord.png	
unique	Aerisvane's Wings	Крылья Эрисвейна	WzI1LDE0LHsiZiI6IjJESXRlbXMvQXJtb3Vycy9HbG92ZXMvVW5pcXVlcy9BZXJpc3ZhbmVzV2luZ3MiLCJ3IjoyLCJoIjoyLCJzY2FsZSI6MSwicmVhbG0iOiJwb2UyIn1d/5faa0c7ee9/AerisvanesWings.png	
unique	Against the Darkness	Противление тьме	WzI1LDE0LHsiZiI6IjJESXRlbXMvSmV3ZWxzL1NhbmN0dW1KZXdlbCIsInciOjEsImgiOjEsInNjYWxlIjoxLCJyZWFsbSI6InBvZTIifV0/95cd807e91/SanctumJewel.png	
unique	Alkem Eira	Альким Эира	WzI1LDE0LHsiZiI6IjJESXRlbXMvT2ZmaGFuZC9TaGllbGRzL1VuaXF1ZXMvQWxrZW1FaXJhIiwidyI6MiwiaCI6Mywic2NhbGUiOjEsInJlYWxtIjoicG9lMiJ9XQ/744604ba46/AlkemEira.png	
unique	Alpha's Howl	Вой Альфы	WzI1LDE0LHsiZiI6IjJESXRlbXMvQXJtb3Vycy9IZWxtZXRzL1VuaXF1ZXMvQWxwaGFzSG93bCIsInciOjIsImgiOjIsInNjYWxlIjoxLCJyZWFsbSI6InBvZTIifV0/172ece8af4/AlphasHowl.png	
unique	Amor Mandragora	Амор Мандрагора	WzI1LDE0LHsiZiI6IjJESXRlbXMvT2ZmaGFuZC9UYWxpc21hbnMvVW5pcXVlcy9BbW9yTWFuZHJhZ29yYSIsInciOjIsImgiOjIsInNjYWxlIjoxLCJyZWFsbSI6InBvZTIifV0/98113cdc0a/AmorMandragora.png	
unique	Andvarius	Андвариус	WzI1LDE0LHsiZiI6IjJESXRlbXMvUmluZ3MvVW5pcXVlcy9BbmR2YXJpdXMiLCJ3IjoxLCJoIjoxLCJzY2FsZSI6MSwicmVhbG0iOiJwb2UyIn1d/62ed73e3a0/Andvarius.png	
unique	Apep's Supremacy	Главенство Апепа	WzI1LDE0LHsiZiI6IjJESXRlbXMvT2ZmaGFuZC9Gb2NpL1VuaXF1ZXMvQXBlcHNTdXByZW1hY3kiLCJ3IjoyLCJoIjozLCJzY2FsZSI6MSwicmVhbG0iOiJwb2UyIn1d/0e4ab602c8/ApepsSupremacy.png	
unique	Apron of Emiran	Передник Эмирана	WzI1LDE0LHsiZiI6IjJESXRlbXMvQXJtb3Vycy9Cb2R5QXJtb3Vycy9VbmlxdWVzL0Fwcm9uT2ZFbWlyYW4iLCJ3IjoyLCJoIjozLCJzY2FsZSI6MSwicmVhbG0iOiJwb2UyIn1d/493c3a232d/ApronOfEmiran.png	
unique	Arakaali's Gift	Дар Аракаали	WzI1LDE0LHsiZiI6IjJESXRlbXMvQ2hhcm1zL1VuaXF1ZXMvQW50aWRvdGVVbmlxdWVDaGFybSIsInciOjEsImgiOjEsInNjYWxlIjoxLCJyZWFsbSI6InBvZTIifV0/ae5b677752/AntidoteUniqueCharm.png	
unique	Arvil's Wheel	Колесо Арвила	WzI1LDE0LHsiZiI6IjJESXRlbXMvT2ZmaGFuZC9TaGllbGRzL1VuaXF1ZXMvQXJ2aWxzV2hlZWwiLCJ3IjoyLCJoIjozLCJzY2FsZSI6MSwicmVhbG0iOiJwb2UyIn1d/e0448a53d2/ArvilsWheel.png	
unique	Ashrend	Пепел	WzI1LDE0LHsiZiI6IjJESXRlbXMvQXJtb3Vycy9Cb2R5QXJtb3Vycy9VbmlxdWVzL0FzaHJlbmQiLCJ3IjoyLCJoIjozLCJzY2FsZSI6MSwicmVhbG0iOiJwb2UyIn1d/57812fbbaf/Ashrend.png	
unique	Asphyxia's Wrath	Гнев Асфиксии	WzI1LDE0LHsiZiI6IjJESXRlbXMvUXVpdmVycy9VbmlxdWVzL0FzcGh5eGlhc1dyYXRoIiwidyI6MiwiaCI6Mywic2NhbGUiOjEsInJlYWxtIjoicG9lMiJ9XQ/e2de62ad69/AsphyxiasWrath.png	
unique	Assailum	Приют агрессора	WzI1LDE0LHsiZiI6IjJESXRlbXMvQXJtb3Vycy9IZWxtZXRzL1VuaXF1ZXMvQXNzYWlsdW0iLCJ3IjoyLCJoIjoyLCJzY2FsZSI6MSwicmVhbG0iOiJwb2UyIn1d/5a99862ac5/Assailum.png	
unique	Astramentis	Астраментис	WzI1LDE0LHsiZiI6IjJESXRlbXMvQW11bGV0cy9VbmlxdWVzL0FzdHJhbWVudGlzIiwidyI6MSwiaCI6MSwic2NhbGUiOjEsInJlYWxtIjoicG9lMiJ9XQ/541d1c98f9/Astramentis.png	
unique	Atsak's Sight	Взор Ацака	WzI1LDE0LHsiZiI6IjJESXRlbXMvQXJtb3Vycy9IZWxtZXRzL1VuaXF1ZXMvQmFsZWZ1bFRlbXBlcmFuY2UiLCJ3IjoyLCJoIjoyLCJzY2FsZSI6MSwicmVhbG0iOiJwb2UyIn1d/efc924e150/BalefulTemperance.png	
unique	Atziri's Acuity	Проницательность Атзири	WzI1LDE0LHsiZiI6IjJESXRlbXMvQXJtb3Vycy9HbG92ZXMvVW5pcXVlcy9BdHppcmlzQWN1aXR5IiwidyI6MiwiaCI6Miwic2NhbGUiOjEsInJlYWxtIjoicG9lMiJ9XQ/190d063426/AtzirisAcuity.png	
unique	Atziri's Contempt	Пренебрежение Атзири	WzI1LDE0LHsiZiI6IjJESXRlbXMvV2VhcG9ucy9PbmVIYW5kV2VhcG9ucy9PbmVIYW5kU3BlYXJzL1VuaXF1ZXMvQXR6aXJpU3RhZmZCbG9vZCIsInciOjEsImgiOjQsInNjYWxlIjoxLCJyZWFsbSI6InBvZTIifV0/321aa14ba7/AtziriStaffBlood.png	
unique	Atziri's Disdain	Презрение Атзири	WzI1LDE0LHsiZiI6IjJESXRlbXMvQXJtb3Vycy9IZWxtZXRzL1VuaXF1ZXMvQXR6aXJpc0Rpc2RhaW4iLCJ3IjoyLCJoIjoyLCJzY2FsZSI6MSwicmVhbG0iOiJwb2UyIn1d/2af1d71e48/AtzirisDisdain.png	
unique	Atziri's Rule	Закон Атзири	WzI1LDE0LHsiZiI6IjJESXRlbXMvV2VhcG9ucy9Ud29IYW5kV2VhcG9ucy9TdGF2ZXMvVW5pcXVlcy9BdHppcmlTdGFmZiIsInciOjEsImgiOjQsInNjYWxlIjoxLCJyZWFsbSI6InBvZTIifV0/33860266df/AtziriStaff.png	
unique	Atziri's Splendour	Величие Атзири	WzI1LDE0LHsiZiI6IjJESXRlbXMvQXJtb3Vycy9Cb2R5QXJtb3Vycy9VbmlxdWVzL0F0emlyaXNTcGxlbmRvdXIiLCJ3IjoyLCJoIjozLCJzY2FsZSI6MSwicmVhbG0iOiJwb2UyIn1d/27da3616c7/AtzirisSplendour.png	
unique	Atziri's Step	Поступь Атзири	WzI1LDE0LHsiZiI6IjJESXRlbXMvQXJtb3Vycy9Cb290cy9VbmlxdWVzL0F0emlyaXNTdGVwIiwidyI6MiwiaCI6Miwic2NhbGUiOjEsInJlYWxtIjoicG9lMiJ9XQ/8aa2a21e43/AtzirisStep.png	
unique	Aurseize	Златохваты	WzI1LDE0LHsiZiI6IjJESXRlbXMvQXJtb3Vycy9HbG92ZXMvVW5pcXVlcy9BdXJzZWl6ZSIsInciOjIsImgiOjIsInNjYWxlIjoxLCJyZWFsbSI6InBvZTIifV0/3860d4efbe/Aurseize.png	
unique	Beacon of Azis	Сигнал Азиса	WzI1LDE0LHsiZiI6IjJESXRlbXMvQW11bGV0cy9VbmlxdWVzL0JlYWNvbk9mQXppcyIsInciOjEsImgiOjEsInNjYWxlIjoxLCJyZWFsbSI6InBvZTIifV0/2d0ad03930/BeaconOfAzis.png	
unique	Beetlebite	Жучиный укус	WzI1LDE0LHsiZiI6IjJESXRlbXMvQXJtb3Vycy9Cb290cy9VbmlxdWVzL0NoYWluc09mRGVzaHJldCIsInciOjIsImgiOjIsInNjYWxlIjoxLCJyZWFsbSI6InBvZTIifV0/e698c477b2/ChainsOfDeshret.png	
unique	Beira's Anguish	Боль Бейры	WzI1LDE0LHsiZiI6IjJESXRlbXMvQ2hhcm1zL1VuaXF1ZXMvRG91c2luZ1VuaXF1ZUNoYXJtIiwidyI6MSwiaCI6MSwic2NhbGUiOjEsInJlYWxtIjoicG9lMiJ9XQ/7bac529607/DousingUniqueCharm.png	
unique	Belly of the Beast	Брюхо Зверя	WzI1LDE0LHsiZiI6IjJESXRlbXMvQXJtb3Vycy9Cb2R5QXJtb3Vycy9VbmlxdWVzL0JlbGx5T2ZUaGVCZWFzdCIsInciOjIsImgiOjMsInNjYWxlIjoxLCJyZWFsbSI6InBvZTIifV0/1db9bc2971/BellyOfTheBeast.png	
unique	Berek's Grip	Уловка Берека	WzI1LDE0LHsiZiI6IjJESXRlbXMvUmluZ3MvVW5pcXVlcy9CZXJla3NHcmlwIiwidyI6MSwiaCI6MSwic2NhbGUiOjEsInJlYWxtIjoicG9lMiJ9XQ/696e998ff9/BereksGrip.png	
unique	Berek's Pass	Прыть Берека	WzI1LDE0LHsiZiI6IjJESXRlbXMvUmluZ3MvVW5pcXVlcy9CZXJla3NQYXNzIiwidyI6MSwiaCI6MSwic2NhbGUiOjEsInJlYWxtIjoicG9lMiJ9XQ/a1ff602207/BereksPass.png	
unique	Berek's Respite	Передышка Берека	WzI1LDE0LHsiZiI6IjJESXRlbXMvUmluZ3MvVW5pcXVlcy9CZXJla3NSZXNwaXRlIiwidyI6MSwiaCI6MSwic2NhbGUiOjEsInJlYWxtIjoicG9lMiJ9XQ/5a88600dfb/BereksRespite.png	
unique	Beyond Reach	За гранью	WzI1LDE0LHsiZiI6IjJESXRlbXMvUXVpdmVycy9VbmlxdWVzL0JyZWFjaFF1aXZlciIsInciOjIsImgiOjMsInNjYWxlIjoxLCJyZWFsbSI6InBvZTIifV0/32d8ded0e1/BreachQuiver.png	
unique	Bijouborne	Цацконосец	WzI1LDE0LHsiZiI6IjJESXRlbXMvQmVsdHMvVW5pcXVlcy9Ud2luY2xhc3AiLCJ3IjoyLCJoIjoxLCJzY2FsZSI6MSwicmVhbG0iOiJwb2UyIn1d/623cb1b701/Twinclasp.png	
unique	Birth of Fury	Рождение ярости	WzI1LDE0LHsiZiI6IjJESXRlbXMvQXJtb3Vycy9Cb290cy9VbmlxdWVzL0JpcnRoT2ZGdXJ5IiwidyI6MiwiaCI6Miwic2NhbGUiOjEsInJlYWxtIjoicG9lMiJ9XQ/11cb01dff1/BirthOfFury.png	
unique	Birthright Buckle	Пряжка первородства	WzI1LDE0LHsiZiI6IjJESXRlbXMvQmVsdHMvVW5pcXVlcy9CaXJ0aHJpZ2h0QnVja2xlIiwidyI6MiwiaCI6MSwic2NhbGUiOjEsInJlYWxtIjoicG9lMiJ9XQ/5549f2f4ca/BirthrightBuckle.png	
unique	Bitterbloom	Жестокое цветение	WzI1LDE0LHsiZiI6IjJESXRlbXMvQXJtb3Vycy9Cb2R5QXJtb3Vycy9VbmlxdWVzL0Rhcmt3b29kUGVyaWFudGgiLCJ3IjoyLCJoIjozLCJzY2FsZSI6MSwicmVhbG0iOiJwb2UyIn1d/07fdc67fd9/DarkwoodPerianth.png	
unique	Black Sun Crest	Гребень чёрного солнца	WzI1LDE0LHsiZiI6IjJESXRlbXMvQXJtb3Vycy9IZWxtZXRzL1VuaXF1ZXMvQmxhY2tTdW5DcmVzdCIsInciOjIsImgiOjIsInNjYWxlIjoxLCJyZWFsbSI6InBvZTIifV0/8618ffa891/BlackSunCrest.png	
unique	Blackbraid	Чёрное плетение	WzI1LDE0LHsiZiI6IjJESXRlbXMvQXJtb3Vycy9Cb2R5QXJtb3Vycy9VbmlxdWVzL0JsYWNrYnJhaWQiLCJ3IjoyLCJoIjozLCJzY2FsZSI6MSwicmVhbG0iOiJwb2UyIn1d/1195c80b8d/Blackbraid.png	
unique	Blackflame	Чёрное пламя	WzI1LDE0LHsiZiI6IjJESXRlbXMvUmluZ3MvQmxhY2tGbGFtZUNoYW9zIiwidyI6MSwiaCI6MSwic2NhbGUiOjEsInJlYWxtIjoicG9lMiJ9XQ/fdbe190aa9/BlackFlameChaos.png	
unique	Blackgleam	Отсвет мрака	WzI1LDE0LHsiZiI6IjJESXRlbXMvUXVpdmVycy9VbmlxdWVzL0JsYWNrZ2xlYW0iLCJ3IjoyLCJoIjozLCJzY2FsZSI6MSwicmVhbG0iOiJwb2UyIn1d/2ccaff8cab/Blackgleam.png	
unique	Blackheart	Чёрное сердце	WzI1LDE0LHsiZiI6IjJESXRlbXMvUmluZ3MvVW5pcXVlcy9CbGFja2hlYXJ0IiwidyI6MSwiaCI6MSwic2NhbGUiOjEsInJlYWxtIjoicG9lMiJ9XQ/d6d4fda0c5/Blackheart.png	
unique	Blessed Bonds	Благословенные узы	WzI1LDE0LHsiZiI6IjJESXRlbXMvQXJtb3Vycy9HbG92ZXMvVW5pcXVlcy9CbGVzc2VkQm9uZHMiLCJ3IjoyLCJoIjoyLCJzY2FsZSI6MSwicmVhbG0iOiJwb2UyIn1d/53b4944385/BlessedBonds.png	
unique	Blistering Bond	Жгучий перстень	WzI1LDE0LHsiZiI6IjJESXRlbXMvUmluZ3MvVW5pcXVlcy9CbGlzdGVyaW5nQm9uZCIsInciOjEsImgiOjEsInNjYWxlIjoxLCJyZWFsbSI6InBvZTIifV0/624abc8043/BlisteringBond.png	
unique	Blood Price	Кровавая цена	WzI1LDE0LHsiZiI6IjJESXRlbXMvQXJtb3Vycy9IZWxtZXRzL1VuaXF1ZXMvQmxvb2RQcmljZSIsInciOjIsImgiOjIsInNjYWxlIjoxLCJyZWFsbSI6InBvZTIifV0/3bd93f440f/BloodPrice.png	
unique	Blood of the Warrior	Кровь воина	WzksMTQseyJmIjoiMkRJdGVtcy9GbGFza3MvVW5pcXVlcy9CbG9vZE9mVGhlS2FydWkiLCJ3IjoxLCJoIjoyLCJzY2FsZSI6MSwicmVhbG0iOiJwb2UyIiwibGV2ZWwiOjF9XQ/78df98d926/BloodOfTheKarui.png	
unique	Bloodbarrier	Кровавый заслон	WzI1LDE0LHsiZiI6IjJESXRlbXMvT2ZmaGFuZC9TaGllbGRzL1VuaXF1ZXMvQmxvb2RCYXJyaWVyIiwidyI6MiwiaCI6Miwic2NhbGUiOjEsInJlYWxtIjoicG9lMiJ9XQ/fec2501808/BloodBarrier.png	
unique	Blueflame Bracers	Браслеты синего пламени	WzI1LDE0LHsiZiI6IjJESXRlbXMvQXJtb3Vycy9HbG92ZXMvVW5pcXVlcy9TdW5Db25zdHJpY3RvciIsInciOjIsImgiOjIsInNjYWxlIjoxLCJyZWFsbSI6InBvZTIifV0/9278d6c051/SunConstrictor.png	
unique	Bluetongue	Синее жало	WzI1LDE0LHsiZiI6IjJESXRlbXMvV2VhcG9ucy9PbmVIYW5kV2VhcG9ucy9PbmVIYW5kU3dvcmRzL1VuaXF1ZXMvQmx1ZXRvbmd1ZSIsInciOjIsImgiOjMsInNjYWxlIjoxLCJyZWFsbSI6InBvZTIifV0/3fdac0787b/Bluetongue.png	
unique	Bones of Ullr	Кости Уллра	WzI1LDE0LHsiZiI6IjJESXRlbXMvQXJtb3Vycy9Cb290cy9VbmlxdWVzL0JvbmVzT2ZVbGxyIiwidyI6MiwiaCI6Miwic2NhbGUiOjEsInJlYWxtIjoicG9lMiJ9XQ/cae692c545/BonesOfUllr.png	
unique	Brain Rattler	Мозготряс	WzI1LDE0LHsiZiI6IjJESXRlbXMvV2VhcG9ucy9Ud29IYW5kV2VhcG9ucy9Ud29IYW5kTWFjZXMvVW5pcXVlcy9CcmFpbnJhdHRsZXIiLCJ3IjoyLCJoIjo0LCJzY2FsZSI6MSwicmVhbG0iOiJwb2UyIn1d/68b834f0c5/Brainrattler.png	
unique	Bramblejack	Колючий панцирь	WzI1LDE0LHsiZiI6IjJESXRlbXMvQXJtb3Vycy9Cb2R5QXJtb3Vycy9VbmlxdWVzL0JyYW1ibGVqYWNrIiwidyI6MiwiaCI6Mywic2NhbGUiOjEsInJlYWxtIjoicG9lMiJ9XQ/962f87b63e/Bramblejack.png	
unique	Breath of the Mountains	Дыханье гор	WzI1LDE0LHsiZiI6IjJESXRlbXMvQ2hhcm1zL1VuaXF1ZXMvU2FwcGhpcmVVbmlxdWVDaGFybSIsInciOjEsImgiOjEsInNjYWxlIjoxLCJyZWFsbSI6InBvZTIifV0/c414406632/SapphireUniqueCharm.png	
unique	Briarpatch	Терновники	WzI1LDE0LHsiZiI6IjJESXRlbXMvQXJtb3Vycy9Cb290cy9VbmlxdWVzL0JyaWFycGF0Y2giLCJ3IjoyLCJoIjoyLCJzY2FsZSI6MSwicmVhbG0iOiJwb2UyIn1d/5729410c81/Briarpatch.png	
unique	Briskwrap	Ремни проворства	WzI1LDE0LHsiZiI6IjJESXRlbXMvQXJtb3Vycy9Cb2R5QXJtb3Vycy9VbmlxdWVzL0JyaXNrd3JhcCIsInciOjIsImgiOjMsInNjYWxlIjoxLCJyZWFsbSI6InBvZTIifV0/218fe84d16/Briskwrap.png	
unique	Bristleboar	Ощетинившийся вепрь	WzI1LDE0LHsiZiI6IjJESXRlbXMvQXJtb3Vycy9Cb2R5QXJtb3Vycy9VbmlxdWVzL0JyaXN0bGVib2FyIiwidyI6MiwiaCI6Mywic2NhbGUiOjEsInJlYWxtIjoicG9lMiJ9XQ/a990c318c3/Bristleboar.png	
unique	Bronzebeard	Бронзовая борода	WzI1LDE0LHsiZiI6IjJESXRlbXMvQXJtb3Vycy9IZWxtZXRzL1VuaXF1ZXMvQnJvbnplYmVhcmQiLCJ3IjoyLCJoIjoyLCJzY2FsZSI6MSwicmVhbG0iOiJwb2UyIn1d/46de809d9c/Bronzebeard.png	
unique	Brutus' Lead Sprinkler	Крапило Изувера	WzI1LDE0LHsiZiI6IjJESXRlbXMvV2VhcG9ucy9PbmVIYW5kV2VhcG9ucy9PbmVIYW5kTWFjZXMvVW5pcXVlcy9CcnV0dXNMZWFkU3ByaW5rbGVyIiwidyI6MiwiaCI6Mywic2NhbGUiOjEsInJlYWxtIjoicG9lMiJ9XQ/ed0bbac0eb/BrutusLeadSprinkler.png	
unique	Brynabas	Барнабас	WzI1LDE0LHsiZiI6IjJESXRlbXMvQmVsdHMvVW5pcXVlcy9CeXJuYWJhcyIsInciOjIsImgiOjEsInNjYWxlIjoxLCJyZWFsbSI6InBvZTIifV0/f4ee3256e9/Byrnabas.png	
unique	Brynhand's Mark	Клеймо Бринханда	WzI1LDE0LHsiZiI6IjJESXRlbXMvV2VhcG9ucy9PbmVIYW5kV2VhcG9ucy9PbmVIYW5kTWFjZXMvVW5pcXVlcy9CcnluaGFuZHNNYXJrIiwidyI6MiwiaCI6Mywic2NhbGUiOjEsInJlYWxtIjoicG9lMiJ9XQ/d781b9c623/BrynhandsMark.png	
unique	Bursting Decay	Взрывное разложение	WzI1LDE0LHsiZiI6IjJESXRlbXMvUmluZ3MvVW5pcXVlcy9CdXJzdGluZ0RlY2F5IiwidyI6MSwiaCI6MSwic2NhbGUiOjEsInJlYWxtIjoicG9lMiJ9XQ/2781601a75/BurstingDecay.png	
unique	Bushwhack	Кустоломы	WzI1LDE0LHsiZiI6IjJESXRlbXMvQXJtb3Vycy9Cb290cy9VbmlxdWVzL0J1c2h3YWNrIiwidyI6MiwiaCI6Miwic2NhbGUiOjEsInJlYWxtIjoicG9lMiJ9XQ/2b4eaa8008/Bushwack.png	
unique	Cadiro's Gambit	Гамбит Кадиро	WzI1LDE0LHsiZiI6IjJESXRlbXMvUXVpdmVycy9VbmlxdWVzL1BlcmFuZHVzVHVybnN0aWxlIiwidyI6MiwiaCI6Mywic2NhbGUiOjEsInJlYWxtIjoicG9lMiJ9XQ/49f9f76fa9/PerandusTurnstile.png	
unique	Calgyra's Arc	Дуга Кальгиры	WzI1LDE0LHsiZiI6IjJESXRlbXMvT2ZmaGFuZC9TaGllbGRzL1VuaXF1ZXMvQ2FsZ3lyYXNBcmMiLCJ3IjoyLCJoIjoyLCJzY2FsZSI6MSwicmVhbG0iOiJwb2UyIn1d/034b5b4920/CalgyrasArc.png	
unique	Call of the Brotherhood	Зов братьев	WzI1LDE0LHsiZiI6IjJESXRlbXMvUmluZ3MvQmFzZXR5cGVzL1RvcGF6UmluZyIsInciOjEsImgiOjEsInNjYWxlIjoxLCJyZWFsbSI6InBvZTIifV0/83315d9397/TopazRing.png	
unique	Candlemaker	Свечеделы	WzI1LDE0LHsiZiI6IjJESXRlbXMvQXJtb3Vycy9HbG92ZXMvVW5pcXVlcy9DYW5kbGVtYWtlciIsInciOjIsImgiOjIsInNjYWxlIjoxLCJyZWFsbSI6InBvZTIifV0/c4ecb2c1cc/Candlemaker.png	
unique	Carnage Heart	Сердце бойни	WzI1LDE0LHsiZiI6IjJESXRlbXMvQW11bGV0cy9VbmlxdWVzL0Nhcm5hZ2VIZWFydCIsInciOjEsImgiOjEsInNjYWxlIjoxLCJyZWFsbSI6InBvZTIifV0/fa1b9d80b8/CarnageHeart.png	
unique	Carrion Call	Трупный зов	WzI1LDE0LHsiZiI6IjJESXRlbXMvT2ZmaGFuZC9Gb2NpL1VuaXF1ZXMvQ2FycmlvbkNhbGwiLCJ3IjoyLCJoIjozLCJzY2FsZSI6MSwicmVhbG0iOiJwb2UyIn1d/cb9d0e127c/CarrionCall.png	
unique	Cat O' Nine Tails	Кошка-девятихвостка	WzI1LDE0LHsiZiI6IjJESXRlbXMvQmVsdHMvVW5pcXVlcy9DYXRPTmluZVRhaWxzIiwidyI6MiwiaCI6MSwic2NhbGUiOjEsInJlYWxtIjoicG9lMiJ9XQ/292ebc8389/CatONineTails.png	
unique	Chainsting	Цепное жало	WzI1LDE0LHsiZiI6IjJESXRlbXMvV2VhcG9ucy9PbmVIYW5kV2VhcG9ucy9PbmVIYW5kU3BlYXJzL1VuaXF1ZXMvQ2hhaW5zdGluZyIsInciOjEsImgiOjQsInNjYWxlIjoxLCJyZWFsbSI6InBvZTIifV0/b8126e6cd8/Chainsting.png	
unique	Chernobog's Pillar	Столп Чернобога	WzI1LDE0LHsiZiI6IjJESXRlbXMvT2ZmaGFuZC9TaGllbGRzL1VuaXF1ZXMvQ2hlcm5vYm9nc1BpbGxhciIsInciOjIsImgiOjQsInNjYWxlIjoxLCJyZWFsbSI6InBvZTIifV0/c63ec06c7d/ChernobogsPillar.png	
unique	Chober Chaber	Стук-Постук	WzI1LDE0LHsiZiI6IjJESXRlbXMvV2VhcG9ucy9Ud29IYW5kV2VhcG9ucy9Ud29IYW5kTWFjZXMvVW5pcXVlcy9DaG9iZXJDaGFiZXIiLCJ3IjoyLCJoIjo0LCJzY2FsZSI6MSwicmVhbG0iOiJwb2UyIn1d/3de5003fa3/ChoberChaber.png	
unique	Choir of the Storm	Хор бури	WzI1LDE0LHsiZiI6IjJESXRlbXMvQW11bGV0cy9VbmlxdWVzL0Nob2lyT2ZUaGVTdG9ybSIsInciOjEsImgiOjEsInNjYWxlIjoxLCJyZWFsbSI6InBvZTIifV0/59c9c7bfc8/ChoirOfTheStorm.png	
unique	Clear Skies	Ясное небо	WzI1LDE0LHsiZiI6IjJESXRlbXMvQ3VycmVuY3kvUHJlY3Vyc29yVGFibGV0cy9QcmVjdXJzb3JUYWJsZXREZWxpcml1bVVuaXF1ZTEiLCJ3IjoxLCJoIjoxLCJzY2FsZSI6MSwicmVhbG0iOiJwb2UyIn1d/ac86ee3f7c/PrecursorTabletDeliriumUnique1.png	
unique	Cloak of Defiance	Накидка непокорности	WzI1LDE0LHsiZiI6IjJESXRlbXMvQXJtb3Vycy9Cb2R5QXJtb3Vycy9VbmlxdWVzL0Nsb2FrT2ZEZWZpYW5jZSIsInciOjIsImgiOjMsInNjYWxlIjoxLCJyZWFsbSI6InBvZTIifV0/a7be13f435/CloakOfDefiance.png	
unique	Cloak of Flame	Накидка пламени	WzI1LDE0LHsiZiI6IjJESXRlbXMvQXJtb3Vycy9Cb2R5QXJtb3Vycy9VbmlxdWVzL0Nsb2FrT2ZGbGFtZSIsInciOjIsImgiOjMsInNjYWxlIjoxLCJyZWFsbSI6InBvZTIifV0/c3f662adf6/CloakOfFlame.png	
unique	Coat of Red	Алый покров	WzI1LDE0LHsiZiI6IjJESXRlbXMvQXJtb3Vycy9Cb2R5QXJtb3Vycy9VbmlxdWVzL0NvYXRPZlJlZCIsInciOjIsImgiOjMsInNjYWxlIjoxLCJyZWFsbSI6InBvZTIifV0/0abde65fb9/CoatOfRed.png	
unique	Collapsing Horizon	Рухнувший горизонт	WzI1LDE0LHsiZiI6IjJESXRlbXMvV2VhcG9ucy9Ud29IYW5kV2VhcG9ucy9XYXJTdGF2ZXMvVW5pcXVlcy9Db2xsYXBzaW5nSG9yaXpvbiIsInciOjIsImgiOjQsInNjYWxlIjoxLCJyZWFsbSI6InBvZTIifV0/b3fba2e984/CollapsingHorizon.png	
unique	Constricting Command	Удушающее веление	WzI1LDE0LHsiZiI6IjJESXRlbXMvQXJtb3Vycy9IZWxtZXRzL1VuaXF1ZXMvQ29uc3RyaWN0aW5nQ29tbWFuZCIsInciOjIsImgiOjIsInNjYWxlIjoxLCJyZWFsbSI6InBvZTIifV0/2950de57ef/ConstrictingCommand.png	
unique	Controlled Metamorphosis	Управляемый метаморфоз	WzI1LDE0LHsiZiI6IjJESXRlbXMvSmV3ZWxzL0JyZWFjaEpld2VsIiwidyI6MSwiaCI6MSwic2NhbGUiOjEsInJlYWxtIjoicG9lMiJ9XQ/9c17747ff2/BreachJewel.png	
unique	Cornathaum	Рогатый колпак	WzI1LDE0LHsiZiI6IjJESXRlbXMvQXJtb3Vycy9IZWxtZXRzL1VuaXF1ZXMvQ29ybmF0aGF1bSIsInciOjIsImgiOjIsInNjYWxlIjoxLCJyZWFsbSI6InBvZTIifV0/f4b843aeb6/Cornathaum.png	
unique	Corona of the Red Sun	Корона красного солнца	WzI1LDE0LHsiZiI6IjJESXRlbXMvQXJtb3Vycy9IZWxtZXRzL1VuaXF1ZXMvQ29yb25hT2ZUaGVSZWRTdW4iLCJ3IjoyLCJoIjoyLCJzY2FsZSI6MSwicmVhbG0iOiJwb2UyIn1d/d3f55492a9/CoronaOfTheRedSun.png	
unique	Corpsewade	Ядоброды	WzI1LDE0LHsiZiI6IjJESXRlbXMvQXJtb3Vycy9Cb290cy9VbmlxdWVzL0NvcnBzZXdhZGUiLCJ3IjoyLCJoIjoyLCJzY2FsZSI6MSwicmVhbG0iOiJwb2UyIn1d/8a11e9b486/Corpsewade.png	
unique	Cospri's Will	Воля Коспри	WzI1LDE0LHsiZiI6IjJESXRlbXMvQXJtb3Vycy9Cb2R5QXJtb3Vycy9VbmlxdWVzL0Nvc3ByaXNXaWxsIiwidyI6MiwiaCI6Mywic2NhbGUiOjEsInJlYWxtIjoicG9lMiJ9XQ/5b67ecd539/CosprisWill.png	
unique	Couture of Crimson	Алое облачение	WzI1LDE0LHsiZiI6IjJESXRlbXMvQXJtb3Vycy9Cb2R5QXJtb3Vycy9VbmlxdWVzL0NvdXR1cmVPZkNyaW1zb24iLCJ3IjoyLCJoIjozLCJzY2FsZSI6MSwicmVhbG0iOiJwb2UyIn1d/0d5b007f91/CoutureOfCrimson.png	
unique	Coward's Legacy	Наследие труса	WzI1LDE0LHsiZiI6IjJESXRlbXMvQmVsdHMvVW5pcXVlcy9Db3dhcmRzTGVnYWN5IiwidyI6MiwiaCI6MSwic2NhbGUiOjEsInJlYWxtIjoicG9lMiJ9XQ/8fbdb591b3/CowardsLegacy.png	
unique	Cracklecreep	Трескучий пожар	WzI1LDE0LHsiZiI6IjJESXRlbXMvUmluZ3MvVW5pcXVlcy9DcmFja2xlY3JlZXAiLCJ3IjoxLCJoIjoxLCJzY2FsZSI6MSwicmVhbG0iOiJwb2UyIn1d/8d67f6a770/Cracklecreep.png	
unique	Crest of Ardura	Герб Ардура	WzI1LDE0LHsiZiI6IjJESXRlbXMvT2ZmaGFuZC9TaGllbGRzL1VuaXF1ZXMvQ3Jlc3RPZkFyZHVyYSIsInciOjIsImgiOjMsInNjYWxlIjoxLCJyZWFsbSI6InBvZTIifV0/00dd22db9d/CrestOfArdura.png	
unique	Crown of Eyes	Корона глаз	WzI1LDE0LHsiZiI6IjJESXRlbXMvQXJtb3Vycy9IZWxtZXRzL1VuaXF1ZXMvQ3Jvd25PZkV5ZXMiLCJ3IjoyLCJoIjoyLCJzY2FsZSI6MSwicmVhbG0iOiJwb2UyIn1d/27fa23fd11/CrownOfEyes.png	
unique	Crown of Thorns	Терновый венец	WzI1LDE0LHsiZiI6IjJESXRlbXMvQXJtb3Vycy9IZWxtZXRzL1VuaXF1ZXMvQ3Jvd25PZlRob3JucyIsInciOjIsImgiOjIsInNjYWxlIjoxLCJyZWFsbSI6InBvZTIifV0/9fa4aff8d2/CrownOfThorns.png	
unique	Crown of the Pale King	Корона Бледного царя	WzI1LDE0LHsiZiI6IjJESXRlbXMvQXJtb3Vycy9IZWxtZXRzL1VuaXF1ZXMvQ3Jvd25PZlRoZVBhbGVLaW5nIiwidyI6MiwiaCI6Miwic2NhbGUiOjEsInJlYWxtIjoicG9lMiJ9XQ/4f2d8b7dc4/CrownOfThePaleKing.png	
unique	Crown of the Victor	Корона победителя	WzI1LDE0LHsiZiI6IjJESXRlbXMvQXJtb3Vycy9IZWxtZXRzL1VuaXF1ZXMvQ3Jvd25PZlRoZVZpY3RvciIsInciOjIsImgiOjIsInNjYWxlIjoxLCJyZWFsbSI6InBvZTIifV0/8397c94ec0/CrownOfTheVictor.png	
unique	Cruel Hegemony	Жестокая гегемония	WzI1LDE0LHsiZiI6IjJESXRlbXMvQ3VycmVuY3kvUHJlY3Vyc29yVGFibGV0cy9QcmVjdXJzb3JUYWJsZXRPdmVyc2VlclVuaXF1ZTIiLCJ3IjoxLCJoIjoxLCJzY2FsZSI6MSwicmVhbG0iOiJwb2UyIn1d/b80eae0441/PrecursorTabletOverseerUnique2.png	
unique	Cursecarver	Резчик проклятий	WzI1LDE0LHsiZiI6IjJESXRlbXMvV2VhcG9ucy9PbmVIYW5kV2VhcG9ucy9XYW5kcy9VbmlxdWVzL0NsYXdtYXJrIiwidyI6MSwiaCI6Mywic2NhbGUiOjEsInJlYWxtIjoicG9lMiJ9XQ/01ce3ef684/Clawmark.png	
unique	Daevata's Wind	Ветер Дэваты	WzI1LDE0LHsiZiI6IjJESXRlbXMvV2VhcG9ucy9PbmVIYW5kV2VhcG9ucy9PbmVIYW5kU3BlYXJzL1VuaXF1ZXMvRGFldmF0YXNXaW5kIiwidyI6MSwiaCI6NCwic2NhbGUiOjEsInJlYWxtIjoicG9lMiJ9XQ/a81d8d0cb9/DaevatasWind.png	
unique	Darkness Enthroned	Воцарившаяся тьма	WzI1LDE0LHsiZiI6IjJESXRlbXMvQmVsdHMvVW5pcXVlcy9EYXJrbmVzc0VudGhyb25lZCIsInciOjIsImgiOjEsInNjYWxlIjoxLCJyZWFsbSI6InBvZTIifV0/9bbef2f97f/DarknessEnthroned.png	
unique	Darkray Vectors	Несущие тьму	WzI1LDE0LHsiZiI6IjJESXRlbXMvQXJtb3Vycy9Cb290cy9VbmlxdWVzL0RhcmtyYXlWZWN0b3JzIiwidyI6MiwiaCI6Miwic2NhbGUiOjEsInJlYWxtIjoicG9lMiJ9XQ/1d850eef22/DarkrayVectors.png	
unique	Death Articulated	Суставчатая смерть	WzI1LDE0LHsiZiI6IjJESXRlbXMvQXJtb3Vycy9HbG92ZXMvVW5pcXVlcy9EZWF0aEFydGljdWxhdGVkIiwidyI6MiwiaCI6Miwic2NhbGUiOjEsInJlYWxtIjoicG9lMiJ9XQ/98e9511278/DeathArticulated.png	
unique	Death Rush	Смертельная спешка	WzI1LDE0LHsiZiI6IjJESXRlbXMvUmluZ3MvVW5pcXVlcy9EZWF0aFJ1c2giLCJ3IjoxLCJoIjoxLCJzY2FsZSI6MSwicmVhbG0iOiJwb2UyIn1d/85c32a7b7b/DeathRush.png	
unique	Death's Harp	Арфа смерти	WzI1LDE0LHsiZiI6IjJESXRlbXMvV2VhcG9ucy9Ud29IYW5kV2VhcG9ucy9Cb3dzL1VuaXF1ZXMvRGVhdGhzSGFycCIsInciOjIsImgiOjQsInNjYWxlIjoxLCJyZWFsbSI6InBvZTIifV0/2205f4c8b2/DeathsHarp.png	
unique	Deathblow	Смертельный удар	WzI1LDE0LHsiZiI6IjJESXRlbXMvQXJtb3Vycy9HbG92ZXMvVW5pcXVlcy9EZWF0aGJsb3ciLCJ3IjoyLCJoIjoyLCJzY2FsZSI6MSwicmVhbG0iOiJwb2UyIn1d/dff2783525/Deathblow.png	
unique	Deathrattle	Предсмертный хрип	WzI1LDE0LHsiZiI6IjJESXRlbXMvT2ZmaGFuZC9Gb2NpL1VuaXF1ZXMvRGVhdGhSYXR0bGUiLCJ3IjoyLCJoIjozLCJzY2FsZSI6MSwicmVhbG0iOiJwb2UyIn1d/07d9e9bf4b/DeathRattle.png	
unique	Decree of Acuity	Указ о проницательности	WzI1LDE0LHsiZiI6IjJESXRlbXMvQXJtb3Vycy9IZWxtZXRzL1VuaXF1ZXMvU2lnaHRsZXNzQ29udmljdGlvbiIsInciOjIsImgiOjIsInNjYWxlIjoxLCJyZWFsbSI6InBvZTIifV0/eee08a50e0/SightlessConviction.png	
unique	Decree of Flight	Указ о полёте	WzI1LDE0LHsiZiI6IjJESXRlbXMvQXJtb3Vycy9Cb290cy9VbmlxdWVzL0JvdW5kbGVzc0F1dGhvcml0eSIsInciOjIsImgiOjIsInNjYWxlIjoxLCJyZWFsbSI6InBvZTIifV0/e7a5b69683/BoundlessAuthority.png	
unique	Decree of Loyalty	Указ о верности	WzI1LDE0LHsiZiI6IjJESXRlbXMvQXJtb3Vycy9Cb2R5QXJtb3Vycy9VbmlxdWVzL1VuZmFsdGVyaW5nRmFpdGgiLCJ3IjoyLCJoIjozLCJzY2FsZSI6MSwicmVhbG0iOiJwb2UyIn1d/80d270d3c3/UnfalteringFaith.png	
unique	Defiance of Destiny	Непокорность судьбе	WzI1LDE0LHsiZiI6IjJESXRlbXMvQW11bGV0cy9VbmlxdWVzL0RlZmlhbmNlT2ZEZXN0aW55IiwidyI6MSwiaCI6MSwic2NhbGUiOjEsInJlYWxtIjoicG9lMiJ9XQ/713775c874/DefianceOfDestiny.png	
unique	Deidbell	Колокол мёртвых	WzI1LDE0LHsiZiI6IjJESXRlbXMvQXJtb3Vycy9IZWxtZXRzL1VuaXF1ZXMvRGVpZGJlbGwiLCJ3IjoyLCJoIjoyLCJzY2FsZSI6MSwicmVhbG0iOiJwb2UyIn1d/bbe18732ac/Deidbell.png	
unique	Demigod's Virtue	Добродетель полубога		
unique	Demon Stitcher	Сшиватель демонов	WzI1LDE0LHsiZiI6IjJESXRlbXMvQXJtb3Vycy9HbG92ZXMvVW5pcXVlcy9EZW1vblN0aXRjaGVyIiwidyI6MiwiaCI6Miwic2NhbGUiOjEsInJlYWxtIjoicG9lMiJ9XQ/85db93f065/DemonStitcher.png	
unique	Dionadair	Защитник	WzI1LDE0LHsiZiI6IjJESXRlbXMvT2ZmaGFuZC9TaGllbGRzL1VuaXF1ZXMvRGlvbmFkYWlyIiwidyI6MiwiaCI6NCwic2NhbGUiOjEsInJlYWxtIjoicG9lMiJ9XQ/e3a7524c37/Dionadair.png	
unique	Doedre's Damning	Проклятие Доэдре	WzI1LDE0LHsiZiI6IjJESXRlbXMvUmluZ3MvVW5pcXVlcy9Eb2VkcmVzRGFtbmluZyIsInciOjEsImgiOjEsInNjYWxlIjoxLCJyZWFsbSI6InBvZTIifV0/8b682589c5/DoedresDamning.png	
unique	Doedre's Tenure	Власть Доэдре	WzI1LDE0LHsiZiI6IjJESXRlbXMvQXJtb3Vycy9HbG92ZXMvVW5pcXVlcy9FbnJhcHRIYW5kcyIsInciOjIsImgiOjIsInNjYWxlIjoxLCJyZWFsbSI6InBvZTIifV0/e11537f12a/EnraptHands.png	
unique	Doomfletch	Стрелы рока	WzI1LDE0LHsiZiI6IjJESXRlbXMvV2VhcG9ucy9Ud29IYW5kV2VhcG9ucy9Cb3dzL1VuaXF1ZXMvRG9vbWZsZXRjaCIsInciOjIsImgiOjQsInNjYWxlIjoxLCJyZWFsbSI6InBvZTIifV0/2f284498c5/Doomfletch.png	
unique	Doomgate	Врата Рока	WzI1LDE0LHsiZiI6IjJESXRlbXMvT2ZmaGFuZC9TaGllbGRzL1VuaXF1ZXMvRG9vbWdhdGUiLCJ3IjoyLCJoIjo0LCJzY2FsZSI6MSwicmVhbG0iOiJwb2UyIn1d/d38a404d2f/Doomgate.png	
unique	Doryani's Prototype	Прототип Дориани	WzI1LDE0LHsiZiI6IjJESXRlbXMvQXJtb3Vycy9Cb2R5QXJtb3Vycy9VbmlxdWVzL0RvcnlhbmlzUHJvdG90eXBlIiwidyI6MiwiaCI6Mywic2NhbGUiOjEsInJlYWxtIjoicG9lMiJ9XQ/3aa91dec0b/DoryanisPrototype.png	
unique	Double Vision	Двойное видение	WzI1LDE0LHsiZiI6IjJESXRlbXMvV2VhcG9ucy9Ud29IYW5kV2VhcG9ucy9Dcm9zc2Jvd3MvVW5pcXVlcy9Eb3VibGVWaXNpb24iLCJ3IjoyLCJoIjo0LCJzY2FsZSI6MSwicmVhbG0iOiJwb2UyIn1d/7522fc1dfa/DoubleVision.png	
unique	Dreadfist	Охваты ужаса	WzI1LDE0LHsiZiI6IjJESXRlbXMvQXJtb3Vycy9HbG92ZXMvVW5pcXVlcy9EcmVhZGZpc3QiLCJ3IjoyLCJoIjoyLCJzY2FsZSI6MSwicmVhbG0iOiJwb2UyIn1d/8544405e4c/Dreadfist.png	
unique	Dream Fragments	Осколки снов	WzI1LDE0LHsiZiI6IjJESXRlbXMvUmluZ3MvVW5pcXVlcy9EcmVhbUZyYWdtZW50cyIsInciOjEsImgiOjEsInNjYWxlIjoxLCJyZWFsbSI6InBvZTIifV0/9cec05becb/DreamFragments.png	
unique	Drillneck	Пронзатель шей	WzI1LDE0LHsiZiI6IjJESXRlbXMvUXVpdmVycy9VbmlxdWVzL0RyaWxsbmVjayIsInciOjIsImgiOjMsInNjYWxlIjoxLCJyZWFsbSI6InBvZTIifV0/5d4a4a0617/Drillneck.png	
unique	Duality	Двойственность	WzI1LDE0LHsiZiI6IjJESXRlbXMvV2VhcG9ucy9Ud29IYW5kV2VhcG9ucy9XYXJTdGF2ZXMvVW5pcXVlcy9TdGpvcnZhciIsInciOjIsImgiOjQsInNjYWxlIjoxLCJyZWFsbSI6InBvZTIifV0/7c25a683fd/Stjorvar.png	
unique	Dunkelhalt	Тёмная хватка	WzI1LDE0LHsiZiI6IjJESXRlbXMvT2ZmaGFuZC9TaGllbGRzL1VuaXF1ZXMvRHVua2VsaGFsdCIsInciOjIsImgiOjIsInNjYWxlIjoxLCJyZWFsbSI6InBvZTIifV0/d87b0f268f/Dunkelhalt.png	
unique	Dusk Vigil	Сумеречный дозор	WzI1LDE0LHsiZiI6IjJESXRlbXMvV2VhcG9ucy9Ud29IYW5kV2VhcG9ucy9TdGF2ZXMvVW5pcXVlcy9EdXNrVmlnaWwiLCJ3IjoxLCJoIjo0LCJzY2FsZSI6MSwicmVhbG0iOiJwb2UyIn1d/b954b60c30/DuskVigil.png	
unique	Dustbloom	Хрупкое цветение	WzI1LDE0LHsiZiI6IjJESXRlbXMvQXJtb3Vycy9Cb2R5QXJtb3Vycy9VbmlxdWVzL0R1c3RibG9vbSIsInciOjIsImgiOjMsInNjYWxlIjoxLCJyZWFsbSI6InBvZTIifV0/293dfc4810/Dustbloom.png	
unique	Earthbound	Грозоотвод	WzI1LDE0LHsiZiI6IjJESXRlbXMvV2VhcG9ucy9Ud29IYW5kV2VhcG9ucy9TdGF2ZXMvVW5pcXVlcy9FYXJ0aGJvdW5kIiwidyI6MSwiaCI6NCwic2NhbGUiOjEsInJlYWxtIjoicG9lMiJ9XQ/6262196371/Earthbound.png	
unique	Edyrn's Tusks	Бивни Эдирна	WzI1LDE0LHsiZiI6IjJESXRlbXMvQXJtb3Vycy9Cb2R5QXJtb3Vycy9VbmlxdWVzL0VkeXJuc1R1c2tzIiwidyI6MiwiaCI6Mywic2NhbGUiOjEsInJlYWxtIjoicG9lMiJ9XQ/9a332a0d2e/EdyrnsTusks.png	
unique	Effigy of Cruelty	Жестокое чучело	WzI1LDE0LHsiZiI6IjJESXRlbXMvT2ZmaGFuZC9Gb2NpL1VuaXF1ZXMvRWZmaWd5T2ZDcnVlbHR5IiwidyI6MiwiaCI6Mywic2NhbGUiOjEsInJlYWxtIjoicG9lMiJ9XQ/7dd73b151e/EffigyOfCruelty.png	
unique	Elevore	Поедатель стихий	WzI1LDE0LHsiZiI6IjJESXRlbXMvQXJtb3Vycy9IZWxtZXRzL1VuaXF1ZXMvRWxldm9yZSIsInciOjIsImgiOjIsInNjYWxlIjoxLCJyZWFsbSI6InBvZTIifV0/1444032605/Elevore.png	
unique	Empire's Grasp	Имперская хватка	WzI1LDE0LHsiZiI6IjJESXRlbXMvQXJtb3Vycy9HbG92ZXMvVW5pcXVlcy9FbXBpcmVzR3Jhc3AiLCJ3IjoyLCJoIjoyLCJzY2FsZSI6MSwicmVhbG0iOiJwb2UyIn1d/2a69a7e055/EmpiresGrasp.png	
unique	Enezun's Charge	Марш Инедзуна	WzI1LDE0LHsiZiI6IjJESXRlbXMvV2VhcG9ucy9PbmVIYW5kV2VhcG9ucy9XYW5kcy9VbmlxdWVzL0VuZXp1bnNDaGFyZ2UiLCJ3IjoxLCJoIjozLCJzY2FsZSI6MSwicmVhbG0iOiJwb2UyIn1d/0c8063f72c/EnezunsCharge.png	
unique	Enfolding Dawn	Окутывающий рассвет	WzI1LDE0LHsiZiI6IjJESXRlbXMvQXJtb3Vycy9Cb2R5QXJtb3Vycy9VbmlxdWVzL0VuZm9sZGluZ0Rhd24iLCJ3IjoyLCJoIjozLCJzY2FsZSI6MSwicmVhbG0iOiJwb2UyIn1d/161d56efb4/EnfoldingDawn.png	
unique	Erian's Cobble	Шишак Эриана	WzI1LDE0LHsiZiI6IjJESXRlbXMvQXJtb3Vycy9IZWxtZXRzL1VuaXF1ZXMvR3JpbXJvdENvaWYiLCJ3IjoyLCJoIjoyLCJzY2FsZSI6MSwicmVhbG0iOiJwb2UyIn1d/dd7ef9bbea/GrimrotCoif.png	
unique	Essentia Sanguis	Эссентия Сангиус	WzI1LDE0LHsiZiI6IjJESXRlbXMvQXJtb3Vycy9HbG92ZXMvVW5pcXVlcy9Fc3NlbnRpYVNhbmd1aXMiLCJ3IjoyLCJoIjoyLCJzY2FsZSI6MSwicmVhbG0iOiJwb2UyIn1d/b52adc9de8/EssentiaSanguis.png	
unique	Eventide Petals	Закатные лепестки	WzI1LDE0LHsiZiI6IjJESXRlbXMvQW11bGV0cy9VbmlxdWVzL05hdHRibG9tIiwidyI6MSwiaCI6MSwic2NhbGUiOjEsInJlYWxtIjoicG9lMiJ9XQ/e20be52a4b/Nattblom.png	
unique	Evergrasping Ring	Вечноцепкий перстень	WzI1LDE0LHsiZiI6IjJESXRlbXMvUmluZ3MvVW5pcXVlcy9FdmVyZ3Jhc3BpbmdSaW5nIiwidyI6MSwiaCI6MSwic2NhbGUiOjEsInJlYWxtIjoicG9lMiJ9XQ/2e75de4433/EvergraspingRing.png	
unique	Eye of Chayula	Глаз Чаюлы	WzI1LDE0LHsiZiI6IjJESXRlbXMvQW11bGV0cy9VbmlxdWVzL0V5ZU9mQ2hheXVsYSIsInciOjEsImgiOjEsInNjYWxlIjoxLCJyZWFsbSI6InBvZTIifV0/b46b4e3204/EyeOfChayula.png	
unique	Eyes of the Runefather	Глаза Рунного отца	WzI1LDE0LHsiZiI6IjJESXRlbXMvT2ZmaGFuZC9TaGllbGRzL1VuaXF1ZXMvVmluZHJvbXlyIiwidyI6MiwiaCI6Mywic2NhbGUiOjEsInJlYWxtIjoicG9lMiJ9XQ/36f6e24fa8/Vindromyr.png	
unique	Ezomyte Peak	Триумф эзомита	WzI1LDE0LHsiZiI6IjJESXRlbXMvQXJtb3Vycy9IZWxtZXRzL1VuaXF1ZXMvRXpvbXl0ZVBlYWsiLCJ3IjoyLCJoIjoyLCJzY2FsZSI6MSwicmVhbG0iOiJwb2UyIn1d/1b31f98f15/EzomytePeak.png	
unique	Facebreaker	Мордобои	WzI1LDE0LHsiZiI6IjJESXRlbXMvQXJtb3Vycy9HbG92ZXMvVW5pcXVlcy9GYWNlYnJlYWtlciIsInciOjIsImgiOjIsInNjYWxlIjoxLCJyZWFsbSI6InBvZTIifV0/d705179147/Facebreaker.png	
unique	Fairgraves' Curse	Проклятие Фейргрейвса	WzI1LDE0LHsiZiI6IjJESXRlbXMvV2VhcG9ucy9Ud29IYW5kV2VhcG9ucy9Cb3dzL1VuaXF1ZXMvRGVhbGVyc0hhbmQiLCJ3IjoyLCJoIjo0LCJzY2FsZSI6MSwicmVhbG0iOiJwb2UyIn1d/cfe4041e8c/DealersHand.png	
unique	Feathered Fortress	Пернатая крепость	WzI1LDE0LHsiZiI6IjJESXRlbXMvT2ZmaGFuZC9TaGllbGRzL1VuaXF1ZXMvRmVhdGhlcmVkRm9ydHJlc3MiLCJ3IjoyLCJoIjozLCJzY2FsZSI6MSwicmVhbG0iOiJwb2UyIn1d/335bc3d0c6/FeatheredFortress.png	
unique	Fireflower	Пламенный цветок	WzI1LDE0LHsiZiI6IjJESXRlbXMvQW11bGV0cy9VbmlxdWVzL0ZpcmVmbG93ZXIiLCJ3IjoxLCJoIjoxLCJzY2FsZSI6MSwicmVhbG0iOiJwb2UyIn1d/9430446301/Fireflower.png	
unique	Fixation of Yix	Одержимость Ийи	WzI1LDE0LHsiZiI6IjJESXRlbXMvQW11bGV0cy9VbmlxdWVzL0ZpeGF0aW9uT2ZZaXgiLCJ3IjoxLCJoIjoxLCJzY2FsZSI6MSwicmVhbG0iOiJwb2UyIn1d/a9ecf97e35/FixationOfYix.png	
unique	Flesh Crucible	Горн плоти	WzI1LDE0LHsiZiI6IjJESXRlbXMvSmV3ZWxzL1VuaXF1ZXMvVml2aXNlY3Rpb24iLCJ3IjoxLCJoIjoxLCJzY2FsZSI6MSwicmVhbG0iOiJwb2UyIn1d/a97d64a80f/Vivisection.png	
unique	Font of Power	Купель силы	WzI1LDE0LHsiZiI6IjJESXRlbXMvV2VhcG9ucy9PbmVIYW5kV2VhcG9ucy9TY2VwdGVycy9VbmlxdWVzL0ZvbnRPZlBvd2VyIiwidyI6MiwiaCI6Mywic2NhbGUiOjEsInJlYWxtIjoicG9lMiJ9XQ/b2eb2bdf05/FontOfPower.png	
unique	For Utopia	За Утопию	WzI1LDE0LHsiZiI6IjJESXRlbXMvQ2hhcm1zL1VuaXF1ZXMvU3RvbmVVbmlxdWVDaGFybSIsInciOjEsImgiOjEsInNjYWxlIjoxLCJyZWFsbSI6InBvZTIifV0/6624d23611/StoneUniqueCharm.png	
unique	Forbidden Gaze	Запретный взор	WzI1LDE0LHsiZiI6IjJESXRlbXMvQXJtb3Vycy9IZWxtZXRzL1VuaXF1ZXMvRm9yYmlkZGVuR2F6ZSIsInciOjIsImgiOjIsInNjYWxlIjoxLCJyZWFsbSI6InBvZTIifV0/8668aaf2b9/ForbiddenGaze.png	
unique	Forgotten By Time	Забытые временем	WzI1LDE0LHsiZiI6IjJESXRlbXMvQ3VycmVuY3kvUHJlY3Vyc29yVGFibGV0cy9QcmVjdXJzb3JUYWJsZXRFeHBlZGl0aW9uVW5pcXVlMSIsInciOjEsImgiOjEsInNjYWxlIjoxLCJyZWFsbSI6InBvZTIifV0/f53ef7d73c/PrecursorTabletExpeditionUnique1.png	
unique	Forgotten Warden	Забытый смотритель	WzI1LDE0LHsiZiI6IjJESXRlbXMvQXJtb3Vycy9Cb2R5QXJtb3Vycy9VbmlxdWVzL1RoZUFuY2llbnRPcmRlciIsInciOjIsImgiOjMsInNjYWxlIjoxLCJyZWFsbSI6InBvZTIifV0/5b296b11b7/TheAncientOrder.png	
unique	Forsaken Bangle	Браслет отречения	WzI1LDE0LHsiZiI6IjJESXRlbXMvQ2hhcm1zL1VuaXF1ZXMvQ2hhb3NVbmlxdWVDaGFybSIsInciOjEsImgiOjEsInNjYWxlIjoxLCJyZWFsbSI6InBvZTIifV0/e3dcd9d7e6/ChaosUniqueCharm.png	
unique	Foxshade	Лисья тень	WzI1LDE0LHsiZiI6IjJESXRlbXMvQXJtb3Vycy9Cb2R5QXJtb3Vycy9VbmlxdWVzL0ZveGZvcm0iLCJ3IjoyLCJoIjozLCJzY2FsZSI6MSwicmVhbG0iOiJwb2UyIn1d/f0823ddf72/Foxform.png	
unique	Freedom of Faith	Свобода веры	WzI1LDE0LHsiZiI6IjJESXRlbXMvQ3VycmVuY3kvUHJlY3Vyc29yVGFibGV0cy9QcmVjdXJzb3JUYWJsZXRSaXR1YWxVbmlxdWUxIiwidyI6MSwiaCI6MSwic2NhbGUiOjEsInJlYWxtIjoicG9lMiJ9XQ/b2b710c500/PrecursorTabletRitualUnique1.png	
unique	From Nothing	Из ничего	WzI1LDE0LHsiZiI6IjJESXRlbXMvSmV3ZWxzL1JpdHVhbEpld2VsIiwidyI6MSwiaCI6MSwic2NhbGUiOjEsInJlYWxtIjoicG9lMiJ9XQ/192c7799d7/RitualJewel.png	
unique	Frostbreath	Ледяное дыхание	WzI1LDE0LHsiZiI6IjJESXRlbXMvV2VhcG9ucy9PbmVIYW5kV2VhcG9ucy9PbmVIYW5kTWFjZXMvVW5pcXVlcy9Gcm9zdGJyZWF0aCIsInciOjIsImgiOjMsInNjYWxlIjoxLCJyZWFsbSI6InBvZTIifV0/876b9638d1/Frostbreath.png	
unique	Fury of the King	Ярость Хозяина	WzI1LDE0LHsiZiI6IjJESXRlbXMvT2ZmaGFuZC9UYWxpc21hbnMvVW5pcXVlcy9WZXNzZWxPZldyYXRoIiwidyI6MiwiaCI6Miwic2NhbGUiOjEsInJlYWxtIjoicG9lMiJ9XQ/c7bab22377/VesselOfWrath.png	
unique	Gamblesprint	Дух азарта	WzI1LDE0LHsiZiI6IjJESXRlbXMvQXJtb3Vycy9Cb290cy9VbmlxdWVzL0dhbWJsZXNwcmludCIsInciOjIsImgiOjIsInNjYWxlIjoxLCJyZWFsbSI6InBvZTIifV0/cec4f3257a/Gamblesprint.png	
unique	Geofri's Sanctuary	Прибежище Джофри	WzI1LDE0LHsiZiI6IjJESXRlbXMvQXJtb3Vycy9Cb2R5QXJtb3Vycy9VbmlxdWVzL0dlb2ZyaXNTYW5jdHVhcnkiLCJ3IjoyLCJoIjozLCJzY2FsZSI6MSwicmVhbG0iOiJwb2UyIn1d/a6b93c135c/GeofrisSanctuary.png	
unique	Ghostmarch	Марш призраков	WzI1LDE0LHsiZiI6IjJESXRlbXMvQXJtb3Vycy9Cb290cy9VbmlxdWVzL0dob3N0bWFyY2giLCJ3IjoyLCJoIjoyLCJzY2FsZSI6MSwicmVhbG0iOiJwb2UyIn1d/f006ab6d79/Ghostmarch.png	
unique	Ghostwrithe	Призрачные изгибы	WzI1LDE0LHsiZiI6IjJESXRlbXMvQXJtb3Vycy9Cb2R5QXJtb3Vycy9VbmlxdWVzL0dob3N0d3JpdGhlIiwidyI6MiwiaCI6Mywic2NhbGUiOjEsInJlYWxtIjoicG9lMiJ9XQ/b30945f896/Ghostwrithe.png	
unique	Gifts from Above	Дары небес	WzI1LDE0LHsiZiI6IjJESXRlbXMvUmluZ3MvVW5pcXVlcy9HaWZ0c0Zyb21BYm92ZSIsInciOjEsImgiOjEsInNjYWxlIjoxLCJyZWFsbSI6InBvZTIifV0/4397e88f74/GiftsFromAbove.png	
unique	Glimpse of Chaos	Взгляд хаоса	WzI1LDE0LHsiZiI6IjJESXRlbXMvQXJtb3Vycy9IZWxtZXRzL1VuaXF1ZXMvR2xpbXBzZU9mQ2hhb3MiLCJ3IjoyLCJoIjoyLCJzY2FsZSI6MSwicmVhbG0iOiJwb2UyIn1d/680ff239e6/GlimpseOfChaos.png	
unique	Gloamgown	Сумрачный кафтан	WzI1LDE0LHsiZiI6IjJESXRlbXMvQXJtb3Vycy9Cb2R5QXJtb3Vycy9VbmlxdWVzL0dsb2FtZ293biIsInciOjIsImgiOjMsInNjYWxlIjoxLCJyZWFsbSI6InBvZTIifV0/343e19601f/Gloamgown.png	
unique	Gloomform	Мрачная форма	WzI1LDE0LHsiZiI6IjJESXRlbXMvQXJtb3Vycy9Cb2R5QXJtb3Vycy9VbmlxdWVzL0dhdGhlcmluZ0dsb29tIiwidyI6MiwiaCI6Mywic2NhbGUiOjEsInJlYWxtIjoicG9lMiJ9XQ/8a3d890f79/GatheringGloom.png	
unique	Glowswarm	Светлячок	WzI1LDE0LHsiZiI6IjJESXRlbXMvUmluZ3MvVW5pcXVlcy9HbG93c3dhcm0iLCJ3IjoxLCJoIjoxLCJzY2FsZSI6MSwicmVhbG0iOiJwb2UyIn1d/a6ab61abaf/Glowswarm.png	
unique	Goldrim	Золотой колпак	WzI1LDE0LHsiZiI6IjJESXRlbXMvQXJtb3Vycy9IZWxtZXRzL1VuaXF1ZXMvR29sZHJpbSIsInciOjIsImgiOjIsInNjYWxlIjoxLCJyZWFsbSI6InBvZTIifV0/0e0b09916b/Goldrim.png	
unique	Goregirdle	Кровавый кушак	WzI1LDE0LHsiZiI6IjJESXRlbXMvQmVsdHMvVW5pcXVlcy9Hb3JlZ2lyZGxlIiwidyI6MiwiaCI6MSwic2NhbGUiOjEsInJlYWxtIjoicG9lMiJ9XQ/fbe737d02a/Goregirdle.png	
unique	Grand Spectrum	Великий образ	WzI1LDE0LHsiZiI6IjJESXRlbXMvSmV3ZWxzL1VuaXF1ZXMvR3JhbmRTcGVjdHJ1bV9TYXBwaGlyZSIsInciOjEsImgiOjEsInNjYWxlIjoxLCJyZWFsbSI6InBvZTIifV0/514d06d40e/GrandSpectrum_Sapphire.png	
unique	Gravebind	Могильные узы	WzI1LDE0LHsiZiI6IjJESXRlbXMvQXJtb3Vycy9HbG92ZXMvVW5pcXVlcy9HcmF2ZWJpbmQiLCJ3IjoyLCJoIjoyLCJzY2FsZSI6MSwicmVhbG0iOiJwb2UyIn1d/b24b39dbcc/Gravebind.png	
unique	Greed's Embrace	Объятия жадности	WzI1LDE0LHsiZiI6IjJESXRlbXMvQXJtb3Vycy9Cb2R5QXJtb3Vycy9VbmlxdWVzL0dyZWVkc0VtYnJhY2UiLCJ3IjoyLCJoIjozLCJzY2FsZSI6MSwicmVhbG0iOiJwb2UyIn1d/05ecc071b0/GreedsEmbrace.png	
unique	Greymake	Серый мрак	WzI1LDE0LHsiZiI6IjJESXRlbXMvQXJtb3Vycy9IZWxtZXRzL1VuaXF1ZXMvR3JleW1ha2UiLCJ3IjoyLCJoIjoyLCJzY2FsZSI6MSwicmVhbG0iOiJwb2UyIn1d/ad331cc55d/Greymake.png	
unique	Grip of Kulemak	Хватка Кулемака	WzI1LDE0LHsiZiI6IjJESXRlbXMvUmluZ3MvVW5pcXVlcy9Ub2tlbk9mUGFzc2FnZTA1IiwidyI6MSwiaCI6MSwic2NhbGUiOjEsInJlYWxtIjoicG9lMiJ9XQ/ccd3997a06/TokenOfPassage05.png	
unique	Grip of Winter	Хватка зимы	WzI1LDE0LHsiZiI6IjJESXRlbXMvQXJtb3Vycy9HbG92ZXMvVW5pcXVlcy9HcmlwT2ZXaW50ZXIiLCJ3IjoyLCJoIjoyLCJzY2FsZSI6MSwicmVhbG0iOiJwb2UyIn1d/7a9121352d/GripOfWinter.png	
unique	Guiding Palm	Направляющая длань	WzI1LDE0LHsiZiI6IjJESXRlbXMvV2VhcG9ucy9PbmVIYW5kV2VhcG9ucy9TY2VwdGVycy9VbmlxdWVzL0d1aWRpbmdQYWxtRmlyZSIsInciOjIsImgiOjMsInNjYWxlIjoxLCJyZWFsbSI6InBvZTIifV0/b0f8b93adf/GuidingPalmFire.png	
unique	Guiding Palm of the Eye	Направляющая длань ока	WzI1LDE0LHsiZiI6IjJESXRlbXMvV2VhcG9ucy9PbmVIYW5kV2VhcG9ucy9TY2VwdGVycy9VbmlxdWVzL0d1aWRpbmdQYWxtQ29sZCIsInciOjIsImgiOjMsInNjYWxlIjoxLCJyZWFsbSI6InBvZTIifV0/3fa1d19d68/GuidingPalmCold.png	
unique	Guiding Palm of the Heart	Направляющая длань сердца	WzI1LDE0LHsiZiI6IjJESXRlbXMvV2VhcG9ucy9PbmVIYW5kV2VhcG9ucy9TY2VwdGVycy9VbmlxdWVzL0d1aWRpbmdQYWxtRmlyZSIsInciOjIsImgiOjMsInNjYWxlIjoxLCJyZWFsbSI6InBvZTIifV0/b0f8b93adf/GuidingPalmFire.png	
unique	Guiding Palm of the Mind	Направляющая длань разума	WzI1LDE0LHsiZiI6IjJESXRlbXMvV2VhcG9ucy9PbmVIYW5kV2VhcG9ucy9TY2VwdGVycy9VbmlxdWVzL0d1aWRpbmdQYWxtTGlnaHRuaW5nIiwidyI6MiwiaCI6Mywic2NhbGUiOjEsInJlYWxtIjoicG9lMiJ9XQ/4a37445a92/GuidingPalmLightning.png	
unique	Hand of Wisdom and Action	Длань мудрости и деяния	WzI1LDE0LHsiZiI6IjJESXRlbXMvQXJtb3Vycy9HbG92ZXMvVW5pcXVlcy9IYW5kT2ZXaXNkb21BbmRBY3Rpb24iLCJ3IjoyLCJoIjoyLCJzY2FsZSI6MSwicmVhbG0iOiJwb2UyIn1d/4445974994/HandOfWisdomAndAction.png	
unique	Hateforge	Кузня ненависти	WzI1LDE0LHsiZiI6IjJESXRlbXMvQXJtb3Vycy9HbG92ZXMvVW5pcXVlcy9IYXRlZm9yZ2UiLCJ3IjoyLCJoIjoyLCJzY2FsZSI6MSwicmVhbG0iOiJwb2UyIn1d/2e7a2f58b3/Hateforge.png	
unique	Headhunter	Охотник за головами	WzI1LDE0LHsiZiI6IjJESXRlbXMvQmVsdHMvVW5pcXVlcy9IZWFkaHVudGVyIiwidyI6MiwiaCI6MSwic2NhbGUiOjEsInJlYWxtIjoicG9lMiJ9XQ/24accb4eec/Headhunter.png	
unique	Heart of the Well	Сердце Колодца	WzI1LDE0LHsiZiI6IjJESXRlbXMvSmV3ZWxzL1VuaXF1ZXMvQXBvc3RhdGVzSGVhcnQiLCJ3IjoxLCJoIjoxLCJzY2FsZSI6MSwicmVhbG0iOiJwb2UyIn1d/cc73484d32/ApostatesHeart.png	
unique	Heartbound Loop	Сердечная связь	WzI1LDE0LHsiZiI6IjJESXRlbXMvUmluZ3MvVW5pcXVlcy9IZWFydGJvdW5kTG9vcCIsInciOjEsImgiOjEsInNjYWxlIjoxLCJyZWFsbSI6InBvZTIifV0/dff515495d/HeartboundLoop.png	
unique	Heatshiver	Лёд и пламень	WzI1LDE0LHsiZiI6IjJESXRlbXMvQXJtb3Vycy9IZWxtZXRzL1VuaXF1ZXMvSGVhdHNoaXZlciIsInciOjIsImgiOjIsInNjYWxlIjoxLCJyZWFsbSI6InBvZTIifV0/75bbaee946/Heatshiver.png	
unique	Heroic Tragedy	Трагедия героев	WzI1LDE0LHsiZiI6IjJESXRlbXMvSmV3ZWxzL0V4cGVkaXRpb25KZXdlbCIsInciOjEsImgiOjEsInNjYWxlIjoxLCJyZWFsbSI6InBvZTIifV0/8356e82d27/ExpeditionJewel.png	
unique	Hinekora's Sight	Взгляд Хинекоры	WzI1LDE0LHsiZiI6IjJESXRlbXMvQW11bGV0cy9VbmlxdWVzL0hpbmVrb3Jhc1NpZ2h0IiwidyI6MSwiaCI6MSwic2NhbGUiOjEsInJlYWxtIjoicG9lMiJ9XQ/6fc968aceb/HinekorasSight.png	
unique	Hoghunt	Кабаний промысел	WzI1LDE0LHsiZiI6IjJESXRlbXMvV2VhcG9ucy9Ud29IYW5kV2VhcG9ucy9Ud29IYW5kTWFjZXMvVW5pcXVlcy9Ib2dodW50IiwidyI6MiwiaCI6NCwic2NhbGUiOjEsInJlYWxtIjoicG9lMiJ9XQ/f2611ee9b4/Hoghunt.png	
unique	Horns of Bynden	Рога Биндена	WzI1LDE0LHsiZiI6IjJESXRlbXMvQXJtb3Vycy9IZWxtZXRzL1VuaXF1ZXMvSG9ybnNPZkJyeW5kZW4iLCJ3IjoyLCJoIjoyLCJzY2FsZSI6MSwicmVhbG0iOiJwb2UyIn1d/651f202fb7/HornsOfBrynden.png	
unique	Horror's Flight	Полёт ужаса	WzI1LDE0LHsiZiI6IjJESXRlbXMvQXJtb3Vycy9HbG92ZXMvVW5pcXVlcy9DaG9raW5nTWlzdHMiLCJ3IjoyLCJoIjoyLCJzY2FsZSI6MSwicmVhbG0iOiJwb2UyIn1d/d2084c1833/ChokingMists.png	
unique	Hrimnor's Hymn	Гимн Гримнора	WzI1LDE0LHsiZiI6IjJESXRlbXMvV2VhcG9ucy9Ud29IYW5kV2VhcG9ucy9Ud29IYW5kTWFjZXMvVW5pcXVlcy9Icmltbm9yc0h5bW4iLCJ3IjoyLCJoIjo0LCJzY2FsZSI6MSwicmVhbG0iOiJwb2UyIn1d/d37a6c8bd3/HrimnorsHymn.png	
unique	Hyrri's Ire	Ярость Хайрри	WzI1LDE0LHsiZiI6IjJESXRlbXMvQXJtb3Vycy9Cb2R5QXJtb3Vycy9VbmlxdWVzL0h5cnJpc0lyZSIsInciOjIsImgiOjMsInNjYWxlIjoxLCJyZWFsbSI6InBvZTIifV0/a64fc0eadd/HyrrisIre.png	
unique	Hysseg's Claw	Коготь Гиссега	WzI1LDE0LHsiZiI6IjJESXRlbXMvT2ZmaGFuZC9UYWxpc21hbnMvVW5pcXVlcy9IYW5kT2ZUaGVDbGFuIiwidyI6MiwiaCI6Miwic2NhbGUiOjEsInJlYWxtIjoicG9lMiJ9XQ/5ff4ad8d36/HandOfTheClan.png	
unique	INCOMPLETE	НЕ ГОТОВО	WzI1LDE0LHsiZiI6IjJESXRlbXMvV2VhcG9ucy9PbmVIYW5kV2VhcG9ucy9PbmVIYW5kQXhlcy9CYXNldHlwZXMvMUhBeGUwNCIsInciOjIsImgiOjMsInNjYWxlIjoxLCJyZWFsbSI6InBvZTIifV0/14f4c34acd/1HAxe04.png	
unique	Icefang Orbit	Перстень ледяного клыка	WzI1LDE0LHsiZiI6IjJESXRlbXMvUmluZ3MvVW5pcXVlcy9JY2VmYW5nT3JiaXQiLCJ3IjoxLCJoIjoxLCJzY2FsZSI6MSwicmVhbG0iOiJwb2UyIn1d/9669553284/IcefangOrbit.png	
unique	Icetomb	Ледяной склеп	WzI1LDE0LHsiZiI6IjJESXRlbXMvQXJtb3Vycy9Cb2R5QXJtb3Vycy9VbmlxdWVzL0ljZXRvbWIiLCJ3IjoyLCJoIjozLCJzY2FsZSI6MSwicmVhbG0iOiJwb2UyIn1d/22e917e9e1/Icetomb.png	
unique	Idle Hands	Праздные руки	WzI1LDE0LHsiZiI6IjJESXRlbXMvQXJtb3Vycy9HbG92ZXMvVW5pcXVlcy9JZGxlSGFuZHMiLCJ3IjoyLCJoIjoyLCJzY2FsZSI6MSwicmVhbG0iOiJwb2UyIn1d/3c2ae5adeb/IdleHands.png	
unique	Idol of Uldurn	Идол Улдурна	WzI1LDE0LHsiZiI6IjJESXRlbXMvQW11bGV0cy9VbmlxdWVzL0lkb2xPZlVsZHVybiIsInciOjEsImgiOjEsInNjYWxlIjoxLCJyZWFsbSI6InBvZTIifV0/86bf4bd5d7/IdolOfUldurn.png	
unique	Igniferis	Игниферис	WzI1LDE0LHsiZiI6IjJESXRlbXMvQW11bGV0cy9VbmlxdWVzL0lnbmlmZXJpcyIsInciOjEsImgiOjEsInNjYWxlIjoxLCJyZWFsbSI6InBvZTIifV0/5283d32ccb/Igniferis.png	
unique	Immaculate Adherence	Безукоризненная приверженность	WzI1LDE0LHsiZiI6IjJESXRlbXMvQW11bGV0cy9VbmlxdWVzL0NoYWluc09mQWRoZXJlbmNlIiwidyI6MSwiaCI6MSwic2NhbGUiOjEsInJlYWxtIjoicG9lMiJ9XQ/643b0dc269/ChainsOfAdherence.png	
unique	Indigon	Индигон	WzI1LDE0LHsiZiI6IjJESXRlbXMvQXJtb3Vycy9IZWxtZXRzL1VuaXF1ZXMvSW5kaWdvbiIsInciOjIsImgiOjIsInNjYWxlIjoxLCJyZWFsbSI6InBvZTIifV0/77ea025658/Indigon.png	
unique	Infernoclasp	Адская пряжка	WzI1LDE0LHsiZiI6IjJESXRlbXMvQmVsdHMvVW5pcXVlcy9JbmZlcm5vY2xhc3AiLCJ3IjoyLCJoIjoxLCJzY2FsZSI6MSwicmVhbG0iOiJwb2UyIn1d/8b588f973c/Infernoclasp.png	
unique	Ingenuity	Находчивость	WzI1LDE0LHsiZiI6IjJESXRlbXMvQmVsdHMvVW5pcXVlcy9XaWRvd21ha2VyIiwidyI6MiwiaCI6MSwic2NhbGUiOjEsInJlYWxtIjoicG9lMiJ9XQ/394f71de07/Widowmaker.png	
unique	Innsmouth	Иннсмут	WzI1LDE0LHsiZiI6IjJESXRlbXMvQXJtb3Vycy9IZWxtZXRzL1VuaXF1ZXMvSW5uc21vdXRoIiwidyI6MiwiaCI6Miwic2NhbGUiOjEsInJlYWxtIjoicG9lMiJ9XQ/8446a9220d/Innsmouth.png	
unique	Ironbound	Железное плечо	WzI1LDE0LHsiZiI6IjJESXRlbXMvV2VhcG9ucy9Ud29IYW5kV2VhcG9ucy9Cb3dzL1VuaXF1ZXMvSXJvbmJvdW5kIiwidyI6MiwiaCI6NCwic2NhbGUiOjEsInJlYWxtIjoicG9lMiJ9XQ/09f0e9dce9/Ironbound.png	
unique	Irongrasp	Железная хватка	WzI1LDE0LHsiZiI6IjJESXRlbXMvQXJtb3Vycy9Cb2R5QXJtb3Vycy9VbmlxdWVzL0lyb25ncmFzcCIsInciOjIsImgiOjMsInNjYWxlIjoxLCJyZWFsbSI6InBvZTIifV0/5663299fb2/Irongrasp.png	
unique	Ironride	Железный наездник	WzI1LDE0LHsiZiI6IjJESXRlbXMvQXJtb3Vycy9IZWxtZXRzL1VuaXF1ZXMvSXJvbnJpZGUiLCJ3IjoyLCJoIjoyLCJzY2FsZSI6MSwicmVhbG0iOiJwb2UyIn1d/2e28ae02cc/Ironride.png	
unique	Jarngreipr	Ярнгрейпр	WzI1LDE0LHsiZiI6IjJESXRlbXMvQXJtb3Vycy9HbG92ZXMvVW5pcXVlcy9KYXJuZ3JlaXByIiwidyI6MiwiaCI6Miwic2NhbGUiOjEsInJlYWxtIjoicG9lMiJ9XQ/17f7200860/Jarngreipr.png	
unique	Kalandra's Touch	Касание Каландры	WzI1LDE0LHsiZiI6IjJESXRlbXMvUmluZ3MvTWlycm9yUmluZyIsInciOjEsImgiOjEsInNjYWxlIjoxLCJyZWFsbSI6InBvZTIiLCJkdXBsaWNhdGVkIjp0cnVlfV0/ec1c789fca/MirrorRing.png	
unique	Kaltenhalt	Кальтенхалт	WzI1LDE0LHsiZiI6IjJESXRlbXMvT2ZmaGFuZC9TaGllbGRzL1VuaXF1ZXMvS2FsdGVuaGFsdCIsInciOjIsImgiOjIsInNjYWxlIjoxLCJyZWFsbSI6InBvZTIifV0/d92d7571ef/Kaltenhalt.png	
unique	Kaom's Heart	Сердце Каома	WzI1LDE0LHsiZiI6IjJESXRlbXMvQXJtb3Vycy9Cb2R5QXJtb3Vycy9VbmlxdWVzL0thb21zSGVhcnQiLCJ3IjoyLCJoIjozLCJzY2FsZSI6MSwicmVhbG0iOiJwb2UyIn1d/d8f621abcf/KaomsHeart.png	
unique	Keelhaul	Килевание	WzI1LDE0LHsiZiI6IjJESXRlbXMvQmVsdHMvVW5pcXVlcy9LZWVsaGF1bCIsInciOjIsImgiOjEsInNjYWxlIjoxLCJyZWFsbSI6InBvZTIifV0/4a427d3e49/Keelhaul.png	
unique	Keeper of the Arc	Хранитель свода	WzI1LDE0LHsiZiI6IjJESXRlbXMvQXJtb3Vycy9IZWxtZXRzL1VuaXF1ZXMvS2VlcGVyT2ZUaGVBcmMiLCJ3IjoyLCJoIjoyLCJzY2FsZSI6MSwicmVhbG0iOiJwb2UyIn1d/8325686753/KeeperOfTheArc.png	
unique	Killjoy	Брюзга	WzI1LDE0LHsiZiI6IjJESXRlbXMvQXJtb3Vycy9HbG92ZXMvVW5pcXVlcy9LaWxsam95IiwidyI6MiwiaCI6Miwic2NhbGUiOjEsInJlYWxtIjoicG9lMiJ9XQ/b7650eb8b3/Killjoy.png	
unique	Kingsguard	Хранитель царей	WzI1LDE0LHsiZiI6IjJESXRlbXMvQXJtb3Vycy9Cb2R5QXJtb3Vycy9VbmlxdWVzL0tpbmdzZ3VhcmQiLCJ3IjoyLCJoIjozLCJzY2FsZSI6MSwicmVhbG0iOiJwb2UyIn1d/d9e01f3a0d/Kingsguard.png	
unique	Kitoko's Current	Поток Китоко	WzI1LDE0LHsiZiI6IjJESXRlbXMvQXJtb3Vycy9HbG92ZXMvVW5pcXVlcy9HYXJ1a3NDdXJyZW50IiwidyI6MiwiaCI6Miwic2NhbGUiOjEsInJlYWxtIjoicG9lMiJ9XQ/37ca4af501/GaruksCurrent.png	
unique	Lavianga's Spirits	Дух Лавианги	WzksMTQseyJmIjoiMkRJdGVtcy9GbGFza3MvVW5pcXVlcy9MYXZpYW5nYXNTcGlyaXQiLCJ3IjoxLCJoIjoyLCJzY2FsZSI6MSwicmVhbG0iOiJwb2UyIiwibGV2ZWwiOjF9XQ/ef79cd6b0d/LaviangasSpirit.png	
unique	Leer Cast	Маска труппы хитрецов	WzI1LDE0LHsiZiI6IjJESXRlbXMvQXJtb3Vycy9IZWxtZXRzL1VuaXF1ZXMvTGVlcmNhc3QiLCJ3IjoyLCJoIjoyLCJzY2FsZSI6MSwicmVhbG0iOiJwb2UyIn1d/7bddf9699d/Leercast.png	
unique	Legionstride	Поступь легиона	WzI1LDE0LHsiZiI6IjJESXRlbXMvQXJtb3Vycy9Cb290cy9VbmlxdWVzL0xlZ2lvbnN0cmlkZSIsInciOjIsImgiOjIsInNjYWxlIjoxLCJyZWFsbSI6InBvZTIifV0/21e4beb29d/Legionstride.png	
unique	Leopold's Applause	Рукоплескание Леопольда	WzI1LDE0LHsiZiI6IjJESXRlbXMvQXJtb3Vycy9HbG92ZXMvVW5pcXVlcy9MZW9wb2xkc0FwcGxhdXNlIiwidyI6MiwiaCI6Miwic2NhbGUiOjEsInJlYWxtIjoicG9lMiJ9XQ/5011a98cd5/LeopoldsApplause.png	
unique	Levinstone	Молнекамень	WzI1LDE0LHsiZiI6IjJESXRlbXMvUmluZ3MvVW5pcXVlcy9TdG9uZU9mT25kYXIiLCJ3IjoxLCJoIjoxLCJzY2FsZSI6MSwicmVhbG0iOiJwb2UyIn1d/c79d385052/StoneOfOndar.png	
unique	Lifesprig	Живой побег	WzI1LDE0LHsiZiI6IjJESXRlbXMvV2VhcG9ucy9PbmVIYW5kV2VhcG9ucy9XYW5kcy9VbmlxdWVzL0xpZmVzcHJpZyIsInciOjEsImgiOjMsInNjYWxlIjoxLCJyZWFsbSI6InBvZTIifV0/cbe8c8c6dd/Lifesprig.png	
unique	Lightning Coil	Электрошок	WzI1LDE0LHsiZiI6IjJESXRlbXMvQXJtb3Vycy9Cb2R5QXJtb3Vycy9VbmlxdWVzL0xpZ2h0bmluZ0NvaWwiLCJ3IjoyLCJoIjozLCJzY2FsZSI6MSwicmVhbG0iOiJwb2UyIn1d/c265ed86cd/LightningCoil.png	
unique	Ligurium Talisman	Лигурский талисман	WzI1LDE0LHsiZiI6IjJESXRlbXMvQW11bGV0cy9VbmlxdWVzL0xpZ3VyaXVtVGFsaXNtYW4iLCJ3IjoxLCJoIjoxLCJzY2FsZSI6MSwicmVhbG0iOiJwb2UyIn1d/ad4bae46d9/LiguriumTalisman.png	
unique	Liminal Coil	Световая катушка	WzI1LDE0LHsiZiI6IjJESXRlbXMvV2VhcG9ucy9PbmVIYW5kV2VhcG9ucy9XYW5kcy9VbmlxdWVzL0NvaWxPZlVuZG9pbmciLCJ3IjoxLCJoIjozLCJzY2FsZSI6MSwicmVhbG0iOiJwb2UyIn1d/4e9942d0bc/CoilOfUndoing.png	
unique	Lioneye's Glare	Взор Львиного глаза	WzI1LDE0LHsiZiI6IjJESXRlbXMvV2VhcG9ucy9Ud29IYW5kV2VhcG9ucy9Cb3dzL1VuaXF1ZXMvTGlvbmV5ZXNHbGFyZSIsInciOjIsImgiOjQsInNjYWxlIjoxLCJyZWFsbSI6InBvZTIifV0/4c11ee6f9c/LioneyesGlare.png	
unique	Lochtonial Caress	Ласка Локтона	WzI1LDE0LHsiZiI6IjJESXRlbXMvQXJtb3Vycy9HbG92ZXMvVW5pcXVlcy9Mb2NodG9uaWFsQ2FyZXNzIiwidyI6MiwiaCI6Miwic2NhbGUiOjEsInJlYWxtIjoicG9lMiJ9XQ/3136a23eaa/LochtonialCaress.png	
unique	Loreweave	Плетение преданий		
unique	Luminous Pace	Поступь света	WzI1LDE0LHsiZiI6IjJESXRlbXMvQXJtb3Vycy9Cb290cy9VbmlxdWVzL0JhdGVkUGFjZSIsInciOjIsImgiOjIsInNjYWxlIjoxLCJyZWFsbSI6InBvZTIifV0/9230893f4e/BatedPace.png	
unique	Lycosidae	Паук-волк	WzI1LDE0LHsiZiI6IjJESXRlbXMvT2ZmaGFuZC9TaGllbGRzL1VuaXF1ZXMvTHljb3NhIiwidyI6MiwiaCI6NCwic2NhbGUiOjEsInJlYWxtIjoicG9lMiJ9XQ/6f1b56c26a/Lycosa.png	
unique	Mageblood	Волшебная кровь	WzI1LDE0LHsiZiI6IjJESXRlbXMvQmVsdHMvVW5pcXVlcy9NYWdlYmxvb2QiLCJ3IjoyLCJoIjoxLCJzY2FsZSI6MSwicmVhbG0iOiJwb2UyIn1d/79ac3ce7d3/Mageblood.png	
unique	Mahuxotl's Machination	Махинации Махушотля	WzI1LDE0LHsiZiI6IjJESXRlbXMvT2ZmaGFuZC9TaGllbGRzL1VuaXF1ZXMvTWFodXhvdGxzTWFjaGluYXRpb24iLCJ3IjoyLCJoIjozLCJzY2FsZSI6MSwicmVhbG0iOiJwb2UyIn1d/1d32df0ae5/MahuxotlsMachination.png	
unique	Maligaro's Virtuosity	Виртуозность Малигаро	WzI1LDE0LHsiZiI6IjJESXRlbXMvQXJtb3Vycy9HbG92ZXMvVW5pcXVlcy9NYWxpZ2Fyb3NWaXJ0dW9zaXR5IiwidyI6MiwiaCI6Miwic2NhbGUiOjEsInJlYWxtIjoicG9lMiJ9XQ/08f6808733/MaligarosVirtuosity.png	
unique	Marohi Erqi	Марохи Эрки	WzI1LDE0LHsiZiI6IjJESXRlbXMvV2VhcG9ucy9Ud29IYW5kV2VhcG9ucy9Ud29IYW5kTWFjZXMvVW5pcXVlcy9NYXJvaGlFcnFpIiwidyI6MiwiaCI6NCwic2NhbGUiOjEsInJlYWxtIjoicG9lMiJ9XQ/1b899273b7/MarohiErqi.png	
unique	Mask of the Sanguimancer	Маска кровоманта	WzI1LDE0LHsiZiI6IjJESXRlbXMvQXJtb3Vycy9IZWxtZXRzL1VuaXF1ZXMvUGhhbnRvbUJsb29kIiwidyI6MiwiaCI6Miwic2NhbGUiOjEsInJlYWxtIjoicG9lMiJ9XQ/913957c654/PhantomBlood.png	
unique	Mask of the Stitched Demon	Маска Сшитого Демона	WzI1LDE0LHsiZiI6IjJESXRlbXMvQXJtb3Vycy9IZWxtZXRzL1VuaXF1ZXMvTWFza09mVGhlU3RpdGNoZWREZW1vbiIsInciOjIsImgiOjIsInNjYWxlIjoxLCJyZWFsbSI6InBvZTIifV0/6848b807d5/MaskOfTheStitchedDemon.png	
unique	Mastered Domain	Освоенное владение	WzI1LDE0LHsiZiI6IjJESXRlbXMvQ3VycmVuY3kvUHJlY3Vyc29yVGFibGV0cy9QcmVjdXJzb3JUYWJsZXRNYXN0ZXJlZERvbWFpbiIsInciOjEsImgiOjEsInNjYWxlIjoxLCJyZWFsbSI6InBvZTIifV0/b9d8f1bd46/PrecursorTabletMasteredDomain.png	
unique	Matsya	Матсья	WzI1LDE0LHsiZiI6IjJESXRlbXMvV2VhcG9ucy9Ud29IYW5kV2VhcG9ucy9XYXJTdGF2ZXMvVW5pcXVlcy9NYXRzeWEiLCJ3IjoyLCJoIjo0LCJzY2FsZSI6MSwicmVhbG0iOiJwb2UyIn1d/8bdeb43831/Matsya.png	
unique	Megalomaniac	Мания величия	WzI1LDE0LHsiZiI6IjJESXRlbXMvSmV3ZWxzL0RlbGlyaXVtSmV3ZWwiLCJ3IjoxLCJoIjoxLCJzY2FsZSI6MSwicmVhbG0iOiJwb2UyIn1d/d1d171dc8b/DeliriumJewel.png	
unique	Meginord's Girdle	Ремень Мегинорда	WzI1LDE0LHsiZiI6IjJESXRlbXMvQmVsdHMvVW5pcXVlcy9NZWdpbm9yZHNHaXJkbGUiLCJ3IjoyLCJoIjoxLCJzY2FsZSI6MSwicmVhbG0iOiJwb2UyIn1d/2feba3dafb/MeginordsGirdle.png	
unique	Melting Maelstrom	Тающая круговерть	WzksMTQseyJmIjoiMkRJdGVtcy9GbGFza3MvVW5pcXVlcy9NZWx0aW5nTWFlbHN0cm9tIiwidyI6MSwiaCI6Miwic2NhbGUiOjEsInJlYWxtIjoicG9lMiIsImxldmVsIjoxfV0/3ffec91606/MeltingMaelstrom.png	
unique	Merit of Service	Доблесть служения	WzI1LDE0LHsiZiI6IjJESXRlbXMvT2ZmaGFuZC9TaGllbGRzL1VuaXF1ZXMvTWVyaXRPZlNlcnZpY2UiLCJ3IjoyLCJoIjozLCJzY2FsZSI6MSwicmVhbG0iOiJwb2UyIn1d/ef09948494/MeritOfService.png	
unique	Midnight Braid	Полуночная тесьма	WzI1LDE0LHsiZiI6IjJESXRlbXMvQmVsdHMvVW5pcXVlcy9NaWRuaWdodEJyYWlkIiwidyI6MiwiaCI6MSwic2NhbGUiOjEsInJlYWxtIjoicG9lMiJ9XQ/191c4a3640/MidnightBraid.png	
unique	Mind of the Council	Разум Совета	WzI1LDE0LHsiZiI6IjJESXRlbXMvQXJtb3Vycy9IZWxtZXRzL1VuaXF1ZXMvTWluZE9mVGhlQ291bmNpbCIsInciOjIsImgiOjIsInNjYWxlIjoxLCJyZWFsbSI6InBvZTIifV0/81afd61b67/MindOfTheCouncil.png	
unique	Ming's Heart	Сердце Мина	WzI1LDE0LHsiZiI6IjJESXRlbXMvUmluZ3MvVW5pcXVlcy9NaW5nc0hlYXJ0IiwidyI6MSwiaCI6MSwic2NhbGUiOjEsInJlYWxtIjoicG9lMiJ9XQ/aa98f01580/MingsHeart.png	
unique	Mist Whisper	Шёпот в тумане	WzI1LDE0LHsiZiI6IjJESXRlbXMvV2VhcG9ucy9Ud29IYW5kV2VhcG9ucy9Dcm9zc2Jvd3MvVW5pcXVlcy9NaXN0V2hpc3BlciIsInciOjIsImgiOjQsInNjYWxlIjoxLCJyZWFsbSI6InBvZTIifV0/bc16946b14/MistWhisper.png	
unique	Mjölner	Мьёльнир	WzI1LDE0LHsiZiI6IjJESXRlbXMvV2VhcG9ucy9PbmVIYW5kV2VhcG9ucy9PbmVIYW5kTWFjZXMvVW5pcXVlcy9Nam9sbmVyIiwidyI6MiwiaCI6Mywic2NhbGUiOjEsInJlYWxtIjoicG9lMiJ9XQ/9216de28a2/Mjolner.png	
unique	Morior Invictus	Мориор Инвиктус	WzI1LDE0LHsiZiI6IjJESXRlbXMvQXJtb3Vycy9Cb2R5QXJtb3Vycy9VbmlxdWVzL01vcmlvckludmljdHVzX00iLCJ3IjoyLCJoIjozLCJzY2FsZSI6MSwicmVhbG0iOiJwb2UyIn1d/6674aa4ff6/MoriorInvictus_M.png	
unique	Murkshaft	Болотный черенок	WzI1LDE0LHsiZiI6IjJESXRlbXMvUXVpdmVycy9VbmlxdWVzL011cmtzaGFmdCIsInciOjIsImgiOjMsInNjYWxlIjoxLCJyZWFsbSI6InBvZTIifV0/5ce208bdcf/Murkshaft.png	
unique	Myris Uxor	Мирис Уксор	WzI1LDE0LHsiZiI6IjJESXRlbXMvQXJtb3Vycy9IZWxtZXRzL1VuaXF1ZXMvTXlyaXNVeG9yIiwidyI6MiwiaCI6Miwic2NhbGUiOjEsInJlYWxtIjoicG9lMiJ9XQ/d727c4469a/MyrisUxor.png	
unique	Nascent Hope	Зарождающаяся надежда	WzI1LDE0LHsiZiI6IjJESXRlbXMvQ2hhcm1zL1VuaXF1ZXMvVGhhd2luZ1VuaXF1ZUNoYXJtIiwidyI6MSwiaCI6MSwic2NhbGUiOjEsInJlYWxtIjoicG9lMiJ9XQ/310b095659/ThawingUniqueCharm.png	
unique	Nazir's Judgement	Правосудие Назира	WzI1LDE0LHsiZiI6IjJESXRlbXMvV2VhcG9ucy9Ud29IYW5kV2VhcG9ucy9XYXJTdGF2ZXMvVW5pcXVlcy9OYXppcnNKdWRnZW1lbnQiLCJ3IjoyLCJoIjo0LCJzY2FsZSI6MSwicmVhbG0iOiJwb2UyIn1d/d993287a1d/NazirsJudgement.png	
unique	Nebuloch	Туманность	WzI1LDE0LHsiZiI6IjJESXRlbXMvV2VhcG9ucy9PbmVIYW5kV2VhcG9ucy9PbmVIYW5kTWFjZXMvVW5pcXVlcy9OZWJ1bG9jaCIsInciOjIsImgiOjMsInNjYWxlIjoxLCJyZWFsbSI6InBvZTIifV0/7ca484b375/Nebuloch.png	
unique	Necromantle	Некромантия	WzI1LDE0LHsiZiI6IjJESXRlbXMvQXJtb3Vycy9Cb2R5QXJtb3Vycy9VbmlxdWVzL05lY3JvbWFudGxlIiwidyI6MiwiaCI6Mywic2NhbGUiOjEsInJlYWxtIjoicG9lMiJ9XQ/68d9c43f50/Necromantle.png	
unique	Ngamahu's Chosen	Избранник Нгамаху	WzI1LDE0LHsiZiI6IjJESXRlbXMvQ2hhcm1zL1VuaXF1ZXMvUnVieVVuaXF1ZUNoYXJtIiwidyI6MSwiaCI6MSwic2NhbGUiOjEsInJlYWxtIjoicG9lMiJ9XQ/f88d02b00c/RubyUniqueCharm.png	
unique	Nightfall	Наступление ночи	WzI1LDE0LHsiZiI6IjJESXRlbXMvT2ZmaGFuZC9TaGllbGRzL1VuaXF1ZXMvVHVsU2hpZWxkIiwidyI6MiwiaCI6NCwic2NhbGUiOjEsInJlYWxtIjoicG9lMiJ9XQ/7e5689a37a/TulShield.png	
unique	Nightscale	Хваты ночи	WzI1LDE0LHsiZiI6IjJESXRlbXMvQXJtb3Vycy9HbG92ZXMvVW5pcXVlcy9OaWdodHNjYWxlIiwidyI6MiwiaCI6Miwic2NhbGUiOjEsInJlYWxtIjoicG9lMiJ9XQ/854d34c57b/Nightscale.png	
unique	Nocturne	Ноктюрн	WzI1LDE0LHsiZiI6IjJESXRlbXMvT2ZmaGFuZC9TaGllbGRzL1VuaXF1ZXMvTm9jdHVybmUiLCJ3IjoyLCJoIjoyLCJzY2FsZSI6MSwicmVhbG0iOiJwb2UyIn1d/c70425a166/Nocturne.png	
unique	Northpaw	Северные лапы	WzI1LDE0LHsiZiI6IjJESXRlbXMvQXJtb3Vycy9HbG92ZXMvVW5pcXVlcy9Ob3J0aHBhdyIsInciOjIsImgiOjIsInNjYWxlIjoxLCJyZWFsbSI6InBvZTIifV0/14ac29a0a2/Northpaw.png	
unique	Oaksworn	Старый дуб	WzI1LDE0LHsiZiI6IjJESXRlbXMvT2ZmaGFuZC9TaGllbGRzL1VuaXF1ZXMvT2Frc3dvcm4iLCJ3IjoyLCJoIjozLCJzY2FsZSI6MSwicmVhbG0iOiJwb2UyIn1d/db91a1ce52/Oaksworn.png	
unique	Obern's Bastion	Бастион Оберна	WzI1LDE0LHsiZiI6IjJESXRlbXMvQXJtb3Vycy9Cb290cy9VbmlxdWVzL09iZXJuc0Jhc3Rpb24iLCJ3IjoyLCJoIjoyLCJzY2FsZSI6MSwicmVhbG0iOiJwb2UyIn1d/51ed405611/ObernsBastion.png	
unique	Olroth's Resolve	Решительность Олрота	WzksMTQseyJmIjoiMkRJdGVtcy9GbGFza3MvVW5pcXVlcy9PbHJvdGhzUmVzb2x2ZSIsInciOjEsImgiOjIsInNjYWxlIjoxLCJyZWFsbSI6InBvZTIiLCJsZXZlbCI6MX1d/8c4fbaeb37/OlrothsResolve.png	
unique	Olrovasara	Олровасара	WzI1LDE0LHsiZiI6IjJESXRlbXMvV2VhcG9ucy9PbmVIYW5kV2VhcG9ucy9PbmVIYW5kTWFjZXMvVW5pcXVlcy9PbHJvdmFzYXJhIiwidyI6MiwiaCI6Mywic2NhbGUiOjEsInJlYWxtIjoicG9lMiJ9XQ/a8c1322bad/Olrovasara.png	
unique	Opportunity	Перспектива	WzksMTQseyJmIjoiMkRJdGVtcy9GbGFza3MvVW5pcXVlcy9UcmFuc2NlbmRhbnRUaGlyc3QiLCJ3IjoxLCJoIjoyLCJzY2FsZSI6MSwicmVhbG0iOiJwb2UyIiwibGV2ZWwiOjF9XQ/506f0070ec/TranscendantThirst.png	
unique	Original Sin	Первородный грех	WzI1LDE0LHsiZiI6IjJESXRlbXMvUmluZ3MvVW5pcXVlcy9PcmlnaW5hbFNpbiIsInciOjEsImgiOjEsInNjYWxlIjoxLCJyZWFsbSI6InBvZTIifV0/b911400c32/OriginalSin.png	
unique	Painter's Servant	Подручный творца	WzI1LDE0LHsiZiI6IjJESXRlbXMvQXJtb3Vycy9HbG92ZXMvVW5pcXVlcy9QYWludGVyc1NlcnZhbnQiLCJ3IjoyLCJoIjoyLCJzY2FsZSI6MSwicmVhbG0iOiJwb2UyIn1d/b0ab8bb2b3/PaintersServant.png	
unique	Palm of the Dreamer	Длань Спящего	WzI1LDE0LHsiZiI6IjJESXRlbXMvV2VhcG9ucy9PbmVIYW5kV2VhcG9ucy9TY2VwdGVycy9VbmlxdWVzL09wZW5QYWxtT2ZUaGVEcmVhbWVyIiwidyI6MiwiaCI6Mywic2NhbGUiOjEsInJlYWxtIjoicG9lMiJ9XQ/fa5b4a4e00/OpenPalmOfTheDreamer.png	
unique	Pariah's Embrace	Объятья парии	WzI1LDE0LHsiZiI6IjJESXRlbXMvQXJtb3Vycy9Cb2R5QXJtb3Vycy9VbmlxdWVzL1BhcmlhaHNFbWJyYWNlIiwidyI6MiwiaCI6Mywic2NhbGUiOjEsInJlYWxtIjoicG9lMiJ9XQ/b0f9e05617/PariahsEmbrace.png	
unique	Perandus Seal	Печатка Перандусов	WzI1LDE0LHsiZiI6IjJESXRlbXMvUmluZ3MvVW5pcXVlcy9QZXJhbmR1c1NlYWwiLCJ3IjoxLCJoIjoxLCJzY2FsZSI6MSwicmVhbG0iOiJwb2UyIn1d/72cf86d082/PerandusSeal.png	
unique	Perfidy	Вероломство	WzI1LDE0LHsiZiI6IjJESXRlbXMvQXJtb3Vycy9Cb2R5QXJtb3Vycy9VbmlxdWVzL1BlcmZpZHkiLCJ3IjoyLCJoIjozLCJzY2FsZSI6MSwicmVhbG0iOiJwb2UyIn1d/3192ef65f4/Perfidy.png	
unique	Periphery	Периферия	WzI1LDE0LHsiZiI6IjJESXRlbXMvV2VhcG9ucy9Ud29IYW5kV2VhcG9ucy9Cb3dzL1VuaXF1ZXMvRmx1dHRlcm1vdGgiLCJ3IjoyLCJoIjo0LCJzY2FsZSI6MSwicmVhbG0iOiJwb2UyIn1d/65765c2e9d/Fluttermoth.png	
unique	Pillar of the Caged God	Опора пленённого бога	WzI1LDE0LHsiZiI6IjJESXRlbXMvV2VhcG9ucy9Ud29IYW5kV2VhcG9ucy9XYXJTdGF2ZXMvVW5pcXVlcy9QaWxsYXJPZlRoZUNhZ2VkR29kIiwidyI6MiwiaCI6NCwic2NhbGUiOjEsInJlYWxtIjoicG9lMiJ9XQ/b79c320a48/PillarOfTheCagedGod.png	
unique	Plaguefinger	Чумной перст	WzI1LDE0LHsiZiI6IjJESXRlbXMvQXJtb3Vycy9HbG92ZXMvVW5pcXVlcy9QbGFndWVmaW5nZXIiLCJ3IjoyLCJoIjoyLCJzY2FsZSI6MSwicmVhbG0iOiJwb2UyIn1d/f88ef1cca5/Plaguefinger.png	
unique	Polcirkeln	Полярный круг	WzI1LDE0LHsiZiI6IjJESXRlbXMvUmluZ3MvVW5pcXVlcy9Qb2xjaXJrZWxuIiwidyI6MSwiaCI6MSwic2NhbGUiOjEsInJlYWxtIjoicG9lMiJ9XQ/dc74bcffd7/Polcirkeln.png	
unique	Powertread	Энергоступы	WzI1LDE0LHsiZiI6IjJESXRlbXMvQXJtb3Vycy9Cb290cy9VbmlxdWVzL1Bvd2VydHJlYWQiLCJ3IjoyLCJoIjoyLCJzY2FsZSI6MSwicmVhbG0iOiJwb2UyIn1d/5f6db9c27d/Powertread.png	
unique	Pragmatism	Прагматизм	WzI1LDE0LHsiZiI6IjJESXRlbXMvQXJtb3Vycy9Cb2R5QXJtb3Vycy9VbmlxdWVzL1ByYWdtYXRpc20iLCJ3IjoyLCJoIjozLCJzY2FsZSI6MSwicmVhbG0iOiJwb2UyIn1d/98ee5561a7/Pragmatism.png	
unique	Prayers for Rain	Мольбы о дожде	WzI1LDE0LHsiZiI6IjJESXRlbXMvQXJtb3Vycy9Cb2R5QXJtb3Vycy9VbmlxdWVzL1ByYXllcnNGb3JSYWluIiwidyI6MiwiaCI6Mywic2NhbGUiOjEsInJlYWxtIjoicG9lMiJ9XQ/695847a00b/PrayersForRain.png	
unique	Prism Guardian	Призматический страж	WzI1LDE0LHsiZiI6IjJESXRlbXMvT2ZmaGFuZC9TaGllbGRzL1VuaXF1ZXMvUHJpc21HdWFyZGlhbiIsInciOjIsImgiOjMsInNjYWxlIjoxLCJyZWFsbSI6InBvZTIifV0/285ec94b35/PrismGuardian.png	
unique	Prism of Belief	Призма убеждений	WzI1LDE0LHsiZiI6IjJESXRlbXMvSmV3ZWxzL1NhY3JlZEZsYW1lSmV3ZWwiLCJ3IjoxLCJoIjoxLCJzY2FsZSI6MSwicmVhbG0iOiJwb2UyIn1d/04600d71f9/SacredFlameJewel.png	
unique	Prized Pain	Заветная боль	WzI1LDE0LHsiZiI6IjJESXRlbXMvUmluZ3MvVW5pcXVlcy9Qcml6ZWRQYWluIiwidyI6MSwiaCI6MSwic2NhbGUiOjEsInJlYWxtIjoicG9lMiJ9XQ/c6e64a607b/PrizedPain.png	
unique	Quatl's Molt	Шкура Коатля	WzI1LDE0LHsiZiI6IjJESXRlbXMvQXJtb3Vycy9Cb2R5QXJtb3Vycy9VbmlxdWVzL1F1YXRsc01vbHQiLCJ3IjoyLCJoIjozLCJzY2FsZSI6MSwicmVhbG0iOiJwb2UyIn1d/737d22c152/QuatlsMolt.png	
unique	Quecholli	Кечолли	WzI1LDE0LHsiZiI6IjJESXRlbXMvV2VhcG9ucy9Ud29IYW5kV2VhcG9ucy9Ud29IYW5kTWFjZXMvVW5pcXVlcy9RdWVjaG9sbGkiLCJ3IjoyLCJoIjo0LCJzY2FsZSI6MSwicmVhbG0iOiJwb2UyIn1d/c44eb52be2/Quecholli.png	
unique	Queen of the Forest	Царица леса	WzI1LDE0LHsiZiI6IjJESXRlbXMvQXJtb3Vycy9Cb2R5QXJtb3Vycy9VbmlxdWVzL1F1ZWVuT2ZUaGVGb3Jlc3QiLCJ3IjoyLCJoIjozLCJzY2FsZSI6MSwicmVhbG0iOiJwb2UyIn1d/b55d425217/QueenOfTheForest.png	
unique	Quill Rain	Ливень перьев	WzI1LDE0LHsiZiI6IjJESXRlbXMvV2VhcG9ucy9Ud29IYW5kV2VhcG9ucy9Cb3dzL1VuaXF1ZXMvUXVpbGxSYWluIiwidyI6MiwiaCI6NCwic2NhbGUiOjEsInJlYWxtIjoicG9lMiJ9XQ/a9660e5743/QuillRain.png	
unique	Radiant Grief	Светлая скорбь	WzI1LDE0LHsiZiI6IjJESXRlbXMvQXJtb3Vycy9IZWxtZXRzL1VuaXF1ZXMvUmFkaWFudEdyaWVmIiwidyI6MiwiaCI6Miwic2NhbGUiOjEsInJlYWxtIjoicG9lMiJ9XQ/6966d29a8e/RadiantGrief.png	
unique	Rampart Raptor	Хищник бастиона	WzI1LDE0LHsiZiI6IjJESXRlbXMvV2VhcG9ucy9Ud29IYW5kV2VhcG9ucy9Dcm9zc2Jvd3MvVW5pcXVlcy9SYW1wYXJ0UmFwdG9yIiwidyI6MiwiaCI6NCwic2NhbGUiOjEsInJlYWxtIjoicG9lMiJ9XQ/72f2d2f130/RampartRaptor.png	
unique	Rathpith Globe	Сфера мёртвых	WzI1LDE0LHsiZiI6IjJESXRlbXMvT2ZmaGFuZC9Gb2NpL1VuaXF1ZXMvUmF0aHBpdGhHbG9iZSIsInciOjIsImgiOjMsInNjYWxlIjoxLCJyZWFsbSI6InBvZTIifV0/51e4da7cb9/RathpithGlobe.png	
unique	Rearguard	Закрытая спина	WzI1LDE0LHsiZiI6IjJESXRlbXMvUXVpdmVycy9VbmlxdWVzL1JlYXJndWFyZCIsInciOjIsImgiOjMsInNjYWxlIjoxLCJyZWFsbSI6InBvZTIifV0/06e6721fe8/Rearguard.png	
unique	Redbeak	Красный клюв	WzI1LDE0LHsiZiI6IjJESXRlbXMvV2VhcG9ucy9PbmVIYW5kV2VhcG9ucy9PbmVIYW5kU3dvcmRzL1VuaXF1ZXMvUmVkYmVhayIsInciOjIsImgiOjMsInNjYWxlIjoxLCJyZWFsbSI6InBvZTIifV0/33c430b8b4/Redbeak.png	
unique	Redblade Banner	Знамя Красных сабель	WzI1LDE0LHsiZiI6IjJESXRlbXMvT2ZmaGFuZC9TaGllbGRzL1VuaXF1ZXMvUmVkYmxhZGVCYW5uZXIiLCJ3IjoyLCJoIjo0LCJzY2FsZSI6MSwicmVhbG0iOiJwb2UyIn1d/0be03f17e1/RedbladeBanner.png	
unique	Redemption	Искупление	WzI1LDE0LHsiZiI6IjJESXRlbXMvV2VhcG9ucy9Ud29IYW5kV2VhcG9ucy9Dcm9zc2Jvd3MvVW5pcXVlcy9UaGVSZWRlbXB0aW9uIiwidyI6MiwiaCI6NCwic2NhbGUiOjEsInJlYWxtIjoicG9lMiJ9XQ/7a8c017765/TheRedemption.png	
unique	Redflare Conduit	Проводник красного пламени	WzI1LDE0LHsiZiI6IjJESXRlbXMvQXJtb3Vycy9Cb2R5QXJtb3Vycy9VbmlxdWVzL1JlZGZsYXJlQ29uZHVpdCIsInciOjIsImgiOjMsInNjYWxlIjoxLCJyZWFsbSI6InBvZTIifV0/6b4425ca6d/RedflareConduit.png	
unique	Revered Resin	Почтенная смола	WzI1LDE0LHsiZiI6IjJESXRlbXMvQW11bGV0cy9VbmlxdWVzL1JldmVyZWRSZXNpbiIsInciOjEsImgiOjEsInNjYWxlIjoxLCJyZWFsbSI6InBvZTIifV0/6139c327c5/ReveredResin.png	
unique	Rise of the Phoenix	Возрождение Феникса	WzI1LDE0LHsiZiI6IjJESXRlbXMvT2ZmaGFuZC9TaGllbGRzL0NyZXN0MDYiLCJ3IjoyLCJoIjozLCJzY2FsZSI6MSwicmVhbG0iOiJwb2UyIn1d/6ba061f56a/Crest06.png	
unique	Rite of Passage	Обряд инициации	WzI1LDE0LHsiZiI6IjJESXRlbXMvQ2hhcm1zL1VuaXF1ZXMvR29sZGVuVW5pcXVlQ2hhcm0iLCJ3IjoxLCJoIjoxLCJzY2FsZSI6MSwicmVhbG0iOiJwb2UyIn1d/f76038bf1c/GoldenUniqueCharm.png	
unique	Rondel de Ezo	Рондель де Эзо	WzI1LDE0LHsiZiI6IjJESXRlbXMvT2ZmaGFuZC9TaGllbGRzL1VuaXF1ZXMvUm9uZGVsRGVFem8iLCJ3IjoyLCJoIjoyLCJzY2FsZSI6MSwicmVhbG0iOiJwb2UyIn1d/8b6a73e250/RondelDeEzo.png	
unique	Rondel of Fragility	Круг уязвимости	WzI1LDE0LHsiZiI6IjJESXRlbXMvQW11bGV0cy9VbmlxdWVzL1JvbmRlbE9mRnJhZ2lsaXR5IiwidyI6MSwiaCI6MSwic2NhbGUiOjEsInJlYWxtIjoicG9lMiJ9XQ/156889f601/RondelOfFragility.png	
unique	Runeseeker's Call	Клич искателя рун		
unique	Ryslatha's Coil	Моток Рюслаты	WzI1LDE0LHsiZiI6IjJESXRlbXMvQmVsdHMvVW5pcXVlcy9SeXNsYXRoYXNDb2lsIiwidyI6MiwiaCI6MSwic2NhbGUiOjEsInJlYWxtIjoicG9lMiJ9XQ/09d92223e5/RyslathasCoil.png	
unique	Sacred Flame	Священное пламя	WzI1LDE0LHsiZiI6IjJESXRlbXMvV2VhcG9ucy9PbmVIYW5kV2VhcG9ucy9TY2VwdGVycy9VbmlxdWVzL1NhY3JlZEZsYW1lIiwidyI6MiwiaCI6Mywic2NhbGUiOjEsInJlYWxtIjoicG9lMiJ9XQ/f6c6572ac6/SacredFlame.png	
unique	Sacrosanctum	Святейший Собор	WzI1LDE0LHsiZiI6IjJESXRlbXMvQXJtb3Vycy9Cb2R5QXJtb3Vycy9VbmlxdWVzL1NhY3Jvc2FuY3R1bSIsInciOjIsImgiOjMsInNjYWxlIjoxLCJyZWFsbSI6InBvZTIifV0/33fa9ba94c/Sacrosanctum.png	
unique	Sadist's Mercy	Милосердие садиста	WzI1LDE0LHsiZiI6IjJESXRlbXMvV2VhcG9ucy9PbmVIYW5kV2VhcG9ucy9PbmVIYW5kTWFjZXMvVW5pcXVlcy9NdXJrbWF3IiwidyI6MiwiaCI6Mywic2NhbGUiOjEsInJlYWxtIjoicG9lMiJ9XQ/fde9a13ba1/Murkmaw.png	
unique	Saffell's Frame	Самоделка Саффелла	WzI1LDE0LHsiZiI6IjJESXRlbXMvT2ZmaGFuZC9TaGllbGRzL1VuaXF1ZXMvU2FmZmVsc0ZyYW1lIiwidyI6MiwiaCI6Mywic2NhbGUiOjEsInJlYWxtIjoicG9lMiJ9XQ/b030222d54/SaffelsFrame.png	
unique	Saitha's Spear	Копьё Саитхи	WzI1LDE0LHsiZiI6IjJESXRlbXMvV2VhcG9ucy9PbmVIYW5kV2VhcG9ucy9PbmVIYW5kU3BlYXJzL1VuaXF1ZXMvU2FpdGhhc1NwZWFyIiwidyI6MSwiaCI6NCwic2NhbGUiOjEsInJlYWxtIjoicG9lMiJ9XQ/6f2b36d0bc/SaithasSpear.png	
unique	Sands of Silk	Шёлковые пески	WzI1LDE0LHsiZiI6IjJESXRlbXMvQXJtb3Vycy9Cb2R5QXJtb3Vycy9VbmlxdWVzL1NhbmRzT2ZTaWxrIiwidyI6MiwiaCI6Mywic2NhbGUiOjEsInJlYWxtIjoicG9lMiJ9XQ/eff6f483c9/SandsOfSilk.png	
unique	Sandstorm Visage	Образ песчаной бури	WzI1LDE0LHsiZiI6IjJESXRlbXMvQXJtb3Vycy9IZWxtZXRzL1VuaXF1ZXMvU2FuZHN0b3JtVmlzYWdlIiwidyI6MiwiaCI6Miwic2NhbGUiOjEsInJlYWxtIjoicG9lMiJ9XQ/a4393c873a/SandstormVisage.png	
unique	Sanguine Diviner	Алый прорицатель	WzI1LDE0LHsiZiI6IjJESXRlbXMvV2VhcG9ucy9PbmVIYW5kV2VhcG9ucy9XYW5kcy9VbmlxdWVzL1Nhbmd1aW5lRGl2aW5lciIsInciOjEsImgiOjMsInNjYWxlIjoxLCJyZWFsbSI6InBvZTIifV0/f4a70f16ee/SanguineDiviner.png	
unique	Sanguis Heroum	Кровавый героизм	WzI1LDE0LHsiZiI6IjJESXRlbXMvQ2hhcm1zL1VuaXF1ZXMvU3RhdW5jaGluZ1VuaXF1ZUNoYXJtIiwidyI6MSwiaCI6MSwic2NhbGUiOjEsInJlYWxtIjoicG9lMiJ9XQ/67d2007223/StaunchingUniqueCharm.png	
unique	Scold's Bridle	Уздечка ворчуньи	WzI1LDE0LHsiZiI6IjJESXRlbXMvQXJtb3Vycy9IZWxtZXRzL1VuaXF1ZXMvU2NvbGRzQnJpZGxlIiwidyI6MiwiaCI6Miwic2NhbGUiOjEsInJlYWxtIjoicG9lMiJ9XQ/7ef2de7148/ScoldsBridle.png	
unique	Sculpted Suffering	Точёное страдание	WzI1LDE0LHsiZiI6IjJESXRlbXMvV2VhcG9ucy9PbmVIYW5kV2VhcG9ucy9PbmVIYW5kTWFjZXMvVW5pcXVlcy9TY3VscHRlZFN1ZmZlcmluZyIsInciOjIsImgiOjMsInNjYWxlIjoxLCJyZWFsbSI6InBvZTIifV0/9b747a9951/SculptedSuffering.png	
unique	Season of the Hunt	Сезон охоты	WzI1LDE0LHsiZiI6IjJESXRlbXMvQ3VycmVuY3kvUHJlY3Vyc29yVGFibGV0cy9QcmVjdXJzb3JUYWJsZXRPdmVyc2VlclVuaXF1ZTEiLCJ3IjoxLCJoIjoxLCJzY2FsZSI6MSwicmVhbG0iOiJwb2UyIn1d/e9a1b34d86/PrecursorTabletOverseerUnique1.png	
unique	Seed of Cataclysm	Семя Катаклизма	WzI1LDE0LHsiZiI6IjJESXRlbXMvUmluZ3MvVW5pcXVlcy9TZWVkT2ZDYXRhY2x5c20iLCJ3IjoxLCJoIjoxLCJzY2FsZSI6MSwicmVhbG0iOiJwb2UyIn1d/4ae8a2cc6d/SeedOfCataclysm.png	
unique	Seeing Stars	Звездочёт	WzI1LDE0LHsiZiI6IjJESXRlbXMvV2VhcG9ucy9PbmVIYW5kV2VhcG9ucy9PbmVIYW5kTWFjZXMvVW5pcXVlcy9TZWVpbmdTdGFycyIsInciOjIsImgiOjMsInNjYWxlIjoxLCJyZWFsbSI6InBvZTIifV0/3871a2dc54/SeeingStars.png	
unique	Serle's Grit	Выдержка Серли	WzI1LDE0LHsiZiI6IjJESXRlbXMvV2VhcG9ucy9PbmVIYW5kV2VhcG9ucy9PbmVIYW5kTWFjZXMvVW5pcXVlcy9TZXJsZXNNYXN0ZXJ3b3JrIiwidyI6MiwiaCI6Mywic2NhbGUiOjEsInJlYWxtIjoicG9lMiJ9XQ/72703ece0a/SerlesMasterwork.png	
unique	Serpent's Egg	Змеиное яйцо	WzI1LDE0LHsiZiI6IjJESXRlbXMvQW11bGV0cy9VbmlxdWVzL1RoZVNlcnBlbnRzRWdnIiwidyI6MSwiaCI6MSwic2NhbGUiOjEsInJlYWxtIjoicG9lMiJ9XQ/fe60331911/TheSerpentsEgg.png	
unique	Serpent's Lesson	Урок змеи	WzI1LDE0LHsiZiI6IjJESXRlbXMvT2ZmaGFuZC9Gb2NpL1VuaXF1ZXMvVG9uZXNPZkZhdGUiLCJ3IjoyLCJoIjozLCJzY2FsZSI6MSwicmVhbG0iOiJwb2UyIn1d/99973e1794/TonesOfFate.png	
unique	Shackles of the Wretched	Оковы убогих	WzI1LDE0LHsiZiI6IjJESXRlbXMvQXJtb3Vycy9HbG92ZXMvVW5pcXVlcy9TaGFja2xlc09mVGhlV3JldGNoZWQiLCJ3IjoyLCJoIjoyLCJzY2FsZSI6MSwicmVhbG0iOiJwb2UyIn1d/5d61242edf/ShacklesOfTheWretched.png	
unique	Shankgonne	Запасная мортира	WzI1LDE0LHsiZiI6IjJESXRlbXMvQXJtb3Vycy9Cb290cy9VbmlxdWVzL1NoYW5rZ29ubmUiLCJ3IjoyLCJoIjoyLCJzY2FsZSI6MSwicmVhbG0iOiJwb2UyIn1d/64d1741f0b/Shankgonne.png	
unique	Shavronne's Satchel	Пояс Шавронн	WzI1LDE0LHsiZiI6IjJESXRlbXMvQmVsdHMvVW5pcXVlcy9TaGF2cm9ubmVzU2F0Y2hlbCIsInciOjIsImgiOjEsInNjYWxlIjoxLCJyZWFsbSI6InBvZTIifV0/03b20ba6b9/ShavronnesSatchel.png	
unique	Shyaba	Шиба	WzI1LDE0LHsiZiI6IjJESXRlbXMvV2VhcG9ucy9Ud29IYW5kV2VhcG9ucy9Ud29IYW5kTWFjZXMvVW5pcXVlcy9TaHlhYmEiLCJ3IjoyLCJoIjo0LCJzY2FsZSI6MSwicmVhbG0iOiJwb2UyIn1d/1404d3a5d3/Shyaba.png	
unique	Sierran Inheritance	Наследие Сиерры	WzI1LDE0LHsiZiI6IjJESXRlbXMvQXJtb3Vycy9Cb2R5QXJtb3Vycy9VbmlxdWVzL011dGV3aW5kU2FpbCIsInciOjIsImgiOjMsInNjYWxlIjoxLCJyZWFsbSI6InBvZTIifV0/41563c0946/MutewindSail.png	
unique	Silks of Veneration	Шелка преклонения	WzI1LDE0LHsiZiI6IjJESXRlbXMvQXJtb3Vycy9Cb2R5QXJtb3Vycy9VbmlxdWVzL1NpbGtzT2ZWZW5lcmF0aW9uIiwidyI6MiwiaCI6Mywic2NhbGUiOjEsInJlYWxtIjoicG9lMiJ9XQ/3c2151ad54/SilksOfVeneration.png	
unique	Silverthorne	Серебряный шип	WzI1LDE0LHsiZiI6IjJESXRlbXMvT2ZmaGFuZC9TaGllbGRzL1VuaXF1ZXMvU2lsdmVydGhvcm5lIiwidyI6MiwiaCI6Miwic2NhbGUiOjEsInJlYWxtIjoicG9lMiJ9XQ/d94b16bcb0/Silverthorne.png	
unique	Sine Aequo	Непревзойдённость	WzI1LDE0LHsiZiI6IjJESXRlbXMvQXJtb3Vycy9HbG92ZXMvVW5pcXVlcy9TaW5lQWVxdW8iLCJ3IjoyLCJoIjoyLCJzY2FsZSI6MSwicmVhbG0iOiJwb2UyIn1d/e243b1f810/SineAequo.png	
unique	Sire of Shards	Повелитель осколков	WzI1LDE0LHsiZiI6IjJESXRlbXMvV2VhcG9ucy9Ud29IYW5kV2VhcG9ucy9TdGF2ZXMvVW5pcXVlcy9TaXJlT2ZTaGFyZHMiLCJ3IjoxLCJoIjo0LCJzY2FsZSI6MSwicmVhbG0iOiJwb2UyIn1d/4d78611003/SireOfShards.png	
unique	Skin of the Loyal	Кожа верных	WzI1LDE0LHsiZiI6IjJESXRlbXMvQXJtb3Vycy9Cb2R5QXJtb3Vycy9VbmlxdWVzL1NraW5PZlRoZUxveWFsIiwidyI6MiwiaCI6Mywic2NhbGUiOjEsInJlYWxtIjoicG9lMiJ9XQ/710deb59df/SkinOfTheLoyal.png	
unique	Skysliver	Небесный осколок	WzI1LDE0LHsiZiI6IjJESXRlbXMvV2VhcG9ucy9PbmVIYW5kV2VhcG9ucy9PbmVIYW5kU3BlYXJzL1NreXNsaXZlciIsInciOjEsImgiOjQsInNjYWxlIjoxLCJyZWFsbSI6InBvZTIifV0/28135e8a06/Skysliver.png	
unique	Slivertongue	Змеиный язык	WzI1LDE0LHsiZiI6IjJESXRlbXMvV2VhcG9ucy9Ud29IYW5kV2VhcG9ucy9Cb3dzL1VuaXF1ZXMvU2xpdmVydG9uZ3VlIiwidyI6MiwiaCI6NCwic2NhbGUiOjEsInJlYWxtIjoicG9lMiJ9XQ/d3e0a63593/Slivertongue.png	
unique	Snakebite	Укус змеи	WzI1LDE0LHsiZiI6IjJESXRlbXMvQXJtb3Vycy9HbG92ZXMvVW5pcXVlcy9TbmFrZWJpdGUiLCJ3IjoyLCJoIjoyLCJzY2FsZSI6MSwicmVhbG0iOiJwb2UyIn1d/363ad81979/Snakebite.png	
unique	Snakepit	Серпентарий	WzI1LDE0LHsiZiI6IjJESXRlbXMvUmluZ3MvVW5pcXVlcy9TbmFrZXBpdCIsInciOjEsImgiOjEsInNjYWxlIjoxLCJyZWFsbSI6InBvZTIifV0/b272f3e194/Snakepit.png	
unique	Solus Ipse	Солипсист	WzI1LDE0LHsiZiI6IjJESXRlbXMvQXJtb3Vycy9IZWxtZXRzL1VuaXF1ZXMvU29sdXNJcHNlIiwidyI6MiwiaCI6Miwic2NhbGUiOjEsInJlYWxtIjoicG9lMiJ9XQ/38fbfb8aa5/SolusIpse.png	
unique	Soul Mantle	Покров духа	WzI1LDE0LHsiZiI6IjJESXRlbXMvQXJtb3Vycy9Cb2R5QXJtb3Vycy9VbmlxdWVzL1NvdWxNYW50bGUiLCJ3IjoyLCJoIjozLCJzY2FsZSI6MSwicmVhbG0iOiJwb2UyIn1d/ec54191d54/SoulMantle.png	
unique	Soul Tether	Оковы души	WzI1LDE0LHsiZiI6IjJESXRlbXMvQmVsdHMvVW5pcXVlcy9Tb3VsVGV0aGVyIiwidyI6MiwiaCI6MSwic2NhbGUiOjEsInJlYWxtIjoicG9lMiJ9XQ/3a7bb8985a/SoulTether.png	
unique	Spire of Ire	Виток гнева	WzI1LDE0LHsiZiI6IjJESXRlbXMvV2VhcG9ucy9PbmVIYW5kV2VhcG9ucy9PbmVIYW5kU3BlYXJzL1VuaXF1ZXMvU3BpcmVPZklyZSIsInciOjEsImgiOjQsInNjYWxlIjoxLCJyZWFsbSI6InBvZTIifV0/8ff5ca8a82/SpireOfIre.png	
unique	Spiteful Floret	Злобное соцветие	WzI1LDE0LHsiZiI6IjJESXRlbXMvT2ZmaGFuZC9UYWxpc21hbnMvVW5pcXVlcy9Dcmltc29uQ2hyeXNhbGlzIiwidyI6MiwiaCI6Miwic2NhbGUiOjEsInJlYWxtIjoicG9lMiJ9XQ/afd2b9aad6/CrimsonChrysalis.png	
unique	Splinter of Loratta	Осколок Лоратты	WzI1LDE0LHsiZiI6IjJESXRlbXMvV2VhcG9ucy9PbmVIYW5kV2VhcG9ucy9PbmVIYW5kU3BlYXJzLzFIU3BlYXIwMSIsInciOjEsImgiOjQsInNjYWxlIjoxLCJyZWFsbSI6InBvZTIifV0/84a2d1da16/1HSpear01.png	
unique	Splinterheart	Заноза в сердце	WzI1LDE0LHsiZiI6IjJESXRlbXMvV2VhcG9ucy9Ud29IYW5kV2VhcG9ucy9Cb3dzL1VuaXF1ZXMvU3BsaW50ZXJoZWFydCIsInciOjIsImgiOjQsInNjYWxlIjoxLCJyZWFsbSI6InBvZTIifV0/b52c3b7e08/Splinterheart.png	
unique	Split Personality	Раздвоение личности	WzI1LDE0LHsiZiI6IjJESXRlbXMvSmV3ZWxzL1VuaXF1ZXMvU3BsaXRQZXJzb25hbGl0eSIsInciOjEsImgiOjEsInNjYWxlIjoxLCJyZWFsbSI6InBvZTIifV0/e3de478bb7/SplitPersonality.png	
unique	Starkonja's Head	Голова Старконжи	WzI1LDE0LHsiZiI6IjJESXRlbXMvQXJtb3Vycy9IZWxtZXRzL1VuaXF1ZXMvU3Rhcmtvbmphc0hlYWQiLCJ3IjoyLCJoIjoyLCJzY2FsZSI6MSwicmVhbG0iOiJwb2UyIn1d/7165820619/StarkonjasHead.png	
unique	Stone of Lazhwar	Камень Лазвара	WzI1LDE0LHsiZiI6IjJESXRlbXMvQW11bGV0cy9VbmlxdWVzL1N0b25lT2ZMYXpod2FyIiwidyI6MSwiaCI6MSwic2NhbGUiOjEsInJlYWxtIjoicG9lMiJ9XQ/8d95196560/StoneOfLazhwar.png	
unique	Strugglescream	Крик борьбы	WzI1LDE0LHsiZiI6IjJESXRlbXMvQW11bGV0cy9VbmlxdWVzL0RlbGlyaXVtQW11bGV0IiwidyI6MSwiaCI6MSwic2NhbGUiOjEsInJlYWxtIjoicG9lMiJ9XQ/9e8a23019a/DeliriumAmulet.png	
unique	Sunsplinter	Осколок солнца	WzI1LDE0LHsiZiI6IjJESXRlbXMvT2ZmaGFuZC9TaGllbGRzL1VuaXF1ZXMvU3Vuc3BsaW50ZXIiLCJ3IjoyLCJoIjoyLCJzY2FsZSI6MSwicmVhbG0iOiJwb2UyIn1d/40019131cb/Sunsplinter.png	
unique	Surefooted Sigil	Медальон твёрдого шага	WzI1LDE0LHsiZiI6IjJESXRlbXMvQW11bGV0cy9VbmlxdWVzL1N1cmVmb290ZWRTaWdpbCIsInciOjEsImgiOjEsInNjYWxlIjoxLCJyZWFsbSI6InBvZTIifV0/78449612a8/SurefootedSigil.png	
unique	Surge of the Tide	Прилив волны	WzI1LDE0LHsiZiI6IjJESXRlbXMvT2ZmaGFuZC9UYWxpc21hbnMvVW5pcXVlcy9UYXdob2FzRG9taW5pb24iLCJ3IjoyLCJoIjoyLCJzY2FsZSI6MSwicmVhbG0iOiJwb2UyIn1d/777eda7924/TawhoasDominion.png	
unique	Svalinn	Свалинн	WzI1LDE0LHsiZiI6IjJESXRlbXMvT2ZmaGFuZC9TaGllbGRzL1VuaXF1ZXMvU3ZhbGlubiIsInciOjIsImgiOjQsInNjYWxlIjoxLCJyZWFsbSI6InBvZTIifV0/9725b3d511/Svalinn.png	
unique	Sylvan's Effigy	Чучело сильвана	WzI1LDE0LHsiZiI6IjJESXRlbXMvV2VhcG9ucy9PbmVIYW5kV2VhcG9ucy9TY2VwdGVycy9VbmlxdWVzL1BhY2tsZWFkZXIiLCJ3IjoyLCJoIjozLCJzY2FsZSI6MSwicmVhbG0iOiJwb2UyIn1d/28b19e0530/Packleader.png	
unique	Tabula Rasa	Табула раса	WzI1LDE0LHsiZiI6IjJESXRlbXMvQXJtb3Vycy9Cb2R5QXJtb3Vycy9VbmlxdWVzL1RhYnVsYVJhc2EiLCJ3IjoyLCJoIjozLCJzY2FsZSI6MSwicmVhbG0iOiJwb2UyIn1d/8b21a046ec/TabulaRasa.png	
unique	Tangletongue	Плетёный язык	WzI1LDE0LHsiZiI6IjJESXRlbXMvV2VhcG9ucy9PbmVIYW5kV2VhcG9ucy9PbmVIYW5kU3BlYXJzL1VuaXF1ZXMvVGFuZ2xldG9uZ3VlIiwidyI6MSwiaCI6NCwic2NhbGUiOjEsInJlYWxtIjoicG9lMiJ9XQ/a55bc05abe/Tangletongue.png	
unique	Taryn's Shiver	Дрожь Тарина	WzI1LDE0LHsiZiI6IjJESXRlbXMvV2VhcG9ucy9Ud29IYW5kV2VhcG9ucy9TdGF2ZXMvVW5pcXVlcy9UYXJ5bnNTaGl2ZXIiLCJ3IjoxLCJoIjo0LCJzY2FsZSI6MSwicmVhbG0iOiJwb2UyIn1d/105c6f77ea/TarynsShiver.png	
unique	Temporalis	Темпоралис	WzI1LDE0LHsiZiI6IjJESXRlbXMvQXJtb3Vycy9Cb2R5QXJtb3Vycy9VbmlxdWVzL1BpbGdyaW1zSW1hZ2UiLCJ3IjoyLCJoIjozLCJzY2FsZSI6MSwicmVhbG0iOiJwb2UyIn1d/69db95b9aa/PilgrimsImage.png	
unique	Tetzlapokal's Desire	Желание Тецлапокаля	WzI1LDE0LHsiZiI6IjJESXRlbXMvQXJtb3Vycy9Cb2R5QXJtb3Vycy9VbmlxdWVzL1RldHpsYXBva2Fsc0Rlc2lyZSIsInciOjIsImgiOjMsInNjYWxlIjoxLCJyZWFsbSI6InBvZTIifV0/a100163884/TetzlapokalsDesire.png	
unique	The Adorned	Былой блеск	WzI1LDE0LHsiZiI6IjJESXRlbXMvSmV3ZWxzL1RyaWFsbWFzdGVySmV3ZWwiLCJ3IjoxLCJoIjoxLCJzY2FsZSI6MSwicmVhbG0iOiJwb2UyIn1d/fa6b8d5683/TrialmasterJewel.png	
unique	The Anvil	Наковальня	WzI1LDE0LHsiZiI6IjJESXRlbXMvQW11bGV0cy9VbmlxdWVzL1RoZUFudmlsIiwidyI6MSwiaCI6MSwic2NhbGUiOjEsInJlYWxtIjoicG9lMiJ9XQ/ee5dc2e9b8/TheAnvil.png	
unique	The Auspex	Ауспик	WzI1LDE0LHsiZiI6IjJESXRlbXMvQXJtb3Vycy9Cb2R5QXJtb3Vycy9VbmlxdWVzL1RoZSBBdXNwZXgiLCJ3IjoyLCJoIjozLCJzY2FsZSI6MSwicmVhbG0iOiJwb2UyIn1d/98c20896b0/The%20Auspex.png	
unique	The Barrow Dweller	Страж кургана	WzI1LDE0LHsiZiI6IjJESXRlbXMvQXJtb3Vycy9Cb2R5QXJtb3Vycy9VbmlxdWVzL1RoZUJhcnJvd0R3ZWxsZXIiLCJ3IjoyLCJoIjozLCJzY2FsZSI6MSwicmVhbG0iOiJwb2UyIn1d/66c4a202ed/TheBarrowDweller.png	
unique	The Black Cat	Чёрная кошка	WzI1LDE0LHsiZiI6IjJESXRlbXMvQ2hhcm1zL1VuaXF1ZXMvR3JvdW5kaW5nVW5pcXVlQ2hhcm0iLCJ3IjoxLCJoIjoxLCJzY2FsZSI6MSwicmVhbG0iOiJwb2UyIn1d/1abbdce909/GroundingUniqueCharm.png	
unique	The Black Doubt	Мрачные сомнения	WzI1LDE0LHsiZiI6IjJESXRlbXMvQXJtb3Vycy9Cb2R5QXJtb3Vycy9VbmlxdWVzL1RoZUJsYWNrRG91YnQiLCJ3IjoyLCJoIjozLCJzY2FsZSI6MSwicmVhbG0iOiJwb2UyIn1d/023ca4d7af/TheBlackDoubt.png	
unique	The Black Insignia	Чёрный герб	WzI1LDE0LHsiZiI6IjJESXRlbXMvQXJtb3Vycy9IZWxtZXRzL1VuaXF1ZXMvVGhlQmxhY2tDcmVzdCIsInciOjIsImgiOjIsInNjYWxlIjoxLCJyZWFsbSI6InBvZTIifV0/0d9e626b9a/TheBlackCrest.png	
unique	The Blood Thorn	Кровавый шип	WzI1LDE0LHsiZiI6IjJESXRlbXMvV2VhcG9ucy9Ud29IYW5kV2VhcG9ucy9XYXJTdGF2ZXMvVW5pcXVlcy9UaGVCbG9vZFRob3JuIiwidyI6MiwiaCI6NCwic2NhbGUiOjEsInJlYWxtIjoicG9lMiJ9XQ/f36189922c/TheBloodThorn.png	
unique	The Brass Dome	Латунный свод	WzI1LDE0LHsiZiI6IjJESXRlbXMvQXJtb3Vycy9Cb2R5QXJtb3Vycy9VbmlxdWVzL0JyYXNzRG9tZSIsInciOjIsImgiOjMsInNjYWxlIjoxLCJyZWFsbSI6InBvZTIifV0/e2c74f60ea/BrassDome.png	
unique	The Bringer of Rain	Несущий дождь	WzI1LDE0LHsiZiI6IjJESXRlbXMvQXJtb3Vycy9IZWxtZXRzL1VuaXF1ZXMvQnJpbmdlck9mUmFpbiIsInciOjIsImgiOjIsInNjYWxlIjoxLCJyZWFsbSI6InBvZTIifV0/df94a85045/BringerOfRain.png	
unique	The Burden of Leadership	Бремя лидерства	WzI1LDE0LHsiZiI6IjJESXRlbXMvUmVsaWNzL1JlbGljVW5pcXVlM3gxIiwidyI6MywiaCI6MSwic2NhbGUiOjEsInJlYWxtIjoicG9lMiJ9XQ/0fd744ac28/RelicUnique3x1.png	
unique	The Burden of Shadows	Гнёт теней	WzI1LDE0LHsiZiI6IjJESXRlbXMvV2VhcG9ucy9Ud29IYW5kV2VhcG9ucy9TdGF2ZXMvVW5pcXVlcy9CdXJkZW5PZlNoYWRvd3MiLCJ3IjoxLCJoIjo0LCJzY2FsZSI6MSwicmVhbG0iOiJwb2UyIn1d/f12933ae7d/BurdenOfShadows.png	
unique	The Burrower	Землекоп	WzI1LDE0LHsiZiI6IjJESXRlbXMvUmluZ3MvVW5pcXVlcy9UaGVCdXJyb3dlciIsInciOjEsImgiOjEsInNjYWxlIjoxLCJyZWFsbSI6InBvZTIifV0/27fc2ce96e/TheBurrower.png	
unique	The Changing Seasons	Сменяющиеся сезоны	WzI1LDE0LHsiZiI6IjJESXRlbXMvUmVsaWNzL1JlbGljVW5pcXVlMngxIiwidyI6MiwiaCI6MSwic2NhbGUiOjEsInJlYWxtIjoicG9lMiJ9XQ/036203ffa6/RelicUnique2x1.png	
unique	The Coming Calamity	Грядущее бедствие	WzI1LDE0LHsiZiI6IjJESXRlbXMvQXJtb3Vycy9Cb2R5QXJtb3Vycy9VbmlxdWVzL1RoZUNvbWluZ0NhbGFtaXR5IiwidyI6MiwiaCI6Mywic2NhbGUiOjEsInJlYWxtIjoicG9lMiJ9XQ/f446bcebea/TheComingCalamity.png	
unique	The Covenant	Договор	WzI1LDE0LHsiZiI6IjJESXRlbXMvQXJtb3Vycy9Cb2R5QXJtb3Vycy9VbmlxdWVzL1RoZUNvdmVuYW50IiwidyI6MiwiaCI6Mywic2NhbGUiOjEsInJlYWxtIjoicG9lMiJ9XQ/90335a8685/TheCovenant.png	
unique	The Dancing Dervish	Танцующий дервиш	WzI1LDE0LHsiZiI6IjJESXRlbXMvV2VhcG9ucy9PbmVIYW5kV2VhcG9ucy9PbmVIYW5kU3dvcmRzL0Jhc2V0eXBlcy8xSFN3b3JkMDQiLCJ3IjoyLCJoIjozLCJzY2FsZSI6MSwicmVhbG0iOiJwb2UyIn1d/b15a3c6a0f/1HSword04.png	
unique	The Dancing Mirage	Танцующий мираж	WzI1LDE0LHsiZiI6IjJESXRlbXMvQXJtb3Vycy9Cb2R5QXJtb3Vycy9VbmlxdWVzL1RoZURhbmNpbmdNaXJhZ2UiLCJ3IjoyLCJoIjozLCJzY2FsZSI6MSwicmVhbG0iOiJwb2UyIn1d/cff15b65e4/TheDancingMirage.png	
unique	The Dark Defiler	Тёмный осквернитель	WzI1LDE0LHsiZiI6IjJESXRlbXMvV2VhcG9ucy9PbmVIYW5kV2VhcG9ucy9TY2VwdGVycy9VbmlxdWVzL0RhcmtEZWZpbGVyIiwidyI6MiwiaCI6Mywic2NhbGUiOjEsInJlYWxtIjoicG9lMiJ9XQ/8aa299f0eb/DarkDefiler.png	
unique	The Deepest Tower	Глубочайшая башня	WzI1LDE0LHsiZiI6IjJESXRlbXMvQXJtb3Vycy9IZWxtZXRzL1VuaXF1ZXMvVGhlRGVlcGVzdFRvd2VyIiwidyI6MiwiaCI6Miwic2NhbGUiOjEsInJlYWxtIjoicG9lMiJ9XQ/45d7ee5646/TheDeepestTower.png	
unique	The Desperate Alliance	Отчаянный союз	WzI1LDE0LHsiZiI6IjJESXRlbXMvUmVsaWNzL1JlbGljVW5pcXVlMXg0IiwidyI6MSwiaCI6NCwic2NhbGUiOjEsInJlYWxtIjoicG9lMiJ9XQ/865d5eb4fc/RelicUnique1x4.png	
unique	The Devouring Diadem	Пожирающая диадема	WzI1LDE0LHsiZiI6IjJESXRlbXMvQXJtb3Vycy9IZWxtZXRzL1VuaXF1ZXMvRGV2b3VyaW5nRGlhZGVtIiwidyI6MiwiaCI6Miwic2NhbGUiOjEsInJlYWxtIjoicG9lMiJ9XQ/46221d1e66/DevouringDiadem.png	
unique	The Empty Roar	Полый рык	WzI1LDE0LHsiZiI6IjJESXRlbXMvV2VhcG9ucy9Ud29IYW5kV2VhcG9ucy9Ud29IYW5kTWFjZXMvVW5pcXVlcy9UaGVFbXB0eVJvYXIiLCJ3IjoyLCJoIjo0LCJzY2FsZSI6MSwicmVhbG0iOiJwb2UyIn1d/9e06f9572b/TheEmptyRoar.png	
unique	The Eternal Spark	Вечная искра	WzI1LDE0LHsiZiI6IjJESXRlbXMvT2ZmaGFuZC9Gb2NpL1VuaXF1ZXMvRXRlcm5hbFNwYXJrIiwidyI6MiwiaCI6Mywic2NhbGUiOjEsInJlYWxtIjoicG9lMiJ9XQ/97e8b781ae/EternalSpark.png	
unique	The Everlasting Gaze	Вечный взор	WzI1LDE0LHsiZiI6IjJESXRlbXMvQW11bGV0cy9VbmlxdWVzL1RoZUV2ZXJsYXN0aW5nR2F6ZSIsInciOjEsImgiOjEsInNjYWxlIjoxLCJyZWFsbSI6InBvZTIifV0/6712f57467/TheEverlastingGaze.png	
unique	The Fall of the Axe	Падение топора	WzI1LDE0LHsiZiI6IjJESXRlbXMvQ2hhcm1zL1VuaXF1ZXMvU2lsdmVyVW5pcXVlQ2hhcm0iLCJ3IjoxLCJoIjoxLCJzY2FsZSI6MSwicmVhbG0iOiJwb2UyIn1d/b1ede8589d/SilverUniqueCharm.png	
unique	The Fallen Formation	Разбитое построение	WzI1LDE0LHsiZiI6IjJESXRlbXMvQXJtb3Vycy9Cb2R5QXJtb3Vycy9VbmlxdWVzL0ZhbGxlbkZvcm1hdGlvbiIsInciOjIsImgiOjMsInNjYWxlIjoxLCJyZWFsbSI6InBvZTIifV0/4931f395c5/FallenFormation.png	
unique	The Flesh Poppet	Кукла из плоти	WzI1LDE0LHsiZiI6IjJESXRlbXMvT2ZmaGFuZC9UYWxpc21hbnMvVW5pcXVlcy9UaGVTa2luVGhpZWYiLCJ3IjoyLCJoIjoyLCJzY2FsZSI6MSwicmVhbG0iOiJwb2UyIn1d/7209883e7c/TheSkinThief.png	
unique	The Gnashing Sash	Зубастый кушак	WzI1LDE0LHsiZiI6IjJESXRlbXMvQmVsdHMvVW5pcXVlcy9HbmFzaGluZ1Nhc2giLCJ3IjoyLCJoIjoxLCJzY2FsZSI6MSwicmVhbG0iOiJwb2UyIn1d/c996ea805c/GnashingSash.png	
unique	The Grand Project	Великий план	WzI1LDE0LHsiZiI6IjJESXRlbXMvQ3VycmVuY3kvUHJlY3Vyc29yVGFibGV0cy9QcmVjdXJzb3JUYWJsZXRHZW5lcmljVW5pcXVlMSIsInciOjEsImgiOjEsInNjYWxlIjoxLCJyZWFsbSI6InBvZTIifV0/acf337f58c/PrecursorTabletGenericUnique1.png	
unique	The Hammer of Faith	Молот веры	WzI1LDE0LHsiZiI6IjJESXRlbXMvV2VhcG9ucy9Ud29IYW5kV2VhcG9ucy9Ud29IYW5kTWFjZXMvVW5pcXVlcy9IYW1tZXJPZlRoZUNodXJjaCIsInciOjIsImgiOjQsInNjYWxlIjoxLCJyZWFsbSI6InBvZTIifV0/3c7594aa6a/HammerOfTheChurch.png	
unique	The Hollow Mask	Полая маска	WzI1LDE0LHsiZiI6IjJESXRlbXMvQXJtb3Vycy9IZWxtZXRzL1VuaXF1ZXMvTWFza09mVGhlSG9sbG93IiwidyI6MiwiaCI6Miwic2NhbGUiOjEsInJlYWxtIjoicG9lMiJ9XQ/9da92fc685/MaskOfTheHollow.png	
unique	The Immortan	Воин дорог	WzI1LDE0LHsiZiI6IjJESXRlbXMvQXJtb3Vycy9Cb2R5QXJtb3Vycy9VbmlxdWVzL1RoZVJvYWRXYXJyaW9yIiwidyI6MiwiaCI6Mywic2NhbGUiOjEsInJlYWxtIjoicG9lMiJ9XQ/729d923846/TheRoadWarrior.png	
unique	The Infinite Pursuit	Бесконечная погоня	WzI1LDE0LHsiZiI6IjJESXRlbXMvQXJtb3Vycy9Cb290cy9VbmlxdWVzL1RoZUluZmluaXRlUHVyc3VpdCIsInciOjIsImgiOjIsInNjYWxlIjoxLCJyZWFsbSI6InBvZTIifV0/4fdafe7cbb/TheInfinitePursuit.png	
unique	The Knight-errant	Странствующий рыцарь	WzI1LDE0LHsiZiI6IjJESXRlbXMvQXJtb3Vycy9Cb290cy9VbmlxdWVzL0tuaWdodEVycmFudCIsInciOjIsImgiOjIsInNjYWxlIjoxLCJyZWFsbSI6InBvZTIifV0/c9b81f5301/KnightErrant.png	
unique	The Last Flame	Последнее пламя	WzI1LDE0LHsiZiI6IjJESXRlbXMvUmVsaWNzL1JlbGljVW5pcXVlNHgxIiwidyI6NCwiaCI6MSwic2NhbGUiOjEsInJlYWxtIjoicG9lMiJ9XQ/65cba8a448/RelicUnique4x1.png	
unique	The Last Lament	Последняя песнь	WzI1LDE0LHsiZiI6IjJESXRlbXMvV2VhcG9ucy9Ud29IYW5kV2VhcG9ucy9Dcm9zc2Jvd3MvVW5pcXVlcy9UaGVHcmFuZERlc2lnbiIsInciOjIsImgiOjQsInNjYWxlIjoxLCJyZWFsbSI6InBvZTIifV0/816aa90c74/TheGrandDesign.png	
unique	The Lethal Draw	Смертельный натяг	WzI1LDE0LHsiZiI6IjJESXRlbXMvUXVpdmVycy9VbmlxdWVzL1RoZUxldGhhbERyYXciLCJ3IjoyLCJoIjozLCJzY2FsZSI6MSwicmVhbG0iOiJwb2UyIn1d/9dc8f2dd65/TheLethalDraw.png	
unique	The Master's Reach	Власть Хозяина		
unique	The Mutable Star	Изменчивая звезда	WzI1LDE0LHsiZiI6IjJESXRlbXMvQXJtb3Vycy9Cb2R5QXJtb3Vycy9VbmlxdWVzL011dGFibGVTdGFyIiwidyI6MiwiaCI6Mywic2NhbGUiOjEsInJlYWxtIjoicG9lMiJ9XQ/bacbdfc8de/MutableStar.png	
unique	The Ordained	Рукоположенные	WzI1LDE0LHsiZiI6IjJESXRlbXMvV2VhcG9ucy9PbmVIYW5kV2VhcG9ucy9PbmVIYW5kU3BlYXJzL1VuaXF1ZXMvVGhlT3JkYWluZWQiLCJ3IjoxLCJoIjo0LCJzY2FsZSI6MSwicmVhbG0iOiJwb2UyIn1d/6c52dd93b7/TheOrdained.png	
unique	The Pandemonius	Обитель демонов	WzI1LDE0LHsiZiI6IjJESXRlbXMvQW11bGV0cy9VbmlxdWVzL1RoZVBhbmRlbW9uaXVzIiwidyI6MSwiaCI6MSwic2NhbGUiOjEsInJlYWxtIjoicG9lMiJ9XQ/5757408698/ThePandemonius.png	
unique	The Peacemaker's Draught	Вытяжка миротворца	WzI1LDE0LHsiZiI6IjJESXRlbXMvUmVsaWNzL1JlbGljVW5pcXVlMXgzIiwidyI6MSwiaCI6Mywic2NhbGUiOjEsInJlYWxtIjoicG9lMiJ9XQ/9a0c871b8b/RelicUnique1x3.png	
unique	The Prisoner's Manacles	Кандалы узника	WzI1LDE0LHsiZiI6IjJESXRlbXMvQXJtb3Vycy9HbG92ZXMvVW5pcXVlcy9Qcmlzb25lcnNNYW5hY2xlcyIsInciOjIsImgiOjIsInNjYWxlIjoxLCJyZWFsbSI6InBvZTIifV0/69b65a9c2d/PrisonersManacles.png	
unique	The Rat Cage	Крысиная клетка	WzI1LDE0LHsiZiI6IjJESXRlbXMvQXJtb3Vycy9Cb2R5QXJtb3Vycy9VbmlxdWVzL1RoZVJhdENhZ2UiLCJ3IjoyLCJoIjozLCJzY2FsZSI6MSwicmVhbG0iOiJwb2UyIn1d/c28265f92c/TheRatCage.png	
unique	The Raven's Flock	Стая Ворона	WzI1LDE0LHsiZiI6IjJESXRlbXMvV2VhcG9ucy9Ud29IYW5kV2VhcG9ucy9TdGF2ZXMvVW5pcXVlcy9Sb29zdE9mVGhlUmF2ZW5LaW5nIiwidyI6MSwiaCI6NCwic2NhbGUiOjEsInJlYWxtIjoicG9lMiJ9XQ/323e03f2dd/RoostOfTheRavenKing.png	
unique	The Remembered Tales	Изустные предания	WzI1LDE0LHsiZiI6IjJESXRlbXMvUmVsaWNzL1JlbGljVW5pcXVlMngyIiwidyI6MiwiaCI6Miwic2NhbGUiOjEsInJlYWxtIjoicG9lMiJ9XQ/62e8095f89/RelicUnique2x2.png	
unique	The Searing Touch	Опаляющее касание	WzI1LDE0LHsiZiI6IjJESXRlbXMvV2VhcG9ucy9Ud29IYW5kV2VhcG9ucy9TdGF2ZXMvVW5pcXVlcy9TZWFyaW5nVG91Y2giLCJ3IjoxLCJoIjo0LCJzY2FsZSI6MSwicmVhbG0iOiJwb2UyIn1d/5cbbb578a8/SearingTouch.png	
unique	The Sentry	Часовой	WzI1LDE0LHsiZiI6IjJESXRlbXMvV2VhcG9ucy9Ud29IYW5kV2VhcG9ucy9XYXJTdGF2ZXMvVW5pcXVlcy9UaGVTZW50cnkiLCJ3IjoyLCJoIjo0LCJzY2FsZSI6MSwicmVhbG0iOiJwb2UyIn1d/a21add4399/TheSentry.png	
unique	The Smiling Knight	Улыбающийся рыцарь	WzI1LDE0LHsiZiI6IjJESXRlbXMvQXJtb3Vycy9IZWxtZXRzL1VuaXF1ZXMvVGhlU21pbGluZ0tuaWdodCIsInciOjIsImgiOjIsInNjYWxlIjoxLCJyZWFsbSI6InBvZTIifV0/f3cc309ae7/TheSmilingKnight.png	
unique	The Sunken Vessel	Затонувшее судно	WzI1LDE0LHsiZiI6IjJESXRlbXMvQXJtb3Vycy9Cb2R5QXJtb3Vycy9VbmlxdWVzL1RoZVN1bmtlblZlc3NlbCIsInciOjIsImgiOjMsInNjYWxlIjoxLCJyZWFsbSI6InBvZTIifV0/673054f6d7/TheSunkenVessel.png	
unique	The Surrender	Отречение	WzI1LDE0LHsiZiI6IjJESXRlbXMvT2ZmaGFuZC9TaGllbGRzL1VuaXF1ZXMvVGhlU3VycmVuZGVyIiwidyI6MiwiaCI6NCwic2NhbGUiOjEsInJlYWxtIjoicG9lMiJ9XQ/364055985d/TheSurrender.png	
unique	The Taming	Укрощение	WzI1LDE0LHsiZiI6IjJESXRlbXMvUmluZ3MvVW5pcXVlcy9UaGVUYW1pbmciLCJ3IjoxLCJoIjoxLCJzY2FsZSI6MSwicmVhbG0iOiJwb2UyIn1d/c266aa1e19/TheTaming.png	
unique	The Three Dragons	Три дракона	WzI1LDE0LHsiZiI6IjJESXRlbXMvQXJtb3Vycy9IZWxtZXRzL1VuaXF1ZXMvVGhlVGhyZWVEcmFnb25zIiwidyI6MiwiaCI6Miwic2NhbGUiOjEsInJlYWxtIjoicG9lMiJ9XQ/42dce91438/TheThreeDragons.png	
unique	The Unborn Lich	Нерождённый лич	WzI1LDE0LHsiZiI6IjJESXRlbXMvV2VhcG9ucy9Ud29IYW5kV2VhcG9ucy9TdGF2ZXMvVW5pcXVlcy9LdWxlbWFrc0JpcnRoIiwidyI6MSwiaCI6NCwic2NhbGUiOjEsInJlYWxtIjoicG9lMiJ9XQ/8460c512f8/KulemaksBirth.png	
unique	The Unleashed	Высвобожденный	WzI1LDE0LHsiZiI6IjJESXRlbXMvQXJtb3Vycy9Cb2R5QXJtb3Vycy9VbmlxdWVzL0VuZHVyZmFlZHlyIiwidyI6MiwiaCI6Mywic2NhbGUiOjEsInJlYWxtIjoicG9lMiJ9XQ/b03dc32cda/Endurfaedyr.png	
unique	The Vertex	Вертекс	WzI1LDE0LHsiZiI6IjJESXRlbXMvQXJtb3Vycy9IZWxtZXRzL1VuaXF1ZXMvVGhlVmVydGV4IiwidyI6MiwiaCI6Miwic2NhbGUiOjEsInJlYWxtIjoicG9lMiJ9XQ/baf0218c37/TheVertex.png	
unique	The Vile Knight	Подлый рыцарь	WzI1LDE0LHsiZiI6IjJESXRlbXMvQXJtb3Vycy9IZWxtZXRzL1VuaXF1ZXMvVGhlVmlsZUtuaWdodCIsInciOjIsImgiOjIsInNjYWxlIjoxLCJyZWFsbSI6InBvZTIifV0/2a8eb27e3e/TheVileKnight.png	
unique	The Wailing Wall	Стена плача	WzI1LDE0LHsiZiI6IjJESXRlbXMvT2ZmaGFuZC9TaGllbGRzL1VuaXF1ZXMvVGhlV2FpbGluZ1dhbGwiLCJ3IjoyLCJoIjo0LCJzY2FsZSI6MSwicmVhbG0iOiJwb2UyIn1d/3b26286c81/TheWailingWall.png	
unique	The Whispering Ice	Шепчущий лёд	WzI1LDE0LHsiZiI6IjJESXRlbXMvV2VhcG9ucy9Ud29IYW5kV2VhcG9ucy9TdGF2ZXMvVW5pcXVlcy9XaGlzcGVyaW5nSWNlIiwidyI6MSwiaCI6NCwic2NhbGUiOjEsInJlYWxtIjoicG9lMiJ9XQ/e3d38c03c8/WhisperingIce.png	
unique	The Wicked Quill	Жестокое перо	WzI1LDE0LHsiZiI6IjJESXRlbXMvV2VhcG9ucy9PbmVIYW5kV2VhcG9ucy9XYW5kcy9VbmlxdWVzL1RoZVdpY2tlZFF1aWxsIiwidyI6MSwiaCI6Mywic2NhbGUiOjEsInJlYWxtIjoicG9lMiJ9XQ/199e988221/TheWickedQuill.png	
unique	Thief's Torment	Воровская мука	WzI1LDE0LHsiZiI6IjJESXRlbXMvUmluZ3MvVW5pcXVlcy9UaGllZnNUb3JtZW50IiwidyI6MSwiaCI6MSwic2NhbGUiOjEsInJlYWxtIjoicG9lMiJ9XQ/77112d5a83/ThiefsTorment.png	
unique	Threaded Light	Нить света	WzI1LDE0LHsiZiI6IjJESXRlbXMvT2ZmaGFuZC9Gb2NpL1VuaXF1ZXMvVGhyZWFkZWRMaWdodCIsInciOjIsImgiOjMsInNjYWxlIjoxLCJyZWFsbSI6InBvZTIifV0/2c3fae606e/ThreadedLight.png	
unique	Thrillsteel	Стальной раж	WzI1LDE0LHsiZiI6IjJESXRlbXMvQXJtb3Vycy9IZWxtZXRzL1VuaXF1ZXMvVGhyaWxsc3RlZWwiLCJ3IjoyLCJoIjoyLCJzY2FsZSI6MSwicmVhbG0iOiJwb2UyIn1d/5356ecced3/Thrillsteel.png	
unique	Thunderfist	Кулаки грома	WzI1LDE0LHsiZiI6IjJESXRlbXMvQXJtb3Vycy9HbG92ZXMvVW5pcXVlcy9UaHVuZGVyZmlzdCIsInciOjIsImgiOjIsInNjYWxlIjoxLCJyZWFsbSI6InBvZTIifV0/fd7ad7616f/Thunderfist.png	
unique	Thunderstep	Громовая поступь	WzI1LDE0LHsiZiI6IjJESXRlbXMvQXJtb3Vycy9Cb290cy9VbmlxdWVzL1RodW5kZXJvdXNTaWxlbmNlIiwidyI6MiwiaCI6Miwic2NhbGUiOjEsInJlYWxtIjoicG9lMiJ9XQ/3b1b1d732d/ThunderousSilence.png	
unique	Tidebreaker	Волнолом	WzI1LDE0LHsiZiI6IjJESXRlbXMvV2VhcG9ucy9Ud29IYW5kV2VhcG9ucy9Ud29IYW5kTWFjZXMvVW5pcXVlcy9UaWRlYnJlYWtlciIsInciOjIsImgiOjQsInNjYWxlIjoxLCJyZWFsbSI6InBvZTIifV0/d3f1c52b5b/Tidebreaker.png	
unique	Titanrot Cataphract	Ржавый катафракт	WzI1LDE0LHsiZiI6IjJESXRlbXMvQXJtb3Vycy9Cb2R5QXJtb3Vycy9VbmlxdWVzL1RpdGFucm90Q2F0YXBocmFjdCIsInciOjIsImgiOjMsInNjYWxlIjoxLCJyZWFsbSI6InBvZTIifV0/488faa86b6/TitanrotCataphract.png	
unique	Trampletoe	Плоскостопы	WzI1LDE0LHsiZiI6IjJESXRlbXMvQXJtb3Vycy9Cb290cy9VbmlxdWVzL1RyYW1wbGV0b2UiLCJ3IjoyLCJoIjoyLCJzY2FsZSI6MSwicmVhbG0iOiJwb2UyIn1d/eed7a02130/Trampletoe.png	
unique	Treefingers	Древохваты	WzI1LDE0LHsiZiI6IjJESXRlbXMvQXJtb3Vycy9HbG92ZXMvVW5pcXVlcy9UcmVlZmluZ2VycyIsInciOjIsImgiOjIsInNjYWxlIjoxLCJyZWFsbSI6InBvZTIifV0/37d281ee36/Treefingers.png	
unique	Trenchtimbre	Траншейный звон	WzI1LDE0LHsiZiI6IjJESXRlbXMvV2VhcG9ucy9PbmVIYW5kV2VhcG9ucy9PbmVIYW5kTWFjZXMvVW5pcXVlcy9UcmVuY2h0aW1icmUiLCJ3IjoyLCJoIjozLCJzY2FsZSI6MSwicmVhbG0iOiJwb2UyIn1d/b07d6d6d58/Trenchtimbre.png	
unique	Trephina	Трефина	WzI1LDE0LHsiZiI6IjJESXRlbXMvV2VhcG9ucy9Ud29IYW5kV2VhcG9ucy9Ud29IYW5kTWFjZXMvVW5pcXVlcy9UcmVwaGluYSIsInciOjIsImgiOjQsInNjYWxlIjoxLCJyZWFsbSI6InBvZTIifV0/9dacdb0705/Trephina.png	
unique	Twisted Empyrean	Искажённая твердь	WzI1LDE0LHsiZiI6IjJESXRlbXMvV2VhcG9ucy9Ud29IYW5kV2VhcG9ucy9Ud29IYW5kTWFjZXMvVW5pcXVlcy9TcGlkZXJWZXJpc2l1bU1hdWwiLCJ3IjoyLCJoIjo0LCJzY2FsZSI6MSwicmVhbG0iOiJwb2UyIn1d/3f1ea4708e/SpiderVerisiumMaul.png	
unique	Tyranny's Grip	Хватка тирании	WzI1LDE0LHsiZiI6IjJESXRlbXMvV2VhcG9ucy9PbmVIYW5kV2VhcG9ucy9PbmVIYW5kU3BlYXJzL1VuaXF1ZXMvQXJtc0xlbmd0aCIsInciOjEsImgiOjQsInNjYWxlIjoxLCJyZWFsbSI6InBvZTIifV0/8e44f1d1ac/ArmsLength.png	
unique	Uhtred's Chalice	Чаша Утреда	WzksMTQseyJmIjoiMkRJdGVtcy9GbGFza3MvVW5pcXVlcy9VaHRyZWRzTGVnYWN5IiwidyI6MSwiaCI6Miwic2NhbGUiOjEsInJlYWxtIjoicG9lMiIsImxldmVsIjoxfV0/870f4285f3/UhtredsLegacy.png	
unique	Umbilicus Immortalis	Умбиликус Имморталис	WzI1LDE0LHsiZiI6IjJESXRlbXMvQmVsdHMvVW5pcXVlcy9VbWJpbGljdXNJbW1vcnRhbGlzIiwidyI6MiwiaCI6MSwic2NhbGUiOjEsInJlYWxtIjoicG9lMiJ9XQ/72e5991990/UmbilicusImmortalis.png	
unique	Undying Hate	Вечная ненависть	WzI1LDE0LHsiZiI6IjJESXRlbXMvSmV3ZWxzL1VuaXF1ZXMvVW5keWluZ0hhdHJlZCIsInciOjEsImgiOjEsInNjYWxlIjoxLCJyZWFsbSI6InBvZTIifV0/077ca94281/UndyingHatred.png	
unique	Unforeseen Consequences	Непредвиденные последствия	WzI1LDE0LHsiZiI6IjJESXRlbXMvQ3VycmVuY3kvUHJlY3Vyc29yVGFibGV0cy9QcmVjdXJzb3JUYWJsZXRBYnlzc1VuaXF1ZTEiLCJ3IjoxLCJoIjoxLCJzY2FsZSI6MSwicmVhbG0iOiJwb2UyIn1d/a5c2d8a638/PrecursorTabletAbyssUnique1.png	
unique	Ungil's Harmony	Гармония Ангила	WzI1LDE0LHsiZiI6IjJESXRlbXMvQW11bGV0cy9VbmlxdWVzL1VuZ2lsc0hhcm1vbnkiLCJ3IjoxLCJoIjoxLCJzY2FsZSI6MSwicmVhbG0iOiJwb2UyIn1d/6865185b8f/UngilsHarmony.png	
unique	Valako's Roar	Рёв Валако	WzI1LDE0LHsiZiI6IjJESXRlbXMvQ2hhcm1zL1VuaXF1ZXMvVG9wYXpVbmlxdWVDaGFybSIsInciOjEsImgiOjEsInNjYWxlIjoxLCJyZWFsbSI6InBvZTIifV0/f4956985b3/TopazUniqueCharm.png	
unique	Valako's Vice	Порок Валако	WzI1LDE0LHsiZiI6IjJESXRlbXMvQXJtb3Vycy9HbG92ZXMvVW5pcXVlcy9WYWxha29zVmljZSIsInciOjIsImgiOjIsInNjYWxlIjoxLCJyZWFsbSI6InBvZTIifV0/eaa501c825/ValakosVice.png	
unique	Veil of the Night	Покров ночи	WzI1LDE0LHsiZiI6IjJESXRlbXMvQXJtb3Vycy9IZWxtZXRzL1VuaXF1ZXMvVmVpbE9mVGhlTmlnaHQiLCJ3IjoyLCJoIjoyLCJzY2FsZSI6MSwicmVhbG0iOiJwb2UyIn1d/8a2266e6be/VeilOfTheNight.png	
unique	Veilpiercer	Пронзатель завесы	WzI1LDE0LHsiZiI6IjJESXRlbXMvUmluZ3MvVW5pcXVlcy9WZWlscGllcmNlciIsInciOjEsImgiOjEsInNjYWxlIjoxLCJyZWFsbSI6InBvZTIifV0/7d9940f2db/Veilpiercer.png	
unique	Venopuncture	Ядовитый надрез	WzI1LDE0LHsiZiI6IjJESXRlbXMvUmluZ3MvVW5pcXVlcy9WZW5vcHVuY3R1cmUiLCJ3IjoxLCJoIjoxLCJzY2FsZSI6MSwicmVhbG0iOiJwb2UyIn1d/052bb442a9/Venopuncture.png	
unique	Ventor's Gamble	Игра Вентора	WzI1LDE0LHsiZiI6IjJESXRlbXMvUmluZ3MvVW5pcXVlcy9WZW50b3JzR2FtYmxlIiwidyI6MSwiaCI6MSwic2NhbGUiOjEsInJlYWxtIjoicG9lMiJ9XQ/bc113c96d9/VentorsGamble.png	
unique	Vestige of Darkness	Наследие Тьмы	WzI1LDE0LHsiZiI6IjJESXRlbXMvQXJtb3Vycy9IZWxtZXRzL1VuaXF1ZXMvQ3Jvd25PZlRoZVdlbmRpZ28iLCJ3IjoyLCJoIjoyLCJzY2FsZSI6MSwicmVhbG0iOiJwb2UyIn1d/b86ea1e0ec/CrownOfTheWendigo.png	
unique	Vigilant View	Бдительный взор	WzI1LDE0LHsiZiI6IjJESXRlbXMvUmluZ3MvVW5pcXVlcy9WaWdpbGFudFZpZXciLCJ3IjoxLCJoIjoxLCJzY2FsZSI6MSwicmVhbG0iOiJwb2UyIn1d/345b32ae58/VigilantView.png	
unique	Vis Mortis	Сила смерти	WzI1LDE0LHsiZiI6IjJESXRlbXMvQXJtb3Vycy9Cb2R5QXJtb3Vycy9VbmlxdWVzL1Zpc01vcnRpcyIsInciOjIsImgiOjMsInNjYWxlIjoxLCJyZWFsbSI6InBvZTIifV0/c1e940857f/VisMortis.png	
unique	Visage of Ayah	Лик Айи	WzI1LDE0LHsiZiI6IjJESXRlbXMvQXJtb3Vycy9IZWxtZXRzL1VuaXF1ZXMvVmlzYWdlT2ZBeWFoIiwidyI6MiwiaCI6Miwic2NhbGUiOjEsInJlYWxtIjoicG9lMiJ9XQ/2dca37cc27/VisageOfAyah.png	
unique	Visions of Paradise	Видения Рая	WzI1LDE0LHsiZiI6IjJESXRlbXMvQ3VycmVuY3kvUHJlY3Vyc29yVGFibGV0cy9QcmVjdXJzb3JUYWJsZXRHZW5lcmljVW5pcXVlMyIsInciOjEsImgiOjEsInNjYWxlIjoxLCJyZWFsbSI6InBvZTIifV0/6fffa18e78/PrecursorTabletGenericUnique3.png	
unique	Voices	Голоса	WzI1LDE0LHsiZiI6IjJESXRlbXMvSmV3ZWxzL1VuaXF1ZXMvVm9pY2VzIiwidyI6MSwiaCI6MSwic2NhbGUiOjEsInJlYWxtIjoicG9lMiJ9XQ/f989334af4/Voices.png	
unique	Voll's Protector	Защитник Волла	WzI1LDE0LHsiZiI6IjJESXRlbXMvQXJtb3Vycy9Cb2R5QXJtb3Vycy9VbmlxdWVzL1ZvbGxzUHJvdGVjdG9yIiwidyI6MiwiaCI6Mywic2NhbGUiOjEsInJlYWxtIjoicG9lMiJ9XQ/ccf71dd4ca/VollsProtector.png	
unique	Voltaxic Rift	Раскаты хаоса	WzI1LDE0LHsiZiI6IjJESXRlbXMvV2VhcG9ucy9Ud29IYW5kV2VhcG9ucy9Cb3dzL1VuaXF1ZXMvVm9sdGF4aWNSaWZ0IiwidyI6MiwiaCI6NCwic2NhbGUiOjEsInJlYWxtIjoicG9lMiJ9XQ/dc059ee11a/VoltaxicRift.png	
unique	Waistgate	Врата на талии	WzI1LDE0LHsiZiI6IjJESXRlbXMvQmVsdHMvVW5pcXVlcy9XYWlzdGdhdGUiLCJ3IjoyLCJoIjoxLCJzY2FsZSI6MSwicmVhbG0iOiJwb2UyIn1d/02bb2a2fb4/Waistgate.png	
unique	Wake of Destruction	Зачинщики разрушений	WzI1LDE0LHsiZiI6IjJESXRlbXMvQXJtb3Vycy9Cb290cy9VbmlxdWVzL1dha2VPZkRlc3RydWN0aW9uIiwidyI6MiwiaCI6Miwic2NhbGUiOjEsInJlYWxtIjoicG9lMiJ9XQ/cca716f5a6/WakeOfDestruction.png	
unique	Wandering Reliquary	Блуждающий реликварий	WzI1LDE0LHsiZiI6IjJESXRlbXMvQXJtb3Vycy9Cb2R5QXJtb3Vycy9VbmlxdWVzL1dhbmRlcmluZ1JlbGlxdWFyeSIsInciOjIsImgiOjMsInNjYWxlIjoxLCJyZWFsbSI6InBvZTIifV0/d01510d8c2/WanderingReliquary.png	
unique	Wanderlust	Странники	WzI1LDE0LHsiZiI6IjJESXRlbXMvQXJtb3Vycy9Cb290cy9VbmlxdWVzL1dhbmRlcmx1c3QiLCJ3IjoyLCJoIjoyLCJzY2FsZSI6MSwicmVhbG0iOiJwb2UyIn1d/3a2a185e0f/Wanderlust.png	
unique	Waveshaper	Ваятель волн	WzI1LDE0LHsiZiI6IjJESXRlbXMvQXJtb3Vycy9Cb2R5QXJtb3Vycy9VbmlxdWVzL1dhdmVzaGFwZXIiLCJ3IjoyLCJoIjozLCJzY2FsZSI6MSwicmVhbG0iOiJwb2UyIn1d/73f7dcf704/Waveshaper.png	
unique	Whisper of the Brotherhood	Шёпот братства	WzI1LDE0LHsiZiI6IjJESXRlbXMvUmluZ3MvQmFzZXR5cGVzL1NhcHBoaXJlUmluZyIsInciOjEsImgiOjEsInNjYWxlIjoxLCJyZWFsbSI6InBvZTIifV0/14608c24b1/SapphireRing.png	
unique	Widow's Reign	Правление вдовы	WzI1LDE0LHsiZiI6IjJESXRlbXMvQXJtb3Vycy9Cb2R5QXJtb3Vycy9VbmlxdWVzL1dpZG93c1JlaWduIiwidyI6MiwiaCI6Mywic2NhbGUiOjEsInJlYWxtIjoicG9lMiJ9XQ/b052df9b19/WidowsReign.png	
unique	Widowhail	Вдовья доля	WzI1LDE0LHsiZiI6IjJESXRlbXMvV2VhcG9ucy9Ud29IYW5kV2VhcG9ucy9Cb3dzL1VuaXF1ZXMvV2lkb3doYWlsIiwidyI6MiwiaCI6NCwic2NhbGUiOjEsInJlYWxtIjoicG9lMiJ9XQ/2003f478c3/Widowhail.png	
unique	Window to Paradise	Окно в рай	WzI1LDE0LHsiZiI6IjJESXRlbXMvT2ZmaGFuZC9TaGllbGRzL1VuaXF1ZXMvV2luZG93VG9QYXJhZGlzZSIsInciOjIsImgiOjQsInNjYWxlIjoxLCJyZWFsbSI6InBvZTIifV0/5c55bb9f48/WindowToParadise.png	
unique	Windscream	Вопли ветра	WzI1LDE0LHsiZiI6IjJESXRlbXMvQXJtb3Vycy9Cb290cy9VbmlxdWVzL1dpbmRzY3JlYW0iLCJ3IjoyLCJoIjoyLCJzY2FsZSI6MSwicmVhbG0iOiJwb2UyIn1d/12efc65e3f/Windscream.png	
unique	Wings of Caelyn	Крылья Кейлин	WzI1LDE0LHsiZiI6IjJESXRlbXMvQXJtb3Vycy9IZWxtZXRzL1VuaXF1ZXMvV2luZ3NPZkNhZWx5biIsInciOjIsImgiOjIsInNjYWxlIjoxLCJyZWFsbSI6InBvZTIifV0/287705f3ec/WingsOfCaelyn.png	
unique	Winter's Bite	Укус зимы	WzI1LDE0LHsiZiI6IjJESXRlbXMvV2VhcG9ucy9PbmVIYW5kV2VhcG9ucy9EYWdnZXJzL1VuaXF1ZXMvTmV2ZXJtZWx0IiwidyI6MSwiaCI6Mywic2NhbGUiOjEsInJlYWxtIjoicG9lMiJ9XQ/a5a4d70a8e/Nevermelt.png	
unique	Wondertrap	Ведущие к чудесам	WzI1LDE0LHsiZiI6IjJESXRlbXMvQXJtb3Vycy9Cb290cy9VbmlxdWVzL1dvbmRlcnRyYXAiLCJ3IjoyLCJoIjoyLCJzY2FsZSI6MSwicmVhbG0iOiJwb2UyIn1d/f646d327d6/Wondertrap.png	
unique	Wraeclast Besieged	Рэкласт под осадой	WzI1LDE0LHsiZiI6IjJESXRlbXMvQ3VycmVuY3kvUHJlY3Vyc29yVGFibGV0cy9QcmVjdXJzb3JUYWJsZXRCcmVhY2hVbmlxdWUxIiwidyI6MSwiaCI6MSwic2NhbGUiOjEsInJlYWxtIjoicG9lMiJ9XQ/5cc3fc113f/PrecursorTabletBreachUnique1.png	
unique	Wulfsbane	Погибель Вульфа	WzI1LDE0LHsiZiI6IjJESXRlbXMvT2ZmaGFuZC9TaGllbGRzL1VuaXF1ZXMvV3VsZnNiYW5lIiwidyI6MiwiaCI6NCwic2NhbGUiOjEsInJlYWxtIjoicG9lMiJ9XQ/651230662e/Wulfsbane.png	
unique	Wylund's Stake	Доля Вилунда	WzI1LDE0LHsiZiI6IjJESXRlbXMvV2VhcG9ucy9PbmVIYW5kV2VhcG9ucy9PbmVIYW5kTWFjZXMvVW5pcXVlcy9UaGVTdGFrZSIsInciOjIsImgiOjMsInNjYWxlIjoxLCJyZWFsbSI6InBvZTIifV0/5fe28e2d93/TheStake.png	
unique	Xoph's Blood	Кровь Ксофа	WzI1LDE0LHsiZiI6IjJESXRlbXMvQW11bGV0cy9VbmlxdWVzL1hvcGhzQmxvb2QiLCJ3IjoxLCJoIjoxLCJzY2FsZSI6MSwicmVhbG0iOiJwb2UyIn1d/2e10b554f9/XophsBlood.png	
unique	Yoke of Suffering	Бремя страданий	WzI1LDE0LHsiZiI6IjJESXRlbXMvQW11bGV0cy9VbmlxdWVzL1lva2VPZlN1ZmZlcmluZyIsInciOjEsImgiOjEsInNjYWxlIjoxLCJyZWFsbSI6InBvZTIifV0/89e7948e7c/YokeOfSuffering.png	
unique	Yriel's Fostering	Воспитание Ириэла	WzI1LDE0LHsiZiI6IjJESXRlbXMvQXJtb3Vycy9Cb2R5QXJtb3Vycy9VbmlxdWVzL1lyaWVsc0Zvc3RlcmluZyIsInciOjIsImgiOjMsInNjYWxlIjoxLCJyZWFsbSI6InBvZTIifV0/e50b16617a/YrielsFostering.png	
unique	Zerphi's Genesis	Зарождение Зерфи	WzI1LDE0LHsiZiI6IjJESXRlbXMvQmVsdHMvVW5pcXVlcy9aZXJwaGlzR2VuZXNpcyIsInciOjIsImgiOjEsInNjYWxlIjoxLCJyZWFsbSI6InBvZTIifV0/adbb363605/ZerphisGenesis.png	
unique	Zerphi's Serape	Сарапе Зерфи	WzI1LDE0LHsiZiI6IjJESXRlbXMvQXJtb3Vycy9Cb2R5QXJtb3Vycy9VbmlxdWVzL1plcnBoaXNTZXJhcGUiLCJ3IjoyLCJoIjozLCJzY2FsZSI6MSwicmVhbG0iOiJwb2UyIn1d/fa8daac03a/ZerphisSerape.png	
