# ячейки для оберегов			explicit.stat_2582079000,explicit.stat_554899692,rune.stat_554899692
# ячейка для оберегов		1	explicit.stat_2582079000,explicit.stat_554899692,rune.stat_554899692
# к требованиям к ловкости			explicit.stat_1133453872
# к требованиям интеллекта			explicit.stat_2153364323,implicit.stat_2153364323,rune.stat_2153364323
Регенерация # здоровья в секунду			explicit.stat_3325883026,implicit.stat_3325883026,fractured.stat_3325883026,rune.stat_3325883026,desecrated.stat_3325883026
# регенерация здоровья в секунду за каждое заполненное гнездо			explicit.stat_332337290
Дает # здоровья, когда вы блокируете удар			enchant.stat_762600725
Теряет # здоровья, когда вы блокируете удар	n		enchant.stat_762600725
Дает # маны, когда вы блокируете удар			explicit.stat_2122183138,enchant.stat_2122183138,desecrated.stat_2122183138
Теряет # маны, когда вы блокируете удар	n		explicit.stat_2122183138,enchant.stat_2122183138,desecrated.stat_2122183138
# входящего физического урона при получении удара от атак			explicit.stat_3441651621,rune.stat_3441651621
# входящего физического урона при получении удара			explicit.stat_321765853
Получение # физического урона при смерти приспешника			explicit.stat_4176970656
# физического урона, получаемого от атак снарядами			explicit.stat_3612407781
# допустимых свойств-префиксов			explicit.stat_3182714256,implicit.stat_3182714256,fractured.stat_3182714256,crafted.stat_3182714256
# Защиты Решимости			sanctum.stat_2410906123
# к требованиям к силе			explicit.stat_2833226514
# допустимых свойств-суффиксов			explicit.stat_718638445,implicit.stat_718638445,fractured.stat_718638445,rune.stat_718638445,crafted.stat_718638445
Из Бездн появляется дополнительных редких монстров: #			explicit.stat_243380454,desecrated.stat_243380454
Из Бездн на карте появляется дополнительных редких монстров: #			explicit.stat_243380454,desecrated.stat_243380454
# дополнительные группы монстров вокруг маяков ваал на карте			explicit.stat_3294218801
# дополнительная группа монстров вокруг маяков ваал на карте		1	explicit.stat_3294218801
# м к дальности кувырка			explicit.stat_258119672,fractured.stat_258119672,rune.stat_258119672,desecrated.stat_258119672,sanctum.stat_1040593638
# м к расстоянию кувырка			explicit.stat_258119672,fractured.stat_258119672,rune.stat_258119672,desecrated.stat_258119672,sanctum.stat_1040593638
# м к дистанции кувырка, если недавно вы не совершали кувырок			explicit.stat_3350232544
# м к дистанции кувырка, если недавно вы совершали кувырок			explicit.stat_57896763
# м к дальности ударов ближнего боя			implicit.stat_2264295449
# м к дальности ударов ближнего боя без оружия			explicit.stat_3273962791
Добавляет атакам от # до # урона от огня за каждые 25 силы			explicit.stat_4186798932
От # до # урона от холода шипами			explicit.stat_1515531208
От # до # урона от огня шипами			explicit.stat_1993950627
От # до # урона от огня шипами за каждые 100 максимума здоровья			explicit.stat_287294012,desecrated.stat_287294012
От # до # урона от молнии шипами			rune.stat_757050353
От # до # физического урона шипами			explicit.stat_2881298780,fractured.stat_2881298780,desecrated.stat_2881298780,crafted.stat_2881298780
Добавляет от # до # физического урона шипами за каждую руническую пластину			explicit.stat_3926910174
# к меткости			explicit.stat_691932474,explicit.stat_803737631,implicit.stat_803737631,fractured.stat_691932474,fractured.stat_803737631,enchant.stat_803737631,rune.stat_691932474,rune.stat_803737631,desecrated.stat_691932474,desecrated.stat_803737631,crafted.stat_691932474,crafted.stat_803737631
# к меткости за каждые 1 уклонения на надетом шлеме			rune.stat_687156079
# к порогу состояний			explicit.stat_1488650448
# к броне			explicit.stat_3484657501,explicit.stat_809229260,implicit.stat_809229260,fractured.stat_3484657501,fractured.stat_809229260,rune.stat_3484657501,desecrated.stat_3484657501,desecrated.stat_809229260
# к броне за 1 духа			rune.stat_1197632982
# к отклонению за каждые 50 недостающего энергетического щита			explicit.stat_1207006772
# к ловкости			explicit.stat_3261801346,implicit.stat_3261801346,fractured.stat_3261801346,enchant.stat_3261801346,rune.stat_3261801346,desecrated.stat_3261801346,crafted.stat_3261801346
# к ловкости и интеллекту			explicit.stat_2300185227,desecrated.stat_2300185227
# к уклонению			explicit.stat_2144192055,explicit.stat_53045048,fractured.stat_2144192055,fractured.stat_53045048,rune.stat_53045048,desecrated.stat_2144192055,desecrated.stat_53045048
# к уклонению при малом количестве здоровья			explicit.stat_3470876581
# к интеллекту			explicit.stat_328541901,implicit.stat_328541901,fractured.stat_328541901,enchant.stat_328541901,rune.stat_328541901,desecrated.stat_328541901,crafted.stat_328541901
# к уровню умений Отчаяние			explicit.stat_2157870819
# к уровню умений Уязвимости к стихиям			explicit.stat_3709513762
# к уровню умений Слабость			explicit.stat_3948285912
# к уровню умений Путы времени			explicit.stat_1042153418
# к уровню умений Беззащитность			explicit.stat_3507701584
# к уровню всех умений атак			explicit.stat_3035140377,fractured.stat_3035140377,crafted.stat_3035140377
# к уровню всех камней умений хаоса			explicit.stat_67169579
# к уровню всех камней умений чар хаоса			explicit.stat_4226189338,fractured.stat_4226189338,enchant.stat_4226189338,desecrated.stat_4226189338
# к уровню всех камней умений холода			explicit.stat_1078455967,implicit.stat_1078455967
# к уровню всех камней умений чар холода			explicit.stat_2254480358,fractured.stat_2254480358,enchant.stat_2254480358,desecrated.stat_2254480358
# к уровню всех оскверненных камней умений			implicit.stat_2251279027
# к уровню всех оскверненных камней умений чар			explicit.stat_2061237517
# к уровню всех умений проклятий			explicit.stat_805298720,rune.stat_805298720
# к уровню всех умений стихий			explicit.stat_2901213448
# к уровню всех камней умений огня			explicit.stat_599749213
# к уровню всех камней умений чар огня			explicit.stat_591105508,fractured.stat_591105508,enchant.stat_591105508,desecrated.stat_591105508
# к уровню всех камней умений гранат			rune.stat_3268281424
# к уровню всех камней умений молнии			explicit.stat_1147690586,rune.stat_1147690586
# к уровню всех камней умений чар молнии			explicit.stat_1545858329,fractured.stat_1545858329,enchant.stat_1545858329,desecrated.stat_1545858329
# к уровню всех умений меток			explicit.stat_1992191903,fractured.stat_1992191903,desecrated.stat_1992191903
# к уровню всех камней умений ближнего боя			explicit.stat_9187492,fractured.stat_9187492,enchant.stat_9187492,desecrated.stat_9187492
# к уровню всех камней умений приспешников			explicit.stat_2162097452,fractured.stat_2162097452,enchant.stat_2162097452,desecrated.stat_2162097452,crafted.stat_2162097452
# к уровню всех камней умений колец			rune.stat_3148103963
# к уровню всех камней умений физических чар			explicit.stat_1600707273,fractured.stat_1600707273,enchant.stat_1600707273,desecrated.stat_1600707273
# к уровню всех камней умений снарядов			explicit.stat_1202301673,fractured.stat_1202301673,desecrated.stat_1202301673
# к уровню всех камней умений			explicit.stat_4283407333,enchant.stat_4283407333,desecrated.stat_4283407333
# к уровню всех камней умений мощных ударов			rune.stat_1839315243
# к уровню всех камней умений чар			explicit.stat_124131830,fractured.stat_124131830,rune.stat_124131830,desecrated.stat_124131830,crafted.stat_124131830
# к уровню всех камней умений ударов			rune.stat_2305301734
# к уровню всех камней умений тотемов			rune.stat_2336703514
# к уровню всех камней умений ветра			rune.stat_653358410
# к лимиту для стихийных умений			explicit.stat_1713927892,fractured.stat_1713927892,crafted.stat_1713927892
# к максимуму зарядов выносливости			explicit.stat_1515657623,enchant.stat_1515657623
# к максимуму зарядов ярости			explicit.stat_4078695,enchant.stat_4078695
# к максимуму зарядов энергии			explicit.stat_227523295,enchant.stat_227523295,rune.stat_227523295
# к максимуму свирепости			explicit.stat_1181501418,implicit.stat_1181501418,fractured.stat_1181501418,rune.stat_1181501418,desecrated.stat_1181501418,crafted.stat_1181501418
# к духу			explicit.stat_2704225257,explicit.stat_3981240776,implicit.stat_3981240776,fractured.stat_2704225257,fractured.stat_3981240776,enchant.stat_3981240776,rune.stat_2704225257,rune.stat_3981240776,desecrated.stat_2704225257,desecrated.stat_3981240776,crafted.stat_3981240776
# к духу за каждые 2 уровня			rune.stat_610569665
# к духу за каждый размещенный в вашем снаряжении идол			rune.stat_1073847159
# к духу, пока у вас есть как минимум 200 ловкости			explicit.stat_2694614739
# к духу, пока у вас есть как минимум 200 интеллекта			explicit.stat_1282318918
# к духу, пока у вас есть как минимум 200 силы			explicit.stat_3044685077
# к силе			explicit.stat_4080418644,implicit.stat_4080418644,fractured.stat_4080418644,enchant.stat_4080418644,rune.stat_4080418644,desecrated.stat_4080418644,crafted.stat_4080418644
# к силе и ловкости			explicit.stat_538848803,desecrated.stat_538848803
# к силе и интеллекту			explicit.stat_1535626285,desecrated.stat_1535626285
# к порогу оглушения			explicit.stat_915769802,fractured.stat_915769802,rune.stat_915769802,desecrated.stat_915769802,crafted.stat_915769802
# к порогу оглушения за каждое заполненное гнездо			explicit.stat_3679769182
# к дальности оружия			explicit.stat_350598685,fractured.stat_350598685,crafted.stat_350598685
# ко всем характеристикам			explicit.stat_1379411836,explicit.stat_2897413282,implicit.stat_1379411836,fractured.stat_1379411836,fractured.stat_2897413282,rune.stat_1379411836,rune.stat_2897413282,desecrated.stat_1379411836,crafted.stat_2897413282
# ко всем характеристикам за уровень	n		explicit.stat_2333085568
# к всем характеристикам за каждое заполненное гнездо			explicit.stat_3474271079
# к максимуму энергетического щита			explicit.stat_3489782002,explicit.stat_4052037485,implicit.stat_3489782002,fractured.stat_3489782002,fractured.stat_4052037485,rune.stat_3489782002,rune.stat_4052037485,desecrated.stat_3489782002,desecrated.stat_4052037485
# к максимуму здоровья			explicit.stat_3299347043,implicit.stat_3299347043,fractured.stat_3299347043,enchant.stat_3299347043,rune.stat_3299347043,desecrated.stat_3299347043,crafted.stat_3299347043
# к максимуму здоровья за каждые 8 брони на надетом шлеме			rune.stat_2785209416
# к максимуму здоровья за каждое заполненное гнездо			explicit.stat_150391334
# к максимуму маны			explicit.stat_1050105434,implicit.stat_1050105434,fractured.stat_1050105434,enchant.stat_1050105434,rune.stat_1050105434,desecrated.stat_1050105434,crafted.stat_1050105434
# к максимуму маны за каждые 2 энергетического щита на надетом шлеме			rune.stat_280497929
# к максимуму маны за каждые 3 брони на надетом шлеме			rune.stat_995044379
# к максимуму маны за каждое заполненное гнездо			explicit.stat_1036267537
# к максимуму рунического барьера			explicit.stat_3336230913,explicit.stat_774059442,implicit.stat_3336230913,implicit.stat_774059442,fractured.stat_3336230913,rune.stat_774059442,crafted.stat_3336230913
# к максимуму доблести			explicit.stat_1896726125
# к максимальному количеству стихийных насыщений			explicit.stat_4097212302,fractured.stat_4097212302,desecrated.stat_4097212302,crafted.stat_4097212302
# к максимальному количеству призванных тотемов-баллист			explicit.stat_1823942939,fractured.stat_1823942939,desecrated.stat_1823942939,crafted.stat_1823942939
# к максимальному количеству установленных тотемов			explicit.stat_429867172
#% шанс получить заряд, когда вы убиваете врага			explicit.stat_828533480
#% глобальный шанс ослепления врагов при нанесении удара			explicit.stat_2221570601
Ослепляет врагов при нанесении удара		100	explicit.stat_2221570601
#% восстановления здоровья от флаконов также применяется к руническому барьеру			implicit.stat_2650263616,rune.stat_2650263616
#% к сопротивлению монстров стихиям			explicit.stat_1054098949,fractured.stat_1054098949,desecrated.stat_1054098949
#% защита решимости от ударов врагов	n		sanctum.stat_142859883
#% к превосходящему шансу получить заряд Кукловода, когда вы используете умение-приказ			explicit.stat_2840930496,fractured.stat_2840930496,desecrated.stat_2840930496,crafted.stat_2840930496
#% к превосходящему шансу выпустить дополнительную стрелу			explicit.stat_2463230181,implicit.stat_2463230181,fractured.stat_2463230181,rune.stat_2463230181,desecrated.stat_2463230181
#% превосходящий шанс выпустить дополнительный снаряд			explicit.stat_1347539079,fractured.stat_1347539079,desecrated.stat_1347539079
#% дополнительного уменьшения получаемого физического урона			explicit.stat_3771516363,fractured.stat_3771516363,enchant.stat_3771516363,desecrated.stat_3771516363,sanctum.stat_3470883829
Используемые вами обереги с #% шансом могут не потратить заряды			explicit.stat_501873429,desecrated.stat_501873429
#% шанс начать перезарядку энергетического щита когда вы убиваете врага			explicit.stat_1618482990
#% шанс сохранить заряды флаконов при их использовании			explicit.stat_311641062,desecrated.stat_311641062
Урон от молнии от ударов с #% шансом будет удачливым			explicit.stat_2466011626,desecrated.stat_2466011626
Умения молнии с #% шансом могут нанести дополнительный удар по цепи			implicit.stat_3112931530
Используемые вами умения мощных ударов булавами с #% шансом могут вызвать дополнительную остаточную волну			explicit.stat_3950000557,desecrated.stat_3950000557
Используемые вами умения мощных ударов булавами вызывают дополнительную остаточную волну		100	explicit.stat_3950000557,desecrated.stat_3950000557
#% шанс при подборе вами сгустков засчитать подбор дополнительного сгустка			explicit.stat_3422093970,fractured.stat_3422093970
Защита Решимости с #% шансом может быть удвоена при получении удара от врага			sanctum.stat_774484840
#% шанс сохранить 40% Славы при использовании умений			explicit.stat_2749595652,desecrated.stat_2749595652,crafted.stat_2749595652
Умения сохраняют 40% Славы при использовании		100	explicit.stat_2749595652,desecrated.stat_2749595652,crafted.stat_2749595652
Умения мощных ударов с #% шансом могут вызвать дополнительную остаточную волну			explicit.stat_1157523820
Умения мощных ударов вызывают дополнительную остаточную волну		100	explicit.stat_1157523820
Используемые вами умения мощных ударов с #% шансом могут вызвать дополнительную остаточную волну			explicit.stat_2045949233,rune.stat_2045949233
Используемые вами умения мощных ударов вызывают дополнительную остаточную волну		100	explicit.stat_2045949233,rune.stat_2045949233
Урон от критических ударов чарами с #% шансом будет удачливым			explicit.stat_1133346493
Умения чар с #% шансом могут выпустить 2 дополнительных снаряда			explicit.stat_2910761524,implicit.stat_2910761524,rune.stat_2910761524,desecrated.stat_2910761524
Умения чар с #% шансом могут выпустить 8 дополнительных снарядов кольцом			explicit.stat_4224832423
Срабатывающие умения с #% шансом могут вернуть половину потраченной энергии			explicit.stat_599320227,desecrated.stat_599320227
Срабатывающие умения возвращают половину потраченной энергии		100	explicit.stat_599320227,desecrated.stat_599320227
#% шанс появления дополнительных групп монстров вокруг маяков ваал на карте			explicit.stat_1359775981
#% шанс для каждого из ваших ключей улучшиться при завершении этажа			sanctum.stat_2155917449
Ваши ключи улучшаются при завершении этажа		100	sanctum.stat_2155917449
#% шанс при вотере всей вашей чести вместо этого остаться с 1 честью			sanctum.stat_3870327403
При получении вами свирепости при нанесении удара, вы с #% шансом можете получить вплоть до максимума вашей свирепости			explicit.stat_2710292678
#% шанс усугубить кровотечение при нанесении удара			explicit.stat_1009412152
#% шанс усугубить кровотечение на врагах, по которым вы наносите критический удар атаками			explicit.stat_2438634449,rune.stat_2438634449
Усугубляет кровотечение на врагах, по которым вы наносите критический удар атаками		100	explicit.stat_2438634449,rune.stat_2438634449
#% шанс усугубить кровотечение на врагах, по которым вы наносите удар атаками			explicit.stat_2705185939,desecrated.stat_2705185939
#% шанс избежать урона хаосом от ударов			explicit.stat_1563503803
Избегает получения урона хаосом от ударов		100	explicit.stat_1563503803
#% шанс избежать урона от холода от ударов			explicit.stat_3743375737
Избегает получения урона от холода от ударов		100	explicit.stat_3743375737
#% шанс избежать смерти от ударов			explicit.stat_1689729380
#% шанс избежать урона от огня от ударов			explicit.stat_42242677
Избегает получения урона от огня от ударов		100	explicit.stat_42242677
#% шанс избежать потерю Решимости от ударов врага, если недавно вы получали удар	n		sanctum.stat_2284543592
#% шанс избежать урона от молнии от ударов			explicit.stat_2889664727
Избегает получения урона от молнии от ударов		100	explicit.stat_2889664727
#% шанс избежать физического урона от ударов			explicit.stat_2415497478
Избегает получения физического урона от ударов		100	explicit.stat_2415497478
#% шанс избежать потерю Решимости от ударов врага			sanctum.stat_2878762585
#% шанс избежать получения проклятия			sanctum.stat_1960517795
Не может получить проклятие		100	sanctum.stat_1960517795
#% шанс ослепить врагов при нанесении удара атаками			explicit.stat_318953428,fractured.stat_318953428,desecrated.stat_318953428
Ослепляет врагов при нанесении удара атаками		100	explicit.stat_318953428,fractured.stat_318953428,desecrated.stat_318953428
#% шанс ослепить врагов при нанесении удара			enchant.stat_2301191210
#% шанс нанести дополнительный удар по цепи			explicit.stat_1028592286,implicit.stat_1028592286,fractured.stat_1028592286,crafted.stat_1028592286
Наносит дополнительный удар по цепи		100	explicit.stat_1028592286,implicit.stat_1028592286,fractured.stat_1028592286,crafted.stat_1028592286
#% шанс проклять врагов слабостью при блоке			explicit.stat_3830953767
Проклинает врагов слабостью при блоке		100	explicit.stat_3830953767
#% шанс получить колдовской выброс, когда вы наносите критический удар			explicit.stat_446027070,desecrated.stat_446027070
Дарует колдовской выброс, когда вы наносите критический удар		100	explicit.stat_446027070,desecrated.stat_446027070
#% шанс устрашить врагов на 4 секунды при нанесении удара			explicit.stat_78985352
Устрашает врагов на 4 секунды при нанесении удара		100	explicit.stat_78985352
#% шанс изувечить при нанесении удара			implicit.stat_2763429652,enchant.stat_2763429652
Накладывает увечье при нанесении удара		100	implicit.stat_2763429652,enchant.stat_2763429652
#% шанс пронзить врага			explicit.stat_2321178454,implicit.stat_2321178454,fractured.stat_2321178454,enchant.stat_2321178454,desecrated.stat_2321178454
#% шанс отравить при нанесении удара			explicit.stat_795138349,fractured.stat_795138349,desecrated.stat_795138349
Всегда отравляет при нанесении удара		100	explicit.stat_795138349,fractured.stat_795138349,desecrated.stat_795138349
#% шанс отравить при нанесении удара атаками			explicit.stat_3954735777,implicit.stat_3954735777
Всегда отравляет при нанесении удара атаками		100	explicit.stat_3954735777,implicit.stat_3954735777
#% шанс отравить врагов при нанесении урона от чар ударами			explicit.stat_1493211587
#% шанс отравить при нанесении удара этим оружием			explicit.stat_3885634897,enchant.stat_3885634897,rune.stat_3885634897
Всегда отравляет при нанесении удара этим оружием		100	explicit.stat_3885634897,enchant.stat_3885634897,rune.stat_3885634897
#% шанс добавить уникального монстра маяков ваал на карту			explicit.stat_3937291366
#% шанс избежать снаряда			explicit.stat_3452269808
Избегает снаряды		100	explicit.stat_3452269808
#% шанс получить отравление			explicit.stat_4250009622
#% шанс получить кровотечение при получении удара			explicit.stat_3423694372
#% шанс набрать дополнительное комбо при нанесении удара			explicit.stat_4258524206,fractured.stat_4258524206,rune.stat_4258524206,desecrated.stat_4258524206
Набирает дополнительное комбо при нанесении удара		100	explicit.stat_4258524206,fractured.stat_4258524206,rune.stat_4258524206,desecrated.stat_4258524206
#% шанс создать дополнительный сгусток			rune.stat_2328443419
#% шанс нанести ваш урон шипами при нанесении вами удара по врагам атаками в ближнем бою			explicit.stat_2880019685
#% шанс получить Архонта природы при разрастании ваших растений			explicit.stat_3518449420,fractured.stat_3518449420,crafted.stat_3518449420
#% шанс получить Боевой раж на 3 секунды, когда вы убиваете\nврага под действием Истощения Бездны			explicit.stat_3451259830
#% шанс получить Боевой раж при нанесении смертельных ударов этим оружием			explicit.stat_1881230714,fractured.stat_1881230714,crafted.stat_1881230714
#% шанс получить Нестабильность при убийстве			explicit.stat_3749502527,fractured.stat_3749502527
Дарует Нестабильность при убийстве		100	explicit.stat_3749502527,fractured.stat_3749502527
#% шанс получить заряд энергии при нанесении критического удара			explicit.stat_3814876985
Заряд энергии при нанесении критического удара		100	explicit.stat_3814876985
#% шанс получить заряд энергии при нанесении удара			explicit.stat_1453197917
#% шанс получения дополнительного кристала от маяков ваал на карте			explicit.stat_1940774881
#% шанс получить дополнительный случайный заряд когда вы получаете заряд			explicit.stat_504210122
Дарует дополнительный случайный заряд когда вы получаете заряд		100	explicit.stat_504210122
#% шанс наложить кровотечение при нанесении удара			explicit.stat_2174054121,explicit.stat_1519615863,fractured.stat_2174054121,rune.stat_2174054121,rune.stat_1519615863,desecrated.stat_2174054121,implicit.stat_1519615863,enchant.stat_1519615863
Всегда накладывает кровотечение при нанесении удара		100	explicit.stat_2174054121,explicit.stat_1519615863,fractured.stat_2174054121,rune.stat_2174054121,rune.stat_1519615863,desecrated.stat_2174054121,implicit.stat_1519615863,enchant.stat_1519615863
#% шанс наложить восприимчивость к молнии при нанесении удара			explicit.stat_3602667353
Накладывает восприимчивостьь к молнии при нанесении удара		100	explicit.stat_3602667353
#% шанс наложить истощение ударами на цели под действием Истощения Бездны			explicit.stat_2614251226
#% шанс загрузить болт во все умения самострела при убийстве			explicit.stat_3823990000
#% шанс при поглощении трупов не уничтожить их			explicit.stat_965913123
При поглощении трупов не уничтожает их		100	explicit.stat_965913123
#% шанс возродить одного из ваших постоянных приспешников, когда вы убиваете\nврага под действием Истощения Бездны			explicit.stat_19819865
#% шанс при использовании оберега использовать еще один оберег без расхода зарядов			explicit.stat_1949851472,desecrated.stat_1949851472
#% шанс при подборе стихийного насыщения получить дополнительное стихийное насыщение того же типа			explicit.stat_3927679277,desecrated.stat_3927679277
При подборе стихийного насыщения дарует дополнительное стихийное насыщение того же типа		100	explicit.stat_3927679277,desecrated.stat_3927679277
#% шанс сделать перезарядку вами самострела мгновенной			explicit.stat_2760344900,desecrated.stat_2760344900
#% шанс при получении вами заряда получить дополнительный заряд			explicit.stat_1555237944,rune.stat_1555237944
При получении вами заряда дарует дополнительный заряд		100	explicit.stat_1555237944,rune.stat_1555237944
#% шанс при получении вами заряда ярости получить дополнительный заряд ярости			rune.stat_2916861134
При получении вами заряда ярости дарует дополнительный заряд ярости		100	rune.stat_2916861134
#% шанс при получении вами заряда энергии получить дополнительный заряд энергии			explicit.stat_3537994888,rune.stat_3537994888
При получении вами заряда энергии дарует дополнительный заряд энергии		100	explicit.stat_3537994888,rune.stat_3537994888
#% шанс при получении вами заряда выносливости получить дополнительный заряд выносливости			rune.stat_1228682002
При получении вами заряда выносливости дарует дополнительный заряд выносливости		100	rune.stat_1228682002
На #% быстрее активация проклятия	n		explicit.stat_1104825894,fractured.stat_1104825894,desecrated.stat_1104825894
На #% медленнее активация проклятия	n		explicit.stat_1104825894,fractured.stat_1104825894,desecrated.stat_1104825894
Кувырок проходит на #% быстрее			explicit.stat_504054855
#% ускорение начала перезарядки энергетического щита			explicit.stat_1782086450,implicit.stat_1782086450,fractured.stat_1782086450,enchant.stat_1782086450,rune.stat_1782086450,desecrated.stat_1782086450
#% замедление начала перезарядки энергетического щита	n		explicit.stat_1782086450,implicit.stat_1782086450,fractured.stat_1782086450,enchant.stat_1782086450,rune.stat_1782086450,desecrated.stat_1782086450
#% повышение глобальной меткости			explicit.stat_624954515,implicit.stat_624954515,fractured.stat_624954515,rune.stat_624954515,desecrated.stat_624954515
#% снижение глобальной меткости	n		explicit.stat_624954515,implicit.stat_624954515,fractured.stat_624954515,rune.stat_624954515,desecrated.stat_624954515
#% увеличение меткости против врагов под действием Истощения Бездны			explicit.stat_4255854327
#% уменьшение меткости против врагов под действием Истощения Бездны	n		explicit.stat_4255854327
#% повышение меткости луками			explicit.stat_169946467,fractured.stat_169946467,desecrated.stat_169946467
#% снижение меткости луками	n		explicit.stat_169946467,fractured.stat_169946467,desecrated.stat_169946467
#% увеличение объёма восстановления			explicit.stat_700317374
#% уменьшение объёма восстановления	n		explicit.stat_700317374
#% увеличение длительности эффекта Архонта			explicit.stat_2158617060,fractured.stat_2158617060,desecrated.stat_2158617060,crafted.stat_2158617060
#% уменьшение длительности эффекта Архонта	n		explicit.stat_2158617060,fractured.stat_2158617060,desecrated.stat_2158617060,crafted.stat_2158617060
#% увеличение области действия			explicit.stat_280731498,fractured.stat_280731498,enchant.stat_280731498,rune.stat_280731498,desecrated.stat_280731498,crafted.stat_280731498
#% уменьшение области действия	n		explicit.stat_280731498,fractured.stat_280731498,enchant.stat_280731498,rune.stat_280731498,desecrated.stat_280731498,crafted.stat_280731498
#% увеличение области действия атак			explicit.stat_1840985759,implicit.stat_1840985759,fractured.stat_1840985759,desecrated.stat_1840985759,crafted.stat_1840985759
#% уменьшение области действия атак	n		explicit.stat_1840985759,implicit.stat_1840985759,fractured.stat_1840985759,desecrated.stat_1840985759,crafted.stat_1840985759
#% увеличение области действия атаками за каждые 10 интеллекта			explicit.stat_434750362
#% уменьшение области действия атаками за каждые 10 интеллекта	n		explicit.stat_434750362
#% увеличение области действия, если вы недавно совершали убийство			explicit.stat_3481736410
#% уменьшение области действия, если вы недавно совершали убийство	n		explicit.stat_3481736410
#% увеличение области действия проклятий			explicit.stat_153777645,fractured.stat_153777645,rune.stat_153777645,desecrated.stat_153777645
#% уменьшение области действия проклятий	n		explicit.stat_153777645,fractured.stat_153777645,rune.stat_153777645,desecrated.stat_153777645
#% повышение брони			explicit.stat_1062208444,explicit.stat_2866361420,fractured.stat_1062208444,fractured.stat_2866361420,enchant.stat_1062208444,enchant.stat_2866361420,desecrated.stat_1062208444,desecrated.stat_2866361420,sanctum.stat_1737465970,crafted.stat_1062208444,crafted.stat_2866361420
#% снижение брони	n		explicit.stat_1062208444,explicit.stat_2866361420,fractured.stat_1062208444,fractured.stat_2866361420,enchant.stat_1062208444,enchant.stat_2866361420,desecrated.stat_1062208444,desecrated.stat_2866361420,sanctum.stat_1737465970,crafted.stat_1062208444,crafted.stat_2866361420
#% увеличение длительности разрушения брони			explicit.stat_2637470878,fractured.stat_2637470878,desecrated.stat_2637470878
#% уменьшение длительности разрушения брони	n		explicit.stat_2637470878,fractured.stat_2637470878,desecrated.stat_2637470878
#% повышение брони и энергетического щита			explicit.stat_3321629045,fractured.stat_3321629045,enchant.stat_3321629045,desecrated.stat_3321629045,crafted.stat_3321629045
#% снижение брони и энергетического щита	n		explicit.stat_3321629045,fractured.stat_3321629045,enchant.stat_3321629045,desecrated.stat_3321629045,crafted.stat_3321629045
#% повышение брони и уклонения			explicit.stat_2451402625,fractured.stat_2451402625,enchant.stat_2451402625,desecrated.stat_2451402625,crafted.stat_2451402625
#% снижение брони и уклонения	n		explicit.stat_2451402625,fractured.stat_2451402625,enchant.stat_2451402625,desecrated.stat_2451402625,crafted.stat_2451402625
#% увеличение брони и уклонения при малом количестве рунического барьера			rune.stat_1392112423
#% уменьшение брони и уклонения при малом количестве рунического барьера	n		rune.stat_1392112423
#% увеличение брони от надетого нательного доспеха			explicit.stat_1015576579,desecrated.stat_1015576579
#% уменьшение брони от надетого нательного доспеха	n		explicit.stat_1015576579,desecrated.stat_1015576579
#% повышение брони, уклонения и энергетического щита			explicit.stat_3523867985,fractured.stat_3523867985,rune.stat_3523867985,desecrated.stat_3523867985,sanctum.stat_1016362888
#% увеличение брони, уклонения и энергетического щита			explicit.stat_3523867985,fractured.stat_3523867985,rune.stat_3523867985,desecrated.stat_3523867985,sanctum.stat_1016362888
#% снижение брони, уклонения и энергетического щита	n		explicit.stat_3523867985,fractured.stat_3523867985,rune.stat_3523867985,desecrated.stat_3523867985,sanctum.stat_1016362888
#% уменьшение брони, уклонения и энергетического щита	n		explicit.stat_3523867985,fractured.stat_3523867985,rune.stat_3523867985,desecrated.stat_3523867985,sanctum.stat_1016362888
#% увеличение брони, уклонения и энергетического щита от щита в руках			explicit.stat_2523933828,fractured.stat_2523933828,desecrated.stat_2523933828
#% уменьшение брони, уклонения и энергетического щита от щита в руках	n		explicit.stat_2523933828,fractured.stat_2523933828,desecrated.stat_2523933828
#% увеличение брони, уклонения и энергетического щита, пока ваш компаньон находится в вашем присутствии			rune.stat_2829985691
#% уменьшение брони, уклонения и энергетического щита, пока ваш компаньон находится в вашем присутствии	n		rune.stat_2829985691
#% повышение скорости стрел			explicit.stat_1207554355,implicit.stat_1207554355
#% снижение скорости стрел	n		explicit.stat_1207554355,implicit.stat_1207554355
#% увеличение урона от атак			explicit.stat_2843214518,fractured.stat_2843214518,desecrated.stat_2843214518,crafted.stat_2843214518
#% уменьшение урона от атак	n		explicit.stat_2843214518,fractured.stat_2843214518,desecrated.stat_2843214518,crafted.stat_2843214518
#% увеличение урона от атак по редким или уникальным врагам			rune.stat_2077615515
#% уменьшение урона от атак по редким или уникальным врагам	n		rune.stat_2077615515
#% увеличение урона от атак в окружении			explicit.stat_2879725899
#% уменьшение урона от атак в окружении	n		explicit.stat_2879725899
#% увеличение урона от атак, если мана не на низком уровне			explicit.stat_2462683918
#% уменьшение урона от атак, если мана не на низком уровне	n		explicit.stat_2462683918
#% увеличение урона от атак при малом количестве здоровья			explicit.stat_4246007234,desecrated.stat_4246007234
#% уменьшение урона от атак при малом количестве здоровья	n		explicit.stat_4246007234,desecrated.stat_4246007234
#% повышение скорости атаки			explicit.stat_210067635,explicit.stat_681332047,implicit.stat_681332047,fractured.stat_210067635,fractured.stat_681332047,enchant.stat_210067635,rune.stat_210067635,rune.stat_681332047,desecrated.stat_210067635,desecrated.stat_681332047,crafted.stat_210067635,crafted.stat_681332047
#% снижение скорости атаки	n		explicit.stat_210067635,explicit.stat_681332047,implicit.stat_681332047,fractured.stat_210067635,fractured.stat_681332047,enchant.stat_210067635,rune.stat_210067635,rune.stat_681332047,desecrated.stat_210067635,desecrated.stat_681332047,crafted.stat_210067635,crafted.stat_681332047
#% повышение скорости атаки, если вы недавно блокировали удар			rune.stat_3203854378
#% снижение скорости атаки, если вы недавно блокировали удар	n		rune.stat_3203854378
#% повышение скорости атаки за каждые 10 ловкости			explicit.stat_889691035
#% снижение скорости атаки за каждые 10 ловкости	n		explicit.stat_889691035
#% повышение скорости атаки за каждые 20 ловкости			explicit.stat_720908147
#% снижение скорости атаки за каждые 20 ловкости	n		explicit.stat_720908147
#% повышение скорости атаки за каждые 20 духа			explicit.stat_324579579
#% снижение скорости атаки за каждые 20 духа	n		explicit.stat_324579579
#% повышение скорости атаки за каждые 25 ловкости			explicit.stat_2241560081
#% повышение скорости атаки, пока поблизости находится редкий или уникальный враг			explicit.stat_314741699,desecrated.stat_314741699
#% снижение скорости атаки, пока поблизости находится редкий или уникальный враг	n		explicit.stat_314741699,desecrated.stat_314741699
#% повышение скорости атаки при недостающем руническом барьере			explicit.stat_325171970,fractured.stat_325171970,crafted.stat_325171970
#% снижение скорости атаки при недостающем руническом барьере	n		explicit.stat_325171970,fractured.stat_325171970,crafted.stat_325171970
#% повышение скорости атаки с полной маной			explicit.stat_4145314483
#% снижение скорости атаки с полной маной	n		explicit.stat_4145314483
#% повышение скорости атаки пока ваш компаньон находится в вашем присутствии			explicit.stat_299996,desecrated.stat_299996
#% снижение скорости атаки пока ваш компаньон находится в вашем присутствии	n		explicit.stat_299996,desecrated.stat_299996
#% повышение скорости атаки луками			explicit.stat_3759735052,fractured.stat_3759735052,desecrated.stat_3759735052
#% снижение скорости атаки луками	n		explicit.stat_3759735052,fractured.stat_3759735052,desecrated.stat_3759735052
#% повышение скорости атаки самострелами			explicit.stat_1135928777,fractured.stat_1135928777,desecrated.stat_1135928777
#% снижение скорости атаки самострелами	n		explicit.stat_1135928777,fractured.stat_1135928777,desecrated.stat_1135928777
#% повышение скорости атаки боевыми посохами			explicit.stat_3283482523,fractured.stat_3283482523,desecrated.stat_3283482523
#% снижение скорости атаки боевыми посохами	n		explicit.stat_3283482523,fractured.stat_3283482523,desecrated.stat_3283482523
#% повышение скорости атаки копьями			explicit.stat_1165163804,fractured.stat_1165163804,desecrated.stat_1165163804
#% снижение скорости атаки копьями	n		explicit.stat_1165163804,fractured.stat_1165163804,desecrated.stat_1165163804
#% повышение скорости атаки и сотворения чар			explicit.stat_2672805335
#% снижение скорости атаки и сотворения чар	n		explicit.stat_2672805335
#% повышение скорости атаки и сотворения чар, если недавно вы призывали тотем			explicit.stat_3910614548
#% снижение скорости атаки и сотворения чар, если недавно вы призывали тотем	n		explicit.stat_3910614548
#% увеличение требований к характеристикам			explicit.stat_3639275092,fractured.stat_3639275092,enchant.stat_3639275092,desecrated.stat_3639275092
#% снижение требований к характеристикам	n		explicit.stat_3639275092,fractured.stat_3639275092,enchant.stat_3639275092,desecrated.stat_3639275092
#% увеличение характеристик			explicit.stat_3143208761
#% уменьшение характеристик	n		explicit.stat_3143208761
#% увеличение характеристик за каждое заполненное гнездо			explicit.stat_2513318031
#% уменьшение характеристик за каждое заполненное гнездо	n		explicit.stat_2513318031
#% увеличение длительности кровотечения			explicit.stat_1459321413,implicit.stat_1459321413,fractured.stat_1459321413,desecrated.stat_1459321413
#% уменьшение длительности кровотечения	n		explicit.stat_1459321413,implicit.stat_1459321413,fractured.stat_1459321413,desecrated.stat_1459321413
#% усиление эффекта ослепления			explicit.stat_1585769763,fractured.stat_1585769763,desecrated.stat_1585769763
#% ослабление эффекта ослепления	n		explicit.stat_1585769763,fractured.stat_1585769763,desecrated.stat_1585769763
#% увеличение шанса блока			explicit.stat_2481353198,explicit.stat_4147897060,fractured.stat_2481353198,fractured.stat_4147897060,enchant.stat_2481353198,rune.stat_2481353198,desecrated.stat_2481353198,desecrated.stat_4147897060,crafted.stat_2481353198
#% уменьшение шанса блока	n		explicit.stat_2481353198,explicit.stat_4147897060,fractured.stat_2481353198,fractured.stat_4147897060,enchant.stat_2481353198,rune.stat_2481353198,desecrated.stat_2481353198,desecrated.stat_4147897060,crafted.stat_2481353198
#% увеличение шанса блока снарядов			explicit.stat_3583542124
#% увеличение шанса блока за каждые 100 суммарной брони на одетых доспехах			explicit.stat_2531622767
#% увеличение шанса блока, пока ваш компаньон находится в вашем присутствии			rune.stat_3087034595
#% уменьшение шанса блока, пока ваш компаньон находится в вашем присутствии	n		rune.stat_3087034595
#% повышение скорости болта			implicit.stat_1803308202
#% снижение скорости болта	n		implicit.stat_1803308202
#% повышение скорости сотворения чар			explicit.stat_2891184298,implicit.stat_2891184298,fractured.stat_2891184298,enchant.stat_2891184298,rune.stat_2891184298,desecrated.stat_2891184298,crafted.stat_2891184298
#% снижение скорости сотворения чар	n		explicit.stat_2891184298,implicit.stat_2891184298,fractured.stat_2891184298,enchant.stat_2891184298,rune.stat_2891184298,desecrated.stat_2891184298,crafted.stat_2891184298
#% повышение скорости сотворения чар во время действия эффекта любого флакона			explicit.stat_145581225,fractured.stat_145581225
#% повышение скорости сотворения чар за каждые отличные от других чары, которые вы сотворяли недавно			explicit.stat_1518586897,desecrated.stat_1518586897
#% снижение скорости сотворения чар за каждые отличные от других чары, которые вы сотворяли недавно	n		explicit.stat_1518586897,desecrated.stat_1518586897
#% повышение скорости сотворения чар, если вы недавно наносили критический удар			explicit.stat_1174076861
#% снижение скорости сотворения чар, если вы недавно наносили критический удар	n		explicit.stat_1174076861
#% повышение скорости сотворения чар за каждые 20 духа			explicit.stat_34174842
#% снижение скорости сотворения чар за каждые 20 духа	n		explicit.stat_34174842
#% повышение скорости сотворения чар при полном здоровье			explicit.stat_656291658,desecrated.stat_656291658
#% снижение скорости сотворения чар при полном здоровье	n		explicit.stat_656291658,desecrated.stat_656291658
#% повышение скорости сотворения чар при малом количестве здоровья			explicit.stat_1136768410,desecrated.stat_1136768410
#% снижение скорости сотворения чар при малом количестве здоровья	n		explicit.stat_1136768410,desecrated.stat_1136768410
#% повышение скорости сотворения чар при полной мане			explicit.stat_1914226331,desecrated.stat_1914226331
#% снижение скорости сотворения чар при полной мане	n		explicit.stat_1914226331,desecrated.stat_1914226331
#% увеличение шанса получить состояния при получении удара			explicit.stat_892489594
#% уменьшение шанса получить состояния при получении удара	n		explicit.stat_892489594
#% увеличение урона хаосом			explicit.stat_736967255,implicit.stat_736967255,fractured.stat_736967255,desecrated.stat_736967255,crafted.stat_736967255
#% уменьшение урона хаосом	n		explicit.stat_736967255,implicit.stat_736967255,fractured.stat_736967255,desecrated.stat_736967255,crafted.stat_736967255
#% увеличение урона хаосом за каждый надетый оскверненный предмет			implicit.stat_4004011170
#% уменьшение урона хаосом за каждый надетый оскверненный предмет	n		implicit.stat_4004011170
#% увеличение зарядов			explicit.stat_1366840608
#% уменьшение зарядов	n		explicit.stat_1366840608
#% увеличение количества получаемых зарядов			explicit.stat_3196823591
#% уменьшение количества получаемых зарядов	n		explicit.stat_3196823591
#% увеличение количества используемых зарядов			explicit.stat_388617051
#% увеличение количества используемых зарядов. -1% к этому значению при использовании			explicit.stat_388617051
#% уменьшение количества используемых зарядов	n		explicit.stat_388617051
#% уменьшение количества используемых зарядов. -1% к этому значению при использовании	n		explicit.stat_388617051
#% увеличение количества получаемых зарядов оберегов			explicit.stat_3585532255,implicit.stat_3585532255,fractured.stat_3585532255,rune.stat_3585532255,desecrated.stat_3585532255
#% уменьшение количества получаемых зарядов оберегов	n		explicit.stat_3585532255,implicit.stat_3585532255,fractured.stat_3585532255,rune.stat_3585532255,desecrated.stat_3585532255
#% увеличение длительности эффекта оберега			explicit.stat_1389754388,implicit.stat_1389754388,fractured.stat_1389754388,desecrated.stat_1389754388
#% уменьшение длительности эффекта оберега	n		explicit.stat_1389754388,implicit.stat_1389754388,fractured.stat_1389754388,desecrated.stat_1389754388
#% увеличение длительности охлаждения на врагах			explicit.stat_3485067555,fractured.stat_3485067555,desecrated.stat_3485067555
#% уменьшение длительности охлаждения на врагах	n		explicit.stat_3485067555,fractured.stat_3485067555,desecrated.stat_3485067555
#% увеличение урона от холода			explicit.stat_3291658075,fractured.stat_3291658075,desecrated.stat_3291658075,crafted.stat_3291658075
#% уменьшение урона от холода	n		explicit.stat_3291658075,fractured.stat_3291658075,desecrated.stat_3291658075,crafted.stat_3291658075
#% увеличение урона от холода, если за последние 8 секунд вы подбирали насыщение холодом			explicit.stat_1002535626,desecrated.stat_1002535626,crafted.stat_1002535626
#% повышение скорости перезарядки умений			explicit.stat_1004011302,fractured.stat_1004011302,enchant.stat_1004011302,rune.stat_1004011302,desecrated.stat_1004011302,crafted.stat_1004011302
#% снижение скорости перезарядки умений	n		explicit.stat_1004011302,fractured.stat_1004011302,enchant.stat_1004011302,rune.stat_1004011302,desecrated.stat_1004011302,crafted.stat_1004011302
#% повышение скорости перезарядки умений гранат			explicit.stat_1544773869,fractured.stat_1544773869,desecrated.stat_1544773869
#% снижение скорости перезарядки умений гранат	n		explicit.stat_1544773869,fractured.stat_1544773869,desecrated.stat_1544773869
#% увеличение длительности эффекта оскверненных оберегов			explicit.stat_1571268546
#% увеличение эффективности расхода ресурсов			explicit.stat_263495202,rune.stat_263495202,desecrated.stat_263495202
#% уменьшение эффективности расхода ресурсов	n		explicit.stat_263495202,rune.stat_263495202,desecrated.stat_263495202
#% увеличение эффективности расхода ресурсов атаками			explicit.stat_3350279336,desecrated.stat_3350279336
#% уменьшение эффективности расхода ресурсов атаками	n		explicit.stat_3350279336,desecrated.stat_3350279336
#% увеличение эффективности расхода ресурсов умениями, если недавно вы поглощали заряд энергии			explicit.stat_2369495153
#% уменьшение эффективности расхода ресурсов умениями, если недавно вы поглощали заряд энергии	n		explicit.stat_2369495153
#% повышение стоимости умений за каждые недавно потраченные 200 маны			explicit.stat_2650053239
#% снижение стоимости умений за каждые недавно потраченные 200 маны	n		explicit.stat_2650053239
#% увеличение бонуса к критическому урону			explicit.stat_3556824919,fractured.stat_3556824919,enchant.stat_3556824919,desecrated.stat_3556824919,crafted.stat_3556824919
#% уменьшение бонуса к критическому урону	n		explicit.stat_3556824919,fractured.stat_3556824919,enchant.stat_3556824919,desecrated.stat_3556824919,crafted.stat_3556824919
#% к бонусу критического урона для урона атаками			explicit.stat_3714003708,fractured.stat_3714003708,desecrated.stat_3714003708,crafted.stat_3714003708
#% увеличение бонуса к критическому урону, если недавно вы поглощали заряд энергии			explicit.stat_23669307
#% уменьшение бонуса к критическому урону, если недавно вы поглощали заряд энергии	n		explicit.stat_23669307
#% увеличение бонуса к критическому урону за заряд энергии			explicit.stat_4164870816
#% уменьшение бонуса к критическому урону за заряд энергии	n		explicit.stat_4164870816
#% увеличение бонуса к критическому урону пока на вас действует шок			explicit.stat_2408983956
#% уменьшение бонуса к критическому урону пока на вас действует шок	n		explicit.stat_2408983956
#% увеличение бонуса к критическому урону копьями			explicit.stat_2456523742,fractured.stat_2456523742,desecrated.stat_2456523742
#% повышение шанса критического удара			explicit.stat_587431675,fractured.stat_587431675,rune.stat_587431675,desecrated.stat_587431675
#% снижение шанса критического удара	n		explicit.stat_587431675,fractured.stat_587431675,rune.stat_587431675,desecrated.stat_587431675
#% увеличение шанса критического удара по помеченным врагам			explicit.stat_1045789614,desecrated.stat_1045789614
#% уменьшение шанса критического удара по помеченным врагам	n		explicit.stat_1045789614,desecrated.stat_1045789614
#% повышение шанса критического удара атаками			explicit.stat_2194114101,implicit.stat_2194114101,fractured.stat_2194114101,desecrated.stat_2194114101,crafted.stat_2194114101
#% снижение шанса критического удара атаками	n		explicit.stat_2194114101,implicit.stat_2194114101,fractured.stat_2194114101,desecrated.stat_2194114101,crafted.stat_2194114101
#% повышение шанса критического удара для чар			explicit.stat_737908626,fractured.stat_737908626,enchant.stat_737908626,rune.stat_737908626,desecrated.stat_737908626,crafted.stat_737908626
#% снижение шанса критического удара для чар	n		explicit.stat_737908626,fractured.stat_737908626,enchant.stat_737908626,rune.stat_737908626,desecrated.stat_737908626,crafted.stat_737908626
#% повышение шанса критического удара, если вы недавно не наносили критический удар			explicit.stat_2856328513
#% снижение шанса критического удара, если вы недавно не наносили критический удар	n		explicit.stat_2856328513
#% увеличение бонуса к критическому урону от чар			explicit.stat_274716455,fractured.stat_274716455,desecrated.stat_274716455,crafted.stat_274716455
#% уменьшение бонуса к критическому урону от чар	n		explicit.stat_274716455,fractured.stat_274716455,desecrated.stat_274716455,crafted.stat_274716455
#% увеличение бонуса критического урона от чар за каждый недавно нанесенный вами критический удар чарами			explicit.stat_2972244965
#% уменьшение бонуса критического урона от чар за каждый недавно нанесенный вами критический удар чарами	n		explicit.stat_2972244965
#% повышение скорости перезарядки самострела			explicit.stat_3192728503,fractured.stat_3192728503,desecrated.stat_3192728503
#% снижение скорости перезарядки самострела	n		explicit.stat_3192728503,fractured.stat_3192728503,desecrated.stat_3192728503
#% увеличение порога Добивания			explicit.stat_3563080185,desecrated.stat_3563080185
#% уменьшение порога Добивания	n		explicit.stat_3563080185,desecrated.stat_3563080185
#% увеличение длительности проклятий			explicit.stat_3824372849,fractured.stat_3824372849,rune.stat_3824372849,desecrated.stat_3824372849
#% уменьшение длительности проклятий	n		explicit.stat_3824372849,fractured.stat_3824372849,rune.stat_3824372849,desecrated.stat_3824372849
#% увеличение силы проклятий			explicit.stat_2353576063,fractured.stat_2353576063,enchant.stat_2353576063,rune.stat_2353576063,desecrated.stat_2353576063
#% уменьшение силы проклятий	n		explicit.stat_2353576063,fractured.stat_2353576063,enchant.stat_2353576063,rune.stat_2353576063,desecrated.stat_2353576063
#% увеличение урона			explicit.stat_2154246560,enchant.stat_2154246560
#% уменьшение урона	n		explicit.stat_2154246560,enchant.stat_2154246560
#% увеличение урона по врагам с полностью разрушенной бронёй			explicit.stat_2301718443,fractured.stat_2301718443,desecrated.stat_2301718443
#% уменьшение урона по врагам с полностью разрушенной бронёй	n		explicit.stat_2301718443,fractured.stat_2301718443,desecrated.stat_2301718443
#% увеличение урона по обездвиженным врагам			explicit.stat_3120508478
#% уменьшение урона по обездвиженным врагам	n		explicit.stat_3120508478
#% увеличение урона за каждый тип стихийного состояния на враге			explicit.stat_3388405805
#% уменьшение урона за каждый тип стихийного состояния на враге	n		explicit.stat_3388405805
#% увеличение урона, если вы недавно поглотили труп			explicit.stat_2118708619,fractured.stat_2118708619,desecrated.stat_2118708619
#% уменьшение урона, если вы недавно поглотили труп	n		explicit.stat_2118708619,fractured.stat_2118708619,desecrated.stat_2118708619
#% увеличение урона за каждое проклятие на вас			explicit.stat_1019020209
#% уменьшение урона за каждое проклятие на вас	n		explicit.stat_1019020209
#% увеличение урона за каждого приспешника			explicit.stat_3399499561
#% уменьшение урона за каждого приспешника	n		explicit.stat_3399499561
#% увеличение урона за каждого отдельного компаньона в вашем присутствии			rune.stat_3151560620
#% уменьшение урона за каждого отдельного компаньона в вашем присутствии	n		rune.stat_3151560620
#% увеличение получаемого урона			implicit.stat_3691641145
#% уменьшение получаемого урона	n		implicit.stat_3691641145
#% увеличение урона во время похищения			explicit.stat_310246444
#% уменьшение урона во время похищения	n		explicit.stat_310246444
#% увеличение урона будучи превращенным			explicit.stat_2440073079,fractured.stat_2440073079,desecrated.stat_2440073079
#% уменьшение урона будучи превращенным	n		explicit.stat_2440073079,fractured.stat_2440073079,desecrated.stat_2440073079
#% увеличение урона, если под вашим контролем находится тотем			explicit.stat_2543331226,desecrated.stat_2543331226
#% уменьшение урона, если под вашим контролем находится тотем	n		explicit.stat_2543331226,desecrated.stat_2543331226
#% увеличение урона, пока у вас активен оберег			explicit.stat_627767961,fractured.stat_627767961,desecrated.stat_627767961
#% уменьшение урона, пока у вас активен оберег	n		explicit.stat_627767961,fractured.stat_627767961,desecrated.stat_627767961
#% увеличение урона, пока в вашем присутствии находится компаньон			explicit.stat_693180608,desecrated.stat_693180608
#% уменьшение урона, пока в вашем присутствии находится компаньон	n		explicit.stat_693180608,desecrated.stat_693180608
#% увеличение урона умениями лука			explicit.stat_1241625305,fractured.stat_1241625305,desecrated.stat_1241625305,crafted.stat_1241625305
#% уменьшение урона умениями лука	n		explicit.stat_1241625305,fractured.stat_1241625305,desecrated.stat_1241625305,crafted.stat_1241625305
#% увеличение урона луками			explicit.stat_4188894176,fractured.stat_4188894176,desecrated.stat_4188894176
#% уменьшение урона луками	n		explicit.stat_4188894176,fractured.stat_4188894176,desecrated.stat_4188894176
#% увеличение урона самострелами			explicit.stat_427684353,fractured.stat_427684353,desecrated.stat_427684353
#% уменьшение урона самострелами	n		explicit.stat_427684353,fractured.stat_427684353,desecrated.stat_427684353
#% увеличение урона от ударов по редким и уникальным врагам			explicit.stat_1852872083,fractured.stat_1852872083,desecrated.stat_1852872083
#% уменьшение урона от ударов по редким и уникальным врагам	n		explicit.stat_1852872083,fractured.stat_1852872083,desecrated.stat_1852872083
#% увеличение урона от ударов по целям в вашем присутствии			explicit.stat_4015438188
#% уменьшение урона от ударов по целям в вашем присутствии	n		explicit.stat_4015438188
#% увеличение урона булавами			explicit.stat_1181419800,fractured.stat_1181419800,desecrated.stat_1181419800
#% уменьшение урона булавами	n		explicit.stat_1181419800,fractured.stat_1181419800,desecrated.stat_1181419800
#% увеличение урона умениями растений			explicit.stat_2518900926,fractured.stat_2518900926,desecrated.stat_2518900926
#% уменьшение урона умениями растений	n		explicit.stat_2518900926,fractured.stat_2518900926,desecrated.stat_2518900926
#% увеличение урона боевыми посохами			explicit.stat_4045894391,fractured.stat_4045894391,desecrated.stat_4045894391
#% уменьшение урона боевыми посохами	n		explicit.stat_4045894391,fractured.stat_4045894391,desecrated.stat_4045894391
#% увеличение урона копьями			explicit.stat_2696027455,fractured.stat_2696027455,desecrated.stat_2696027455
#% уменьшение урона копьями	n		explicit.stat_2696027455,fractured.stat_2696027455,desecrated.stat_2696027455
#% увеличение урона боевыми кличами			explicit.stat_1594812856,fractured.stat_1594812856,desecrated.stat_1594812856
#% уменьшение урона боевыми кличами	n		explicit.stat_1594812856,fractured.stat_1594812856,desecrated.stat_1594812856
#% повышение скорости накопления шкалы оцепенения			explicit.stat_1949833742
#% снижение скорости накопления шкалы оцепенения	n		explicit.stat_1949833742
#% увеличение отклонения ударов			explicit.stat_3040571529,rune.stat_3040571529,desecrated.stat_3040571529
#% уменьшение отклонения ударов	n		explicit.stat_3040571529,rune.stat_3040571529,desecrated.stat_3040571529
#% увеличение отклонения при передвижении			explicit.stat_1382805233,rune.stat_1382805233
#% уменьшение отклонения при передвижении	n		explicit.stat_1382805233,rune.stat_1382805233
#% увеличение силы очерненных свойств			explicit.stat_586037801
#% повышение ловкости			explicit.stat_4139681126,fractured.stat_4139681126,desecrated.stat_4139681126,crafted.stat_4139681126
#% снижение ловкости	n		explicit.stat_4139681126,fractured.stat_4139681126,desecrated.stat_4139681126,crafted.stat_4139681126
#% увеличение длительности			explicit.stat_1256719186,explicit.stat_2541588185
#% увеличение длительности. -1% от этого значения при использовании			explicit.stat_1256719186,explicit.stat_2541588185
#% уменьшение длительности	n		explicit.stat_1256719186,explicit.stat_2541588185
#% уменьшение длительности. -1% от этого значения при использовании	n		explicit.stat_1256719186,explicit.stat_2541588185
#% увеличение длительности состояний на вас			explicit.stat_548070846,fractured.stat_548070846,desecrated.stat_548070846
#% уменьшение длительности состояний на вас	n		explicit.stat_548070846,fractured.stat_548070846,desecrated.stat_548070846
#% увеличение длительности кровотечения на вас			explicit.stat_1692879867,fractured.stat_1692879867,desecrated.stat_1692879867
#% уменьшение длительности кровотечения на вас	n		explicit.stat_1692879867,fractured.stat_1692879867,desecrated.stat_1692879867
#% увеличение длительности проклятий на вас			explicit.stat_2920970371,implicit.stat_2920970371
#% уменьшение длительности проклятий на вас	n		explicit.stat_2920970371,implicit.stat_2920970371
#% увеличение длительности наносящих урон состояний на врагах			explicit.stat_1829102168,fractured.stat_1829102168,desecrated.stat_1829102168,crafted.stat_1829102168
#% уменьшение длительности наносящих урон состояний на врагах	n		explicit.stat_1829102168,fractured.stat_1829102168,desecrated.stat_1829102168,crafted.stat_1829102168
#% увеличение длительности стихийных состояний на врагах			explicit.stat_2604619892,desecrated.stat_2604619892
#% уменьшение длительности стихийных состояний на врагах	n		explicit.stat_2604619892,desecrated.stat_2604619892
#% увеличение длительности поджога, шока и охлаждения на врагах			explicit.stat_1062710370,fractured.stat_1062710370,desecrated.stat_1062710370
#% уменьшение длительности поджога, шока и охлаждения на врагах	n		explicit.stat_1062710370,fractured.stat_1062710370,desecrated.stat_1062710370
#% увеличение длительности накладываемых вами ядов, если недавно вы поглощали заряд ярости			explicit.stat_3841138199
#% уменьшение длительности накладываемых вами ядов, если недавно вы поглощали заряд ярости	n		explicit.stat_3841138199
#% усиление эффекта сгустков в области			explicit.stat_3078574625
#% усиление эффекта реликтов на ваших картах			explicit.stat_3078574625
#% усиление эффекта реликтов Экспедиции на карте			explicit.stat_3078574625
#% ослабление эффекта сгустков в области	n		explicit.stat_3078574625
#% ослабление эффекта реликтов на ваших картах	n		explicit.stat_3078574625
#% ослабление эффекта реликтов Экспедиции на карте	n		explicit.stat_3078574625
#% усиление эффекта гнёзд самоцветов в древе пассивных умений, содержащих оскверненные волшебные самоцветы	n		explicit.stat_461663422
#% усиление эффекта пассивных умений-гнезд самоцветов\nсодержащих оскверненные редкие самоцветы			explicit.stat_3128077011
#% ослабление эффекта пассивных умений-гнезд самоцветов\nсодержащих оскверненные редкие самоцветы	n		explicit.stat_3128077011
#% усиление эффекта не наносящих урон состояний на вас			rune.stat_1519474779
#% ослабление эффекта не наносящих урон состояний на вас	n		rune.stat_1519474779
#% усиление эффекта значимых пассивных умений в радиусе			explicit.stat_4234573345,fractured.stat_4234573345,desecrated.stat_4234573345
#% ослабление эффекта значимых пассивных умений в радиусе	n		explicit.stat_4234573345,fractured.stat_4234573345,desecrated.stat_4234573345
#% усиление эффекта свойств-префиксов			explicit.stat_1443502073,fractured.stat_1443502073,crafted.stat_1443502073
#% ослабление эффекта свойств-префиксов	n		explicit.stat_1443502073,fractured.stat_1443502073,crafted.stat_1443502073
#% усиление эффекта малых пассивных умений в радиусе			explicit.stat_1060572482,fractured.stat_1060572482,desecrated.stat_1060572482
#% ослабление эффекта малых пассивных умений в радиусе	n		explicit.stat_1060572482,fractured.stat_1060572482,desecrated.stat_1060572482
#% усиление эффекта свойств-суффиксов			explicit.stat_2475221757,fractured.stat_2475221757,crafted.stat_2475221757
#% ослабление эффекта свойств-суффиксов	n		explicit.stat_2475221757,fractured.stat_2475221757,crafted.stat_2475221757
#% усиление эффекта ваших умений меток			explicit.stat_712554801,fractured.stat_712554801,desecrated.stat_712554801,crafted.stat_712554801
#% ослабление эффекта ваших умений меток	n		explicit.stat_712554801,fractured.stat_712554801,desecrated.stat_712554801,crafted.stat_712554801
#% увеличение эффективности редких монстров Разлома			explicit.stat_2895378479
#% увеличение эффективности редких монстров Разлома на карте			explicit.stat_2895378479
#% уменьшение эффективности редких монстров Разлома	n		explicit.stat_2895378479
#% уменьшение эффективности редких монстров Разлома на карте	n		explicit.stat_2895378479
#% увеличение порога стихийных состояний			explicit.stat_3544800472,implicit.stat_3544800472,fractured.stat_3544800472,rune.stat_3544800472,desecrated.stat_3544800472
#% уменьшение порога стихийных состояний	n		explicit.stat_3544800472,implicit.stat_3544800472,fractured.stat_3544800472,rune.stat_3544800472,desecrated.stat_3544800472
#% увеличение урона от стихий			explicit.stat_3141070085,fractured.stat_3141070085,desecrated.stat_3141070085,crafted.stat_3141070085
#% уменьшение урона от стихий	n		explicit.stat_3141070085,fractured.stat_3141070085,desecrated.stat_3141070085,crafted.stat_3141070085
#% увеличение урона от стихий от умений атак			explicit.stat_387439868,fractured.stat_387439868,enchant.stat_387439868,rune.stat_387439868,desecrated.stat_387439868
#% уменьшение урона от стихий от умений атак	n		explicit.stat_387439868,fractured.stat_387439868,enchant.stat_387439868,rune.stat_387439868,desecrated.stat_387439868
#% увеличение длительности заряда выносливости			explicit.stat_1170174456
#% уменьшение длительности заряда выносливости	n		explicit.stat_1170174456
#% увеличение длительности зарядов энергии, ярости и выносливости			explicit.stat_2839036860
#% уменьшение длительности зарядов энергии, ярости и выносливости	n		explicit.stat_2839036860
#% увеличение энергетического щита			explicit.stat_4015621042,fractured.stat_4015621042,enchant.stat_4015621042,desecrated.stat_4015621042,crafted.stat_4015621042
#% уменьшение энергетического щита	n		explicit.stat_4015621042,fractured.stat_4015621042,enchant.stat_4015621042,desecrated.stat_4015621042,crafted.stat_4015621042
#% повышение скорости перезарядки энергетического щита			explicit.stat_2339757871,implicit.stat_2339757871,fractured.stat_2339757871,rune.stat_2339757871,desecrated.stat_2339757871,crafted.stat_2339757871
#% снижение скорости перезарядки энергетического щита	n		explicit.stat_2339757871,implicit.stat_2339757871,fractured.stat_2339757871,rune.stat_2339757871,desecrated.stat_2339757871,crafted.stat_2339757871
#% повышение скорости перезарядки энергетического щита, если недавно вы блокировали удар			explicit.stat_1079292660,desecrated.stat_1079292660
#% снижение скорости перезарядки энергетического щита, если недавно вы блокировали удар	n		explicit.stat_1079292660,desecrated.stat_1079292660
#% повышение скорости перезарядки энергетического щита за каждые 4 силы			explicit.stat_2408276841
#% снижение скорости перезарядки энергетического щита за каждые 4 силы	n		explicit.stat_2408276841
#% повышение скорости восстановления энергетического щита			explicit.stat_988575597
#% снижение скорости восстановления энергетического щита	n		explicit.stat_988575597
#% увеличение энергетического щита от надетого нательного доспеха			explicit.stat_1195319608,rune.stat_1195319608,desecrated.stat_1195319608
#% увеличение энергетического щита от фокуса в руках			explicit.stat_3174700878,fractured.stat_3174700878,rune.stat_3174700878,desecrated.stat_3174700878
#% уменьшение энергетического щита от фокуса в руках	n		explicit.stat_3174700878,fractured.stat_3174700878,rune.stat_3174700878,desecrated.stat_3174700878
#% увеличение уклонения			explicit.stat_124859000,explicit.stat_2106365538,fractured.stat_124859000,fractured.stat_2106365538,enchant.stat_124859000,enchant.stat_2106365538,desecrated.stat_124859000,desecrated.stat_2106365538,sanctum.stat_3882471944,crafted.stat_124859000,crafted.stat_2106365538
#% уменьшение уклонения	n		explicit.stat_124859000,explicit.stat_2106365538,fractured.stat_124859000,fractured.stat_2106365538,enchant.stat_124859000,enchant.stat_2106365538,desecrated.stat_124859000,desecrated.stat_2106365538,sanctum.stat_3882471944,crafted.stat_124859000,crafted.stat_2106365538
#% увеличение уклонения от вашего нательного доспеха			explicit.stat_3509362078,desecrated.stat_3509362078
#% уменьшение уклонения от вашего нательного доспеха	n		explicit.stat_3509362078,desecrated.stat_3509362078
#% увеличение уклонения, если вы недавно получали удар			explicit.stat_1073310669
#% уменьшение уклонения, если вы недавно получали удар	n		explicit.stat_1073310669
#% увеличение уклонения, если недавно вы совершали кувырок			explicit.stat_1040569494
#% уменьшение уклонения, если недавно вы совершали кувырок	n		explicit.stat_1040569494
#% увеличение глобального уклонения при полном здоровье			explicit.stat_88817332,rune.stat_88817332
#% уменьшение глобального уклонения при полном здоровье	n		explicit.stat_88817332,rune.stat_88817332
#% увеличение уклонения во время бега			explicit.stat_1586136369
#% уменьшение уклонения во время бега	n		explicit.stat_1586136369
#% увеличение уклонения и энергетического щита			explicit.stat_1999113824,fractured.stat_1999113824,enchant.stat_1999113824,desecrated.stat_1999113824,crafted.stat_1999113824
#% уменьшение уклонения и энергетического щита	n		explicit.stat_1999113824,fractured.stat_1999113824,enchant.stat_1999113824,desecrated.stat_1999113824,crafted.stat_1999113824
#% increased Expedition Explosive Area of Effect in Map			explicit.stat_3039133122
#% увеличение радиуса размещения взрывчатки в событии Экспедиции			explicit.stat_1539368271,implicit.stat_1539368271
#% увеличение радиуса размещения взрывчатки в событии Экспедиции на карте			explicit.stat_1539368271,implicit.stat_1539368271
#% уменьшение радиуса размещения взрывчатки в событии Экспедиции	n		explicit.stat_1539368271,implicit.stat_1539368271
#% уменьшение радиуса размещения взрывчатки в событии Экспедиции на карте	n		explicit.stat_1539368271,implicit.stat_1539368271
#% увеличение радиуса действия взрывчатки в событии Экспедиции			explicit.stat_3289828378,implicit.stat_3289828378
#% увеличение радиуса действия взрывчатки в событии Экспедиции на карте			explicit.stat_3289828378,implicit.stat_3289828378
#% уменьшение радиуса действия взрывчатки в событии Экспедиции	n		explicit.stat_3289828378,implicit.stat_3289828378
#% повышение редкости монстров Экспедиции на карте			explicit.stat_2905096233
#% увеличение количества получаемого опыта			explicit.stat_3666934677,rune.stat_3666934677
#% уменьшение количества получаемого опыта	n		explicit.stat_3666934677,rune.stat_3666934677
#% увеличение получаемого опыта			explicit.stat_57434274,fractured.stat_57434274
#% увеличение количества получаемого опыта на карте			explicit.stat_57434274,fractured.stat_57434274
#% увеличение количества опыта, получаемого на ваших картах			explicit.stat_57434274,fractured.stat_57434274
#% уменьшение количества получаемого опыта на карте	n		explicit.stat_57434274,fractured.stat_57434274
#% уменьшение количества опыта, получаемого на ваших картах	n		explicit.stat_57434274,fractured.stat_57434274
#% повышение значений добавленных свойств хаоса			explicit.stat_3196512240,fractured.stat_3196512240,desecrated.stat_3196512240
#% снижение значений добавленных свойств хаоса	n		explicit.stat_3196512240,fractured.stat_3196512240,desecrated.stat_3196512240
#% повышение значений добавленных свойств холода			explicit.stat_3206904707,fractured.stat_3206904707,desecrated.stat_3206904707
#% снижение значений добавленных свойств холода	n		explicit.stat_3206904707,fractured.stat_3206904707,desecrated.stat_3206904707
#% повышение значений добавленных свойств критических ударов			explicit.stat_2393315299,fractured.stat_2393315299,desecrated.stat_2393315299
#% снижение значений добавленных свойств критических ударов	n		explicit.stat_2393315299,fractured.stat_2393315299,desecrated.stat_2393315299
#% повышение значений добавленных свойств урона от стихий			explicit.stat_231689132,fractured.stat_231689132,desecrated.stat_231689132
#% снижение значений добавленных свойств урона от стихий	n		explicit.stat_231689132,fractured.stat_231689132,desecrated.stat_231689132
#% повышение значений добавленных свойств огня			explicit.stat_3574578302,fractured.stat_3574578302,desecrated.stat_3574578302
#% снижение значений добавленных свойств огня	n		explicit.stat_3574578302,fractured.stat_3574578302,desecrated.stat_3574578302
#% повышение значений добавленных свойств молнии			explicit.stat_3624940721,fractured.stat_3624940721,desecrated.stat_3624940721
#% снижение значений добавленных свойств молнии	n		explicit.stat_3624940721,fractured.stat_3624940721,desecrated.stat_3624940721
#% повышение значений добавленных свойств маны			explicit.stat_3514984677,fractured.stat_3514984677,desecrated.stat_3514984677
#% снижение значений добавленных свойств маны	n		explicit.stat_3514984677,fractured.stat_3514984677,desecrated.stat_3514984677
#% повышение значений добавленных физических свойств			explicit.stat_1335369947,fractured.stat_1335369947,desecrated.stat_1335369947
#% снижение значений добавленных физических свойств	n		explicit.stat_1335369947,fractured.stat_1335369947,desecrated.stat_1335369947
#% повышение значений добавленных свойств сопротивлений			explicit.stat_1972391381,fractured.stat_1972391381,crafted.stat_1972391381
#% снижение значений добавленных свойств сопротивлений	n		explicit.stat_1972391381,fractured.stat_1972391381,crafted.stat_1972391381
#% повышение значений добавленных свойств скорости			explicit.stat_363924732,fractured.stat_363924732,desecrated.stat_363924732
#% снижение значений добавленных свойств скорости	n		explicit.stat_363924732,fractured.stat_363924732,desecrated.stat_363924732
#% усиление эффекта восприимчивости			explicit.stat_2074866941,fractured.stat_2074866941,rune.stat_2074866941,desecrated.stat_2074866941,crafted.stat_2074866941
#% ослабление эффекта восприимчивости	n		explicit.stat_2074866941,fractured.stat_2074866941,rune.stat_2074866941,desecrated.stat_2074866941,crafted.stat_2074866941
#% увеличение урона от огня			explicit.stat_3962278098,fractured.stat_3962278098,rune.stat_3962278098,desecrated.stat_3962278098,crafted.stat_3962278098
#% уменьшение урона от огня	n		explicit.stat_3962278098,fractured.stat_3962278098,rune.stat_3962278098,desecrated.stat_3962278098,crafted.stat_3962278098
#% увеличение урона от огня, если за последние 8 секунд вы подбирали насыщение огнем			explicit.stat_3858572996,fractured.stat_3858572996,desecrated.stat_3858572996,crafted.stat_3858572996
#% увеличение силы Горючести			explicit.stat_2968503605,implicit.stat_2968503605,fractured.stat_2968503605,enchant.stat_2968503605,rune.stat_2968503605,desecrated.stat_2968503605
#% уменьшение силы Горючести	n		explicit.stat_2968503605,implicit.stat_2968503605,fractured.stat_2968503605,enchant.stat_2968503605,rune.stat_2968503605,desecrated.stat_2968503605
#% увеличение количества получаемых зарядов флакона			explicit.stat_1836676211,implicit.stat_1836676211,fractured.stat_1836676211,desecrated.stat_1836676211
#% уменьшение количества получаемых зарядов флакона	n		explicit.stat_1836676211,implicit.stat_1836676211,fractured.stat_1836676211,desecrated.stat_1836676211
#% увеличение длительности эффекта флакона			explicit.stat_3741323227,fractured.stat_3741323227,desecrated.stat_3741323227
#% уменьшение длительности эффекта флакона	n		explicit.stat_3741323227,fractured.stat_3741323227,desecrated.stat_3741323227
#% повышение скорости восстановления здоровья от флакона			explicit.stat_51994685,fractured.stat_51994685,desecrated.stat_51994685
#% снижение скорости восстановления здоровья от флакона	n		explicit.stat_51994685,fractured.stat_51994685,desecrated.stat_51994685
#% повышение скорости восстановления маны от флакона			explicit.stat_1412217137,fractured.stat_1412217137,desecrated.stat_1412217137
#% снижение скорости восстановления маны от флакона	n		explicit.stat_1412217137,fractured.stat_1412217137,desecrated.stat_1412217137
#% повышение скорости накопления шкалы заморозки			explicit.stat_473429811,implicit.stat_473429811,fractured.stat_473429811,enchant.stat_473429811,rune.stat_473429811,desecrated.stat_473429811
#% снижение скорости накопления шкалы заморозки	n		explicit.stat_473429811,implicit.stat_473429811,fractured.stat_473429811,enchant.stat_473429811,rune.stat_473429811,desecrated.stat_473429811
#% увеличение накопления шкалы заморозки, если недавно вы поглощали заряд энергии			explicit.stat_232701452,desecrated.stat_232701452
#% уменьшение накопления шкалы заморозки, если недавно вы поглощали заряд энергии	n		explicit.stat_232701452,desecrated.stat_232701452
#% повышение скорости накопления шкалы заморозки боевыми посохами			explicit.stat_1697447343,fractured.stat_1697447343,desecrated.stat_1697447343
#% снижение скорости накопления шкалы заморозки боевыми посохами	n		explicit.stat_1697447343,fractured.stat_1697447343,desecrated.stat_1697447343
#% увеличение длительности заморозки на врагах			explicit.stat_1073942215
#% уменьшение длительности заморозки на врагах	n		explicit.stat_1073942215
#% увеличение порога заморозки			explicit.stat_3780644166,fractured.stat_3780644166,enchant.stat_3780644166,desecrated.stat_3780644166
#% уменьшение порога заморозки	n		explicit.stat_3780644166,fractured.stat_3780644166,enchant.stat_3780644166,desecrated.stat_3780644166
#% увеличение глобальной брони, уклонения и энергетического щита			explicit.stat_1177404658,fractured.stat_1177404658,desecrated.stat_1177404658,crafted.stat_1177404658
#% уменьшение глобальной брони, уклонения и энергетического щита	n		explicit.stat_1177404658,fractured.stat_1177404658,desecrated.stat_1177404658,crafted.stat_1177404658
#% увеличение глобальной брони, уклонения и энергетического щита за каждое заполненное гнездо			explicit.stat_933768533
#% уменьшение глобальной брони, уклонения и энергетического щита за каждое заполненное гнездо	n		explicit.stat_933768533
#% увеличение глобального уклонения при малом количестве здоровья			explicit.stat_2695354435,rune.stat_2695354435
#% уменьшение глобального уклонения при малом количестве здоровья	n		explicit.stat_2695354435,rune.stat_2695354435
#% увеличение глобального физического урона			explicit.stat_1310194496,fractured.stat_1310194496,desecrated.stat_1310194496,crafted.stat_1310194496
#% уменьшение глобального физического урона	n		explicit.stat_1310194496,fractured.stat_1310194496,desecrated.stat_1310194496,crafted.stat_1310194496
#% повышение скорости накопления славы			explicit.stat_3143918757,fractured.stat_3143918757,rune.stat_3143918757,desecrated.stat_3143918757
#% снижение скорости накопления славы	n		explicit.stat_3143918757,fractured.stat_3143918757,rune.stat_3143918757,desecrated.stat_3143918757
#% повышение скорости накопления славы для умений знамен			explicit.stat_1869147066,fractured.stat_1869147066,desecrated.stat_1869147066
#% увеличение количества находимого на карте золота			explicit.stat_1276056105,explicit.stat_1133965702,fractured.stat_1276056105
#% увеличение количества золота, находимого в этой области			explicit.stat_1276056105,explicit.stat_1133965702,fractured.stat_1276056105
#% увеличение количества золота, находимого на ваших картах			explicit.stat_1276056105,explicit.stat_1133965702,fractured.stat_1276056105
#% уменьшение количества находимого на карте золота	n		explicit.stat_1276056105,explicit.stat_1133965702,fractured.stat_1276056105
#% уменьшение количества золота, находимого в этой области	n		explicit.stat_1276056105,explicit.stat_1133965702,fractured.stat_1276056105
#% уменьшение количества золота, находимого на ваших картах	n		explicit.stat_1276056105,explicit.stat_1133965702,fractured.stat_1276056105
#% увеличение урона гранат			explicit.stat_3131442032,desecrated.stat_3131442032
#% уменьшение урона гранат	n		explicit.stat_3131442032,desecrated.stat_3131442032
#% увеличение времени действия гранат			explicit.stat_1365232741,desecrated.stat_1365232741
#% уменьшение времени действия гранат	n		explicit.stat_1365232741,desecrated.stat_1365232741
#% увеличение урона помехами			explicit.stat_1697951953,fractured.stat_1697951953,desecrated.stat_1697951953
#% уменьшение урона помехами	n		explicit.stat_1697951953,fractured.stat_1697951953,desecrated.stat_1697951953
#% увеличение восстановления чести			sanctum.stat_1583320325
#% уменьшение восстановления чести	n		sanctum.stat_1583320325
#% увеличение здоровья ледяных кристаллов			explicit.stat_3274422940,desecrated.stat_3274422940
#% уменьшение здоровья ледяных кристаллов	n		explicit.stat_3274422940,desecrated.stat_3274422940
#% увеличение длительности поджога на врагах			explicit.stat_1086147743
#% уменьшение длительности поджога на врагах	n		explicit.stat_1086147743
#% увеличение силы поджога			explicit.stat_3791899485,implicit.stat_3791899485,fractured.stat_3791899485,enchant.stat_3791899485,rune.stat_3791899485,desecrated.stat_3791899485
#% уменьшение силы поджога	n		explicit.stat_3791899485,implicit.stat_3791899485,fractured.stat_3791899485,enchant.stat_3791899485,rune.stat_3791899485,desecrated.stat_3791899485
#% увеличение накопления шкалы обездвиживания			explicit.stat_330530785,rune.stat_330530785,desecrated.stat_330530785
#% уменьшение накопления шкалы обездвиживания	n		explicit.stat_330530785,rune.stat_330530785,desecrated.stat_330530785
#% увеличение накопления шкалы обездвиживания на целях под действием Истощения Бездны			explicit.stat_3893409915
#% повышение интеллекта			explicit.stat_656461285,fractured.stat_656461285,desecrated.stat_656461285,crafted.stat_656461285
#% снижение интеллекта	n		explicit.stat_656461285,fractured.stat_656461285,desecrated.stat_656461285,crafted.stat_656461285
#% увеличение дистанции отбрасывания			explicit.stat_565784293,fractured.stat_565784293,desecrated.stat_565784293
#% уменьшение дистанции отбрасывания	n		explicit.stat_565784293,fractured.stat_565784293,desecrated.stat_565784293
#% увеличение эффективности расхода здоровья			explicit.stat_310945763,rune.stat_310945763,desecrated.stat_310945763
#% уменьшение эффективности расхода здоровья	n		explicit.stat_310945763,rune.stat_310945763,desecrated.stat_310945763
#% увеличение количества получаемых зарядов флакона здоровья			explicit.stat_4009879772,fractured.stat_4009879772,desecrated.stat_4009879772
#% уменьшение количества получаемых зарядов флакона здоровья	n		explicit.stat_4009879772,fractured.stat_4009879772,desecrated.stat_4009879772
#% увеличение восстанавливаемого здоровья			explicit.stat_1261982764
#% уменьшение восстанавливаемого здоровья	n		explicit.stat_1261982764
#% увеличение восстановления здоровья от флаконов			explicit.stat_821241191,implicit.stat_821241191,fractured.stat_821241191,desecrated.stat_821241191
#% уменьшение восстановления здоровья от флаконов	n		explicit.stat_821241191,implicit.stat_821241191,fractured.stat_821241191,desecrated.stat_821241191
#% повышение скорости восстановления здоровья			explicit.stat_3240073117
#% снижение скорости восстановления здоровья	n		explicit.stat_3240073117
#% повышение скорости регенерации здоровья при движении			explicit.stat_2116424886,desecrated.stat_2116424886
#% снижение скорости регенерации здоровья при движении	n		explicit.stat_2116424886,desecrated.stat_2116424886
#% повышение скорости регенерации здоровья			explicit.stat_44972811,fractured.stat_44972811,enchant.stat_44972811,rune.stat_44972811,desecrated.stat_44972811,crafted.stat_44972811
#% снижение скорости регенерации здоровья	n		explicit.stat_44972811,fractured.stat_44972811,enchant.stat_44972811,rune.stat_44972811,desecrated.stat_44972811,crafted.stat_44972811
#% увеличение регенерации здоровья во время действия эффекта любого флакона здоровья			explicit.stat_1261076060,desecrated.stat_1261076060
#% уменьшение регенерации здоровья во время действия эффекта любого флакона здоровья	n		explicit.stat_1261076060,desecrated.stat_1261076060
#% повышение скорости регенерации здоровья будучи окруженным			explicit.stat_3084372306
#% снижение скорости регенерации здоровья будучи окруженным	n		explicit.stat_3084372306
#% увеличение восстановления здоровья и маны от флаконов			explicit.stat_2310741722,rune.stat_2310741722
#% уменьшение восстановления здоровья и маны от флаконов	n		explicit.stat_2310741722,rune.stat_2310741722
#% увеличение радиуса обзора			explicit.stat_1263695895,fractured.stat_1263695895,desecrated.stat_1263695895
#% уменьшение радиуса обзора	n		explicit.stat_1263695895,fractured.stat_1263695895,desecrated.stat_1263695895
#% увеличение урона от молнии			explicit.stat_2231156303,implicit.stat_2231156303,fractured.stat_2231156303,desecrated.stat_2231156303,crafted.stat_2231156303
#% уменьшение урона от молнии	n		explicit.stat_2231156303,implicit.stat_2231156303,fractured.stat_2231156303,desecrated.stat_2231156303,crafted.stat_2231156303
#% увеличение урона от молнии, если за последние 8 секунд вы подбирали насыщение молнией			explicit.stat_797289402,desecrated.stat_797289402,crafted.stat_797289402
#% увеличение размера волшебной группы			explicit.stat_1714706956,fractured.stat_1714706956
#% уменьшение размера волшебной группы	n		explicit.stat_1714706956,fractured.stat_1714706956
#% увеличение силы накладываемого вамиИстощения Бездны			explicit.stat_4043376133,desecrated.stat_4043376133
#% уменьшение силы накладываемого вамиИстощения Бездны	n		explicit.stat_4043376133,desecrated.stat_4043376133
#% увеличение силы накладываемых вами состояний			explicit.stat_1303248024,fractured.stat_1303248024,desecrated.stat_1303248024,crafted.stat_1303248024
#% уменьшение силы накладываемых вами состояний	n		explicit.stat_1303248024,fractured.stat_1303248024,desecrated.stat_1303248024,crafted.stat_1303248024
#% увеличение силы накладываемого вами кровотечения			explicit.stat_3166958180,implicit.stat_3166958180,fractured.stat_3166958180,rune.stat_3166958180,desecrated.stat_3166958180
#% уменьшение силы накладываемого вами кровотечения	n		explicit.stat_3166958180,implicit.stat_3166958180,fractured.stat_3166958180,rune.stat_3166958180,desecrated.stat_3166958180
#% увеличение силы накладываемого вами охлаждения			explicit.stat_828179689
#% уменьшение силы накладываемого вами охлаждения	n		explicit.stat_828179689
#% увеличение силы накладываемых вами наносящих урон состояний			explicit.stat_1381474422,rune.stat_1381474422,desecrated.stat_1381474422
#% уменьшение силы накладываемых вами наносящих урон состояний	n		explicit.stat_1381474422,rune.stat_1381474422,desecrated.stat_1381474422
#% увеличение силы наносящих урон состояний, накладываемых вашими критическими ударами			explicit.stat_440490623,fractured.stat_440490623,desecrated.stat_440490623
#% уменьшение силы наносящих урон состояний, накладываемых вашими критическими ударами	n		explicit.stat_440490623,fractured.stat_440490623,desecrated.stat_440490623
#% увеличение силы накладываемых вашими чарами стихийных состояний			explicit.stat_3621874554,desecrated.stat_3621874554,crafted.stat_3621874554
#% уменьшение силы накладываемых вашими чарами стихийных состояний	n		explicit.stat_3621874554,desecrated.stat_3621874554,crafted.stat_3621874554
#% увеличение силы поджога, если недавно вы поглощали заряд выносливости			explicit.stat_916833363,desecrated.stat_916833363
#% уменьшение силы поджога, если недавно вы поглощали заряд выносливости	n		explicit.stat_916833363,desecrated.stat_916833363
#% увеличение силы накладываемых чарами Проколов			explicit.stat_4259875040,desecrated.stat_4259875040,crafted.stat_4259875040
#% уменьшение силы накладываемых чарами Проколов	n		explicit.stat_4259875040,desecrated.stat_4259875040,crafted.stat_4259875040
#% увеличение силы накладываемых вами не наносящих урон состояний			rune.stat_782230869
#% уменьшение силы накладываемых вами не наносящих урон состояний	n		rune.stat_782230869
#% увеличение силы накладываемого вами отравления			explicit.stat_2487305362,fractured.stat_2487305362,rune.stat_2487305362,desecrated.stat_2487305362
#% уменьшение силы накладываемого вами отравления	n		explicit.stat_2487305362,fractured.stat_2487305362,rune.stat_2487305362,desecrated.stat_2487305362
#% увеличение силы накладываемого вами на не отравленные цели яда			explicit.stat_1864159246
#% уменьшение силы накладываемого вами на не отравленные цели яда	n		explicit.stat_1864159246
#% увеличение силы ядов, накладываемых вами пока вы отравлены			explicit.stat_120969026
#% уменьшение силы ядов, накладываемых вами пока вы отравлены	n		explicit.stat_120969026
#% увеличение силы шока, если недавно вы поглощали заряд ярости			explicit.stat_324210709,desecrated.stat_324210709
#% уменьшение силы шока, если недавно вы поглощали заряд ярости	n		explicit.stat_324210709,desecrated.stat_324210709
#% увеличение силы накладываемого вами шока			explicit.stat_2527686725,implicit.stat_2527686725,fractured.stat_2527686725,enchant.stat_2527686725,rune.stat_2527686725,desecrated.stat_2527686725
#% уменьшение силы накладываемого вами шока	n		explicit.stat_2527686725,implicit.stat_2527686725,fractured.stat_2527686725,enchant.stat_2527686725,rune.stat_2527686725,desecrated.stat_2527686725
#% увеличение силы даруемого вами Нечестивого могущества			explicit.stat_2725205297,desecrated.stat_2725205297
#% уменьшение силы даруемого вами Нечестивого могущества	n		explicit.stat_2725205297,desecrated.stat_2725205297
#% увеличение эффективности расхода маны			explicit.stat_4101445926,fractured.stat_4101445926,desecrated.stat_4101445926,crafted.stat_4101445926
#% уменьшение эффективности расхода маны	n		explicit.stat_4101445926,fractured.stat_4101445926,desecrated.stat_4101445926,crafted.stat_4101445926
#% увеличение эффективности расхода маны, если недавно вы совершали кувырок			explicit.stat_3396435291,desecrated.stat_3396435291
#% уменьшение эффективности расхода маны, если недавно вы совершали кувырок	n		explicit.stat_3396435291,desecrated.stat_3396435291
#% увеличение эффективности расхода маны, если недавно вы не совершали кувырок			rune.stat_2876843277
#% уменьшение эффективности расхода маны, если недавно вы не совершали кувырок	n		rune.stat_2876843277
#% увеличение эффективности расхода маны умениями-приказами			rune.stat_553018427
#% уменьшение эффективности расхода маны умениями-приказами	n		rune.stat_553018427
#% увеличение эффективности расхода маны чарами			explicit.stat_2653231923,fractured.stat_2653231923,desecrated.stat_2653231923
#% уменьшение эффективности расхода маны чарами	n		explicit.stat_2653231923,fractured.stat_2653231923,desecrated.stat_2653231923
#% увеличение количества получаемых зарядов флакона маны			explicit.stat_3590792340,fractured.stat_3590792340,desecrated.stat_3590792340
#% уменьшение количества получаемых зарядов флакона маны	n		explicit.stat_3590792340,fractured.stat_3590792340,desecrated.stat_3590792340
#% увеличение восстанавливаемой маны			explicit.stat_1811130680
#% уменьшение восстанавливаемой маны	n		explicit.stat_1811130680
#% увеличение восстановления маны от флаконов			explicit.stat_2222186378,implicit.stat_2222186378,fractured.stat_2222186378,desecrated.stat_2222186378
#% уменьшение восстановления маны от флаконов	n		explicit.stat_2222186378,implicit.stat_2222186378,fractured.stat_2222186378,desecrated.stat_2222186378
#% повышение скорости восстановления маны, пока ваш компаньон находится в вашем присутствии			rune.stat_1779262102
#% снижение скорости восстановления маны, пока ваш компаньон находится в вашем присутствии	n		rune.stat_1779262102
#% повышение скорости регенерации маны			explicit.stat_789117908,implicit.stat_789117908,fractured.stat_789117908,enchant.stat_789117908,rune.stat_789117908,desecrated.stat_789117908,crafted.stat_789117908
#% снижение скорости регенерации маны	n		explicit.stat_789117908,implicit.stat_789117908,fractured.stat_789117908,enchant.stat_789117908,rune.stat_789117908,desecrated.stat_789117908,crafted.stat_789117908
#% повышение скорости регенерации маны, если недавно вы наносили критический удар			explicit.stat_1659564104
#% снижение скорости регенерации маны, если недавно вы наносили критический удар	n		explicit.stat_1659564104
#% повышение скорости регенерации маны за заряд Хрупкого восстановления			explicit.stat_344174146
#% снижение скорости регенерации маны за заряд Хрупкого восстановления	n		explicit.stat_344174146
#% повышение скорости регенерации маны будучи окруженным			explicit.stat_1895238057
#% снижение скорости регенерации маны будучи окруженным	n		explicit.stat_1895238057
#% повышение скорости регенерации маны во время передвижения			explicit.stat_1327522346,desecrated.stat_1327522346
#% снижение скорости регенерации маны во время передвижения	n		explicit.stat_1327522346,desecrated.stat_1327522346
#% повышение скорости регенерации маны при нахождении на одном месте			explicit.stat_3308030688,desecrated.stat_3308030688
#% снижение скорости регенерации маны при нахождении на одном месте	n		explicit.stat_3308030688,desecrated.stat_3308030688
#% увеличение максимума здоровья за каждый надетый оскверненный предмет			implicit.stat_4169430079,rune.stat_4169430079
#% уменьшение максимума здоровья за каждый надетый оскверненный предмет	n		implicit.stat_4169430079,rune.stat_4169430079
#% увеличение максимума здоровья за каждое заполненное гнездо			explicit.stat_2702182380
#% уменьшение максимума здоровья за каждое заполненное гнездо	n		explicit.stat_2702182380
#% увеличение максимума здоровья за каждый Великий образ			explicit.stat_332217711
#% уменьшение максимума здоровья за каждый Великий образ	n		explicit.stat_332217711
#% увеличение максимума маны за каждое заполненное гнездо			explicit.stat_911712882
#% уменбшение максимума маны за каждое заполненное гнездо	n		explicit.stat_911712882
#% увеличение урона в ближнем бою			explicit.stat_1002362373,fractured.stat_1002362373,desecrated.stat_1002362373
#% уменьшение урона в ближнем бою	n		explicit.stat_1002362373,fractured.stat_1002362373,desecrated.stat_1002362373
#% увеличение урона в ближнем бою по врагам с сильным оглушением			explicit.stat_2677352961
#% уменьшение урона в ближнем бою по врагам с сильным оглушением	n		explicit.stat_2677352961
#% увеличение урона в ближнем бою, если за последние восемь секунд вы наносили удар снарядами атак			explicit.stat_3028809864,fractured.stat_3028809864,desecrated.stat_3028809864
#% уменьшение урона в ближнем бою, если за последние восемь секунд вы наносили удар снарядами атак	n		explicit.stat_3028809864,fractured.stat_3028809864,desecrated.stat_3028809864
#% увеличение дальности ударов этим оружием в ближнем бою			explicit.stat_548198834,implicit.stat_548198834,enchant.stat_548198834
#% уменьшение дальности ударов этим оружием в ближнем бою	n		explicit.stat_548198834,implicit.stat_548198834,enchant.stat_548198834
#% повышение цен у торговца			sanctum.stat_3096446459
#% снижение цен у торговца	n		sanctum.stat_3096446459
#% повышение меткости приспешников			explicit.stat_1718147982,fractured.stat_1718147982
#% снижение меткости приспешников	n		explicit.stat_1718147982,fractured.stat_1718147982
#% увеличение урона приспешников за каждое отдельное умение-приказ, используемое за последние 15 секунд			explicit.stat_3526763442,desecrated.stat_3526763442,crafted.stat_3526763442
#% уменьшение урона приспешников за каждое отдельное умение-приказ, используемое за последние 15 секунд	n		explicit.stat_3526763442,desecrated.stat_3526763442,crafted.stat_3526763442
#% увеличение времени существования приспешников			explicit.stat_999511066,desecrated.stat_999511066,crafted.stat_999511066
#% уменьшение времени существования приспешников	n		explicit.stat_999511066,desecrated.stat_999511066,crafted.stat_999511066
#% повышение скорости атаки монстров			explicit.stat_1913583994,fractured.stat_1913583994,desecrated.stat_1913583994
#% повышение скорости сотворения чар монстров			explicit.stat_2488361432,fractured.stat_2488361432,desecrated.stat_2488361432
#% увеличение урона монстров			explicit.stat_1890519597,fractured.stat_1890519597,desecrated.stat_1890519597,sanctum.stat_1890519597
#% повышение скорости передвижения монстров			explicit.stat_2306522833,fractured.stat_2306522833,desecrated.stat_2306522833
#% снижение скорости передвижения монстров	n		explicit.stat_2306522833,fractured.stat_2306522833,desecrated.stat_2306522833
#% повышение скорости передвижения			explicit.stat_2250533757,implicit.stat_2250533757,fractured.stat_2250533757,enchant.stat_2250533757,rune.stat_2250533757,desecrated.stat_2250533757,sanctum.stat_1416455556,crafted.stat_2250533757
Скорость передвижения игроков повышена на #%			explicit.stat_2250533757,implicit.stat_2250533757,fractured.stat_2250533757,enchant.stat_2250533757,rune.stat_2250533757,desecrated.stat_2250533757,sanctum.stat_1416455556,crafted.stat_2250533757
#% снижение скорости передвижения	n		explicit.stat_2250533757,implicit.stat_2250533757,fractured.stat_2250533757,enchant.stat_2250533757,rune.stat_2250533757,desecrated.stat_2250533757,sanctum.stat_1416455556,crafted.stat_2250533757
Скорость передвижения игроков снижена на #%	n		explicit.stat_2250533757,implicit.stat_2250533757,fractured.stat_2250533757,enchant.stat_2250533757,rune.stat_2250533757,desecrated.stat_2250533757,sanctum.stat_1416455556,crafted.stat_2250533757
#% увеличение штрафа к скорости передвижения при использовании умений во время движения			explicit.stat_2590797182,implicit.stat_2590797182,rune.stat_2590797182,desecrated.stat_2590797182
#% уменьшение штрафа к скорости передвижения при использовании умений во время движения	n		explicit.stat_2590797182,implicit.stat_2590797182,rune.stat_2590797182,desecrated.stat_2590797182
#% повышение скорости передвижения за каждые 15 духа, вплоть до максимума в 40%\nДругие модификаторы скорости передвижения, кроме бега, не применяются			rune.stat_2703838669
#% повышение скорости передвижения за заряд ярости			explicit.stat_1541516339
#% повышение скорости передвижения при полном здоровье			explicit.stat_3393547195,rune.stat_3393547195
#% снижение скорости передвижения при полном здоровье	n		explicit.stat_3393547195,rune.stat_3393547195
#% повышение скорости передвижения при малом количестве здоровья			rune.stat_649025131
#% снижение скорости передвижения при малом количестве здоровья	n		rune.stat_649025131
#% повышение скорости передвижения во время бега			explicit.stat_3107707789,fractured.stat_3107707789,rune.stat_3107707789,desecrated.stat_3107707789
#% снижение скорости передвижения во время бега	n		explicit.stat_3107707789,fractured.stat_3107707789,rune.stat_3107707789,desecrated.stat_3107707789
#% повышение скорости передвижения во время бега за каждого постоянного приспешника			rune.stat_3639405795
#% снижение скорости передвижения во время бега за каждого постоянного приспешника	n		rune.stat_3639405795
#% повышение скорости передвижения под действием состояний			explicit.stat_610276769
#% снижение скорости передвижения под действием состояний	n		explicit.stat_610276769
#% увеличение размера групп монстров вокруг маяков ваал на карте			explicit.stat_890040946
#% увеличение размера групп монстров			explicit.stat_2017682521,enchant.stat_2017682521
#% увеличение размера групп монстров на карте			explicit.stat_2017682521,enchant.stat_2017682521
#% уменьшение размера групп монстров на карте			explicit.stat_2017682521,enchant.stat_2017682521
#% уменьшение размера групп монстров	n		explicit.stat_2017682521,enchant.stat_2017682521
#% увеличение длительности эффекта Парирован			explicit.stat_3401186585,fractured.stat_3401186585,desecrated.stat_3401186585
#% уменьшение длительности эффекта Парирован	n		explicit.stat_3401186585,fractured.stat_3401186585,desecrated.stat_3401186585
#% увеличение силы отрицательного эффекта Парирован			explicit.stat_818877178,rune.stat_818877178,desecrated.stat_818877178
#% уменьшение силы отрицательного эффекта Парирован	n		explicit.stat_818877178,rune.stat_818877178,desecrated.stat_818877178
#% увеличение урона Парирования			explicit.stat_1569159338,fractured.stat_1569159338,desecrated.stat_1569159338
#% уменьшение урона Парирования	n		explicit.stat_1569159338,fractured.stat_1569159338,desecrated.stat_1569159338
#% увеличение физического урона			explicit.stat_1509134228,fractured.stat_1509134228,enchant.stat_1509134228,rune.stat_1509134228,desecrated.stat_1509134228,crafted.stat_1509134228
#% уменьшение физического урона	n		explicit.stat_1509134228,fractured.stat_1509134228,enchant.stat_1509134228,rune.stat_1509134228,desecrated.stat_1509134228,crafted.stat_1509134228
Не наносит физический урон		-100	explicit.stat_1509134228,fractured.stat_1509134228,enchant.stat_1509134228,rune.stat_1509134228,desecrated.stat_1509134228,crafted.stat_1509134228
#% повышение скорости накопления шкалы пригвождения			explicit.stat_3473929743,fractured.stat_3473929743,desecrated.stat_3473929743
#% снижение скорости накопления шкалы пригвождения	n		explicit.stat_3473929743,fractured.stat_3473929743,desecrated.stat_3473929743
#% увеличение длительности пригвождения			rune.stat_3985867204
#% уменьшение длительности пригвождения	n		rune.stat_3985867204
#% увеличение длительности яда			explicit.stat_2011656677,fractured.stat_2011656677,rune.stat_2011656677,desecrated.stat_2011656677
#% уменьшение длительности яда	n		explicit.stat_2011656677,fractured.stat_2011656677,rune.stat_2011656677,desecrated.stat_2011656677
#% увеличение длительности отравления на вас			explicit.stat_3301100256,fractured.stat_3301100256,desecrated.stat_3301100256
#% уменьшение длительности отравления на вас	n		explicit.stat_3301100256,fractured.stat_3301100256,desecrated.stat_3301100256
#% увеличение длительности заряда энергии			explicit.stat_3872306017
#% уменьшение длительности заряда энергии	n		explicit.stat_3872306017
#% увеличение области действия присутствия			explicit.stat_101878827,fractured.stat_101878827,enchant.stat_101878827,rune.stat_101878827,desecrated.stat_101878827,crafted.stat_101878827
#% уменьшение области действия присутствия	n		explicit.stat_101878827,fractured.stat_101878827,enchant.stat_101878827,rune.stat_101878827,desecrated.stat_101878827,crafted.stat_101878827
#% увеличение урона снарядов			explicit.stat_1839076647,fractured.stat_1839076647,desecrated.stat_1839076647
#% уменьшение урона снарядов	n		explicit.stat_1839076647,fractured.stat_1839076647,desecrated.stat_1839076647
#% увеличение урона снарядами, если за последние восемь секунд вы наносили удар в ближнем бою			explicit.stat_3596695232,fractured.stat_3596695232,desecrated.stat_3596695232
#% уменьшение урона снарядами, если за последние восемь секунд вы наносили удар в ближнем бою	n		explicit.stat_3596695232,fractured.stat_3596695232,desecrated.stat_3596695232
#% увеличение дальности полета снарядов			implicit.stat_3398402065
#% уменьшение дальности полета снарядов	n		implicit.stat_3398402065
#% повышение скорости снарядов			explicit.stat_3759663284,fractured.stat_3759663284,rune.stat_3759663284,desecrated.stat_3759663284
#% снижение скорости снарядов	n		explicit.stat_3759663284,fractured.stat_3759663284,rune.stat_3759663284,desecrated.stat_3759663284
#% повышение скорости снарядов для умений чар			explicit.stat_3359797958
#% снижение скорости снарядов для умений чар	n		explicit.stat_3359797958
#% повышение скорости снарядов от этого оружия			explicit.stat_535217483,implicit.stat_535217483
#% снижение скорости снарядов от этого оружия	n		explicit.stat_535217483,implicit.stat_535217483
#% увеличение количества осколков Разлома, выпадающих из монстров Разлома на карте			explicit.stat_624534143
#% увеличение количества осколков Разлома, выпадающих из монстров Разлома в области			explicit.stat_624534143
#% увеличение количества осколков Разлома, выпадающих из монстров Разлома на ваших картах			explicit.stat_624534143
#% уменьшение количества осколков Разлома, выпадающих из монстров Разлома на карте	n		explicit.stat_624534143
#% уменьшение количества осколков Разлома, выпадающих из монстров Разлома в области	n		explicit.stat_624534143
#% уменьшение количества осколков Разлома, выпадающих из монстров Разлома на ваших картах	n		explicit.stat_624534143
#% увеличение количества журналов экспедиции, выпадающих из рунических монстров			explicit.stat_1083387327
#% увеличение количества журналов Экспедиции, выпадающих из рунических монстров на карте			explicit.stat_1083387327
#% уменьшение количества журналов экспедиции, выпадающих из рунических монстров	n		explicit.stat_1083387327
#% уменьшение количества журналов Экспедиции, выпадающих из рунических монстров на карте	n		explicit.stat_1083387327
#% увеличение количества золота, выпадающего из убитых врагов			explicit.stat_3175163625,fractured.stat_3175163625,enchant.stat_3175163625,rune.stat_3175163625,crafted.stat_3175163625
#% уменьшение количества золота, выпадающего из убитых врагов	n		explicit.stat_3175163625,fractured.stat_3175163625,enchant.stat_3175163625,rune.stat_3175163625,crafted.stat_3175163625
#% увеличение количества находимой крови улья			explicit.stat_2778285247
#% увеличение количества находимой на карте крови улья			explicit.stat_2778285247
#% уменьшение количества находимой крови улья	n		explicit.stat_2778285247
#% уменьшение количества находимой на карте крови улья	n		explicit.stat_2778285247
#% увеличение количества предметов, выпадающих из боссов карт			explicit.stat_3119172063
#% уменьшение количества предметов, выпадающих из боссов карт	n		explicit.stat_3119172063
#% увеличение количества находимых предметов			explicit.stat_2390685262
#% увеличение количества находимых на карте предметов			explicit.stat_2390685262
#% уменьшение количества находимых предметов	n		explicit.stat_2390685262
#% уменьшение количества находимых на карте предметов	n		explicit.stat_2390685262
#% увеличение количества путевых камней, выпадающих из боссов карт			explicit.stat_1457896329
#% увеличение количества выпадающих из боссов карты путевых камней			explicit.stat_1457896329
#% уменьшение количества путевых камней, выпадающих из боссов карт	n		explicit.stat_1457896329
#% уменьшение количества выпадающих из боссов карты путевых камней	n		explicit.stat_1457896329
#% увеличение количества находимых путевых камней			explicit.stat_2777224821
#% увеличение количества находимых на карте путевых камней			explicit.stat_2777224821
#% увеличение количества находимых даров утробы			explicit.stat_472809816
#% увеличение количества находимых на карте даров утробы			explicit.stat_472809816
#% уменьшение количества находимых даров утробы	n		explicit.stat_472809816
#% уменьшение количества находимых на карте даров утробы	n		explicit.stat_472809816
#% увеличение эффективности расхода свирепости			explicit.stat_2416650879,fractured.stat_2416650879,desecrated.stat_2416650879
#% уменьшение эффективности расхода свирепости	n		explicit.stat_2416650879,fractured.stat_2416650879,desecrated.stat_2416650879
#% повышение редкости предметов, выпадающих из врагов, убитых критическим ударом			explicit.stat_21824003
#% снижение редкости предметов, выпадающих из врагов, убитых критическим ударом	n		explicit.stat_21824003
#% увеличение редкости предметов, выпадающих из боссов карт			explicit.stat_4255069232
#% уменьшение редкости предметов, выпадающих из боссов карт	n		explicit.stat_4255069232
#% повышение редкости найденных предметов			explicit.stat_3917489142,explicit.stat_2306002879,explicit.stat_3917489142,implicit.stat_3917489142,fractured.stat_3917489142,enchant.stat_3917489142,rune.stat_3917489142,desecrated.stat_3917489142,crafted.stat_3917489142
#% снижение редкости найденных предметов	n		explicit.stat_3917489142,explicit.stat_2306002879,explicit.stat_3917489142,implicit.stat_3917489142,fractured.stat_3917489142,enchant.stat_3917489142,rune.stat_3917489142,desecrated.stat_3917489142,crafted.stat_3917489142
#% увеличение редкости находимых предметов\nВаши другие свойства редкости находимых предметов не применяются			explicit.stat_1602191394,explicit.stat_2261942307
#% уменьшение редкости находимых предметов\nВаши другие свойства редкости находимых предметов не применяются	n		explicit.stat_1602191394,explicit.stat_2261942307
#% увеличение редкости находимых предметов			explicit.stat_2306002879,explicit.stat_3917489142,enchant.stat_2306002879
#% увеличение редкости находимых на карте предметов			explicit.stat_2306002879,explicit.stat_3917489142,enchant.stat_2306002879
#% уменьшение редкости находимых предметов	n		explicit.stat_2306002879,explicit.stat_3917489142,enchant.stat_2306002879
#% уменьшение редкости находимых на карте предметов	n		explicit.stat_2306002879,explicit.stat_3917489142,enchant.stat_2306002879
#% увеличение редкости находимых предметов за каждое заполненное гнездо			explicit.stat_313223231
#% уменьшение редкости находимых предметов за каждое заполненное гнездо	n		explicit.stat_313223231
#% повышение редкости найденных предметов при малом количестве здоровья			explicit.stat_2929867083
#% снижение редкости найденных предметов при малом количестве здоровья	n		explicit.stat_2929867083
#% повышение скорости восстановления			explicit.stat_173226756
#% снижение скорости восстановления	n		explicit.stat_173226756
#% повышение скорости перезарядки			explicit.stat_710476746,desecrated.stat_710476746
#% снижение скорости перезарядки	n		explicit.stat_710476746,desecrated.stat_710476746
#% увеличение эффективности удержания ресурсов умениями компаньонов			explicit.stat_3413635271,desecrated.stat_3413635271
#% уменьшение эффективности удержания ресурсов умениями компаньонов	n		explicit.stat_3413635271,desecrated.stat_3413635271
#% увеличение эффективности удержания ресурсов умениями вестниками			explicit.stat_1697191405,desecrated.stat_1697191405
#% уменьшение эффективности удержания ресурсов умениями вестниками	n		explicit.stat_1697191405,desecrated.stat_1697191405
#% увеличение эффективности удержания ресурсов умениями приспешников			explicit.stat_1805633363,fractured.stat_1805633363,rune.stat_1805633363,desecrated.stat_1805633363,crafted.stat_1805633363
#% уменьшение эффективности удержания ресурсов умениями приспешников	n		explicit.stat_1805633363,fractured.stat_1805633363,rune.stat_1805633363,desecrated.stat_1805633363,crafted.stat_1805633363
#% увеличение эффективности удержания ресурсов умениями сгустков			explicit.stat_1350127730
#% уменьшение эффективности удержания ресурсов умениями сгустков	n		explicit.stat_1350127730
#% увеличение эффективности удержания ресурсов умениями при создании приспешников-нежити			explicit.stat_2308632835
#% уменьшение эффективности удержания ресурсов умениями при создании приспешников-нежити	n		explicit.stat_2308632835
#% увеличение Защиты Решимости			sanctum.stat_1388771661
#% уменьшение Защиты Решимости	n		sanctum.stat_1388771661
#% увеличение рунического барьера			explicit.stat_830161081,fractured.stat_830161081,rune.stat_830161081,crafted.stat_830161081
#% уменьшение рунического барьера	n		explicit.stat_830161081,fractured.stat_830161081,rune.stat_830161081,crafted.stat_830161081
#% повышение скорости регенерации рунического барьера			explicit.stat_2392260628,implicit.stat_2392260628,rune.stat_2392260628,crafted.stat_2392260628
#% снижение скорости регенерации рунического барьера	n		explicit.stat_2392260628,implicit.stat_2392260628,rune.stat_2392260628,crafted.stat_2392260628
#% повышение скорости регенерации рунического барьера при беге			rune.stat_2441825294
#% снижение скорости регенерации рунического барьера при беге	n		rune.stat_2441825294
#% увеличение длительности шока			explicit.stat_3668351662,fractured.stat_3668351662,desecrated.stat_3668351662
#% уменьшение длительности шока	n		explicit.stat_3668351662,fractured.stat_3668351662,desecrated.stat_3668351662
#% увеличение длительности эффекта умения			explicit.stat_3377888098,fractured.stat_3377888098,enchant.stat_3377888098,rune.stat_3377888098,desecrated.stat_3377888098,crafted.stat_3377888098
#% уменьшение длительности эффекта умения	n		explicit.stat_3377888098,fractured.stat_3377888098,enchant.stat_3377888098,rune.stat_3377888098,desecrated.stat_3377888098,crafted.stat_3377888098
#% увеличение длительности эффекта умений растений			rune.stat_4065951768
#% уменьшение длительности эффекта умений растений	n		rune.stat_4065951768
#% повышение скорости умений			explicit.stat_970213192,enchant.stat_970213192,rune.stat_970213192,desecrated.stat_970213192
#% снижение скорости умений	n		explicit.stat_970213192,enchant.stat_970213192,rune.stat_970213192,desecrated.stat_970213192
#% повышение скорости умений за каждый надетый оскверненный предмет			rune.stat_2203195791
#% снижение скорости умений за каждый надетый оскверненный предмет	n		rune.stat_2203195791
#% повышение скорости умений, если недавно вы поглощали заряд ярости			explicit.stat_3313255158,desecrated.stat_3313255158
#% снижение скорости умений, если недавно вы поглощали заряд ярости	n		explicit.stat_3313255158,desecrated.stat_3313255158
#% повышение скорости умений будучи превращенным			explicit.stat_918325986,fractured.stat_918325986,desecrated.stat_918325986
#% снижение скорости умений будучи превращенным	n		explicit.stat_918325986,fractured.stat_918325986,desecrated.stat_918325986
#% усиление влияния замедления от отрицательных эффектов на вас			explicit.stat_924253255,implicit.stat_924253255,fractured.stat_924253255,enchant.stat_924253255,rune.stat_924253255,desecrated.stat_924253255,sanctum.stat_978111083,crafted.stat_924253255
#% ослабление влияния замедления от отрицательных эффектов на вас	n		explicit.stat_924253255,implicit.stat_924253255,fractured.stat_924253255,enchant.stat_924253255,rune.stat_924253255,desecrated.stat_924253255,sanctum.stat_978111083,crafted.stat_924253255
#% увеличение урона от чар			explicit.stat_2974417149,fractured.stat_2974417149,enchant.stat_2974417149,rune.stat_2974417149,desecrated.stat_2974417149,crafted.stat_2974417149
#% уменьшение урона от чар	n		explicit.stat_2974417149,fractured.stat_2974417149,enchant.stat_2974417149,rune.stat_2974417149,desecrated.stat_2974417149,crafted.stat_2974417149
#% увеличение урона от чар во время действия любого эффекта флакона			explicit.stat_1014398896,fractured.stat_1014398896
#% увеличение урона от чар за 10 интеллекта			explicit.stat_2818518881
#% уменьшение урона от чар за 10 интеллекта	n		explicit.stat_2818518881
#% увеличение урона от чар за каждые 10 духа			explicit.stat_2412053423
#% увеличение урона от чар за каждые 100 максимума здоровья			explicit.stat_3491815140,desecrated.stat_3491815140
#% уменьшение урона от чар за каждые 100 максимума здоровья	n		explicit.stat_3491815140,desecrated.stat_3491815140
#% увеличение урона от чар за каждые 100 максимума маны			explicit.stat_1850249186,desecrated.stat_1850249186
#% уменьшение урона от чар за каждые 100 максимума маны	n		explicit.stat_1850249186,desecrated.stat_1850249186
#% увеличение урона от чар при полном энергетическом щите			explicit.stat_3176481473,desecrated.stat_3176481473
#% уменьшение урона от чар при полном энергетическом щите	n		explicit.stat_3176481473,desecrated.stat_3176481473
#% увеличение урона от чар с оружием ближнего боя в руках			explicit.stat_4136346606,desecrated.stat_4136346606
#% уменьшение урона от чар с оружием ближнего боя в руках	n		explicit.stat_4136346606,desecrated.stat_4136346606
#% увеличение урона от чар, пока ваш компаньон находится в вашем присутствии			rune.stat_4063732952
#% уменьшение урона от чар, пока ваш компаньон находится в вашем присутствии	n		rune.stat_4063732952
#% увеличение урона от чар расходующих здоровье			explicit.stat_1373860425,desecrated.stat_1373860425
#% уменьшение урона от чар расходующих здоровье	n		explicit.stat_1373860425,desecrated.stat_1373860425
#% увеличение физического урона от чар			explicit.stat_2768835289,fractured.stat_2768835289,desecrated.stat_2768835289
#% уменьшение физического урона от чар	n		explicit.stat_2768835289,fractured.stat_2768835289,desecrated.stat_2768835289
#% увеличение урона от чар за каждые недавно потраченные 200 маны			explicit.stat_347220474
#% уменьшение урона от чар за каждые недавно потраченные 200 маны	n		explicit.stat_347220474
#% увеличение духа			explicit.stat_1416406066,explicit.stat_3984865854,fractured.stat_1416406066,fractured.stat_3984865854,enchant.stat_3984865854,rune.stat_1416406066,rune.stat_3984865854,desecrated.stat_1416406066,desecrated.stat_3984865854
#% уменьшение духа	n		explicit.stat_1416406066,explicit.stat_3984865854,fractured.stat_1416406066,fractured.stat_3984865854,enchant.stat_3984865854,rune.stat_1416406066,rune.stat_3984865854,desecrated.stat_1416406066,desecrated.stat_3984865854
#% увеличение эффективности удержания духа умениями положительных эффектов за каждые 100 максимума здоровья			explicit.stat_3581035970
#% уменьшение эффективности удержания духа умениями положительных эффектов за каждые 100 максимума здоровья	n		explicit.stat_3581035970
#% увеличение эффективности удержания духа умениями			explicit.stat_53386210,desecrated.stat_53386210
#% снижение эффективности удержания духа умениями	n		explicit.stat_53386210,desecrated.stat_53386210
#% уменьшение эффективности удержания духа умениями	n		explicit.stat_53386210,desecrated.stat_53386210
#% увеличение духа за каждый Великий образ			explicit.stat_1430165758
#% увеличение размера найденных стопок с осколками Симулякра			explicit.stat_3836551197,enchant.stat_3836551197
#% увеличение размера находимых на карте стопок осколков Симулякра			explicit.stat_3836551197,enchant.stat_3836551197
#% увеличение размера находимых в области стопок осколков Симулякра			explicit.stat_3836551197,enchant.stat_3836551197
#% уменьшение размера найденных стопок с осколками Симулякра	n		explicit.stat_3836551197,enchant.stat_3836551197
#% уменьшение размера находимых на карте стопок осколков Симулякра	n		explicit.stat_3836551197,enchant.stat_3836551197
#% уменьшение размера находимых в области стопок осколков Симулякра	n		explicit.stat_3836551197,enchant.stat_3836551197
#% повышение силы			explicit.stat_734614379,fractured.stat_734614379,desecrated.stat_734614379,crafted.stat_734614379
#% снижение силы	n		explicit.stat_734614379,fractured.stat_734614379,desecrated.stat_734614379,crafted.stat_734614379
#% увеличение требований к силе			explicit.stat_295075366
#% снижение требований к силе	n		explicit.stat_295075366
Нет требований к силе		-100	explicit.stat_295075366
#% повышение скорости накопления шкалы оглушения			explicit.stat_239367161,implicit.stat_239367161,fractured.stat_239367161,desecrated.stat_239367161
#% снижение скорости накопления шкалы оглушения	n		explicit.stat_239367161,implicit.stat_239367161,fractured.stat_239367161,desecrated.stat_239367161
#% повышение скорости накопления шкалы оглушения булавами			explicit.stat_872504239,fractured.stat_872504239,desecrated.stat_872504239
#% снижение скорости накопления шкалы оглушения булавами	n		explicit.stat_872504239,fractured.stat_872504239,desecrated.stat_872504239
#% увеличение длительности оглушения			explicit.stat_748522257,fractured.stat_748522257,desecrated.stat_748522257
#% уменьшение длительности оглушения	n		explicit.stat_748522257,fractured.stat_748522257,desecrated.stat_748522257
#% повышение скорости восстановления после оглушения			explicit.stat_2511217560,rune.stat_2511217560
#% снижение скорости восстановления после оглушения	n		explicit.stat_2511217560,rune.stat_2511217560
#% увеличение порога оглушения			explicit.stat_680068163,implicit.stat_680068163,fractured.stat_680068163,enchant.stat_680068163,desecrated.stat_680068163
#% уменьшение порога оглушения	n		explicit.stat_680068163,implicit.stat_680068163,fractured.stat_680068163,enchant.stat_680068163,desecrated.stat_680068163
#% увеличение порога оглушения если недавно вы не были оглушены			explicit.stat_1405298142,fractured.stat_1405298142,desecrated.stat_1405298142
#% уменьшение порога оглушения если недавно вы не были оглушены	n		explicit.stat_1405298142,fractured.stat_1405298142,desecrated.stat_1405298142
#% увеличение порога оглушения, если вас недавно оглушали			rune.stat_751944209
#% уменьшение порога оглушения, если вас недавно оглушали	n		rune.stat_751944209
#% увеличение порога оглушения при парировании			explicit.stat_1911237468,fractured.stat_1911237468,desecrated.stat_1911237468
#% уменьшение порога оглушения при парировании	n		explicit.stat_1911237468,fractured.stat_1911237468,desecrated.stat_1911237468
#% увеличение области действия окружения			explicit.stat_909236563
#% уменьшение области действия окружения	n		explicit.stat_909236563
#% увеличение количества находимых плиток			enchant.stat_3138466258
#% увеличение количества находимых в области плиток			enchant.stat_3138466258
#% уменьшение количества находимых в области плиток	n		enchant.stat_3138466258
#% увеличение шанса критического удара шипами			rune.stat_915264788
#% уменьшение шанса критического удара шипами	n		rune.stat_915264788
#% увеличение урона шипами			explicit.stat_1315743832,fractured.stat_1315743832,enchant.stat_1315743832,desecrated.stat_1315743832
#% уменьшение урона шипами	n		explicit.stat_1315743832,fractured.stat_1315743832,enchant.stat_1315743832,desecrated.stat_1315743832
#% увеличение урона шипами, если недавно вы поглощали заряд выносливости			explicit.stat_806994543
#% уменьшение урона шипами, если недавно вы поглощали заряд выносливости	n		explicit.stat_806994543
#% увеличение урона тотемов			explicit.stat_3851254963,fractured.stat_3851254963,desecrated.stat_3851254963
#% уменьшение урона тотемов	n		explicit.stat_3851254963,fractured.stat_3851254963,desecrated.stat_3851254963
#% увеличение урона тотемами за каждое проклятие на вас			explicit.stat_2639983772
#% уменьшение урона тотемами за каждое проклятие на вас	n		explicit.stat_2639983772
#% увеличение времени существования тотема			explicit.stat_2357996603
#% уменьшение времени существования тотема	n		explicit.stat_2357996603
#% увеличение здоровья тотема			explicit.stat_686254215,fractured.stat_686254215,desecrated.stat_686254215
#% уменьшение здоровья тотема	n		explicit.stat_686254215,fractured.stat_686254215,desecrated.stat_686254215
#% повышение скорости установки тотемов			explicit.stat_3374165039,fractured.stat_3374165039,desecrated.stat_3374165039,crafted.stat_3374165039
#% снижение скорости установки тотемов	n		explicit.stat_3374165039,fractured.stat_3374165039,desecrated.stat_3374165039,crafted.stat_3374165039
#% усиление положительного эффекта боевого клича			explicit.stat_3037553757,desecrated.stat_3037553757
#% ослабление положительного эффекта боевого клича	n		explicit.stat_3037553757,desecrated.stat_3037553757
#% повышение скорости перезарядки боевых кличей			explicit.stat_4159248054,fractured.stat_4159248054,desecrated.stat_4159248054
#% снижение скорости перезарядки боевых кличей	n		explicit.stat_4159248054,fractured.stat_4159248054,desecrated.stat_4159248054
#% повышение скорости применения боевых кличей			explicit.stat_1316278494,fractured.stat_1316278494,enchant.stat_1316278494,desecrated.stat_1316278494,crafted.stat_1316278494
#% снижение скорости применения боевых кличей	n		explicit.stat_1316278494,fractured.stat_1316278494,enchant.stat_1316278494,desecrated.stat_1316278494,crafted.stat_1316278494
#% увеличение урона оружием за каждые 10 силы			explicit.stat_1791136590
#% уменьшение урона оружием за каждые 10 силы	n		explicit.stat_1791136590
#% повышение скорости смены оружия			explicit.stat_3233599707,fractured.stat_3233599707,enchant.stat_3233599707
#% снижение скорости смены оружия	n		explicit.stat_3233599707,fractured.stat_3233599707,enchant.stat_3233599707
#% увеличение силы истощения			explicit.stat_3973629633,fractured.stat_3973629633,rune.stat_3973629633,desecrated.stat_3973629633
#% уменьшение силы истощения	n		explicit.stat_3973629633,fractured.stat_3973629633,rune.stat_3973629633,desecrated.stat_3973629633
#% увеличение количества похищенного здоровья			explicit.stat_2112395885,fractured.stat_2112395885,desecrated.stat_2112395885
#% уменьшение количества похищенного здоровья	n		explicit.stat_2112395885,fractured.stat_2112395885,desecrated.stat_2112395885
#% увеличение количества похищаемого здоровья, если недавно вы поглощали заряд ярости			explicit.stat_3843204146
#% уменьшение количества похищаемого здоровья, если недавно вы поглощали заряд ярости	n		explicit.stat_3843204146
#% увеличение количества волшебных сундуков			explicit.stat_2898517796
#% уменьшение количества волшебных сундуков	n		explicit.stat_2898517796
#% увеличение количества похищенной маны			explicit.stat_2839066308,fractured.stat_2839066308,desecrated.stat_2839066308
#% уменьшение количества похищенной маны	n		explicit.stat_2839066308,fractured.stat_2839066308,desecrated.stat_2839066308
#% увеличение количества редких сундуков			explicit.stat_798469000
#% уменьшение количества редких сундуков	n		explicit.stat_798469000
#% увеличение бонусов, полученных от надетого колчана			explicit.stat_1200678966,fractured.stat_1200678966,desecrated.stat_1200678966
#% уменьшение бонусов, полученных от надетого колчана	n		explicit.stat_1200678966,fractured.stat_1200678966,desecrated.stat_1200678966
#% усиление бонусов от надетых колец			explicit.stat_2793222406
#% ослабление бонусов от надетых колец	n		explicit.stat_2793222406
#% усиление бонусов, полученных от левого надетого кольца			explicit.stat_513747733
#% ослабление бонусов, полученных от левого надетого кольца	n		explicit.stat_513747733
#% усиление бонусов, полученных от правого надетого кольца			explicit.stat_3885501357
#% ослабление бонусов, полученных от правого надетого кольца	n		explicit.stat_3885501357
Сундуки маяков ваал на карте с увеличенным на #% шансом будут редкими			explicit.stat_2514439422
Маяки ваал с увеличенным на #% шансом могут призвать дополнительных монстров			explicit.stat_632698321
Маяки ваал на карте с увеличенным на #% шансом могут призвать дополнительных монстров			explicit.stat_632698321
Маяки ваал с уменьшенным на #% шансом могут призвать дополнительных монстров	n		explicit.stat_632698321
Монстры Бездны с увеличенным на #% шансом будут обладать свойствами Бездны			explicit.stat_2789248444
Монстры Бездны на ваших картах с увеличенным на #% шансом могут обладать свойствами Бездны			explicit.stat_2789248444
Монстры Бездны с уменьшенным на #% шансом будут обладать свойствами Бездны	n		explicit.stat_2789248444
Монстры Бездны на ваших картах с уменьшенным на #% шансом могут обладать свойствами Бездны	n		explicit.stat_2789248444
#% увеличение шанса нахождения очерненной валюты			explicit.stat_1710200734
#% увеличение шанса получения очерняющей валюты из Бездн на карте			explicit.stat_1710200734
#% уменьшение шанса нахождения очерненной валюты	n		explicit.stat_1710200734
#% уменьшение шанса получения очерняющей валюты из Бездн на карте	n		explicit.stat_1710200734
#% увеличение шанса избежать потерю Решимости от ударов врага снарядами			sanctum.stat_1798691236
#% уменьшение шанса избежать потерю Решимости от ударов врага снарядами	n		sanctum.stat_1798691236
#% увеличение шанса отравить			explicit.stat_3481083201,desecrated.stat_3481083201
#% уменьшение шанса отравить	n		explicit.stat_3481083201,desecrated.stat_3481083201
#% увеличение шанса наложения шока			explicit.stat_293638271,fractured.stat_293638271,enchant.stat_293638271,rune.stat_293638271,desecrated.stat_293638271
#% уменьшение шанса наложения шока	n		explicit.stat_293638271,fractured.stat_293638271,enchant.stat_293638271,rune.stat_293638271,desecrated.stat_293638271
#% увеличение шанса избежать потерю чести от ударов врагов в ближнем бою			sanctum.stat_3134588943
#% уменьшение шанса избежать потерю чести от ударов врагов в ближнем бою	n		sanctum.stat_3134588943
#% увеличение шанса наложения состояний			explicit.stat_1772247089,fractured.stat_1772247089,desecrated.stat_1772247089
#% уменьшение шанса наложения состояний	n		explicit.stat_1772247089,fractured.stat_1772247089,desecrated.stat_1772247089
#% увеличение шанса наложения состояний на врагов под действием Истощения Бездны			explicit.stat_2760643568
#% уменьшение шанса наложения состояний на врагов под действием Истощения Бездны	n		explicit.stat_2760643568
#% увеличение шанса наложения кровотечения			explicit.stat_242637938,desecrated.stat_242637938
#% уменьшение шанса наложения кровотечения	n		explicit.stat_242637938,desecrated.stat_242637938
#% усиление эффекта Колдовского выброса на вас			explicit.stat_2103650854,implicit.stat_2103650854,fractured.stat_2103650854,rune.stat_2103650854,desecrated.stat_2103650854
#% ослабление эффекта Колдовского выброса на вас	n		explicit.stat_2103650854,implicit.stat_2103650854,fractured.stat_2103650854,rune.stat_2103650854,desecrated.stat_2103650854
#% усиление положительных эффектов Архонта на вас			explicit.stat_1180552088,fractured.stat_1180552088,desecrated.stat_1180552088,crafted.stat_1180552088
#% ослабление положительных эффектов Архонта на вас	n		explicit.stat_1180552088,fractured.stat_1180552088,desecrated.stat_1180552088,crafted.stat_1180552088
#% усиление эффекта полностью разрушенной брони			explicit.stat_1879206848,implicit.stat_1879206848,fractured.stat_1879206848,rune.stat_1879206848,desecrated.stat_1879206848
#% усиление эффекта размещенных предметов			explicit.stat_2081918629,fractured.stat_2081918629,crafted.stat_2081918629
#% ослабление эффекта размещенных предметов	n		explicit.stat_2081918629,fractured.stat_2081918629,crafted.stat_2081918629
#% усиление эффекта размещенных рун			explicit.stat_704409219,rune.stat_704409219
#% ослабление эффекта размещенных рун	n		explicit.stat_704409219,rune.stat_704409219
#% усиление эффекта размещенных ядер души			explicit.stat_4065505214
#% ослабление эффекта размещенных ядер души	n		explicit.stat_4065505214
#% увеличение максимума божественности			explicit.stat_878697053
#% уменьшение максимума божественности	n		explicit.stat_878697053
#% увеличение максимума божественности за каждый надетый оскверненный предмет			explicit.stat_2189090852
#% уменьшение максимума божественности за каждый надетый оскверненный предмет	n		explicit.stat_2189090852
#% увеличение максимума энергетического щита			explicit.stat_2482852589,fractured.stat_2482852589,enchant.stat_2482852589,desecrated.stat_2482852589,sanctum.stat_1707887759,crafted.stat_2482852589
#% уменьшение максимума энергетического щита	n		explicit.stat_2482852589,fractured.stat_2482852589,enchant.stat_2482852589,desecrated.stat_2482852589,sanctum.stat_1707887759,crafted.stat_2482852589
#% увеличение максимума чести			sanctum.stat_3970123360
#% уменьшение максимума чести	n		sanctum.stat_3970123360
#% увеличение максимума здоровья			explicit.stat_983749596,implicit.stat_983749596,fractured.stat_983749596,rune.stat_983749596,desecrated.stat_983749596,sanctum.stat_1200789871,crafted.stat_983749596
#% уменьшение максимума здоровья	n		explicit.stat_983749596,implicit.stat_983749596,fractured.stat_983749596,rune.stat_983749596,desecrated.stat_983749596,sanctum.stat_1200789871,crafted.stat_983749596
#% увеличение максимума маны			explicit.stat_2748665614,implicit.stat_2748665614,fractured.stat_2748665614,rune.stat_2748665614,desecrated.stat_2748665614,crafted.stat_2748665614
#% уменьшение максимума маны	n		explicit.stat_2748665614,implicit.stat_2748665614,fractured.stat_2748665614,rune.stat_2748665614,desecrated.stat_2748665614,crafted.stat_2748665614
#% увеличение максимума рунического барьера			explicit.stat_4273473110,implicit.stat_4273473110,fractured.stat_4273473110,crafted.stat_4273473110
#% уменьшение максимума рунического барьера	n		explicit.stat_4273473110,implicit.stat_4273473110,fractured.stat_4273473110,crafted.stat_4273473110
#% увеличение количества зарядов взрывчатки Экспедиции			implicit.stat_3051490307
#% уменьшение количества зарядов взрывчатки Экспедиции	n		implicit.stat_3051490307
#% увеличение количества групп монстров			explicit.stat_2624927319
#% увеличение количества групп монстров на ваших картах			explicit.stat_2624927319
#% уменьшение количества групп монстров	n		explicit.stat_2624927319
#% уменьшение количества групп монстров на ваших картах	n		explicit.stat_2624927319
#% увеличение количества редких монстров экспедиции			explicit.stat_2694800111
#% увеличение количества редких монстров Экспедиции на карте			explicit.stat_2694800111
#% увеличение количества редких монстров Экспедиции в области			explicit.stat_2694800111
#% уменьшение количества редких монстров экспедиции	n		explicit.stat_2694800111
#% уменьшение количества редких монстров Экспедиции на карте	n		explicit.stat_2694800111
#% уменьшение количества редких монстров Экспедиции в области	n		explicit.stat_2694800111
#% увеличение количества выпадающих из монстров артефактов			explicit.stat_4219583418,implicit.stat_4219583418
#% увеличение количества выпадающих из монстров артефактов на ваших картах			explicit.stat_4219583418,implicit.stat_4219583418
#% увеличение количества выпадающих из монстров на карте артефактов Экспедиции			explicit.stat_4219583418,implicit.stat_4219583418
#% уменьшение количества выпадающих из монстров артефактов	n		explicit.stat_4219583418,implicit.stat_4219583418
#% уменьшение количества выпадающих из монстров артефактов на ваших картах	n		explicit.stat_4219583418,implicit.stat_4219583418
#% уменьшение количества выпадающих из монстров на карте артефактов Экспедиции	n		explicit.stat_4219583418,implicit.stat_4219583418
#% увеличение количества выпадающих из монстров ключей			sanctum.stat_729354668
#% уменьшение количества выпадающих из монстров ключей	n		sanctum.stat_729354668
#% увеличение количества реликвий, выпадающих из монстров			sanctum.stat_1680962389
#% уменьшение количества реликвий, выпадающих из монстров	n		sanctum.stat_1680962389
#% повышение скорости эффектов восполнения			explicit.stat_2363593824,rune.stat_2363593824,desecrated.stat_2363593824
#% снижение скорости эффектов восполнения	n		explicit.stat_2363593824,rune.stat_2363593824,desecrated.stat_2363593824
#% увеличение итогового влияния, рассчитанного боевыми кличами			explicit.stat_2663359259,fractured.stat_2663359259,rune.stat_2663359259,desecrated.stat_2663359259
#% уменьшение итогового влияния, рассчитанного боевыми кличами	n		explicit.stat_2663359259,fractured.stat_2663359259,rune.stat_2663359259,desecrated.stat_2663359259
На #% больше брони, уклонения и энергетического щита			explicit.stat_1803659985
На #% меньше брони, уклонения и энергетического щита	n		explicit.stat_1803659985
На #% больше получаемого урона, если вы недавно не получали удар			explicit.stat_67637087
На #% меньше получаемого урона, если вы недавно не получали удар	n		explicit.stat_67637087
На #% меньше количества используемых зарядов флакона			explicit.stat_3749630567
На #% больше количества используемых зарядов флакона	n		explicit.stat_3749630567
На #% больше скорости регенерации маны			rune.stat_762761075
На #% меньше скорости регенерации маны	n		rune.stat_762761075
На #% больше скорости передвижения			explicit.stat_2146799605
На #% меньше скорости передвижения	n		explicit.stat_2146799605
На #% меньше скорости передвижения и умений за каждый кувырок в последние 20 секунд			explicit.stat_3156445245
На #% больше скорости передвижения и умений за каждый кувырок в последние 20 секунд	n		explicit.stat_3156445245
На #% больше духа			explicit.stat_537850431
На #% меньше духа	n		explicit.stat_537850431
На #% больше эффекта проклятий на монстрах			explicit.stat_3796523155,fractured.stat_3796523155,desecrated.stat_3796523155
На #% меньше эффекта проклятий на монстрах	n		explicit.stat_3796523155,fractured.stat_3796523155,desecrated.stat_3796523155
На #% больше максимума здоровья			explicit.stat_1633735772,rune.stat_1020945697
На #% меньше максимума здоровья	n		explicit.stat_1633735772,rune.stat_1020945697
На #% больше максимума маны			explicit.stat_3045154261
На #% меньше максимума маны	n		explicit.stat_3045154261
На #% больше минимума физического урона от атак			explicit.stat_2423248184
На #% меньше минимума физического урона от атак	n		explicit.stat_2423248184
#% максимум сопротивлений игроков			explicit.stat_3376488707,fractured.stat_3376488707,desecrated.stat_3376488707,sanctum.stat_3376488707
На #% больше урона от атак			explicit.stat_412462523,rune.stat_412462523
На #% меньше урона от атак	n		explicit.stat_412462523,rune.stat_412462523
На #% больше силы проклятия			explicit.stat_2939415499
На #% меньше силы проклятия	n		explicit.stat_2939415499
Сила накладываемых вами проклятий равна нулю		-100	explicit.stat_2939415499
На #% больше восстановления от флакона здоровья			explicit.stat_1972661424
На #% меньше восстановления от флакона здоровья	n		explicit.stat_1972661424
На #% больше восстанавливаемого здоровья			explicit.stat_1726753705
На #% меньше восстанавливаемого здоровья	n		explicit.stat_1726753705
На #% больше здоровья монстров			explicit.stat_95249895,fractured.stat_95249895,desecrated.stat_95249895
На #% меньше здоровья монстров	n		explicit.stat_95249895,fractured.stat_95249895,desecrated.stat_95249895
На #% больше восстановления, если используется при малом количестве здоровья			explicit.stat_886931978
На #% больше восстановления при использовании с низким уровнем маны			explicit.stat_3276224428
На #% больше максимума физического урона от атак			explicit.stat_3735888493
На #% меньше максимума физического урона от атак	n		explicit.stat_3735888493
#% брони также применяется к получаемому урону хаосом			explicit.stat_3972229254,rune.stat_3972229254,desecrated.stat_3972229254
#% брони также применяется к получаемому урону хаосом при полном энергетическом щите			rune.stat_2191621386
#% брони также применяется к получаемому урону от холода			rune.stat_1947060170
#% брони также применяется к получаемому урону от стихий			explicit.stat_3362812763,implicit.stat_3362812763,fractured.stat_3362812763,rune.stat_3362812763,desecrated.stat_3362812763
#% брони также применяется к получаемому урону от огня			rune.stat_3897831687
#% брони также применяется к получаемому урону от молнии			rune.stat_2200571612
#% получаемого урона хаосом от ударов становится уроном от случайной стихии			rune.stat_4217453078
#% предотвращенного получаемого от ударов урона хаосом восполняется в виде здоровья и маны во время действия эффекта			explicit.stat_2678930256
#% от поглощенных оберегами зарядов даруется вашим флаконам здоровья			explicit.stat_2369960685
#% от поглощенных флаконами здоровья зарядов даруется вашим оберегам			explicit.stat_2020463573
#% урона от холода становится уроном от молнии			explicit.stat_1686824704
#% полученного урона от холода восполняется в виде здоровья			explicit.stat_3679418014,fractured.stat_3679418014,crafted.stat_3679418014
#% текущего энергетического щита также дарует уменьшение получаемого урона от стихий			explicit.stat_2342939473
Текущий энергетический щит также дарует уменьшение получаемого урона от стихий		100	explicit.stat_2342939473
#% полученного урона восполняется в виде здоровья, маны и энергетического щита			explicit.stat_2319832234
#% урона от отраженных ударов берется из здоровья поражаемого компаньона вместо вашего			explicit.stat_3918757604
#% получаемого урона от ударов берется из здоровья вашего повреждаемого компаньона вместо вашего			explicit.stat_1150343007,rune.stat_1150343007
#% от урона от ударов берется из здоровья ваших призраков вместо вашего			explicit.stat_54812069,fractured.stat_54812069,desecrated.stat_54812069,crafted.stat_54812069
#% от получаемого урона берется сначала из маны вместо здоровья			explicit.stat_458438597,implicit.stat_458438597,fractured.stat_458438597,rune.stat_458438597,desecrated.stat_458438597,crafted.stat_458438597
#% урона берется из маны вместо здоровья, пока ваша мана не на низком уровне			explicit.stat_679019978
#% полученного урона восполняется в виде здоровья			explicit.stat_1444556985,implicit.stat_1444556985,fractured.stat_1444556985,enchant.stat_1444556985,rune.stat_1444556985,desecrated.stat_1444556985,crafted.stat_1444556985
#% полученного урона восполняется в виде маны			explicit.stat_472520716,fractured.stat_472520716,enchant.stat_472520716,desecrated.stat_472520716
#% получаемого урона обходит энергетический щит			explicit.stat_2448633171,rune.stat_2448633171
#% получаемого во время действия эффекта урона восполняется в виде здоровья			explicit.stat_3598623697
#% получаемого от отклоненных ударов урона восполняется в виде здоровья			explicit.stat_3471443885
#% получаемого урона от ударов обходит энергетический щит, если его осталось меньше половины			explicit.stat_1311130924,implicit.stat_1311130924,rune.stat_1311130924
#% урона от стихий становится уроном хаосом			explicit.stat_2295988214
#% урона от стихий становится уроном от холода			explicit.stat_210092264
#% урона от стихий становится уроном от огня			explicit.stat_40154188
#% урона от стихий становится уроном от молнии			explicit.stat_289540902
#% получаемого урона от стихий восполняется в виде энергетического щита			explicit.stat_2896115339,desecrated.stat_2896115339
#% получаемого урона от стихий от ударов становится уроном хаосом			explicit.stat_1175213674
#% урона от огня становится уроном от холода			explicit.stat_3503160529
#% получаемого урона от огня от ударов становится физическим уроном			explicit.stat_3205239847
#% полученного урона от огня восполняется в виде здоровья			explicit.stat_1742651309,fractured.stat_1742651309,crafted.stat_1742651309
#% урона от огня становится уроном от молнии			explicit.stat_2772033465
#% получаемого урона от огня становится уроном от холода			explicit.stat_4108426433
#% восстановления от флакона применяется мгновенно			implicit.stat_462041840
#% похищения применяется мгновенно			explicit.stat_3561837752,desecrated.stat_3561837752
#% похищения здоровья у целей под действием Истощения Бездны применяется мгновенно			explicit.stat_3658708511
#% урона от молнии становится уроном хаосом			explicit.stat_2109189637
#% урона от молнии становится уроном от холода			explicit.stat_3627052716,implicit.stat_3627052716
#% полученного урона от молнии восполняется в виде здоровья			explicit.stat_2970621759,fractured.stat_2970621759,crafted.stat_2970621759
#% получаемого урона от молнии становится уроном от холода			explicit.stat_3198708642
#% похищения маны у целей под действием Истощения Бездны применяется мгновенно			explicit.stat_546201303
#% от максимума здоровья становится энергетическим щитом			explicit.stat_2458962764
#% полученного физического урона в ближнем бою отражается атакующему			explicit.stat_1092987622,rune.stat_1092987622
#% физического урона от парирования становится уроном от холода			explicit.stat_2089152298
#% получаемого физического урона от ударов становится уроном хаосом			explicit.stat_4129825612,fractured.stat_4129825612,crafted.stat_4129825612
#% предотвращенного получаемого физического урона восполняется в виде здоровья			explicit.stat_1374654984,rune.stat_1374654984,desecrated.stat_1374654984
#% получаемого физического урона становится уроном от огня			explicit.stat_1004468512
#% получаемого физического урона становится уроном от молнии, пока поднят ваш щит			explicit.stat_321970274,desecrated.stat_321970274
#% наносимого вашими ударами физического урона вызывает кровопотерю			explicit.stat_70760090
#% получаемого физического урона от ударов становится уроном от молнии			explicit.stat_425242359
#% от восстановления применяется мгновенно			explicit.stat_2503377690
#% стоимости умений в мане берется из здоровья			explicit.stat_2480498143,fractured.stat_2480498143,rune.stat_2480498143,desecrated.stat_2480498143,crafted.stat_2480498143
Стоимость умений в мане берется из здоровья		100	explicit.stat_2480498143,fractured.stat_2480498143,rune.stat_2480498143,desecrated.stat_2480498143,crafted.stat_2480498143
#% урона от чар похищается в виде здоровья			explicit.stat_782941180
#% стоимости чар в мане берется из здоровья			explicit.stat_3544050945,implicit.stat_3544050945,desecrated.stat_3544050945
#% от урона шипами похищается в виде здоровья			explicit.stat_1753977518
#% получаемого физического урона от нестабильности становится уроном от холода			explicit.stat_3190121041
#% получаемого урона от врагов с раскрытыми уязвимостями восполняется в виде здоровья			explicit.stat_2285766967
Регенерация #% здоровья в секунду за каждый эффект Хрупкого восстановления			explicit.stat_3175722882
#% от вашей базовой регенерации здоровья даруется союзникам в вашем присутствии			explicit.stat_4287671144
#% уменьшение длительности охлаждения на вас			explicit.stat_1874553720,fractured.stat_1874553720,desecrated.stat_1874553720
#% увеличение длительности охлаждения на вас	n		explicit.stat_1874553720,fractured.stat_1874553720,desecrated.stat_1874553720
#% усиление эффекта охлаждения на вас			explicit.stat_1478653032
#% ослабление эффекта охлаждения на вас	n		explicit.stat_1478653032
#% уменьшение длительности стихийных состояний на вас			implicit.stat_1745952865
#% увеличение длительности стихийных состояний на вас	n		implicit.stat_1745952865
#% снижение порога оглушения врагов			implicit.stat_1443060084
#% повышение порога оглушения врагов	n		implicit.stat_1443060084
#% уменьшение длительности заморозки на вас			explicit.stat_2160282525,fractured.stat_2160282525,desecrated.stat_2160282525
#% увеличение длительности заморозки на вас	n		explicit.stat_2160282525,fractured.stat_2160282525,desecrated.stat_2160282525
#% уменьшение длительности поджога на вас			explicit.stat_986397080,fractured.stat_986397080,desecrated.stat_986397080
#% увеличение длительности поджога на вас	n		explicit.stat_986397080,fractured.stat_986397080,desecrated.stat_986397080
#% снижение затрат маны умениями			explicit.stat_474294393
#% повышение затрат маны умениями	n		explicit.stat_474294393
#% уменьшение длительности шока на вас			explicit.stat_99927264,fractured.stat_99927264,desecrated.stat_99927264
#% увеличение длительности шока на вас	n		explicit.stat_99927264,fractured.stat_99927264,desecrated.stat_99927264
#% увеличение силы замедления у отрицательных эффектов на вас, если недавно вы использовали оберег			explicit.stat_3839676903,desecrated.stat_3839676903
#% уменьшение силы замедления у отрицательных эффектов на вас, если недавно вы использовали оберег	n		explicit.stat_3839676903,desecrated.stat_3839676903
#% усиление эффекта проклятий на вас			explicit.stat_3407849389,rune.stat_3407849389,desecrated.stat_3407849389
#% ослабление эффекта проклятий на вас	n		explicit.stat_3407849389,rune.stat_3407849389,desecrated.stat_3407849389
#% усиление эффекта шока на вас			explicit.stat_3801067695,rune.stat_3801067695
#% ослабление эффекта шока на вас	n		explicit.stat_3801067695,rune.stat_3801067695
Игроки имеют #% ко всем сопротивлениям			sanctum.stat_3128852541
#% к шансу блока с фокусом в руках			explicit.stat_3122852693
#% к шансу блока			explicit.stat_1702195217,implicit.stat_1702195217,rune.stat_1702195217,desecrated.stat_1702195217
#% к сопротивлению хаосу			explicit.stat_2923486259,implicit.stat_2923486259,fractured.stat_2923486259,enchant.stat_2923486259,rune.stat_2923486259,desecrated.stat_2923486259,crafted.stat_2923486259
#% к сопротивлению хаосу за каждый надетый оскверненный предмет			rune.stat_138373935
#% к сопротивлению хаосу за каждое заполненное гнездо			explicit.stat_1123023256
#% к сопротивлению холоду			explicit.stat_4220027924,implicit.stat_4220027924,fractured.stat_4220027924,enchant.stat_4220027924,rune.stat_4220027924,desecrated.stat_4220027924,crafted.stat_4220027924
#% к сопротивлениям холоду и хаосу			explicit.stat_3393628375,fractured.stat_3393628375,desecrated.stat_3393628375
#% к сопротивлению холоду и молнии			explicit.stat_4277795662,implicit.stat_4277795662
#% к сопротивлению холоду и молнии за каждый надетый предмет со свойством сопротивления огню			explicit.stat_2381897042
#% к бонусу критического урона			explicit.stat_2694482655,implicit.stat_2694482655,fractured.stat_2694482655,enchant.stat_2694482655,rune.stat_2694482655,desecrated.stat_2694482655
#% к шансу критического удара			explicit.stat_518292764,fractured.stat_518292764,rune.stat_518292764,desecrated.stat_518292764,crafted.stat_518292764
#% к сопротивлению огню			explicit.stat_3372524247,implicit.stat_3372524247,fractured.stat_3372524247,enchant.stat_3372524247,rune.stat_3372524247,desecrated.stat_3372524247,crafted.stat_3372524247
#% к сопротивлению огню при малом количестве здоровья	n		explicit.stat_38301299
#% к шансу критического удара чарами огня			explicit.stat_3399401168,fractured.stat_3399401168,desecrated.stat_3399401168,crafted.stat_3399401168
#% к сопротивлениям огню и хаосу			explicit.stat_378817135,fractured.stat_378817135,desecrated.stat_378817135
#% к сопротивлению огню и холоду			explicit.stat_2915988346,implicit.stat_2915988346
#% к сопротивлению холоду и огню за каждый надетый предмет со свойством сопротивления молнии			explicit.stat_4032948616
#% к сопротивлению огню и молнии			explicit.stat_3441501978,implicit.stat_3441501978
#% к сопротивлению молнии и огню за каждый надетый предмет со свойством сопротивления холоду			explicit.stat_3753008264
#% к сопротивлению чести			sanctum.stat_2287831219
#% к сопротивлению молнии			explicit.stat_1671376347,implicit.stat_1671376347,fractured.stat_1671376347,enchant.stat_1671376347,rune.stat_1671376347,desecrated.stat_1671376347,crafted.stat_1671376347
#% к сопротивлениям молнии и хаосу			explicit.stat_3465022881,fractured.stat_3465022881,desecrated.stat_3465022881
#% к максимальному сопротивлению хаосу			explicit.stat_1301765461,fractured.stat_1301765461,desecrated.stat_1301765461,crafted.stat_1301765461
#% к максимальному сопротивлению холоду			explicit.stat_3676141501,implicit.stat_3676141501,fractured.stat_3676141501,enchant.stat_3676141501,rune.stat_3676141501,desecrated.stat_3676141501,crafted.stat_3676141501
#% к максимальному сопротивлению огню			explicit.stat_4095671657,fractured.stat_4095671657,enchant.stat_4095671657,rune.stat_4095671657,desecrated.stat_4095671657,crafted.stat_4095671657
#% к максимальному сопротивлению чести			sanctum.stat_3096543632
#% к максимальному сопротивлению молнии			explicit.stat_1011760251,fractured.stat_1011760251,enchant.stat_1011760251,rune.stat_1011760251,desecrated.stat_1011760251,crafted.stat_1011760251
#% к максимальному качеству			explicit.stat_2039822488,implicit.stat_2039822488,fractured.stat_2039822488,crafted.stat_2039822488
#% к качеству всех умений			explicit.stat_3655769732,rune.stat_3655769732,desecrated.stat_3655769732
#% к шансу критического удара шипами			explicit.stat_2715190555,rune.stat_2715190555,desecrated.stat_2715190555
#% к шансу критического удара атаками ближнего боя без оружия			explicit.stat_3613173483
#% к сопротивлению всем стихиям			explicit.stat_2901986750,implicit.stat_2901986750,fractured.stat_2901986750,enchant.stat_2901986750,rune.stat_2901986750,desecrated.stat_2901986750
#% к сопротивлению всем стихиям за заряд энергии			explicit.stat_2593644209
#% к сопротивлению всем стихиям за каждое заполненное гнездо			explicit.stat_2593651571
-#% к сопротивлению всем стихиям за каждое заполненное гнездо	n		explicit.stat_2593651571
#% к сопротивлению всем стихиям за каждый Великий образ			explicit.stat_242161915
#% к максимуму сопротивлений всем стихиям			explicit.stat_1978899297,implicit.stat_1978899297,fractured.stat_1978899297,enchant.stat_1978899297,rune.stat_1978899297,desecrated.stat_1978899297
#% ко всем сопротивлениям за каждый надетый оскверненный предмет			implicit.stat_3100523498
#% к максимуму всех сопротивлений			explicit.stat_569299859,implicit.stat_569299859,desecrated.stat_569299859
#% шанс получить Архонта бессмертия, когда вы создаете подношение			explicit.stat_933355817,fractured.stat_933355817,desecrated.stat_933355817,crafted.stat_933355817
#% к максимуму шанса блока			explicit.stat_480796730,enchant.stat_480796730,desecrated.stat_480796730
#% к максимуму шанса блока, если недавно вы блркировали удар с поднятым щитом			rune.stat_3617372509
# к максимуму свирепости за каждое использованное вами за последние 6 секунд умение, требующее славу, вплоть до 5 раз			explicit.stat_233359425
# к максимуму свирепости, если вы за последние 20 секунд использовали умение, требующее славу			explicit.stat_3302775221
# к максимуму зарядов Кукловода			explicit.stat_1484026495,fractured.stat_1484026495,desecrated.stat_1484026495,crafted.stat_1484026495
# к отклонению за каждые 10 максимума рунического барьера			rune.stat_282990844
-# к отклонению за каждые 10 максимума рунического барьера	n		rune.stat_282990844
# к духу за каждое заполненное гнездо			explicit.stat_4163415912
# к порогу оглушения за каждые 10 максимума рунического барьера			rune.stat_2838678452
-#} к порогу оглушения за каждые 10 максимума рунического барьера	n		rune.stat_2838678452
1 к броне за единицу силы			explicit.stat_1291132817,rune.stat_1291132817
1 к максимуму духа за # максимума здоровья			explicit.stat_1345486764
100% брони также применяется к получаемому урону от молнии			explicit.stat_2134207902
1% повышение скорости перезарядки энергетического щита за каждые # максимума рунического барьера			rune.stat_162036024
На 1% больше урона без оружия за каждые # силы			explicit.stat_3452816629
На 1% меньше урона без оружия за каждые # силы	n		explicit.stat_3452816629
Случайное требующее Славу умение генерирует #% от его максимума Славы, когда срабатывает ваша метка			rune.stat_2231410646
Трещины Бездны с #% шансом могут породить как минимум волшебных монстров			explicit.stat_1388221282,desecrated.stat_1388221282
Разломы Бездны с #% шансом будут порождать как минимум волшебных монстров			explicit.stat_1388221282,desecrated.stat_1388221282
Трещины Бездны порождают как минимум волшебных монстров		100	explicit.stat_1388221282,desecrated.stat_1388221282
Провалы Бездны с #% шансом могут породить как минимум волшебных монстров			explicit.stat_4157613372,desecrated.stat_4157613372
Провалы Бездны с #% шансом будут порождать как минимум волшебных монстров			explicit.stat_4157613372,desecrated.stat_4157613372
Провалы Бездны порождают как минимум волшебных монстров		100	explicit.stat_4157613372,desecrated.stat_4157613372
Провалы Бездны на карте с на #% меньшим шансом будут содержать награды			explicit.stat_4256531808,desecrated.stat_4256531808
Провалы Бездны в области с на #% меньшим шансом будут содержать награды			explicit.stat_4256531808,desecrated.stat_4256531808
Провалы Бездны на карте всегда содержат награды		-100	explicit.stat_4256531808,desecrated.stat_4256531808
Провалы Бездны в области всегда содержат награды		-100	explicit.stat_4256531808,desecrated.stat_4256531808
В два раза выше шанс получнения наград в провалах Бездны на карте		-50	explicit.stat_4256531808,desecrated.stat_4256531808
В два раза выше шанс получнения наград в провалах Бездны в области		-50	explicit.stat_4256531808,desecrated.stat_4256531808
#% увеличение получаемого опыта от монстров Бездны			explicit.stat_2975078312,desecrated.stat_2975078312
Монстры Бездны даруют увеличенное на #% количество опыта			explicit.stat_2975078312,desecrated.stat_2975078312
#% уменьшение получаемого опыта от монстров Бездны	n		explicit.stat_2975078312,desecrated.stat_2975078312
Монстры Бездны даруют уменьшенное на #% количество опыта	n		explicit.stat_2975078312,desecrated.stat_2975078312
#% увеличение эффективности монстров Бездны за каждый закрытый провал, вплоть до 100%			explicit.stat_664606484
Монстры Бездны имеют #% увеличение эффективности за каждый закрытый провал, вплоть до 100%			explicit.stat_664606484
#% уменьшение эффективности монстров Бездны за каждый закрытый провал	n		explicit.stat_664606484
Монстры Бездны имеют #% увеличение эффективности за каждый закрытый провал	n		explicit.stat_664606484
Сложность монстров Бездны и награды с них увеличиваются за каждый закрытый провал			explicit.stat_360553763,desecrated.stat_360553763
Сложность монстров Бездны на карте и награды с них увеличиваются за каждый закрытый провал			explicit.stat_360553763,desecrated.stat_360553763
Истощение Бездны также накладывает #% к сопротивлению холоду			explicit.stat_3979226081
Истощение Бездны также накладывает #% к сопротивлению огню			explicit.stat_2991563371
Истощение Бездны также накладывает #% к сопротивлению молнии			explicit.stat_1726353460
Накладываемое вами Истощение Бездны также заставляет цели взрываться с 10% шансом при смерти, нанося десятую часть от их здоровья в виде физического урона			explicit.stat_3134931479
Накладываемое вами Истощение Бездны также мешает целям наносить критические удары			explicit.stat_1986082444
Накладываемое вами Истощение Бездны также мешает целям накладывать стихийные состояния			explicit.stat_4149923257
Накладываемое вами Истощение Бездны длится бесконечно			explicit.stat_1679776108
Бездны с увеличенным на #% шансом могут привести к Глубинам Бездны			explicit.stat_2722831300
Бездны  на карте с увеличенным на #% шансом могут привести к Глубинам Бездны			explicit.stat_2722831300
Бездны  в области с увеличенным на #% шансом могут привести к Глубинам Бездны			explicit.stat_2722831300
Бездны с уменьшенным на #% шансом могут привести к Глубинам Бездны	n		explicit.stat_2722831300
Бездны  на карте с уменьшенным на #% шансом могут привести к Глубинам Бездны	n		explicit.stat_2722831300
Бездны  в области с уменьшенным на #% шансом могут привести к Глубинам Бездны	n		explicit.stat_2722831300
Бездны порождают увеличенное на #% количество монстров			explicit.stat_944630113,desecrated.stat_944630113
Бездны на карте порождают увеличенное на #% количество монстров			explicit.stat_944630113,desecrated.stat_944630113
Бездны порождают уменьшенное на #% количество монстров	n		explicit.stat_944630113,desecrated.stat_944630113
Бездны на карте порождают уменьшенное на #% количество монстров	n		explicit.stat_944630113,desecrated.stat_944630113
Бездны ведут к боссу Бездны			explicit.stat_2399592398,desecrated.stat_2399592398
Бездны ведут к Глубинам Бездны			explicit.stat_2278777540,desecrated.stat_2278777540
Меткость удвоена			explicit.stat_2161347476
Добавляет от # до # урона хаосом к атакам			explicit.stat_674553446
Добавляет от # до # урона хаосом			explicit.stat_2223678961,fractured.stat_2223678961,enchant.stat_2223678961,rune.stat_2223678961,desecrated.stat_2223678961,crafted.stat_2223678961
Добавляет от # до # урона от холода			explicit.stat_1037193709,fractured.stat_1037193709,enchant.stat_1037193709,rune.stat_1037193709,desecrated.stat_1037193709,crafted.stat_1037193709
Добавляет # до # урона от холода по охлаждённым врагам			rune.stat_3734640451
Добавляет от # до # урона от холода к атакам			explicit.stat_4067062424,fractured.stat_4067062424,desecrated.stat_4067062424
Добавляет от # до # урона от огня			explicit.stat_709508406,fractured.stat_709508406,enchant.stat_709508406,rune.stat_709508406,desecrated.stat_709508406,crafted.stat_709508406
Добавляет от # до # урона от огня к атакам по подожженным врагам			rune.stat_627339348
Добавляет от # до # урона от огня к атакам			explicit.stat_1573130764,implicit.stat_1573130764,fractured.stat_1573130764,rune.stat_1573130764,desecrated.stat_1573130764
Добавляет от # до # урона от молнии			explicit.stat_3336890334,fractured.stat_3336890334,enchant.stat_3336890334,rune.stat_3336890334,desecrated.stat_3336890334,crafted.stat_3336890334
Добавляет от # до # урона от молнии по поражённым шоком врагам			rune.stat_90012347
Добавляет от # до # урона от молнии к атакам за каждые 20 интеллекта			explicit.stat_3111921451
Добавляет от # до # урона от молнии к ударам ближнего боя без оружия			explicit.stat_3835522656
Добавляет от # до # урона от молнии к атакам			explicit.stat_1754445556,implicit.stat_1754445556,fractured.stat_1754445556,desecrated.stat_1754445556
Добавляет от # до # физического урона			explicit.stat_1940865751,fractured.stat_1940865751,rune.stat_1940865751,desecrated.stat_1940865751,crafted.stat_1940865751
Добавляет от # до # физического урона к атакам			explicit.stat_3032590688,implicit.stat_3032590688,fractured.stat_3032590688,rune.stat_3032590688,desecrated.stat_3032590688
Добавляет Бездны на карту\nОсталось зарядов - #			implicit.stat_2369421690
Добавляет Заражение на карту\nОсталось зарядов - #			implicit.stat_4041853756
Добавляет алтари Ритуала на карту\nОсталось зарядов - #			implicit.stat_3166002380
Добавляет маяки ваал на карту\nОсталось зарядов - #			implicit.stat_3035440454
Добавляет калгууранскую экспедицию на карту\nОсталось зарядов - #			implicit.stat_1714888636
Добавляет Зеркало Делириума на карту\nОсталось зарядов - #			implicit.stat_3879011313
Добавляет Потусторонний Разлом на карту\nОсталось зарядов - #			implicit.stat_2219129443
Усугубляет кровотечение на врагах, когда они появляются в вашем присутствии			explicit.stat_874646180
Усугубление любого кровотечения этим оружием так усугубляет все поджоги на цели			explicit.stat_2312741059
Все атаки считаются улучшенными			explicit.stat_1952324525
Весь урон от ударов влияет на силу отравления			explicit.stat_4012215578
Весь урон от ударов по истекающим кровью врагам влияет на силу охлаждения			explicit.stat_1717295693
Весь урон от ударов по отравленным врагам влияет на силу охлаждения			explicit.stat_1375667591
Весь урон от ударов этим оружием влияет на силу охлаждения			explicit.stat_2156230257
Весь урон от ударов этим оружием влияет на накопление шкалы заморозки			explicit.stat_3761294489
Весь урон от ударов этим оружием влияет на накопление шкалы пригвождения			explicit.stat_4142786792
Весь получаемый урон от ударов влияет на силу накладываемого на вас охлаждения			explicit.stat_1705072014
Весь урон от ударов, получаемый истекая кровью, влияет на силу накладываемого на вас охлаждения			explicit.stat_2420248029
Весь урон от ударов, получаемый будучи отравленным, влияет на силу накладываемого на вас охлаждения			explicit.stat_1291285202
#% усиление эффекта всех Наследий волшебника за каждый имеющийся у вас дубликат Наследий волшебника			explicit.stat_3874491706
Весь получаемый урон обходит рунический барьер			rune.stat_3814102597
Весь урон этим оружием участвует в накоплении шкалы электризации			explicit.stat_1910743684,rune.stat_1910743684
Союзники в вашем присутствии наносят #% урона в виде дополнительного урона хаосом			explicit.stat_4258251165
Союзники в вашем присутствии наносят #% от урона в виде дополнительного урона от огня			explicit.stat_2173791158
Союзники в вашем присутствии регенерируют # здоровья в секунду			explicit.stat_4010677958,fractured.stat_4010677958,rune.stat_4010677958,desecrated.stat_4010677958
Союзники в вашем присутствии регенерируют #% от их максимума здоровья в секунду			explicit.stat_3081479811
Союзники в вашем присутствии регенерируют #% от максимума здоровья в секунду			rune.stat_1911097163
Союзники в вашем присутствии наносят от # до # дополнительного урона хаосом атаками			explicit.stat_262946222,rune.stat_262946222,desecrated.stat_262946222
Союзники в вашем присутствии наносят от # до # дополнительного урона от холода атаками			explicit.stat_2347036682,fractured.stat_2347036682,desecrated.stat_2347036682
Союзники в вашем присутствии наносят от # до # дополнительного урона от огня атаками			explicit.stat_849987426,fractured.stat_849987426,desecrated.stat_849987426
Союзники в вашем присутствии наносят от # до # дополнительного урона от молнии атаками			explicit.stat_2854751904,fractured.stat_2854751904,rune.stat_2854751904,desecrated.stat_2854751904
Союзники в вашем присутствии наносят от # до # дополнительного физического урона атаками			explicit.stat_1574590649,fractured.stat_1574590649,rune.stat_1574590649,desecrated.stat_1574590649
Союзники в вашем присутствии наносят увеличенный на #% урон			explicit.stat_1798257884,fractured.stat_1798257884,enchant.stat_1798257884,rune.stat_1798257884,desecrated.stat_1798257884,crafted.stat_1798257884
Союзники в вашем присутствии наносят уменьшенный на #% урон	n		explicit.stat_1798257884,fractured.stat_1798257884,enchant.stat_1798257884,rune.stat_1798257884,desecrated.stat_1798257884,crafted.stat_1798257884
Союзники в вашем присутствии получают # к меткости			explicit.stat_3169585282,fractured.stat_3169585282
Союзники в вашем присутствии имеют #% повышение скорости атаки			explicit.stat_1998951374,fractured.stat_1998951374,enchant.stat_1998951374,rune.stat_1998951374,desecrated.stat_1998951374
Союзники в вашем присутствии имеют #% снижение скорости атаки	n		explicit.stat_1998951374,fractured.stat_1998951374,enchant.stat_1998951374,rune.stat_1998951374,desecrated.stat_1998951374
Союзники в вашем присутствии имеют #% повышение скорости сотворения чар			explicit.stat_289128254,fractured.stat_289128254,enchant.stat_289128254,rune.stat_289128254,desecrated.stat_289128254
Союзники в вашем присутствии имеют #% снижение скорости сотворения чар	n		explicit.stat_289128254,fractured.stat_289128254,enchant.stat_289128254,rune.stat_289128254,desecrated.stat_289128254
#% увеличение дополнительного критического урона союзников в вашем присутствии			explicit.stat_3057012405,fractured.stat_3057012405,enchant.stat_3057012405,rune.stat_3057012405,desecrated.stat_3057012405
#% уменьшение дополнительного критического урона союзников в вашем присутствии	n		explicit.stat_3057012405,fractured.stat_3057012405,enchant.stat_3057012405,rune.stat_3057012405,desecrated.stat_3057012405
Союзники в вашем присутствии имеют #% увеличение шанса критического удара			explicit.stat_1250712710,fractured.stat_1250712710,rune.stat_1250712710,desecrated.stat_1250712710
Союзники в вашем присутствии имеют #% уменьшение шанса критического удара	n		explicit.stat_1250712710,fractured.stat_1250712710,rune.stat_1250712710,desecrated.stat_1250712710
Союзники в вашем присутствии имеют #% повышение скорости передвижения			rune.stat_632743438
Союзники в вашем присутствии получают #% к сопротивлению всем стихиям			explicit.stat_3850614073,fractured.stat_3850614073,rune.stat_3850614073,desecrated.stat_3850614073
Шанс  блока союзников в вашем присутствии равен вашему			explicit.stat_1361645249
Союзники в вашем присутствии разделяют снаряды вместе с вами			rune.stat_3329501096
Активирует # зловещих гнезда для самоцветов			explicit.stat_3929993388
Активирует # зловещее гнездо для самоцветов		1	explicit.stat_3929993388
Также дарует # обороны			explicit.stat_2676834156
Чередуются каждые 5 секунд:\nПолучает на #% больше урона от ударов\nПолучает на #% больше постепенного урона			explicit.stat_258955603,rune.stat_258955603
Чередуются каждые 5 секунд:\nПолучает на #% меньше урона от ударов\nПолучает на #% меньше постепенного урона	n		explicit.stat_258955603,rune.stat_258955603
Всегда наносит удар			explicit.stat_4126210832,implicit.stat_4126210832
Всегда наносит критические удары по сильно оглушенным врагам			explicit.stat_2214130968
На карте испытаний раскрывается дополнительных комнат: #			sanctum.stat_386901949
На карте испытаний раскрывается дополнительная комната		1	sanctum.stat_386901949
На цель в одно и тоже время может действовать любое количество отравлений от этого оружия			explicit.stat_4021234281
Период восстановления архонта истекает на #% быстрее			explicit.stat_2586152168,rune.stat_2586152168,desecrated.stat_2586152168
Период восстановления архонта истекает на #% медленнее	n		explicit.stat_2586152168,rune.stat_2586152168,desecrated.stat_2586152168
Область содержит дополнительных знаков с сундуками: #			implicit.stat_4160330571
Раскопки экспедиции на ваших картах содержат дополнительных знаков с сундуком: #			implicit.stat_4160330571
Раскопки экспедиции на ваших картах содержат # дополнительный знак с сундуком		1	implicit.stat_4160330571
В области можно встретить дополнительных групп зверей: #			explicit.stat_3757259819,desecrated.stat_3757259819
В области можно встретить дополнительных групп колючих монстров: #			explicit.stat_3309089125,desecrated.stat_3309089125
В области можно встретить дополнительных групп монстров-эзомитов: #			explicit.stat_1436812886,desecrated.stat_1436812886
В области можно встретить дополнительных групп монстров-фаридунцев: #			explicit.stat_4130878258,desecrated.stat_4130878258
В области можно встретить дополнительных групп железной стражи: #			explicit.stat_2949706590,fractured.stat_2949706590,desecrated.stat_2949706590
В области можно встретить дополнительных групп зачумленных монстров: #			explicit.stat_3592067990,desecrated.stat_3592067990
В области можно встретить дополнительных групп монстров-вознесшихся: #			explicit.stat_1689473577,desecrated.stat_1689473577
В области можно встретить дополнительных групп нежити: #			explicit.stat_240445958,desecrated.stat_240445958
В области можно встретить дополнительных групп монстров ваал: #			explicit.stat_4181857719,desecrated.stat_4181857719
Область содержит дополнительных знаков с монстрами: #	n		implicit.stat_1915989164
#% увеличение количества реликтов в области			implicit.stat_2991413918
В области можно встретить дополнительных Царевен инкубатора: #			explicit.stat_1827854662,desecrated.stat_1827854662
В области можно встретить дополнительную Царевну инкубатора		1	explicit.stat_1827854662,desecrated.stat_1827854662
В области можно встретить дополнительных волшебных ларцов: #			explicit.stat_2396719220
В области можно встретить дополнительный волшебный ларец		1	explicit.stat_2396719220
В области с #% шансом можно встретить алтарь			explicit.stat_2571125745
На ваших картах с #% шансом можно встретить алтарь			explicit.stat_2571125745
В области с #% шансом можно встретить ларец			explicit.stat_2388936716
На ваших картах с #% шансом можно встретить ларец			explicit.stat_2388936716
На ваших картах с #% можно встретить Сущность			explicit.stat_4098286334
В области с #% шансом можно встретить Сущность			explicit.stat_4098286334
Область имеет участки замерзшей земли			explicit.stat_349586058,fractured.stat_349586058,desecrated.stat_349586058
В области есть участки подожженной земли			explicit.stat_133340941,fractured.stat_133340941,desecrated.stat_133340941
Область содержит участки вытягивающей ману земли			explicit.stat_3190283174,desecrated.stat_3190283174
Область содержит участки заряженной земли			explicit.stat_3477720557,fractured.stat_3477720557,desecrated.stat_3477720557
Броня увеличивается на не ограниченное сопротивление огню			explicit.stat_713266390
Стрелы разветвляются			explicit.stat_2421436896
Стрелы пронзают все цели после разветвления			explicit.stat_2138799639
Стрелы пронзают # дополнительных цели(-ей)			explicit.stat_3423006863
Стрелы пронзают дополнительную цель		1	explicit.stat_3423006863
Стрелы возвращаются, если они пронзили врага с полностью разрушенной броней			explicit.stat_1243721142
Удары атаками с #% шансом могут наложить Разрез			explicit.stat_300723956,fractured.stat_300723956,desecrated.stat_300723956
Удары атаками накладывают Разрез		100	explicit.stat_300723956,fractured.stat_300723956,desecrated.stat_300723956
Удары атаками накладывают Призрачный огонь на # секунд(-ы)			explicit.stat_33298888
Снаряды атак возвращаются, если они пронзали цели как минимум # раз(-а)			explicit.stat_2720781168
Атаки Разрушает броню в размере #% от максимума рунического барьера			rune.stat_2608793552
Атаки поражают дополнительных целей по цепи: #			explicit.stat_3868118796,desecrated.stat_3868118796
Атаки поражают дополнительную цель по цепи		1	explicit.stat_3868118796,desecrated.stat_3868118796
Атаки наносят #% от урона в виде дополнительного урона от холода			explicit.stat_1484500028
Атаки наносят #% от урона в виде дополнительного урона от огня			explicit.stat_1049080093
Атаки наносят #% физического урона в виде дополнительного урона хаосом			explicit.stat_261503687
Атаки поглощают заряд выносливости для нанесения критического удара			explicit.stat_3550545679
Атаки расходую дополнительно #% от вашего максимума маны			explicit.stat_2157692677
Атаки имеют #% шанс вызвать кровотечение			implicit.stat_2055966527
Атаки вызывают кровотечение		100	implicit.stat_2055966527
Атаки не могут вызывать кровотечение		0	implicit.stat_2055966527
Атаки наносят дополнительный максимум урона от молнии в размере #% от максимума маны			explicit.stat_3258071686
наносят дополнительный физический урон в размере #% от максимума здоровья			explicit.stat_2723294374
Атаки расходуют #% от вашего максимума рунического барьера, если возможно, и наносят дополнительный физический урон			rune.stat_3035971497
Атаки этим оружием пробивают #% сопротивления хаосу			explicit.stat_3762412853,desecrated.stat_3762412853
Атаки этим оружием пробивают #% сопротивления холоду			explicit.stat_1740229525,desecrated.stat_1740229525
Атаки этим оружием пробивают #% вражеского сопротивления стихиям			rune.stat_4064396395
Атаки этим оружием пробивают #% сопротивления огню			explicit.stat_3398283493,desecrated.stat_3398283493
Атаки этим оружием пробивают #% сопротивления молнии			explicit.stat_2387539034,desecrated.stat_2387539034
Атаки этим оружием наносят #% от физического урона в виде дополнительного урона от каждой стихии			explicit.stat_3620731914
Атаки этим оружием с #% шансом могут наложить восприимчивость			rune.stat_3678845069
Атаки этим оружием накладывают восприимчивость		100	rune.stat_3678845069
Добавляет к атакам этим оружием урон от холода в размере от #% до #% от максимума маны			explicit.stat_566086661,rune.stat_566086661
#% увеличение силы умений аур			explicit.stat_315791320,fractured.stat_315791320,rune.stat_315791320,desecrated.stat_315791320,crafted.stat_315791320
#% уменьшение силы умений аур	n		explicit.stat_315791320,fractured.stat_315791320,rune.stat_315791320,desecrated.stat_315791320,crafted.stat_315791320
После победы над Вестником Роя Аурус преобразуется в опыт			sanctum.stat_1307773596
После победы над Вестником Роя Аурус преобразуется в реликвии			sanctum.stat_315260783
После победы над Вестником Роя Аурус превращается в порочную валюту			sanctum.stat_1019656601
#% увеличение области действия умений знамён			explicit.stat_429143663,fractured.stat_429143663,desecrated.stat_429143663
#% уменьшение области действия умений знамён	n		explicit.stat_429143663,fractured.stat_429143663,desecrated.stat_429143663
#% увеличение длительности умений знамён			explicit.stat_2720982137,fractured.stat_2720982137,desecrated.stat_2720982137
#% уменьшение длительности умений знамён	n		explicit.stat_2720982137,fractured.stat_2720982137,desecrated.stat_2720982137
Знамена также даруют затронутым целям #% регенерации здоровья в секунду			rune.stat_119336587
Знамёна всегда получают максимум доблести			explicit.stat_1761741119
Базовый шанс нанесения критического удара атаками оружием: #%			explicit.stat_2635559734,rune.stat_2635559734
Умения медведя преобразуют #% of физического урона в урон от огня			explicit.stat_4287372938
Носит Метку Владыки Бездны			explicit.stat_335885735,fractured.stat_335885735,crafted.stat_335885735
Разветвление критических ударов			explicit.stat_1451444093,implicit.stat_1451444093
Наложенное вами кровотечение наносит урон на #% быстрее			implicit.stat_3828375170
Накладываемое вами кровотечение наносит урон от огня вместо физического урона			explicit.stat_1016759424
Наносимое вами кровотечение усугубляется			explicit.stat_841429130
#% шанс ослепить охлаждённых врагов при нанесении удара			explicit.stat_3450276548
При нанесении удара ослепляет охлаждённых врагов		100	explicit.stat_3450276548
Ослепляет врагов при нанесении удара, пока у вас размещены рубин и сапфир			explicit.stat_3587953142,fractured.stat_3587953142,crafted.stat_3587953142
Ослепляет цели, когда вы отравляете их			explicit.stat_60826109
Блокирование урона отравляет врага как при нанесении # базового урона хаосом			explicit.stat_4195198267
Магия крови			explicit.stat_2801937280
Болты, выпускаемые атаками самострелов с #% шансом могут\nне потратить боезапас, если недавно вы перезаряжались			explicit.stat_842299438
Связаны: Регенерация # здоровья в секунду			rune.stat_1554054340
Связаны: # к максимуму здоровья за уровень			rune.stat_769693350
Связаны: От # до # физического урона шипами			rune.stat_1386257341
Связаны: # к броне			rune.stat_2573124363
Связаны: # к ловкости			rune.stat_1261474324
Связаны: # к уклонению			rune.stat_3533065815
Связаны: # к уровню всех умений атак			rune.stat_243313994
Связаны: # к уровню всех камней умений молнии			rune.stat_4111152445
Связаны: # к уровню всех камней умений приспешников			rune.stat_3155261831
Связаны: # к максимуму зарядов выносливости			rune.stat_2339851060
Связаны: # к максимуму зарядов ярости			rune.stat_3986710072
Связаны: # к максимуму зарядов энергии			rune.stat_921688168
Связаны: # к максимуму свирепости			rune.stat_10502714
Связаны: # к духу			rune.stat_3543085634
Связаны: # к силе			rune.stat_943343122
Связаны: # к максимуму энергетического щита			rune.stat_827242569
Связаны: # к максимуму здоровья			rune.stat_2280525771
Связаны: # к максимуму маны			rune.stat_2926029365
Связаны: # к максимуму рунического барьера			rune.stat_1122225204
Связаны: # к максимальному количеству стихийных насыщений			rune.stat_451260031
Связаны: Используемые вами обереги с #% шансом могут не потратить заряды			rune.stat_3291917242
Связаны: #% шанс для урона от наносимого по вам удара врагов стать неудачливым			rune.stat_2134854700
Связаны: Используемые вами умения мощных ударов с #% шансом могут вызвать дополнительную остаточную волну			rune.stat_1457312571
Связаны: #% шанс получить дополнительный случайный заряд когда вы получаете заряд			rune.stat_1712188793
Связаны: #% шанс при подборе стихийного насыщения получить дополнительное стихийное насыщение того же типа			rune.stat_3909696841
Связаны: На #% быстрее активация проклятия			rune.stat_1350120957
Связаны: #% повышение глобальной меткости			rune.stat_1340512754
Связаны: #% увеличение длительности эффекта Архонта			rune.stat_201058524
Связаны: #% увеличение области действия атак			rune.stat_3724971246
Связаны: #% увеличение области действия проклятий			rune.stat_3854332662
Связаны: #% повышение брони и уклонения при малом количестве здоровья			rune.stat_51757548
Связаны: #% увеличение брони, если недавно вы не совершали кувырок			rune.stat_851475033
Связаны: #% увеличение брони, если недавно вы поглощали заряд выносливости			rune.stat_3037356641
Связаны: #% увеличение брони будучи превращенным			rune.stat_1920436470
Связаны: #% повышение скорости стрел			rune.stat_1334246621
Связаны: #% увеличение урона от атак по изувеченным врагам			rune.stat_1323874481
Связаны: #% увеличение урона от атак будучи превращенным			rune.stat_674141348
Связаны: #% повышение скорости атаки			rune.stat_3414796717
Связаны: #% повышение скорости атаки при недостающем руническом барьере			rune.stat_3837226732
Связаны: #% повышение скорости атаки пока ваш компаньон находится в вашем присутствии			rune.stat_1777925108
Связаны: #% увеличение длительности кровотечения			rune.stat_96906928
Связаны: #% усиление эффекта ослепления			rune.stat_678691134
Связаны: #% увеличение шанса блока			rune.stat_477534953
Связаны: #% увеличение шанса блока за каждые 100 суммарной брони на одетых доспехах			rune.stat_625805922
Связаны: #% увеличение урона хаосом			rune.stat_227512798
Связаны: #% увеличение количества получаемых зарядов оберегов			rune.stat_763465498
Связаны: #% увеличение урона от холода			rune.stat_2233558630
Связаны: #% повышение скорости перезарядки умений			rune.stat_232299587
Связаны: #% увеличение бонуса к критическому урону			rune.stat_4221147896
Связаны: #% повышение шанса критического удара			rune.stat_2651867031
Связаны: #% увеличение шанса критического удара будучи превращенным			rune.stat_3311629379
Связаны: #% повышение скорости перезарядки самострела			rune.stat_2453678274
Связаны: #% увеличение силы проклятий			rune.stat_217649179
Связаны: #% увеличение урона по обездвиженным врагам			rune.stat_3823333703
Связаны: #% увеличение урона за каждый тип стихийного состояния на враге			rune.stat_95238288
Связаны: #% увеличение урона за каждые 15 силы			rune.stat_1524834794
Связаны: #% увеличение урона будучи превращенным			rune.stat_3412619569
Связаны: #% увеличение урона, пока в вашем присутствии находится компаньон			rune.stat_3835589934
Связаны: #% увеличение отклонения ударов			rune.stat_2701582946
Связаны: #% увеличение длительности наносящих урон состояний на врагах			rune.stat_2986637363
Связаны: #% увеличение длительности стихийных состояний на врагах			rune.stat_2546200564
Связаны: #% усиление эффекта создаваемой вами освященной земли			rune.stat_768779746
Связаны: #% усиление эффекта не наносящих урон состояний на вас			rune.stat_1279298634
Связаны: #% увеличение порога стихийных состояний			rune.stat_4128954176
Связаны: #% увеличение урона от стихий			rune.stat_3037261703
Связаны: #% увеличение длительности заряда выносливости			rune.stat_4224773381
Связаны: #% увеличение длительности зарядов энергии, ярости и выносливости			rune.stat_4129869957
Связаны: #% увеличение уклонения			rune.stat_2855182251
Связаны: #% увеличение уклонения, если недавно вы поглощали заряд ярости			rune.stat_2959554008
Связаны: #% усиление эффекта восприимчивости			rune.stat_3378643287
Связаны: #% увеличение урона от огня			rune.stat_2502507413
Связаны: #% повышение скорости восстановления маны от флакона			rune.stat_1787822486
Связаны: #% повышение скорости накопления шкалы заморозки			rune.stat_1817052494
Связаны: #% увеличение глобальной брони, уклонения и энергетического щита			rune.stat_457982334
Связаны: #% увеличение глобального физического урона			rune.stat_708427389
Связаны: #% повышение скорости накопления славы			rune.stat_155735928
Связаны: #% увеличение получаемой обороны			rune.stat_831559873
Связаны: #% увеличение длительности поджога на врагах			rune.stat_3374444303
Связаны: #% увеличение силы поджога			rune.stat_1857162058
Связаны: #% увеличение накопления шкалы обездвиживания			rune.stat_1112792773
Связаны: #% повышение скорости восстановления здоровья, пока в вашем присутствии находится компаньон			rune.stat_2122116143
Связаны: #% увеличение восстановления здоровья от флаконов			rune.stat_986696689
Связаны: #% повышение скорости регенерации здоровья			rune.stat_2051864330
Связаны: #% повышение скорости регенерации здоровья будучи превращенным			rune.stat_2410766865
Связаны: #% увеличение восстановления здоровья и маны от флаконов			rune.stat_4168500604
Связаны: #% увеличение урона от молнии			rune.stat_2589309582
Связаны: #% увеличение силы кровотечения на вас			rune.stat_3144895835
Связаны: #% увеличение силы накладываемого вами кровотечения			rune.stat_841463428
Связаны: #% увеличение силы накладываемых вами не наносящих урон состояний			rune.stat_3891661462
Связаны: #% увеличение силы накладываемого вами шока			rune.stat_2430860292
Связаны: #% увеличение эффективности расхода маны			rune.stat_2336012075
Связаны: #% увеличение эффективности расхода ресурсов при малом количестве маны			rune.stat_532897212
Связаны: #% повышение скорости восстановления маны, пока ваш компаньон находится в вашем присутствии			rune.stat_2352183092
Связаны: #% повышение скорости регенерации маны			rune.stat_1007312071
Связаны: #% повышение скорости передвижения			rune.stat_4106964676
Связаны: #% повышение скорости передвижения во время бега			rune.stat_3842722415
Связаны: #% увеличение дальности парирования			rune.stat_3126632036
Связаны: #% увеличение области действия присутствия			rune.stat_2894111835
Связаны: #% увеличение урона снарядов			rune.stat_2418344131
Связаны: #% повышение скорости снарядов			rune.stat_1631975646
Связаны: #% увеличение количества золота, выпадающего из убитых врагов			rune.stat_3898665772
Связаны: #% увеличение эффективности удержания ресурсов умениями компаньонов			rune.stat_2729035954
Связаны: #% увеличение эффективности удержания ресурсов умениями вестниками			rune.stat_1299166504
Связаны: #% увеличение эффективности удержания ресурсов умениями приспешников			rune.stat_1342402057
Связаны: #% увеличение эффективности расхода рунического барьера			rune.stat_1751756891
Связаны: #% повышение скорости регенерации рунического барьера, если недавно вы наносили критический удар			rune.stat_1396011622
Связаны: #% увеличение длительности эффекта умений растений			rune.stat_2530800730
Связаны: #% повышение скорости умений будучи превращенным			rune.stat_144568384
Связаны: #% усиление влияния замедления от отрицательных эффектов на вас			rune.stat_165746512
Связаны: #% увеличение духа			rune.stat_2012253422
Связаны: #% увеличение эффективности удержания духа умениями			rune.stat_3435915371
Связаны: #% повышение скорости накопления шкалы оглушения			rune.stat_3038857346
Связаны: #% повышение скорости восстановления после оглушения			rune.stat_1756854510
Связаны: #% увеличение порога оглушения			rune.stat_466741396
Связаны: #% увеличение накопления шкалы оглушения будучи превращенным			rune.stat_597420223
Связаны: #% увеличение бонуса к критическому урону шипами			rune.stat_3494229254
Связаны: #% увеличение урона шипами			rune.stat_3266426611
Связаны: #% повышение скорости перезарядки боевых кличей			rune.stat_542243093
Связаны: #% увеличение силы истощения			rune.stat_1984345909
Связаны: #% увеличение количества похищенного здоровья			rune.stat_3331247603
Связаны: #% усиление положительных эффектов Архонта на вас			rune.stat_1236190486
Связаны: #% усиление эффекта полностью разрушенной брони			rune.stat_1039491398
Связаны: #% увеличение максимума энергетического щита, если недавно вы поглощали заряд энергии			rune.stat_3745435177
Связаны: #% увеличение максимума здоровья			rune.stat_2246411426
Связаны: #% увеличение максимума маны			rune.stat_1586906534
Связаны: #% увеличение максимума рунического барьера			rune.stat_3634438849
Связаны: #% брони также применяется к получаемому урону от стихий будучи превращенным			rune.stat_826685275
Связаны: #% получаемого урона от ударов берется из здоровья вашего повреждаемого компаньона вместо вашего			rune.stat_4108430531
Связаны: #% от получаемого урона берется сначала из маны вместо здоровья			rune.stat_1479161975
Связаны: #% полученного урона восполняется в виде здоровья			rune.stat_264750496
Связаны: #% от максимума здоровья становится энергетическим щитом			rune.stat_2100249038
Связаны: #% стоимости умений в мане берется из здоровья			rune.stat_2561960218
Связаны: #% уменьшение длительности охлаждения на вас			rune.stat_2174462855
Связаны: #% уменьшение получаемого урона от ударов снарядами			rune.stat_2849118560
Связаны: #% уменьшение длительности заморозки на вас			rune.stat_2861770798
Связаны: #% уменьшение длительности шока на вас			rune.stat_1441491952
Связаны: #% к сопротивлению хаосу			rune.stat_3351086592
Связаны: #% к сопротивлению холоду			rune.stat_3448627618
Связаны: #% к сопротивлению огню			rune.stat_2566210581
Связаны: #% к сопротивлению молнии			rune.stat_3294435116
Связаны: #% к максимальному сопротивлению холоду			rune.stat_4042480703
Связаны: #% к максимальному сопротивлению огню			rune.stat_408302348
Связаны: #% к максимальному сопротивлению молнии			rune.stat_3788647247
Связаны: #% к качеству всех умений			rune.stat_1134865274
Связаны: #% к сопротивлению всем стихиям			rune.stat_953010920
Связаны: #% к максимуму сопротивлений всем стихиям при полном руническом барьере			rune.stat_1404850498
Связаны: #% к максимуму шанса блока			rune.stat_859452080
Связаны: На 1% больше скорости регенерации рунического барьера за каждые #% от максимума рунического барьера, утраченные недавно из-за ударов, вплоть до на 100% больше			rune.stat_103837384
Связаны: Добавляет от # до # урона от огня к атакам			rune.stat_3308150554
Связаны: Добавляет от # до # физического урона			rune.stat_1888719480
Связаны: Добавляет от # до # физического урона к атакам			rune.stat_3738367433
Связаны: Союзники в вашем присутствии наносят #% урона в виде дополнительного урона хаосом			rune.stat_858934954
Связаны: Союзники в вашем присутствии регенерируют #% от максимума здоровья в секунду			rune.stat_1799351208
Связаны: Период восстановления архонта истекает на #% быстрее			rune.stat_975988108
Связаны: Атаки имеют #% шанс вызвать кровотечение			rune.stat_368025119
Связаны: Атаки имеют #% к шансу критического удара			rune.stat_859085781
Связаны: #% увеличение силы ауры умений знамен			rune.stat_4012965551
Связаны: #% увеличение количества разрушаемой брони			rune.stat_1083521623
Связаны: Разрушает броню при нанесении критического удара чарами в размере #% от нанесенного физического урона			rune.stat_3990135792
Связаны: Положительные эффекты на вас истекают на #% быстрее			rune.stat_2804691275
Связаны: Обереги получают зарядов в секунду: #			rune.stat_1568578715
Связаны: Компаньоны наносят увеличенный на #% урон			rune.stat_736977326
Связаны: #% увеличение области действия компаньонов			rune.stat_1816212773
Связаны: #% увеличение максимума здоровья компаньонов			rune.stat_750452124
Связаны: Компаньоны в вашем присутствии имеют #% к сопротивлению хаосу			rune.stat_2342427527
Связаны: Область проклятия проявляется после увеличенной на #% задержки			rune.stat_589270455
Связаны: Заблокированный урон восполняется в виде маны			rune.stat_3475931631
Связаны: Урон пробивает #% сопротивления молнии			rune.stat_4019240232
Связаны: Урон наносящих по вам удары врагов неудачлив, если ваш рунический барьер недавно был поврежден			rune.stat_2691854696
Связаны: Враги в вашем присутствии сковываются			rune.stat_1729154880
Связаны: Каждая единица свирепости также дарует #% увеличение урона от чар			rune.stat_807013157
Связаны: Каждые 5 свирепости также даруют вам #% повышение скорости передвижения			rune.stat_2291075173
Связаны: # к лимиту умений расселин			rune.stat_1482283017
Связаны: Дарует # здоровья за каждого убитого врага			rune.stat_1354252351
Связаны: Дарует # свирепости при нанесении удара в ближнем бою			rune.stat_3816212813
Связаны: Наносит #% урона в виде дополнительного физического урона			rune.stat_635535560
Связаны: Дарует #% от физического урона в виде дополнительного урона хаосом			rune.stat_1570901920
Связаны: Дарует #% от максимума здоровья в виде дополнительного максимума рунического барьера			rune.stat_2269618934
Связаны: Дарует Развязку на # секунд(-ы) за каждое затрачиваемое комбо при использовании умений			rune.stat_1377764687
Связаны: Дарует дополнительный порог состояний в размере #% от максимума энергетического щита			rune.stat_1419386315
Связаны: Дарует дополнительный порог оглушения в размере #% от максимума энергетического щита			rune.stat_2001460689
Связаны: #% уменьшение дополнительного критического урона от ударов по вам			rune.stat_1256853273
Связаны: Вызываемые чары с #% шансом могут поглотить всего половину энергии			rune.stat_4058552370
Связаны: #% увеличение максимума энергии вызываемых умений			rune.stat_1773391344
Связаны: Отбрасывает врагов при нанесении удара			rune.stat_1512261731
Связаны: Похищает #% от максимума здоровья, когда вы сотворяете чары			rune.stat_1584590139
Связаны: #% увеличение эффективности удержания ресурсов мета-умениями			rune.stat_4254029169
Связаны: Приспешники воскрешаются на #% быстрее			rune.stat_839375491
Связаны: Приспешники имеют #% увеличение урона			rune.stat_1728593484
Связаны: Приспешники имеют #% дополнительного уменьшения получаемого физического урона			rune.stat_129783399
Связаны: Приспешники имеют #% увеличение области действия			rune.stat_3449499156
Связаны: Приспешники имеют #% повышение скорости перезарядки умений приказов			rune.stat_1611856026
Связаны: Приспешники имеют #% повышение скорости передвижения			rune.stat_834058335
Связаны: Приспешники имеют #% увеличение максимума здоровья			rune.stat_4096059605
Связаны: Приспешники имеют #% к сопротивлению всем стихиям			rune.stat_901007505
Связаны: Растения с #% шансом могут мгновенно разрастись при первом попадании в вашу область присутствия			rune.stat_3793026369
Связаны: Предотвращает #% урона от отклоненных ударов			rune.stat_1597408611
Связаны: Снаряды имеют #% шанс выпустить дополнительный снаряд при разветвлении			rune.stat_1528013281
Связаны: Восстанавливает #% от максимума маны, когда вы подбираете сгусток			rune.stat_2905013875
Связаны: Восстанавливает #% от максимума здоровья, когда один из ваших приспешников возрождается			rune.stat_1823959929
Связаны: Регенерирует # рунического барьера в секунду			rune.stat_2420303482
Связаны: Регенерация #% энергетического щита в секунду			rune.stat_3134782172
Связаны: Регенерация #% здоровья в секунду			rune.stat_1981392722
Связаны: Регенерирует # здоровья в секунду будучи в окружении			rune.stat_2549764820
Связаны: Сгустки можно собрать с на #% большего расстояния			rune.stat_3373098634
Связаны: #% усиление эффекта создаваемых вами сгустков			rune.stat_3227486464
Связаны: Умения, улучшающие атаку с #% шансом не будут учитывать эту атаку			rune.stat_2721126863
Связаны: # к  лимиту зарядов умения			rune.stat_3286003349
Связаны: # к лимиту приспешников, призываемых умениями временных приспешников			rune.stat_864484981
Связаны: Срабатывающие чары наносят увеличенный на #% урон от чар			rune.stat_1651083789
Связаны: #% увеличение области действия боевых кличей			rune.stat_3969727699
Связаны: Когда Нестабильность на вас взрывается, вы восполняете аналогичное количество Нестабильности			rune.stat_2248594298
Боссы наносят увеличенный на #% урон			sanctum.stat_2207905451
Боссы наносят уменьшенный на #% урон	n		sanctum.stat_2207905451
Боссы получают увеличенный на #% урон			sanctum.stat_3226329527
Боссы получают уменьшенный на #% урон	n		sanctum.stat_3226329527
Атаки луком поглощают #% от вашего максимума зарядов флакона здоровья, если это возможно, чтобы нанести дополнительный физический урон в размере #% от восстанавливаемого флаконом здоровья			explicit.stat_3893788785
Атаки луками выпускают дополнительных стрел: #			explicit.stat_3885405204,implicit.stat_3885405204,fractured.stat_3885405204,enchant.stat_3885405204,rune.stat_3885405204,desecrated.stat_3885405204
Атаки луками выпускают дополнительную стрелу		1	explicit.stat_3885405204,implicit.stat_3885405204,fractured.stat_3885405204,enchant.stat_3885405204,rune.stat_3885405204,desecrated.stat_3885405204
Ульи Разлома порождают дополнительных волн монстров: #			explicit.stat_2734787892
Ульи Разлома на карте выпускают дополнительных волн ульерожденных: #			explicit.stat_2734787892
Ульи Разлома порождают дополнительную волну монстров		1	explicit.stat_2734787892
Ульи Разлома на карте выпускают дополнительную волну ульерожденных		1	explicit.stat_2734787892
Разломы расширяются минимум на # м в радиусе\nРазломы остаются открытыми, пока есть живые монстры Разлома			explicit.stat_1217651243
Разломы на ваших картах расширяются минимум на # м в радиусе\nРазломы на ваших картах остаются открытыми, пока есть живые монстры Разлома			explicit.stat_1217651243
Разломы содержат дополнительных особых сундуков: #			explicit.stat_2224050171
В Разломах можно найти # дополнительных особых сундука(-ов)			explicit.stat_2224050171
Разломы на карте содержат дополнительных ценностей из Разлома: #			explicit.stat_2224050171
В Разломах можно найти # дополнительный особый сундук		1	explicit.stat_2224050171
#% увеличение плотности монстров в Разломах			explicit.stat_1210760818
#% увеличение размера групп монстров в Разломах			explicit.stat_1210760818
#% увеличение размера групп монстров в Разломах на карте			explicit.stat_1210760818
#% уменьшение плотности монстров в Разломах	n		explicit.stat_1210760818
#% уменьшение размера групп монстров в Разломах	n		explicit.stat_1210760818
#% увеличение размера групп монстров в Разломах на карте	n		explicit.stat_1210760818
#% уменьшение размера групп монстров в Разломах на карте	n		explicit.stat_1210760818
Разломы открываются и закрываются на #% быстрее			explicit.stat_2504358770
Разломы на карте открываются и закрываются на #% быстрее			explicit.stat_2504358770
Разломы открываются и закрываются на #% медленнее	n		explicit.stat_2504358770
Разломы на карте открываются и закрываются на #% медленнее	n		explicit.stat_2504358770
#% увеличение количества волшебных монстров, появляющихся из Разломов			explicit.stat_1090596078
#% увеличение количества волшебных монстров, порождаемых Разломами на карте			explicit.stat_1090596078
#% увеличение количества волшебных монстров, порождаемых Разломами в области			explicit.stat_1090596078
#% уменьшение количества волшебных монстров, появляющихся из Разломов	n		explicit.stat_1090596078
#% уменьшение количества волшебных монстров, порождаемых Разломами на карте	n		explicit.stat_1090596078
#% уменьшение количества волшебных монстров, порождаемых Разломами в области	n		explicit.stat_1090596078
Из Разломов появляются # дополнительных редких монстров			explicit.stat_1653625239
Разломы на карте порождают дополнительных редких монстров: #			explicit.stat_1653625239
Разломы в областях порождают дополнительных редких монстров: #			explicit.stat_1653625239
Из Разломов появляется дополнительный редкий монстр		1	explicit.stat_1653625239
Разломы на карте порождают дополнительного редкого монстра		1	explicit.stat_1653625239
Разломы в областях порождают дополнительного редкого монстра		1	explicit.stat_1653625239
#% увеличение количества разрушаемой брони			explicit.stat_1776411443,fractured.stat_1776411443,enchant.stat_1776411443,desecrated.stat_1776411443
#% уменьшение количества разрушаемой брони	n		explicit.stat_1776411443,fractured.stat_1776411443,enchant.stat_1776411443,desecrated.stat_1776411443
Разрушает броню в размере #% от нанесенного физического урона			explicit.stat_1103616075,desecrated.stat_1103616075
Разрушает броню при нанесении критического удара чарами в размере #% от нанесенного физического урона			explicit.stat_1286199571,desecrated.stat_1286199571
Разрушает # брони при критическом ударе			implicit.stat_4270348114
Разрушает броню в размере #% урона от ударов этим оружием			explicit.stat_949573361
Убитые вами горящие враги с #% шансом могут взорваться, нанеся десятую часть их максимума здоровья в виде урона от огня			explicit.stat_1617268696
Можно выбирать пассивные умения с начальной точки Наёмника			explicit.stat_738592688
Можно выбирать пассивные умения с начальной точки Охотницы			explicit.stat_3116298775
Можно выбирать пассивные умения с начальной точки Бандита			explicit.stat_2218479786
Можно выбирать пассивные умения с начальной точки Волшебницы			explicit.stat_3359496001
Можно выбирать пассивные умения с начальной точки Жреца			explicit.stat_1688294122
Можно выбирать пассивные умения с начальной точки Воина			explicit.stat_1359862146
Может атаковать как с одноручной булавой в руках, пока обе ваши руки свободны\nАтаки без оружия, которые использовали бы урон взятой в руки одноручной булавы используют урон этого предмета			explicit.stat_627896047
Награды в алтарях Ритуала на ваших картах можно обновлять в два раза чаще			explicit.stat_2500154144
Может быть изменён, будучи осквернённым			explicit.stat_1161337167
Может иметь дополнительных ремесленных свойств: #			rune.stat_1963398329
Может иметь # дополнительных свойств(-а) зачарования			explicit.stat_1135194732
Может иметь второе свойство зачарования		1	explicit.stat_1135194732
Можно применять только к картам башни Предтеч\nЗавершение башни открывает доступ ко всем ближайшим картам			explicit.stat_3418590244
Позволяет получить свойства Неистовства		1	rune.stat_1770091046
Позволяет получить свойства Хрономантии		1	rune.stat_3132681620
Позволяет получить свойства Разложения		1	rune.stat_2547063279
Позволяет получать свойства Разрушения		1	rune.stat_1676950499
Позволяет получить свойства Меткого стрелка		1	rune.stat_201332984
Может иметь свойства колец			implicit.stat_129891052
Позволяет получить свойства Души		1	rune.stat_1927467683
Невозможно использовать нагрудную броню			explicit.stat_4007482102
Невозможно использовать другие кольца			explicit.stat_64726306
Нельзя блокировать			explicit.stat_1465760952
Невозможно уклониться от вражеских атак			explicit.stat_474452755
Не может обездвиживать врагов			explicit.stat_4062529591
Вы не можете регенерировать ману, если недавно вы не наносили критический удар			explicit.stat_1458880585
Не может быть ослеплён			explicit.stat_1436284579,enchant.stat_1436284579
Не может получить поджог			explicit.stat_331731406,rune.stat_331731406
Не может получить лёгкое оглушение			explicit.stat_1000739259
Невозможно получить легкое оглушение от отклоненных ударов			explicit.stat_2252419505
Невозможно отравить			explicit.stat_3835551335
Не может получить шок			explicit.stat_491899612
Нельзя использовать самостоятельно			explicit.stat_1237409891
Не может быть использован во время Проявления			explicit.stat_398335579
Нельзя использовать в испытаниях ниже # уровня			sanctum.stat_1512067281
Нельзя иметь благословения			sanctum.stat_2283325632
Нет энергетического щита			explicit.stat_410952253
Не может накладывать стихийные состояния			explicit.stat_4056809290
Не может загружать или использовать боеприпасы			implicit.stat_3663551379
Не может восстанавливать решимость			sanctum.stat_2545161750
Нельзя использовать флаконы здоровья\nНе-уникальные флаконы здоровья постоянно применяют свой эффект\nВосстановление от флаконов здоровья не может быть мгновенным\nВосстановление от ваших флаконов здоровья не может применяться на кого-либо кроме вас			explicit.stat_1580426064
Не может использовать атаки снарядами			explicit.stat_1961849903,implicit.stat_1961849903
Не может использовать умения щитов			explicit.stat_65135897
Не может использовать боевые кличи			explicit.stat_2598171606
На этот предмет можно применять катализаторы			implicit.stat_254952842
Вызывает увеличенное на #% накопление оглушения	n		explicit.stat_791928121,implicit.stat_791928121,fractured.stat_791928121,enchant.stat_791928121,rune.stat_791928121,desecrated.stat_791928121
Накладывает кровотечение при нанесении удара			explicit.stat_2091621414,rune.stat_2091621414
Заставляет накапливать оцепенение, равное #% от нанесенного урона			explicit.stat_1559935218,implicit.stat_1559935218
Вызывает двойное накопление оглушения			explicit.stat_769129523,rune.stat_769129523
Заставляет врагов взрываться при смерти от критического удара, нанося #% от их здоровья в виде физического урона			implicit.stat_1541903247
Шанс блокировать урон удачлив			explicit.stat_2957287092,rune.stat_2957287092
Шанс блокировать урон неудачлив	n		explicit.stat_2957287092,rune.stat_2957287092
Шанс отклонить урон удачлив при малом уровне здоровья			explicit.stat_1675120891
Урон хаосом от ударов тоже участвует в накоплении шкалы электризации			explicit.stat_2315177528
Урон хаосом от ударов также влияет на заполнение шкалы заморозки			explicit.stat_2973498992
Урон хаосом от ударов также влияет на шанс шока			explicit.stat_2418601510
Сопротивление хаосу равно нулю			explicit.stat_2439129490
#% усиление эффекта действующих на вас оберегов			explicit.stat_3480095574,desecrated.stat_3480095574
#% ослабление эффекта действующих на вас оберегов	n		explicit.stat_3480095574,desecrated.stat_3480095574
Обереги получают зарядов в секунду: #			explicit.stat_185580205,enchant.stat_185580205,rune.stat_185580205,desecrated.stat_185580205
Обереги не используют заряды			explicit.stat_2620375641
Урон от холода от ударов влияет на силу Горючести и поджога вместо силы охлаждения или шкалы накопления заморозки			explicit.stat_1261612903
На сопротивление холоду не влияют штрафы области			explicit.stat_4207433208
Компаньоны наносят увеличенный на #% урон			explicit.stat_234296660,fractured.stat_234296660,rune.stat_234296660,desecrated.stat_234296660
Компаньоны наносят уменьшенный на #% урон	n		explicit.stat_234296660,fractured.stat_234296660,rune.stat_234296660,desecrated.stat_234296660
Компаньоны наносят увеличенный на #% урон по вашим помеченным целям			explicit.stat_1067622524
Компаньоны наносят уменьшенный на #% урон по вашим помеченным целям	n		explicit.stat_1067622524
Компаньоны наносят на #% больше урона за каждый отдельный тип мертвого компаньона у вас			rune.stat_2882351629
Компаньоны получают Боевой раж на # секунд(-ы) при нанесении удара по помеченной вами цели			rune.stat_226999623
Компаньоны получают Боевой раж на # секунду при нанесении удара по помеченной вами цели		1000	rune.stat_226999623
#% повышение скорости атаки компаньонов			explicit.stat_666077204,rune.stat_666077204,desecrated.stat_666077204
#% снижение скорости атаки компаньонов	n		explicit.stat_666077204,rune.stat_666077204,desecrated.stat_666077204
#% увеличение максимума здоровья компаньонов			explicit.stat_1805182458,fractured.stat_1805182458,rune.stat_1805182458,desecrated.stat_1805182458
#% уменьшение максимума здоровья компаньонов	n		explicit.stat_1805182458,fractured.stat_1805182458,rune.stat_1805182458,desecrated.stat_1805182458
Компаньоны в вашем присутствии наносят #% от урона в виде дополнительного урона от случайной стихии			rune.stat_4200448078
Компаньоны в вашем присутствии получают # свирепости при нанесении удара			rune.stat_2652394701
Компаньоны в вашем присутствии  имеют #% к стихийным сопротивлениям			rune.stat_1539508682
Завоеванные пассивные умения характеристик также даруют # к ловкости			explicit.stat_1938221597,desecrated.stat_1938221597
Завоеванные пассивные умения характеристик также даруют # к интеллекту			explicit.stat_3116427713,desecrated.stat_3116427713
Завоеванные пассивные умения характеристик также даруют # к силе			explicit.stat_3871530702,desecrated.stat_3871530702
Завоеванные пассивные умения характеристик также даруют # к дарам			explicit.stat_1119086588,desecrated.stat_1119086588
Завоеванные пассивные умения характеристик также даруют # к характеристикам			explicit.stat_2552484522,desecrated.stat_2552484522
Завоеванные малые пассивные умения также даруют #% увеличение брони			explicit.stat_970480050,desecrated.stat_970480050
Завоеванные малые пассивные умения также даруют #% уменьшение брони	n		explicit.stat_970480050,desecrated.stat_970480050
Завоеванные малые пассивные умения также даруют #% увеличение урона от атак			explicit.stat_8816597,desecrated.stat_8816597
Завоеванные малые пассивные умения также даруют #% уменьшение урона от атак	n		explicit.stat_8816597,desecrated.stat_8816597
Завоеванные малые пассивные умения также даруют #% увеличение урона хаосом			explicit.stat_2601021356,desecrated.stat_2601021356
Завоеванные малые пассивные умения также даруют #% уменьшение урона хаосом	n		explicit.stat_2601021356,desecrated.stat_2601021356
Завоеванные малые пассивные умения также даруют #% увеличение порога стихийных состояний			explicit.stat_1283490138,desecrated.stat_1283490138
Завоеванные малые пассивные умения также даруют #% уменьшение порога стихийных состояний	n		explicit.stat_1283490138,desecrated.stat_1283490138
Завоеванные малые пассивные умения также даруют #% увеличение стихийного урона			explicit.stat_4240116297,desecrated.stat_4240116297
Завоеванные малые пассивные умения также даруют #% уменьшение стихийного урона	n		explicit.stat_4240116297,desecrated.stat_4240116297
Завоеванные малые пассивные умения также даруют #% увеличение энергетического щита			explicit.stat_2780670304,desecrated.stat_2780670304
Завоеванные малые пассивные умения также даруют #% уменьшение энергетического щита	n		explicit.stat_2780670304,desecrated.stat_2780670304
Завоеванные малые пассивные умения также даруют #% увеличение уклонения			explicit.stat_468694293,desecrated.stat_468694293
Завоеванные малые пассивные умения также даруют #% уменьшение уклонения	n		explicit.stat_468694293,desecrated.stat_468694293
Завоеванные малые пассивные умения также даруют #% увеличение скорости регенерации здоровья			explicit.stat_4264952559,desecrated.stat_4264952559
Завоеванные малые пассивные умения также даруют #% уменьшение скорости регенерации здоровья	n		explicit.stat_4264952559,desecrated.stat_4264952559
Завоеванные малые пассивные умения также даруют #% увеличение скорости регенерации маны			explicit.stat_1818915622,desecrated.stat_1818915622
Завоеванные малые пассивные умения также даруют #% уменьшение скорости регенерации маны	n		explicit.stat_1818915622,desecrated.stat_1818915622
Завоеванные малые пассивные умения также даруют #% увеличение физического урона			explicit.stat_1829333149,desecrated.stat_1829333149
Завоеванные малые пассивные умения также даруют #% уменьшение физического урона	n		explicit.stat_1829333149,desecrated.stat_1829333149
Завоеванные малые пассивные умения также даруют #% увеличение урона от чар			explicit.stat_3038857426,desecrated.stat_3038857426
Завоеванные малые пассивные умения также даруют #% уменьшение урона от чар	n		explicit.stat_3038857426,desecrated.stat_3038857426
Завоеванные малые пассивные умения также даруют #% увеличение порога оглушения			explicit.stat_2475870935,desecrated.stat_2475870935
Завоеванные малые пассивные умения также даруют #% уменьшение порога оглушения	n		explicit.stat_2475870935,desecrated.stat_2475870935
Завоеванные малые пассивные умения также даруют приспешникам #% увеличение наносимого урона			explicit.stat_3343033032,desecrated.stat_3343033032
Завоеванные малые пассивные умения также даруют приспешникам #% уменьшение наносимого урона	n		explicit.stat_3343033032,desecrated.stat_3343033032
#% урона от огня умениями булав становится уроном от холода			explicit.stat_1683568809
Преобразует #% требований в ловкость			rune.stat_1496740334
Преобразует #% требований в интеллект			rune.stat_2913012734
Преобразует #% требований в силу			rune.stat_1556124492
Преобразует #% максимума здоровья в двойное количество брони за каждые 1% сопротивления хаосу выше 0%			explicit.stat_4274637468
Преобразует 100% максимума энергетического щита в максимум божественности			explicit.stat_2896801635
Преобразует всю броню в уклонение			explicit.stat_3351912431
Копирует случайное свойство каждого врага в вашем присутствии когда вы принимаете животную форму\nПолученные таким образом свойства пропадают через # секунд(-ы) или при вашем следующем превращении			explicit.stat_885925163
На вас нельзя наложить эффект Оскверненной крови			explicit.stat_1658498488,enchant.stat_1658498488,desecrated.stat_1658498488
Оскверонение всегда будет приводить к изменениям			rune.stat_2139847597
Создает фрагмент божественности в вашем присутствии каждые 4 секунды			explicit.stat_891466814
Создает освященную землю при использовании			explicit.stat_3849649145
Создает подожженную землю на 4 секунды при использовании, поджигающую врагов как при нанесении урона от огня в размере #% от вашего максимума здоровья			explicit.stat_39209842
Шанс критического удара по парированным врагам удачлив			rune.stat_935518591
Шанс критического удара по парированным врагам неудачлив	n		rune.stat_935518591
Критические удары игнорируют сопротивление молнии врага			explicit.stat_1289045485
Наносимые критические удары отравляют врага			explicit.stat_62849030
Критические удары не могут поглощать проколы			explicit.stat_3414998042
Критические удары игнорируют сопротивления стихиям вражеских монстров			explicit.stat_1094937621
Критические удары накладывают Прокол			explicit.stat_3058238353
Критические удары чарами накладывают # заряда критической уязвимости			explicit.stat_1550131834
Критические удары чарами накладывают # заряд критической уязвимости		1	explicit.stat_1550131834
Сокрушает врагов при нанесении удара			implicit.stat_1503146834
Добивание			explicit.stat_2524254339,implicit.stat_1574531783,rune.stat_2524254339
Добивает замороженных врагов			explicit.stat_1158324489
#% повышение скорости сотворения умений проклятий			explicit.stat_2378065031
#% снижение скорости сотворения умений проклятий	n		explicit.stat_2378065031
У проклятий нет времени задержки активации			explicit.stat_3751072557
Накладываемые вами проклятия отражаются обратно на вас			explicit.stat_4275855121
Накладываемые вами проклятия могут действовать на заговоренных врагов			explicit.stat_1367119630
Накладываемые вами проклятия длятся бесконечно			explicit.stat_2609822974
Накладываемые вами проклятия игнорируют лимит проклятий			explicit.stat_1793470535
Накладываемые вами проклятия распространяются на врагов в радиусе 3 м при смерти проклятого врага			explicit.stat_986616727
#% заблокированного урона восполняется в виде маны			explicit.stat_2875218423,rune.stat_2875218423
Заблокированный урон восполняется в виде маны		100	explicit.stat_2875218423,rune.stat_2875218423
Урон пробивает #% сопротивления холоду			explicit.stat_3417711605,fractured.stat_3417711605,enchant.stat_3417711605,desecrated.stat_3417711605
Ваши  удары учитывают сопротивление холоду, как если бы оно было на #% больше текущего	n		explicit.stat_3417711605,fractured.stat_3417711605,enchant.stat_3417711605,desecrated.stat_3417711605
Урон пробивает #% сопротивления стихиям			explicit.stat_2101383955,fractured.stat_2101383955,crafted.stat_2101383955
Урон пробивает #% сопротивления огню			explicit.stat_2653955271,fractured.stat_2653955271,enchant.stat_2653955271,desecrated.stat_2653955271
Ваши удары учитывают сопротивление огню, как если бы оно было на #% больше текущего	n		explicit.stat_2653955271,fractured.stat_2653955271,enchant.stat_2653955271,desecrated.stat_2653955271
Урон пробивает #% сопротивления молнии			explicit.stat_818778753,fractured.stat_818778753,enchant.stat_818778753,desecrated.stat_818778753
Ваши  удары учитывают сопротивление молнии, как если бы оно было на #% больше текущего	n		explicit.stat_818778753,fractured.stat_818778753,enchant.stat_818778753,desecrated.stat_818778753
Враги удачливы при нанесении вам урона от ударов, пока у вас мало здоровья			explicit.stat_3753748365
Враги неудачливы при нанесении вам урона от ударов, пока у вас мало здоровья	n		explicit.stat_3753748365
Постепенный урон обходит ваш энергетический щит\nПри неполном здоровья жертвует #% маны в секунду, чтобы восстановить такое же количество здоровья			explicit.stat_2894895028
Постепенный урон не обходит энергетический щит			explicit.stat_2886108529
Восполняемый в виде здоровья получаемый урон также восполняется в виде энергетического щита			explicit.stat_2432200638
Получаемый урон не может быть поглощён			sanctum.stat_2150725270
Наносящие урон состояния наносят урон на #% быстрее			explicit.stat_538241406,fractured.stat_538241406,desecrated.stat_538241406
#% шанс наложения оцепенения при нанесении удара			explicit.stat_2933846633,explicit.stat_3146310524,implicit.stat_2933846633,fractured.stat_3146310524,desecrated.stat_3146310524
Накладывает оцепенение при нанесении удара		100	explicit.stat_2933846633,explicit.stat_3146310524,implicit.stat_2933846633,fractured.stat_3146310524,desecrated.stat_3146310524
Наносит увеличенный на #% урон от ударов по редким и уникальным врагам за каждую секунду их нахождения в вашем присутствии, вплоть до максимума в 200%			explicit.stat_4258409981,rune.stat_4258409981
Наносит #% от избыточного урона врагам в радиусе 2 м от убитого врага			explicit.stat_2301852600,rune.stat_2301852600
Не наносит урон от стихий			explicit.stat_2998305364
Наносит урон шипами по врагам, которых вы оглушаете атаками ближнего боя			explicit.stat_2107791433
Наносит вам #% от текущей маны в виде урона хаосом по истечении эффекта			explicit.stat_3311259821
Изнуряет врагов при нанесении удара, пока у вас размещены изумруд и сапфир			explicit.stat_541021467,fractured.stat_541021467,crafted.stat_541021467
Отрицательные эффекты на вас заканчиваются на #% быстрее			explicit.stat_1238227257,fractured.stat_1238227257,rune.stat_1238227257,desecrated.stat_1238227257
Отрицательные эффекты на вас заканчиваются на #% медленнее	n		explicit.stat_1238227257,fractured.stat_1238227257,rune.stat_1238227257,desecrated.stat_1238227257
#% увеличение силы замедления накладываемых вами отрицательных эффектов			explicit.stat_3650992555,enchant.stat_3650992555
#% уменьшение силы замедления накладываемых вами отрицательных эффектов	n		explicit.stat_3650992555,enchant.stat_3650992555
Истребляющий удар			explicit.stat_3872034802
Защищает от ударов, как если бы у вас было на #% больше брони за каждые 1% текущего энергетического щита			explicit.stat_679087890
Защищает с #% брони пока у вас есть энергетический щит			explicit.stat_1539671749
Защищает с 200% брони			explicit.stat_3387008487
Защищает с 200% значением брони во время действия эффекта			explicit.stat_3138344128
#% повышение стоимости в дани откладывания наград на алтарях Ритуала			explicit.stat_1345835998
#% повышение стоимости в дани откладывания наград на алтарях Ритуала в области			explicit.stat_1345835998
#% увеличение количества дани, требуемой для откладывания наград в алтарях Ритуала на карте			explicit.stat_1345835998
#% снижение стоимости в дани откладывания наград на алтарях Ритуала	n		explicit.stat_1345835998
#% снижение стоимости в дани откладывания наград на алтарях Ритуала в области	n		explicit.stat_1345835998
#% уменьшение количества дани, требуемой для откладывания наград в алтарях Ритуала на карте	n		explicit.stat_1345835998
Убитые в области монстры Делириума на #% быстрее накапливают шкалу наград			explicit.stat_3428124128
#% увеличение прогресса наград с убитых монстров под Делириумом на ваших картах			explicit.stat_3428124128
Убитые на карте монстры Делириума даруют увеличенный на #% прогресс шкалы наград			explicit.stat_3428124128
События Делириума на карте с на #% большим шансом могут породить уникальных боссов			explicit.stat_3962960008
Схватки с Делириумом в области с на #% большей вероятностью породят уникальных боссов			explicit.stat_3962960008
#% увеличенный шанс появления дополнительных осколков уникальных боссов внутри тумана Делириума			explicit.stat_3962960008
События Делириума на карте с на #% меньшим шансом могут породить уникальных боссов	n		explicit.stat_3962960008
Схватки с Делириумом в области с на #% меньшей вероятностью породят уникальных боссов	n		explicit.stat_3962960008
#% уменьшенный шанс появления дополнительных осколков уникальных боссов внутри тумана Делириума	n		explicit.stat_3962960008
События Делириума на карте с #% шансом могут сгенерировать дополнительную награду			explicit.stat_1770833858
Схватки с Делириумом в области с #% шансом могут сгенерировать дополнительную награду			explicit.stat_1770833858
Схватки с Делириумом в на ваших картах с #% шансом могут сгенерировать дополнительную награду			explicit.stat_1770833858
Туман Делириума на карте накладывает #% увеличение бредовости на игроков			explicit.stat_1769611692
Туман Делириума в области накладывает #% увеличение бредовости на игроков			explicit.stat_1769611692
Туман Делириума на ваших картах накладывает #% увеличение бредовости на игроков			explicit.stat_1769611692
Туман Делириума на карте накладывает #% уменьшение бредовости на игроков	n		explicit.stat_1769611692
Туман Делириума в области накладывает #% уменьшение бредовости на игроков	n		explicit.stat_1769611692
Туман Делириума на ваших картах накладывает #% уменьшение бредовости на игроков	n		explicit.stat_1769611692
Туман Делириума рассеивается на #% быстрее			explicit.stat_3350944114
Туман Делириума на карте рассеивается на #% быстрее			explicit.stat_3350944114
Туман Делириума в области рассеивается на #% быстрее			explicit.stat_3350944114
Туман Делириума рассеивается на #% медленнее	n		explicit.stat_3350944114
Туман Делириума на карте рассеивается на #% медленнее	n		explicit.stat_3350944114
Туман Делириума в области рассеивается на #% медленнее	n		explicit.stat_3350944114
Туман Делириума длится на # секунд дольше перед рассеиванием			explicit.stat_1174954559,explicit.stat_3226351972
Туман Делириума в области длится на # секунд дольше перед рассеиванием			explicit.stat_1174954559,explicit.stat_3226351972
Туман Делириума на карте длится # дополнительных секунд(-ы) перед рассеиванием			explicit.stat_1174954559,explicit.stat_3226351972
#% увеличение количества создаваемых в тумане Делириума хрупких зеркал			explicit.stat_551040294
Туман Делириума на карте порождает увеличенное на #% количество хрупких зеркал			explicit.stat_551040294
#% увеличение количества хрупких зеркал, порождаемых туманом Делириума в области			explicit.stat_551040294
#% уменьшение количества создаваемых в тумане Делириума хрупких зеркал	n		explicit.stat_551040294
Туман Делириума на карте порождает уменьшенное на #% количество хрупких зеркал	n		explicit.stat_551040294
#% уменьшение количества хрупких зеркал, порождаемых туманом Делириума в области	n		explicit.stat_551040294
Туман Делириума на карте порождает увеличенное на #% количество осколков зеркала			explicit.stat_900933517
Туман Делириума на карте порождает уменьшенное на #% количество осколков зеркала	n		explicit.stat_900933517
Туман Делириума на ваших картах никогда не рассеивается			explicit.stat_1084853859
#% увеличение размера групп монстров Делириума на карте			explicit.stat_3465791711
#% увеличение размера групп монстров Делириума в области			explicit.stat_3465791711
#% увеличение размера групп монстров Делириума на ваших картах			explicit.stat_3465791711
#% уменьшение размера групп монстров Делириума на карте	n		explicit.stat_3465791711
#% уменьшение размера групп монстров Делириума в области	n		explicit.stat_3465791711
#% уменьшение размера групп монстров Делириума на ваших картах	n		explicit.stat_3465791711
Разрушает все гнезда под усилители на предмете и создает гнездо под самоцвет			rune.stat_1933674044
Божественный полет			explicit.stat_2971398565
Вы избегаете все удары во время кувырка			explicit.stat_3518087336
Кувырок проходит сквозь врагов			explicit.stat_1298316550
Удвоение порога оглушения при поднятом щите			explicit.stat_3686997387,rune.stat_3686997387
Оставляет поджигающую землю при движении, которая длится 8 секунд и поджигает врагов как при нанесении урона от огня в размере #% от вашего здоровья			explicit.stat_2356156926
Оставляет при перемещении заряженную землю, которая длится 8 секунд			explicit.stat_65133983
Дублируть вплоть до # случайных наград после победы над Вестником Роя			sanctum.stat_502549687
Дублируть вплоть до # случайной награды после победы над Вестником Роя		1	sanctum.stat_502549687
Каждая выпускаемая стрела является Крещендо, расщепляющей, возвратной, алмазной, алчной или затупленной			explicit.stat_3891922348
Каждое Руническое начертание от ваших умений проклятий заставляет вас регенерировать ману каждую секунду в размере #% от расхода маны этого умения			rune.stat_426207520
Поглощает душу, когда вы наносите удар по уникальному врагу, но не чаще 1 раза каждые # секунд(-ы)			explicit.stat_2103621252
Поглощает душу, когда вы наносите удар по уникальному врагу, но не чаще 1 раза в секунду		1000	explicit.stat_2103621252
Пожирает душу, когда вы наносите удар по врагу с выявленными уязвимостями			explicit.stat_1393838912
Эффект не пропадает при полном восстановлении неудержанного здоровья			explicit.stat_2932359713
Эффект не пропадает при заполнении неудержанной маны			explicit.stat_3969608626
Мистический накопитель			explicit.stat_2262736444
Порог стихийных состояний увеличивается на не ограниченное сопротивление хаосу			explicit.stat_1000566389
Накладываемые вами стихийные состояния, кроме заморозки, отражаются обратно на вас			explicit.stat_1370804479
Стихийный урон от ударов влияет на силу горючести, поджога и охлаждения, накопление шкалы заморозки и шанс шока			explicit.stat_2678924815
Улучшенные атаки наносят увеличенный на #% урон			explicit.stat_1569101201,fractured.stat_1569101201,desecrated.stat_1569101201
Улучшенные атаки наносят уменьшенный на #% урон	n		explicit.stat_1569101201,fractured.stat_1569101201,desecrated.stat_1569101201
Усиливает босса карты на карте\nОсталось зарядов - #			implicit.stat_3376302538
Охлажденные вашими ударами враги могут быть уничтожены как при заморозке			explicit.stat_3119292058
Эффект охлаждения увеличивает урон от холода, получаемый врагами, охлажденными вашими ударами			explicit.stat_1816894864
Замороженные вами враги получают увеличенный на #% урон			explicit.stat_849085925
Замороженные вами враги получают уменьшенный на #% урон	n		explicit.stat_849085925
Скованные вами враги получают увеличенный на #% урон хаосом			explicit.stat_1746561819,desecrated.stat_1746561819
Скованные вами враги получают уменьшенный на #% урон хаосом	n		explicit.stat_1746561819,desecrated.stat_1746561819
Скованные вами враги получают увеличенный на #% урон от стихий			explicit.stat_212649958,desecrated.stat_212649958
Скованные вами враги получают уменьшенный на #% урон от стихий	n		explicit.stat_212649958,desecrated.stat_212649958
Скованные вами враги получают увеличенный на #% физический урон			explicit.stat_359357545,desecrated.stat_359357545
Скованные вами враги получают уменьшенный на #% физический урон	n		explicit.stat_359357545,desecrated.stat_359357545
Обездвиженные вами враги получают на #% меньше урона			explicit.stat_1613322341
Обездвиженные вами враги получают на #% больше урона	n		explicit.stat_1613322341
Враги добиваются при блоке			explicit.stat_381470861
На врагов действует штраф к меткости против вас в зависимости от расстояния между вами			explicit.stat_3868746097
У врагов нет бонуса к критическому урону в течение # секунд после того, как вы ослепили их			rune.stat_25786091
Враги в вашем присутствии наносят #% урона в виде дополнительного урона хаосом			explicit.stat_1224838456
Враги в вашем присутствии сопротивляются урону от стихий, основываясь на их наименьшем сопротивлении			explicit.stat_2786852525
Враги в вашем присутствии ослепляются			explicit.stat_1464727508,explicit.stat_2080373320
Враги в вашем присутствии сковываются			explicit.stat_2890401248
Враги в вашем присутствии поджигаются, как если бы по ним нанесли # базового урона от огня			explicit.stat_1433051415
Враги в вашем присутствии устрашаются			explicit.stat_3491722585
Враги в вашем присутствии считаются как с малым количеством здоровья			explicit.stat_1285684287
Враги в вашем присутствии считаются имеющими на #% больший уровень угрозы			explicit.stat_2836928993
Враги в вашем присутствии считаются имеющими на #% меньший уровень угрозы	n		explicit.stat_2836928993
Враги в вашем присутствии считаются имеющими двойной уровень угрозы		100	explicit.stat_2836928993
Враги в вашем присутствии получают 1 заряд Изнурительного безумия каждую секунду			explicit.stat_3628041050
Враги в вашем присутствии  имеют #% к сопротивлению огню			explicit.stat_990363519
На врагов в вашем присутствии действует восприимчивость			explicit.stat_724806967
Сопротивление молнии у врагов в вашем присутствии равно вашему			explicit.stat_1546580830
Враги в вашем присутствии получают дополнительный уровень угрозы, равный их Мучительному безумию			explicit.stat_1827379101
Враги в вашем присутствии имеют как минимум #% удержания здоровья			explicit.stat_1953536251
У врагов в вашем присутствии нет сопротивления стихиям			explicit.stat_83011992
Убитые кем-либо враги в вашем присутствии считаются вместо этого убитыми вами			explicit.stat_1576794517
Враги получают увеличенный на #% урон за каждый тип вашего стихийного состояния на них			explicit.stat_1509533589
Враги получают уменьшенный на #% урон за каждый тип вашего стихийного состояния на них	n		explicit.stat_1509533589
Враги с полным здоровьем не могут уклоняться от ваших ударов			rune.stat_4111745607
Враги, по которым вы нанесли критический удар, получают #% повышение скорости регенерации здоровья на 4 секунды			rune.stat_3370077792
Враги, по которым вы нанесли критический удар, получают #% снижение скорости регенерации здоровья на 4 секунды	n		rune.stat_3370077792
Проклятые вами враги имеют #% к сопротивлению хаосу			explicit.stat_1772929282,rune.stat_1772929282,desecrated.stat_1772929282
Проклятые вами враги получают увеличенный на #% урон			rune.stat_1984310483
Помеченные вами враги получают увеличенный на #% урон			explicit.stat_2083058281,desecrated.stat_2083058281
Помеченные вами враги получают уменьшенный на #% урон	n		explicit.stat_2083058281,desecrated.stat_2083058281
Убитые враги имеют #% шанс взорваться, нанося четверть от их максимума здоровья в виде урона хаосом			explicit.stat_1776945532,desecrated.stat_1776945532
Убитые вами враги, находившиеся под действием Истощения Бездны,\nдаруют увеличенное на #% количество зарядов флакона			explicit.stat_2051332707
Получение энергии удваивается			explicit.stat_793801176
Перезарядка энергетического щита не прерывается получением урона, если была начата недавно			explicit.stat_1419390131
Перезарядка энергетического щита начинается после расхода 2000 маны, но не чаще одного раза каждые 2 секунды			rune.stat_2241849004
Начинает перезарядку энергетического щита при использовании			explicit.stat_1056492907
Перезарядка энергетического щита начинается, когда вы используете флакон маны			explicit.stat_2402413437
Энергетический щит увеличивается на не ограниченное сопротивление холоду			explicit.stat_2147773348
#% увеличение требований к характеристикам у снаряжения и камней умений			explicit.stat_752930724,desecrated.stat_752930724
#% уменьшение требований к характеристикам у снаряжения и камней умений	n		explicit.stat_752930724,desecrated.stat_752930724
У снаряжения нет требований к характеристикам	n		explicit.stat_2480151124
Уклонение удваивается, если недавно вы не получали удар			explicit.stat_1272938854
Уклонение увеличивается на не ограниченное сопротивление молнии			explicit.stat_419098854
Вечное жертвоприношение			explicit.stat_145598447
Каждые 10 секунд получает случайный не наносящий урон положительный эффект алтаря на 20 секунд			explicit.stat_2625554454,explicit.stat_2879778895
Каждые 3 секунды во время действия эффекта, наносит #% от потраченной маны в эти секунды в виде урона хаосом врагам в радиусе 3 м			explicit.stat_1910039112
Каждые 3 секунды поглощает ближайший труп, чтобы восстановить #% здоровья			explicit.stat_3764198549
Каждые 3 секунды поглощает ближайший труп, чтобы потерять #% здоровья	n		explicit.stat_3764198549
Каждые 4 секунды восстанавливает 1 здоровья за каждые # восстановления здоровья в секунду от регенерации			explicit.stat_1457411584
Каждые 4 секунды дарует на 2 секунды оборону в размере #% от максимума рунического барьера			rune.stat_1963589548
Каждые 5 свирепости также даруют восполнение #% полученного урона в виде здоровья			explicit.stat_1895552497,rune.stat_1895552497
#% увеличение брони за 1 свирепости			explicit.stat_2995914769,rune.stat_2995914769
Каждая единица свирепости также дарует #% увеличение порога оглушения			explicit.stat_352044736,rune.stat_352044736
Каждое второе используемое вами будучи превращенными умение мощных ударов усиливается предками\nКаждое второе используемое вами будучи превращенными умение ударов усиливается предками			explicit.stat_2224139044
Дарует насыщение веризием каждые # секунд(-ы)			implicit.stat_3326854490
Дарует насыщение веризием каждую секунду		1	implicit.stat_3326854490
Каждую секунду накладывает критическую уязвимость на врагов в вашем присутствии на # секунд(-ы)			explicit.stat_1052498387
Каждую секунду накладывает критическую уязвимость на врагов в вашем присутствии на # секунду		1	explicit.stat_1052498387
Выкопанные сундуки с #% шансом могут содержать в два раза больше предметов			implicit.stat_3239978999
Избыточное восстановление здоровья становится обороной на # секунд(-ы)			explicit.stat_636464211
Избыточное восстановление здоровья от похищения применяется к энергетическому щиту			explicit.stat_999436592
Монстры Экспедиции на ваших картах появляются с половиной их здоровья			explicit.stat_144770454
Экспедиции на карте содержат # дополнительных заточенных боссов			explicit.stat_1183698646
Экспедиции на карте содержат 1 дополнительного заточенного босса		1	explicit.stat_1183698646
Экспедиции на карте содержат # дополнительных веризиевых стражей			explicit.stat_1109460697
Экспедиции на карте содержат 1 дополнительного веризиевого стража		1	explicit.stat_1109460697
Expeditions contain # Vaal Relics in Map			explicit.stat_2852112245
Expeditions contain 1 Vaal Relic in Map		1	explicit.stat_2852112245
Экспедиции на карте содержат закопанных ларцов: #			explicit.stat_181823691
Экспедиции на карте содержат закопанных ларцов: 1		1	explicit.stat_181823691
Экспедиции на карте с #% превосходящим шансом могут продублировать рунических монстров			explicit.stat_779964546
# реликта(-ов) в Экспедициях на карте			explicit.stat_3753446846
Экспедиции в области содержат реликтов: #			explicit.stat_3753446846
В Экспедициях на ваших картах можно найти реликтов: #			explicit.stat_3753446846
# реликт в Экспедициях на карте		1	explicit.stat_3753446846
В Экспедициях на ваших картах можно найти # реликт		1	explicit.stat_3753446846
Отложенные награды на алтарях Ритуала появляются вновь на #% быстрее			explicit.stat_28208665
Отложенные награды на алтарях Ритуала в области появляются на #% быстрее			explicit.stat_28208665
Отложенные награды в адтарях Ритуала на карте появляются снова на #% быстрее			explicit.stat_28208665
Обновленные награды в адтарях Ритуала на карте с #% шансом могут не стоить дани			explicit.stat_937291386
Обновленные награды на алтарях Ритуала в области с #% шансом могут не стоить дани			explicit.stat_937291386
Обновление наград на алтарях Ритуала на ваших картах с #% шансом может не стоить дани			explicit.stat_937291386
#% увеличение цены наград на алтарях Ритуала в дани в области			explicit.stat_1228222525
#% уменьшение цены наград на алтарях Ритуала в дани в области	n		explicit.stat_1228222525
Урон от огня также влияет на силу кровотечения			explicit.stat_1221641885
Урон от огня от ударов влияет на шанс шока вместо силы Горючести и поджога			explicit.stat_2949096603
На сопротивление огню не влияют штрафы области			explicit.stat_3247805335
Сила Горючести удваивается			explicit.stat_1540254896,rune.stat_1540254896
Флаконы не восстанавливают здоровье			explicit.stat_265717301
Флаконы получают зарядов в секунду: #			explicit.stat_731781020,implicit.stat_731781020,rune.stat_731781020,crafted.stat_731781020
Фонтаны с #% шансом могут даровать двойное количество святой воды			sanctum.stat_2363402715
Замораживает врагов с полным здоровьем			explicit.stat_2260055669
Убитые вашими ударами враги с полностью разрушенной бронёй уничтожаются			explicit.stat_3278008231
Дарует # заряда Друидизма когда вы накладываете сильное оглушение на редкого или уникального врага			rune.stat_3444646646
Дарует # эффект(-а) Хрупкого восстановления каждую секунду			explicit.stat_3841984913
Теряет # эффект(-а) Хрупкого восстановления каждую секунду	n		explicit.stat_3841984913
Дарует # обороны за каждые 0.5 секунды за каждое\nкомбо, израсходованное при использовании умений			explicit.stat_2443032293,rune.stat_2443032293
Дарует # здоровья за каждого пораженного атаками врага			explicit.stat_2797971005,implicit.stat_2797971005,fractured.stat_2797971005,rune.stat_2797971005,desecrated.stat_2797971005
Теряет # здоровья за каждого пораженного атакамм врага	n		explicit.stat_2797971005,implicit.stat_2797971005,fractured.stat_2797971005,rune.stat_2797971005,desecrated.stat_2797971005
Дарует # здоровья за каждого убитого врага			explicit.stat_3695891184,implicit.stat_3695891184,fractured.stat_3695891184,enchant.stat_3695891184,rune.stat_3695891184,desecrated.stat_3695891184
Теряет # здоровья за каждого убитого врага	n		explicit.stat_3695891184,implicit.stat_3695891184,fractured.stat_3695891184,enchant.stat_3695891184,rune.stat_3695891184,desecrated.stat_3695891184
Дарует # маны за каждого пораженного атаками врага			explicit.stat_820939409,rune.stat_820939409
Теряет # маны за каждого пораженного атаками врага	n		explicit.stat_820939409,rune.stat_820939409
Дарует # маны за каждого убитого врага			explicit.stat_1368271171,implicit.stat_1368271171,fractured.stat_1368271171,enchant.stat_1368271171,rune.stat_1368271171,desecrated.stat_1368271171
Теряет # маны за каждого убитого врага	n		explicit.stat_1368271171,implicit.stat_1368271171,fractured.stat_1368271171,enchant.stat_1368271171,rune.stat_1368271171,desecrated.stat_1368271171
Дарует # заряд(-ов) свирепости при нанесении удара			explicit.stat_2258007247,implicit.stat_1725749947,enchant.stat_1725749947
Дарует # свирепости при нанесении удара в ближнем бою			explicit.stat_2709367754,fractured.stat_2709367754,rune.stat_2709367754,desecrated.stat_2709367754,crafted.stat_2709367754
Дарует # свирепости при получении критического удара от врага			explicit.stat_1466716929,rune.stat_1466716929
Дарует # свирепости при получении удара от врага			explicit.stat_3292710273,fractured.stat_3292710273,rune.stat_3292710273,desecrated.stat_3292710273
Дарует # свирепости при получении удара от врага во время действия эффекта			explicit.stat_555311715
Дарует # свирепости, когда вы убиваете врага под действием Истощения Бездны			explicit.stat_2934385135
Дарует святой воды в начале испытания: #			sanctum.stat_2393318075
Дарует святой воды по завершению вами комнаты: #			sanctum.stat_4057192895
Дарует # Нестабильности, когда вы убиваете врага под действием Истощения Бездны			explicit.stat_2952939159
Наносит #% от урона от холода в виде дополнительного урона от огня за каждый 1% силы охлаждения на враге			explicit.stat_2469544361
Дарует #% от урона в виде урона хаосом за каждого приспешника-нежить			explicit.stat_997343726
Наносит #% урона в виде дополнительного урона хаосом			explicit.stat_3398787959,fractured.stat_3398787959,enchant.stat_3398787959,rune.stat_3398787959,desecrated.stat_3398787959,crafted.stat_3398787959
Дарует #% от урона в виде дополнительного урона хаосом, пока у вас неполный рунический барьер			explicit.stat_4011431182,crafted.stat_4011431182
Наносит #% урона в виде дополнительного урона от холода			explicit.stat_2505884597,fractured.stat_2505884597,rune.stat_2505884597,desecrated.stat_2505884597,crafted.stat_2505884597
Дарует #% от урона в виде дополнительного урона холода, пока у вас неполный рунический барьер			explicit.stat_2888350852,crafted.stat_2888350852
Наносит #% урона чарами в виде дополнительного урона от холода			explicit.stat_825116955,fractured.stat_825116955,desecrated.stat_825116955,crafted.stat_825116955
Наносит #% от урона в виде дополнительного урона от случайной стихии			rune.stat_3617669804
Наносит #% урона в виде дополнительного урона от случайной стихии за\nкаждую размещенную руну в надетом снаряжении			rune.stat_3557924960
Наносит #% от урона в виде дополнительного урона от каждой стихии			rune.stat_731403740
Наносит #% урона в виде дополнительного урона от огня			explicit.stat_3015669065,fractured.stat_3015669065,rune.stat_3015669065,desecrated.stat_3015669065,crafted.stat_3015669065
Дарует #% от урона в виде дополнительного урона огня, пока у вас неполный рунический барьер			explicit.stat_589361270,fractured.stat_589361270,crafted.stat_589361270
Наносит #% урона чарами в виде дополнительного урона от огня			explicit.stat_1321054058,fractured.stat_1321054058,desecrated.stat_1321054058,crafted.stat_1321054058
Наносит #% урона в виде дополнительного урона от молнии			explicit.stat_3278136794,fractured.stat_3278136794,rune.stat_3278136794,desecrated.stat_3278136794,crafted.stat_3278136794
Дарует #% от урона в виде дополнительного урона молнии, пока у вас неполный рунический барьер			explicit.stat_457920946,crafted.stat_457920946
Наносит #% урона чар в виде дополнительного урона от молнии			explicit.stat_323800555,fractured.stat_323800555,desecrated.stat_323800555,crafted.stat_323800555
Наносит #% урона в виде дополнительного физического урона			explicit.stat_4019237939,fractured.stat_4019237939,desecrated.stat_4019237939,crafted.stat_4019237939
Наносит #% от урона в виде дополнительного физического урона за каждые десять процентов недостающей маны			rune.stat_1693515857
Дарует #% урона от стихий в виде дополнительного урона от холода			explicit.stat_1158842087,fractured.stat_1158842087,crafted.stat_1158842087
Наносит #% урона от стихий в виде дополнительного урона от огня			explicit.stat_701564564
Дарует #% урона от стихий в виде дополнительного урона от молнии			explicit.stat_3550887155
Дарует #% уклонения в виде дополнительной брони			explicit.stat_1546604934
Дарует #% максимума маны в виде брони			explicit.stat_514290151,desecrated.stat_514290151
Дарует #% от физического урона в виде дополнительного урона от холода			explicit.stat_758893621,fractured.stat_758893621,desecrated.stat_758893621,crafted.stat_758893621
Дарует #% физического урона в виде дополнительного урона от случайной стихии			explicit.stat_915546383
Дарует #% от физического урона в виде дополнительного урона от огня			rune.stat_1936645603
Наносит #% от урона в виде урона от огня за 1% шанса блока			explicit.stat_2771095426
Наносит #% от урона в виде урона от огня за 2% шанса блока			rune.stat_2621116283
Добавляет #% от максимума здоровья в виде дополнительного максимума энергетического щита			explicit.stat_1228337241
Дарует #% от максимума здоровья в виде дополнительного максимума рунического барьера			rune.stat_386720106
Дарует #% от максимума маны в виде дополнительного максимума энергетического щита			explicit.stat_3027830452
При получении удара дарует случайное повышение скорости передвижения вплоть до #%, вплоть до получения следующего удара			explicit.stat_796381300
Дарует 1 заряд Темного шепота каждую секунду если в вашем присутствии находится проклятый враг			explicit.stat_2482970488
Дарует 1 заряд Друидизма за каждые итоговые 20 единиц потраченной свирепости			explicit.stat_1273508088,rune.stat_1273508088
Дарует 1 заряд выносливости при достижении малого количество здоровье, но не чаще одного раза каждые 2 секунды			rune.stat_901336307
Дарует 1 заряд взрывного ритма каждые # использований(-я) вами умений гранат\nУдаляет все заряды взрывного ритма при достижении 10 зарядов и дарует Взрывную горячность на 10 секунд			explicit.stat_4128965096
Дарует 1 заряд взрывного ритма каждое # использование вами умений гранат\nУдаляет все заряды взрывного ритма при достижении 10 зарядов и дарует Взрывную горячность на 10 секунд		1	explicit.stat_4128965096
Дарует 1 заряд Воплощения страха когда вы добиваете цель			explicit.stat_3775736880
Дарует 1 заряд Бахвальства Рунного Отца за каждый уровень угрозы врагов под действием Испытания Рунного Отца, которых вы убиваете			explicit.stat_343703314
Дарует 1 заряд Рунных уз при нанесении удара чарами, но не чаще одного раза каждые 0.5 секунды\nТеряет все заряды Рунных уз, когда вы превращаетесь, и дарует такое же количество Необузданного потенциала			explicit.stat_3492740640
Дарует Колдовской всплеск при смерти приспешника			explicit.stat_3625518318
Дарует броню в размере #% от здоровья, утраченного от полученных за последние 8 секунд ударов			rune.stat_3903510399
Наносит урон от холода шипами в размере #% от вашего максимума маны			explicit.stat_1435496528
Получает отклонение урона в размере #% от брони			explicit.stat_1752419596
Дарует отклонение урона в размере #% от уклонения			explicit.stat_3033371881,fractured.stat_3033371881,rune.stat_3033371881,desecrated.stat_3033371881
Дарует Развязку на # секунд(-ы) за каждое затрачиваемое комбо при использовании умений			explicit.stat_4010198893
Дарует оборону в размере #% от максимума здоровья на 4 секунды при получении жестокого удара			rune.stat_3863682550
При кувырке дарует на 4 секунды оборону в размере #% от недостающего энергетического щита			explicit.stat_469006068
Дарует оборону в размере #% от текущего значения рунического барьера на # секунд(-ы) по окончанию эффекта			explicit.stat_3069759106
Дарует оборону в размере текущего значения рунического барьера на # секунд(-ы) по окончанию эффекта		100	explicit.stat_3069759106
Дарует максимум энергетического щита в размере #% от суммы требуемой силы на надетых доспехах			rune.stat_2444976134
Дарует Боевой раж на # секунд(-ы) при активации ваших меток			rune.stat_1811977226
Дарует Боевой раж на 4 секунды при смерти приспешника			explicit.stat_3605616594
Дает Перегруз на 4 секунды при совершении кувырка			explicit.stat_2148576938
Дарует физический урон шипами в размере от #% до #% максимума здоровья			explicit.stat_2163764037
Дарует шипам физический урон в размере #% от брони на надетом нательном доспехе			explicit.stat_1793740180,desecrated.stat_1793740180
Дарует Попутный ветер при нанесении критического удара, но не чаще одного раза в секунду			explicit.stat_2459662130
#% шанс получить Нестабильность при нанесении критического удара			explicit.stat_2931872063
Дарует Нестабильность при нанесении критического удара		100	explicit.stat_2931872063
Дарует заряд энергии каждую секунду, если недавно вы не теряли заряды энергии			explicit.stat_1099200124
Дарует случайный заряд по достижению максимума свирепости, но не чаще одного раза в # секунд(-ы)			explicit.stat_2284588585
Дарует дополнительный порог состояний в размере #% от максимума энергетического щита			explicit.stat_3398301358,fractured.stat_3398301358,rune.stat_3398301358,desecrated.stat_3398301358
Дарует дополнительный порог оглушения в размере #% от максимума энергетического щита			explicit.stat_416040624,fractured.stat_416040624,rune.stat_416040624,desecrated.stat_416040624
Дарует максимум рунического щита в размере #% максимального урона этого оружия			rune.stat_1995345015
Интеллект не дарует изначальные бонусы			explicit.stat_4187571952
Получает зарядов в секунду: #			explicit.stat_1873752457
Кровь гиганта			explicit.stat_1875158664
Скользящие удары			explicit.stat_4266776872
Прославляя осквернение # душ в дар Аманаму\nПассивные умения в радиусе завоеваны монстрами Бездны\nОчернение сделает этот предмет нестабильным			explicit.stat_3418580811|24
Прославляя осквернение # душ в дар Кулемаку\nПассивные умения в радиусе завоеваны монстрами Бездны\nОчернение сделает этот предмет нестабильным			explicit.stat_3418580811|25
Прославляя осквернение # душ в дар Кургалу\nПассивные умения в радиусе завоеваны монстрами Бездны\nОчернение сделает этот предмет нестабильным			explicit.stat_3418580811|26
Прославляя осквернение # душ в дар Текроду\nПассивные умения в радиусе завоеваны монстрами Бездны\nОчернение сделает этот предмет нестабильным			explicit.stat_3418580811|27
Прославляя осквернение # душ в дар Уламану\nПассивные умения в радиусе завоеваны монстрами Бездны\nОчернение сделает этот предмет нестабильным			explicit.stat_3418580811|28
Дарует # здоровья за каждый удар по врагу			explicit.stat_821021828,fractured.stat_821021828,desecrated.stat_821021828
Теряет # вашего здоровья за каждый удар по врагу	n		explicit.stat_821021828,fractured.stat_821021828,desecrated.stat_821021828
Дарует приспешникам #% от восстанавливаемого здоровья			explicit.stat_2416869319
Дарует # дополнительных ячейки умений			implicit.stat_958696139
Дарует 1 дополнительную ячейку умений		1	implicit.stat_958696139
Дарует Боевой раж во время действия эффекта			explicit.stat_618665892
Дарует умение: Дар алхимика # уровня			skill.alchemists_boon
Дарует умение: Архимаг # уровня			skill.archmage
Дарует умение: Северная броня # уровня			skill.new_new_arctic_armour
Дарует умение: Измор # уровня			skill.attrition
Дарует умение: Рои азмири # уровня			skill.azmerian_swarm
Дарует умение: Волк азмири # уровня			skill.summon_azmerian_wolf
Дарует умение: Дубовая кожа # уровня			skill.barkskin
Дарует умение: Вызов барьера # уровня			skill.barrier_invocation
Дарует умение: Берсерк # уровня			skill.berserk
Дарует умение: Взрыв чёрного пороха # уровня			skill.black_powder_blitz_reservation
Дарует умение: Скачок # уровня			skill.blink,skill.blink_reservation
Дарует умение: Костяной взрыв # уровня			skill.bone_blast
Дарует умение: Колючие кусты # уровня			skill.briarpatch
Дарует умение: Взрывная болотная жаба # уровня			skill.exploding_poison_toad
Дарует умение: Хохочущие спутники # уровня			skill.hyena_cackle
Дарует умение: Сотворение чар при блоке # уровня			skill.cast_on_block
Дарует умение: Сотворение чар при использовании оберега # уровня			skill.cast_on_charm_use
Дарует умение: Сотворение чар при критическом попадании # уровня			skill.cast_on_critical_strike
Дарует умение: Сотворение чар при кувырке # уровня			skill.cast_on_dodge
Дарует умение: Сотворение чар при стихийном состоянии # уровня			skill.cast_on_elemental_ailment
Дарует умение: Сотворение чар при смерти приспешников # уровня			skill.cast_on_minion_death
Дарует умение: Снаряд хаоса # уровня			skill.chaosbolt
Дарует умение: Всплеск хаоса # уровня			skill.chaos_surge
Дарует умение: Управление зарядами # уровня			skill.charge_regulation
Дарует умение: Петляющие снаряды # уровня			skill.coiling_bolts
Дарует умение: Боевое бешенство # уровня			skill.combat_frenzy
Дарует умение: Сочинение реквиема # уровня			skill.requiem_ammo
Дарует умение: Освящение # уровня			skill.consecrate
Дарует умение: Оздоровление # уровня			skill.convalescence
Дарует умение: Искрящаяся ладонь # уровня			skill.crackling_palm
Дарует умение: Сокрушающий страх # уровня			skill.crushing_fear
Дарует умение: Разложение # уровня			skill.corpse_cloud,skill.corpse_cloud_triggered
Дарует умение: Знамя непокорности # уровня			skill.defiance_banner_reservation
Дарует умение: Дисциплина # уровня			skill.discipline
Дарует умение: Знамя страха # уровня			skill.dread_banner_reservation
Дарует умение: Слияние стихий # уровня			skill.elemental_conflux
Дарует умение: Вызов стихии # уровня			skill.elemental_invocation
Дарует умение: Янтарный шквал # уровня			skill.unique_dusk_vigil_triggered_blazing_cluster
Дарует умение: Изнуряющее кольцо # уровня			skill.enervating_nova
Дарует умение: Вечная ярость # уровня			skill.eternal_rage
Дарует умение: Пир плоти # уровня			skill.feast_of_flesh
Дарует умение: Вызов дикости # уровня			skill.feral_invocation
Дарует умение: Огненный шар # уровня			skill.fireball
Дарует умение: Огненный снаряд # уровня			skill.firebolt
Дарует умение: Морозные осколки # уровня			skill.freezing_shards
Дарует умение: Громы и молнии # уровня			skill.fulmination
Дарует умение: Прошлое и будущее # уровня			skill.future_past
Дарует умение: Электризующее поле # уровня			skill.galvanic_field
Дарует умение: Всплеск Близнецов # уровня			skill.gemini_surge
Дарует умение: Призрачный танец # уровня			skill.ghost_dance
Дарует умение: Предвестник безумия # уровня			skill.harbinger_of_madness
Дарует умение: Ледяное сердце # уровня			skill.heart_of_ice
Дарует умение: Вестник пепла # уровня			skill.herald_of_ash
Дарует умение: Вестник крови # уровня			skill.herald_of_blood
Дарует умение: Вестник льда # уровня			skill.herald_of_ice
Дарует умение: Вестник чумы # уровня			skill.herald_of_plague
Дарует умение: Вестник грома # уровня			skill.herald_of_thunder
Дарует умение: Глашатай царицы # уровня			skill.atziri_herald
Дарует умение: Его гиблое явление # уровня			skill.his_foul_emergence
Дарует умение: Его мрачный приказ # уровня			skill.grave_command
Дарует умение: Его разметающее бедствие # уровня			skill.scattering_calamity
Дарует умение: Его жестокое вмешательство # уровня			skill.vile_disruption
Дарует умение: Его овеивающее пламя # уровня			skill.his_winnowing_flame
Дарует умение: Ледяной шторм # уровня			skill.icestorm
Дарует умение: Спасение от хаоса # уровня			skill.impurity
Дарует умение: Железный барьер # уровня			skill.iron_ward
Дарует умение: Сгустки жизни # уровня			skill.life_remnants
Дарует умение: Удар грома # уровня			skill.lightning_bolt,skill.unique_breach_lightning_bolt
Дарует умение: Временная иллюзия # уровня			skill.lingering_illusion
Дарует умение: Живая бомба # уровня			skill.living_bomb_player
Дарует умение: Магматический барьер # уровня			skill.magma_barrier
Дарует умение: Злость # уровня			skill.malice
Дарует умение: Вытягивание маны # уровня			skill.mana_drain
Дарует умение: Сгустки маны # уровня			skill.mana_remnants
Дарует умение: Зенит полуночи # уровня			skill.midnight_star
Дарует умение: Призрачный лучник # уровня			skill.mirage_archer
Дарует умение: Преломляющее зеркало # уровня			skill.mirror_of_refraction
Дарует умение: Ворон тумана # уровня			skill.summon_mist_raven
Дарует умение: Расплавленное сокрушение # уровня			skill.molten_crash
Дарует умение: Расплавленный ливень # уровня			skill.triggered_molten_shower
Дарует умение: Подавляющее присутствие # уровня			skill.overwhelming_presence
Дарует умение: Парирование # уровня			skill.parry
Дарует умение: Фантомная стрела # уровня			skill.phantasmal_arrow
Дарует умение: Вершина мощи # уровня			skill.pinnacle_of_power
Дарует умение: Носитель чумы # уровня			skill.plague_bearer
Дарует умение: Перелив энергии # уровня			skill.power_siphon
Дарует умение: Спасение от огня # уровня			skill.purity_of_fire
Дарует умение: Спасение от холода # уровня			skill.purity_of_ice
Дарует умение: Спасение от молний # уровня			skill.purity_of_lightning
Дарует умение: Неистовые духи # уровня			skill.raging_spirits
Дарует умение: Поднять щит # уровня			skill.shield_block
Дарует умение: Прожорливый рой # уровня			skill.ravenous_swarm
Дарует умение: Кровавая жатва # уровня			skill.reap
Дарует умение: Вызов жнеца # уровня			skill.reapers_invocation
Дарует умение: Ездовой роа # уровня			skill.summon_rhoa_mount
Дарует умение: Праведное нисхождение # уровня			skill.righteous_descent
Дарует умение: Ритуал восстановления # уровня			skill.sigil_of_life
Дарует умение: Рунная закалка # уровня			skill.runic_tempering
Дарует умение: Принесение в жертву # уровня			skill.sacrifice
Дарует умение: Багровый пир # уровня			skill.sanguine_revelry
Дарует умение: Дикая ярость # уровня			skill.savage_fury
Дарует умение: Переработанная броня # уровня			skill.scavenged_plating
Дарует умение: Собиратель осколков # уровня			skill.shard_scavenger
Дарует умение: Разбивающая злоба # уровня			skill.shattering_spite
Дарует умение: Печать силы # уровня			skill.sigil_of_power
Дарует умение: Вытягивание стихий # уровня			skill.siphon_elements
Дарует умение: Приспешник скелет-воин # уровня			skill.summon_skeleton_warrior
Дарует умение: Парящая полночь # уровня			skill.nightfall_soaring_midnight
Дарует умение: Сфера солнца # уровня			skill.solar_orb
Дарует умение: Искра # уровня			skill.unique_earthbound_triggered_spark
Дарует умение: Чароплёт # уровня			skill.spellslinger_invocation
Дарует умение: Вьющийся заговор # уровня			skill.summon_spiraling_conspiracy
Дарует умение: Сосуд духа # уровня			skill.spirit_vessel_companion
Дарует умение: Звёздный прорыв # уровня			skill.starborn_onslaught
Дарует умение: Звёздный вердикт # уровня			skill.the_stars_answer
Дарует умение: Гнев бога грома # уровня			skill.cast_lightning_spell_on_hit
Дарует умение: Час нужды # уровня			skill.time_of_need
Дарует умение: Тропа из кальтропов # уровня			skill.trail_of_caltrops
Дарует умение: Триединство # уровня			skill.trinity
Дарует умение: Высвобождение # уровня			skill.unleash
Дарует умение: Развязка # уровня			skill.abyssal_living_bomb
Дарует умение: Раж Валако # уровня			skill.valakos_charge
Дарует умение: Нестабильный труп # уровня			skill.volatile_dead
Дарует умение: Знамя войны # уровня			skill.war_banner_reservation
Дарует умение: Дары Диколесья # уровня			skill.ancient_gifts
Дарует умение: Танцующий с ветром # уровня			skill.wind_dancer
Дарует умение: Истощающее присутствие # уровня			skill.withering_presence
Дарует умение: Волчья стая # уровня			skill.wolf_pack
Дарует заряд ярости при использовании			explicit.stat_280890192
Дарует заряд энергии при использовании			explicit.stat_2566921799
Дарует эффект алтаря сонного мрака			explicit.stat_3742268652
Дарует эффект направленного алтаря мороза			explicit.stat_234657505
Дарует эффект направленного алтаря метеоритов			explicit.stat_3917429943
Дарует эффект направленного алтаря бури			explicit.stat_2800412928
Дарует вплоть до максимума вашей свирепости при использовании			explicit.stat_1509210032
Умения гранат выпускают дополнительных снарядов: #			explicit.stat_1980802737,implicit.stat_1980802737,fractured.stat_1980802737,desecrated.stat_1980802737
Умения гранат выпускают дополнительный снаряд		1	explicit.stat_1980802737,implicit.stat_1980802737,fractured.stat_1980802737,desecrated.stat_1980802737
# заряда использования умений гранат			explicit.stat_2250681686,fractured.stat_2250681686,desecrated.stat_2250681686
# заряд использования умений гранат		1	explicit.stat_2250681686,fractured.stat_2250681686,desecrated.stat_2250681686
Гранаты с #% шансом могут быть активированы снова			explicit.stat_538981065,rune.stat_538981065,desecrated.stat_538981065
Гранаты активируются еще раз		100	explicit.stat_538981065,rune.stat_538981065,desecrated.stat_538981065
Эффект:			sanctum.sanctum_effect_0
Имеет # ячейки для оберегов			explicit.stat_1416292992,implicit.stat_1416292992
Имеет # ячейку для оберегов		1	explicit.stat_1416292992,implicit.stat_1416292992
Наносит от # до # урона от огня, от # до # за каждое разбитое лицо босса			explicit.stat_1955786041
Наносит от # до # физического урона, от # до # за каждое разбитое лицо босса			explicit.stat_1955786041
Имеет гнезд: #			implicit.stat_4077843608
Имеет 1 гнездо		1	implicit.stat_4077843608
Эффект: Флакон адреналина			sanctum.sanctum_effect_59406
Эффект: Защита Ахкели			sanctum.sanctum_effect_47837
Эффект: Всевидящее око			sanctum.sanctum_effect_9121
Эффект: Клинок убийцы			sanctum.sanctum_effect_6090
Эффект: Дар Балбалы			sanctum.sanctum_effect_52622
Эффект: Чёрная жемчужина			sanctum.sanctum_effect_41498
Эффект: Чёрный дым			sanctum.sanctum_effect_34448
Эффект: Тупой меч			sanctum.sanctum_effect_40008
Эффект: Клеймённая балбалах			sanctum.sanctum_effect_19039
Эффект: Связывающие цепи			sanctum.sanctum_effect_25062
Эффект: Сколотые кости			sanctum.sanctum_effect_60796
Эффект: Точёный камень			sanctum.sanctum_effect_6958
Эффект: Едкая смесь			sanctum.sanctum_effect_55502
Эффект: Дорогостоящая помощь			sanctum.sanctum_effect_32085
Эффект: Хрустальный осколок			sanctum.sanctum_effect_30042
Эффект: Тёмная яма			sanctum.sanctum_effect_62584
Эффект: Смертельная ловушка			sanctum.sanctum_effect_41921
Эффект: Список погибших			sanctum.sanctum_effect_59642
Эффект: Обманчивое зеркало			sanctum.sanctum_effect_14131
Эффект: Ожерелье дехара			sanctum.sanctum_effect_13598
Эффект: Татуировка позора			sanctum.sanctum_effect_5501
Эффект: Отведённая река			sanctum.sanctum_effect_45401
Эффект: Заслуженная честь			sanctum.sanctum_effect_24603
Эффект: Зачарованная урна			sanctum.sanctum_effect_38167
Эффект: Исчерпанные колодцы			sanctum.sanctum_effect_35912
Эффект: Дьявольские крылья			sanctum.sanctum_effect_28313
Эффект: Разлившиеся реки			sanctum.sanctum_effect_44476
Эффект: Забытые традиции			sanctum.sanctum_effect_18125
Эффект: Фонтан молодости			sanctum.sanctum_effect_40142
Эффект: Маска страха			sanctum.sanctum_effect_15442
Эффект: Милость Гарухан			sanctum.sanctum_effect_38171
Эффект: Плата за проход			sanctum.sanctum_effect_35767
Эффект: Призрачная коса			sanctum.sanctum_effect_32300
Эффект: Осколок стекла			sanctum.sanctum_effect_45600
Эффект: Светящаяся сфера			sanctum.sanctum_effect_3157
Эффект: Золотой дым			sanctum.sanctum_effect_1198
Эффект: Кровотечение			sanctum.sanctum_effect_34171
Эффект: Кроличья лапка			sanctum.sanctum_effect_13820
Эффект: Святая вода			sanctum.sanctum_effect_28826
Эффект: Заточенные когти			sanctum.sanctum_effect_62326
Эффект: Почётный претендент			sanctum.sanctum_effect_4682
Эффект: Голодные клыки			sanctum.sanctum_effect_359
Эффект: Имперская печать			sanctum.sanctum_effect_44836
Эффект: Железные кандалы			sanctum.sanctum_effect_35578
Эффект: Прохудившийся бурдюк			sanctum.sanctum_effect_61003
Эффект: Маловодные реки			sanctum.sanctum_effect_21680
Эффект: Сверкающий лак			sanctum.sanctum_effect_379
Эффект: Блестящая жемчужина			sanctum.sanctum_effect_51140
Эффект: Зеркало удачи			sanctum.sanctum_effect_45428
Эффект: Минутная передышка			sanctum.sanctum_effect_30866
Эффект: Море поношений			sanctum.sanctum_effect_56996
Эффект: Сфера отрицания			sanctum.sanctum_effect_43834
Эффект: Статуэтка Орбалы			sanctum.sanctum_effect_54204
Эффект: Одеяния Орбалы			sanctum.sanctum_effect_44077
Эффект: Украшенный кинжал			sanctum.sanctum_effect_29924
Эффект: Обет проклятых			sanctum.sanctum_effect_48548
Эффект: Обет покинутых			sanctum.sanctum_effect_60079
Эффект: Обет вероломных			sanctum.sanctum_effect_62382
Эффект: Обет могущественных			sanctum.sanctum_effect_27532
Эффект: Фиолетовый дым			sanctum.sanctum_effect_28906
Эффект: Призыватель дождя			sanctum.sanctum_effect_31580
Эффект: Быстрые зыбучие пески			sanctum.sanctum_effect_56047
Эффект: Красный дым			sanctum.sanctum_effect_17084
Эффект: Репарации			sanctum.sanctum_effect_46242
Эффект: Ржавый молот			sanctum.sanctum_effect_30450
Эффект: Священное зеркало			sanctum.sanctum_effect_27130
Эффект: Кровавый флакон			sanctum.sanctum_effect_41741
Эффект: Гадальный кристалл			sanctum.sanctum_effect_44243
Эффект: Голодный сезон			sanctum.sanctum_effect_35605
Эффект: Плащ Сехемы			sanctum.sanctum_effect_34499
Эффект: Заострённый наконечник			sanctum.sanctum_effect_48487
Эффект: Расколотый щит			sanctum.sanctum_effect_16335
Эффект: Серебряная чаша			sanctum.sanctum_effect_51458
Эффект: Серебряный язык			sanctum.sanctum_effect_24536
Эффект: Шипастый выход			sanctum.sanctum_effect_53929
Эффект: Шипастая раковина			sanctum.sanctum_effect_13875
Эффект: Подозрение в сторонничестве			sanctum.sanctum_effect_9350
Эффект: Плотная завеса			sanctum.sanctum_effect_48875
Эффект: Торговый тариф			sanctum.sanctum_effect_34561
Эффект: Дань традиции			sanctum.sanctum_effect_55120
Эффект: Осквернённая отмычка			sanctum.sanctum_effect_16773
Эффект: Невзрачный кирпич			sanctum.sanctum_effect_50613
Эффект: Неутолённая жажда			sanctum.sanctum_effect_38381
Эффект: Неприкасаемый			sanctum.sanctum_effect_9853
Эффект: Путь наверх			sanctum.sanctum_effect_3716
Эффект: Скрытый взгляд			sanctum.sanctum_effect_43384
Эффект: Вязкий ихор			sanctum.sanctum_effect_57507
Эффект: Ослабленная плоть			sanctum.sanctum_effect_24131
Эффект: Зимняя засуха			sanctum.sanctum_effect_20573
Эффект: Деревянное чучело			sanctum.sanctum_effect_46977
Эффект: Поношенные сандалии			sanctum.sanctum_effect_30473
Не получает штраф к меткости от расстояния			implicit.stat_1050883682
Отсутствуют требования к характеристикам			explicit.stat_2739148464
Накладывает сильное оглушение на врагов с полным здоровьем			explicit.stat_668076381
Умения Вестников наносят увеличенный на #% урон			explicit.stat_21071013,fractured.stat_21071013,desecrated.stat_21071013
Умения Вестников наносят уменьшенный на #% урон	n		explicit.stat_21071013,fractured.stat_21071013,desecrated.stat_21071013
Исторический			explicit.stat_3787436548
Удары разрушают # брони			explicit.stat_289086688
Удары по вам имеют #% увеличение шанса критического удара пока вы охлаждены			explicit.stat_3923947492
Удары по вам имеют #% уменьшение шанса критического удара пока вы охлаждены	n		explicit.stat_3923947492
#% уменьшение дополнительного критического урона от ударов по вам			explicit.stat_3855016469,implicit.stat_3855016469,fractured.stat_3855016469,rune.stat_3855016469,desecrated.stat_3855016469,sanctum.stat_2948404493,crafted.stat_3855016469
#% увеличение дополнительного критического урона от ударов по вам	n		explicit.stat_3855016469,implicit.stat_3855016469,fractured.stat_3855016469,rune.stat_3855016469,desecrated.stat_3855016469,sanctum.stat_2948404493,crafted.stat_3855016469
Удары по вам имеют #% уменьшение бонуса к критическому урону за каждое заполненное гнездо			explicit.stat_701923421
Удары по вам имеют #% увеличение бонуса к критическому урону за каждое заполненное гнездо	n		explicit.stat_701923421
Удары по вам на освященной земле не имеют бонуса к критическому урону			rune.stat_1800433827
Удары с #% шансом учитывают значение сопротивления стихиям врага как противоположное			explicit.stat_3593401321
Удары учитывают значение сопротивления стихиям врага как противоположное		100	explicit.stat_3593401321
#% увеличение шанса критического удара ударами по вам			explicit.stat_4270096386,desecrated.stat_4270096386
#% уменьшение шанса критического удара ударами по вам	n		explicit.stat_4270096386,desecrated.stat_4270096386
Удары этим оружием с #% шансом могут вызвать срабатывание Расплавленного ливня за каждые 25 силы			explicit.stat_1867725690
Удары этим оружием по истекающим кровью врагам имеют эффект Добивания			explicit.stat_2558253923
Удары этим оружием не обладают бонусом критического урона			explicit.stat_1508661598
Удары этим оружием накладывают зарядов Мучительного безумия: #			explicit.stat_2526112819
Добавляет ударам этим оружием от # до # физического урона за каждый 1% шанса блока			explicit.stat_2036307261,rune.stat_2036307261
#% увеличение максимума здоровья ледяных кристаллов за каждые 5% сопротивления холоду у вас			explicit.stat_740421489
#% уменьшение максимума здоровья ледяных кристаллов за каждые 5% сопротивления холоду у вас	n		explicit.stat_740421489
Размещенные в этом предмете идолы получают преимущества от своих связанных свойств			rune.stat_726496846
Если карта не была до этого заражена, завершение карты вместо этого добавит заражение			explicit.stat_2371108370
Если вы должны получит заряд ярости, вместо этого союзники в вашем присутствии получают этот заряд			rune.stat_2211478554
Если вы должны получит заряд энергии, вместо этого союзники в вашем присутствии получают этот заряд			rune.stat_4226127445
Если вы должны получит заряд выносливости, вместо этого союзники в вашем присутствии получают этот заряд			rune.stat_1881314095
Накладываемый вами поджог наносит урон хаосом вместо урона от огня			explicit.stat_983582600
Наложенные вами поджоги наносят урон на #% быстрее			implicit.stat_2443492284
Накладываемые поджоги распространяются на других врагов, находящихся в радиусе 1.5 м в течение 1 секунды			explicit.stat_3314057862
Обездвиживает врагов при накоплении #% шкалы вместо 100%			explicit.stat_4238331303
Иммунитет к увечьям			enchant.stat_3429557654
Повышает скорость передвижения на 25% плюс 1% за каждые # уклонения, вплоть до максимума в 75%\nДругие свойства скорости передвижения, кроме бега, не применяются			explicit.stat_3881997959
Увеличения и уменьшения\nурона от холода и огня в радиусе применяются к урону от молнии			explicit.stat_895564377,crafted.stat_895564377
Увеличения и уменьшения\nурона от холода и молнии в радиусе применяются к урону от огня			explicit.stat_1400313697,crafted.stat_1400313697
Увеличения и уменьшения\nурона от огня и молнии в радиусе применяются к урону от холода			explicit.stat_3368921525,fractured.stat_3368921525,crafted.stat_3368921525
Повышения и снижения скорости регенерации здоровья также применяются к скорости регенерации маны			rune.stat_3570773271
Увеличения и уменьшения радиуса обзора также действуют на область действия в размере #% от их значения			explicit.stat_1138742368
Повышения и снижения скорости регенерации маны также применяются к скорости перезарядки энергетического щита			explicit.stat_3407300125
Повышения и снижения скорости атаки приспешников также действуют на вас			explicit.stat_2293111154,rune.stat_2293111154
Увеличения и уменьшения урона приспешников также распространяются и на вас			explicit.stat_1631928082
Повышения и снижения скорости передвижения также применяются к скорости перезарядки энергетического щита			rune.stat_4282982513
Увеличения и уменьшения скорости снарядов также применяются к урону луками			explicit.stat_414821772,desecrated.stat_414821772
Увеличения и уменьшения к урону от чар также действуют на урон от атак			explicit.stat_3811649872
У паррирования нет дальности			explicit.stat_1076031760
Накладывает истощение Бездны при нанесении удара			explicit.stat_2646093132,implicit.stat_2646093132
Накладывает Анемию при нанесении удара\nПозволяет наложить на врагов # отрицательных эффектов оскверненной крови			explicit.stat_971590056,fractured.stat_971590056,desecrated.stat_971590056,crafted.stat_971590056
Накладывает восприимчивость к холоду при нанесении удара, снижая итоговое сопротивление к холоду на #%			explicit.stat_3005701891
Накладывает восприимчивость к холоду при нанесении удара		10	explicit.stat_3005701891
Накладывает восприимчивость к холоду при наложении поджога на врага			explicit.stat_3314536008
Накладывает # заряда оскверненной крови на # секунду при блоке, нанося #% от вашего максимума здоровья в виде физического урона в секунду			explicit.stat_1695767482
Накладывает # заряда оскверненной крови на # секунд(-ы) при блоке, нанося #% от вашего максимума здоровья в виде физического урона в секунду			explicit.stat_1695767482
Накладывает заряд оскверненной крови на # секунду при блоке, нанося #% от вашего максимума здоровья в виде физического урона в секунду		1	explicit.stat_1695767482
Накладывает заряд оскверненной крови на # секунд(-ы) при блоке, нанося #% от вашего максимума здоровья в виде физического урона в секунду		1	explicit.stat_1695767482
Накладывает восприимчивость к стихиям при нанесении удара, снижая итоговое сопротивление стихиям на #%			explicit.stat_533542952
Накладывает восприимчивость к стихиям при нанесении удара		40	explicit.stat_533542952
Накладывает восприимчивость к стихиям при нанесении удара, пока у вас размещены рубин и изумруд			explicit.stat_2951965588,fractured.stat_2951965588,crafted.stat_2951965588
Накладывает восприимчивость к стихиям на врагов на расстоянии 3 м перед вами на 4 секунды каждые 0.25 секунды, если поднят			explicit.stat_223138829
Накладывает восприимчивость к огню при наложении шока на врага			explicit.stat_1538879632
Накладывает восприимчивость к молнии при нанесении критического удара			explicit.stat_2665488635
Накладывает восприимчивость к стихиям когда это оружие полностью разрушает броню			explicit.stat_359380213
Накладывает Испытание Рунного Отца на врагов в # м перед вами при поднятии, но не чаще одного раза в 2 секунды			explicit.stat_774222208
Накладывает случайное проклятие на вас, когда ваши тотемы умирают, игнорируя предел проклятий			explicit.stat_2918129907
Изначальная потеря свирепости начинается на # секунд(-ы) позже			explicit.stat_3987691524,fractured.stat_3987691524,desecrated.stat_3987691524
Изначальная потеря свирепости начинается на 1 секунду позже		1000	explicit.stat_3987691524,fractured.stat_3987691524,desecrated.stat_3987691524
Мгновенное восстановление			explicit.stat_1526933524
Устрашает врагов при блоке на # секунд(-ы)			explicit.stat_3703496511
Устрашает врагов при блоке на # секунду		1000	explicit.stat_3703496511
Вызываемые чары наносят увеличенный на #% урон			explicit.stat_1078309513,desecrated.stat_1078309513
Вызываемые чары наносят уменьшенный на #% урон	n		explicit.stat_1078309513,desecrated.stat_1078309513
Вызываемые чары с #% шансом могут поглотить всего половину энергии			explicit.stat_3711973554,desecrated.stat_3711973554
#% увеличение максимума энергии вызываемых умений			explicit.stat_1615901249,desecrated.stat_1615901249,crafted.stat_1615901249
#% уменьшение максимума энергии вызываемых умений	n		explicit.stat_1615901249,desecrated.stat_1615901249,crafted.stat_1615901249
Железная хватка			explicit.stat_3528245713
Стальные нервы			explicit.stat_326965591,rune.stat_326965591
Железная воля			explicit.stat_281311123
Обратное направление отбрасывания			explicit.stat_281201999
Отбрасывает врагов при нанесении удара			explicit.stat_3739186583
#% физического урона от атак похищается в виде здоровья			explicit.stat_2557965901,explicit.stat_55876295,fractured.stat_2557965901,fractured.stat_55876295,enchant.stat_2557965901,desecrated.stat_2557965901,desecrated.stat_55876295,rune.stat_55876295
#% физического урона от атак похищается в виде маны			explicit.stat_707457662,explicit.stat_669069897,fractured.stat_707457662,fractured.stat_669069897,enchant.stat_707457662,desecrated.stat_707457662,desecrated.stat_669069897,implicit.stat_669069897,rune.stat_669069897
Здоровье похищается на #% быстрее			explicit.stat_1570501432,fractured.stat_1570501432,desecrated.stat_1570501432
Здоровье похищается на #% медленнее	n		explicit.stat_1570501432,fractured.stat_1570501432,desecrated.stat_1570501432
Похищение от критических ударов происходит мгновенно			explicit.stat_3389184522
Похищает #% от максимума здоровья, когда вы сотворяете чары			explicit.stat_335699483
Похищение здоровья от ваших ударов заставляет союзников в вашем присутствии также похищать такое же количество здоровья			explicit.stat_3605721598
Кольцо в левом слоте: снаряды от чар разветвляются		1	explicit.stat_2437476305
Кольцо в левом слоте: снаряды от чар не могут поражать цели по цепи		1	explicit.stat_3647242059
Флаконы здоровья получают зарядов в секунду: #			explicit.stat_1102738251,enchant.stat_1102738251,desecrated.stat_1102738251
Флаконы здоровья, используемые при малом количестве здоровья, применяют восстановление мгновенно			explicit.stat_1200347828
Похищение здоровья может переполнить максимум здоровья			explicit.stat_2714890129
Похищение здоровья становится похищением энергетического щита			explicit.stat_3314050176
Восстановление от похищения здоровья зависит от вашего урона хаосом вместо физического урона			explicit.stat_825825364
Похищение восстанавливает здоровье в зависимости как от вашего физического урона, так и от вашего урона от молнии			explicit.stat_1092555766
Здоровье перезаряжается			explicit.stat_3971919056
Восстановление здоровья от флаконов также применяется к энергетическому щиту			explicit.stat_2812872407
Восстановление здоровья от флаконов может переполнить максимум здоровья			explicit.stat_1245896889
Восстановление здоровья от флаконов происходит мгновенно			explicit.stat_720388959
Восстановление здоровья от регенерации не применяется			explicit.stat_3947672598
Никакие источники восстановления здоровья, кроме флаконов, не могут восстанавливать здоровье выше низкого уровня			explicit.stat_451403019
Вместо здоровья регенерируется энергетический щит			explicit.stat_632761194
Флаконы здоровья и маны можно разместить в любой ячейке			explicit.stat_932866937
Теряемое в результате получения урона здоровье вместо этого удерживается до тех пор, пока вы не перестанете получать урон здоровью в течение # секунд			explicit.stat_1777740627
Теряемое в результате получения урона здоровье вместо этого удерживается до тех пор, пока вы не перестанете получать урон здоровью в течение # секунды		1000	explicit.stat_1777740627
Урон от молнии от ударов влияет на накопление шкалы заморозки вместо шанса шока			explicit.stat_1011772129
Урон от молнии от ударов также влияет на силу Горючести и поджога			explicit.stat_3121133045,crafted.stat_3121133045
Урон от молнии от наносящих по вам удары врагов удачлив			explicit.stat_4224965099
Урон от молнии от наносящих по вам удары врагов неудачлив	n		explicit.stat_4224965099
Получаемый вами урон от молнии от ударов врагов удачлив во время действия эффекта			explicit.stat_3246948616
Получаемый вами урон от молнии от ударов врагов неудачлив во время действия эффекта	n		explicit.stat_3246948616
Сопротивление молнии не влияет на получаемый урон от молнии			explicit.stat_3999959974
На сопротивление молнии не влияют штрафы области			explicit.stat_3631920880
Умения молнии наносят удары по цепи # раз(-а)			explicit.stat_4123841473
Урон от молнии от ударов влияет на накопление шкалы электризации			explicit.stat_1017648537
Заряжает дополнительных болтов: #			explicit.stat_1967051901,implicit.stat_1967051901,fractured.stat_1967051901,enchant.stat_1967051901,desecrated.stat_1967051901
Заряжает дополнительный болт		1	explicit.stat_1967051901,implicit.stat_1967051901,fractured.stat_1967051901,enchant.stat_1967051901,desecrated.stat_1967051901
Теряет # здоровья когда вы используете умение			explicit.stat_1902409192
Теряет #% здоровья в секунду во время действия эффекта, пока у вас нет рунического барьера			explicit.stat_1147913864
Теряет #% здоровья в секунду			explicit.stat_1661347488
Теряет #% от максимума здоровья в секунду во время бега			rune.stat_3473409233
Вы теряете все эффекты Хрупкого восстановления при получении удара			explicit.stat_1306791873
Теряет все заряды энергии при достижении их максимального количества			explicit.stat_2135899247
Теряет всю свирепость при достижении максимума свирепости			explicit.stat_3851480592
Теряет все заряды Попутного ветра при получении удара			explicit.stat_367897259
Накладывает увечье при критическом ударе			explicit.stat_2895144208,rune.stat_2895144208
Флаконы маны получают зарядов в секунду: #			explicit.stat_2200293569,enchant.stat_2200293569,desecrated.stat_2200293569
Флаконы маны, используемые при малом количестве маны, применяют восстановление мгновенно			explicit.stat_1839832419
Восстановление маны от флаконов может переполнять максимум маны во время действия эффекта			explicit.stat_4100842845
Восстановление маны от регенерации также применяется к руническому барьеру			rune.stat_3145796865
Восстановление маны помимо регенерации не восстанавливает ману			explicit.stat_3593063598
Проявление Танцующего Дервиша погибает по окончании действия Буйства			explicit.stat_1414945937
Из босса карты с #% может выпасть путевой камень текущего уровня или выше			explicit.stat_1314787770
Уникальные боссы одержимы духами азмири			explicit.stat_2588474575
Боссы карт даруют на #% больше опыта			explicit.stat_3860150265
Боссы карт даруют на #% меньше опыта	n		explicit.stat_3860150265
Уникальные боссы обладают # дополнительными свойствами			explicit.stat_1458461453
Уникальные боссы обладают # дополнительным свойством		1	explicit.stat_1458461453
Карта также считается картой пустыни			explicit.stat_3517228691
Карта также считается картой лесов			explicit.stat_864099561
Карта также считается картой с травой			explicit.stat_3160511599
Карта также считается картой гор			explicit.stat_1583884108
Карта также считается картой болот			explicit.stat_3755999954
Карта также считается водной картой			explicit.stat_3271982291
На карте можно встретить дополнительных Бездн: #			explicit.stat_3490187949,explicit.stat_1070816711,desecrated.stat_3490187949
В области можно встретить дополнительных Бездн: #			explicit.stat_3490187949,explicit.stat_1070816711,desecrated.stat_3490187949
На ваших картах можно встретить дополнительных Бездн: #			explicit.stat_3490187949,explicit.stat_1070816711,desecrated.stat_3490187949
На карте можно встретить дополнительную Бездну		1	explicit.stat_3490187949,explicit.stat_1070816711,desecrated.stat_3490187949
В области можно встретить дополнительную Бездну		1	explicit.stat_3490187949,explicit.stat_1070816711,desecrated.stat_3490187949
На ваших картах можно встретить дополнительную Бездну		1	explicit.stat_3490187949,explicit.stat_1070816711,desecrated.stat_3490187949
На карте можно встретить дополнительных духов азмири: #			explicit.stat_358129101,explicit.stat_775597083
В области можно встретить дополнительных духов азмири: #			explicit.stat_358129101,explicit.stat_775597083
В областях с боссами карт можно встретить дополнительных духов азмири: #			explicit.stat_358129101,explicit.stat_775597083
На карте можно встретить дополнительного духа азмири		1	explicit.stat_358129101,explicit.stat_775597083
В областях с боссами карт можно встретить дополнительного духа азмири		1	explicit.stat_358129101,explicit.stat_775597083
Ваши карты содержат дополнительных ларцов: #			explicit.stat_3240183538,explicit.stat_3040603554
В области можно найти дополнительных ларцов: #			explicit.stat_3240183538,explicit.stat_3040603554
На карте можно встретить дополнительных ларцов: #			explicit.stat_3240183538,explicit.stat_3040603554
В областях с боссами карт можно встретить дополнительных ларцов: #			explicit.stat_3240183538,explicit.stat_3040603554
Ваши карты содержат дополнительный ларец		1	explicit.stat_3240183538,explicit.stat_3040603554
В области можно найти дополнительный ларец		1	explicit.stat_3240183538,explicit.stat_3040603554
На карте можно встретить дополнительный ларец		1	explicit.stat_3240183538,explicit.stat_3040603554
В областях с боссами карт можно встретить дополнительный ларец		1	explicit.stat_3240183538,explicit.stat_3040603554
#% увеличение количества знаков с руническими монстрами			explicit.stat_1640965354,implicit.stat_1640965354
#% увеличение количества меток с руническими монстрами на карте			explicit.stat_1640965354,implicit.stat_1640965354
#% увеличение количества знаков с руническими монстрами в области			explicit.stat_1640965354,implicit.stat_1640965354
#% уменьшение количества знаков с руническими монстрами	n		explicit.stat_1640965354,implicit.stat_1640965354
#% уменьшение количества меток с руническими монстрами на карте	n		explicit.stat_1640965354,implicit.stat_1640965354
#% уменьшение количества знаков с руническими монстрами в области	n		explicit.stat_1640965354,implicit.stat_1640965354
На карте можно встретить дополнительные Сущности: #			explicit.stat_2162684861,explicit.stat_395808938
В области можно встретить дополнительных Сущностей: #			explicit.stat_2162684861,explicit.stat_395808938
На ваших картах можно встретить дополнительных Сущностей: #			explicit.stat_2162684861,explicit.stat_395808938
В областях с боссами карт можно встретить дополнительных сущностей: #			explicit.stat_2162684861,explicit.stat_395808938
На карте можно встретить дополнительную Сущность		1	explicit.stat_2162684861,explicit.stat_395808938
В области можно встретить дополнительную Сущность		1	explicit.stat_2162684861,explicit.stat_395808938
На ваших картах можно встретить дополнительную Сущность		1	explicit.stat_2162684861,explicit.stat_395808938
В областях с боссами карт можно встретить дополнительную сущность		1	explicit.stat_2162684861,explicit.stat_395808938
В области можно встретить дополнительных редких ларцов: #			explicit.stat_231864447
На карте можно встретить дополнительных редких сундуков: #			explicit.stat_231864447
На ваших картах можно встретить дополнительных редких ларцов: #			explicit.stat_231864447
На карте можно встретить дополнительный редкий сундук		1	explicit.stat_231864447
В области можно встретить дополнительный редкий ларец		1	explicit.stat_231864447
На ваших картах можно встретить дополнительный редкий ларец		1	explicit.stat_231864447
Ваши карты содержат дополнительных алтарей: #			explicit.stat_1468737867,explicit.stat_3042527515
В области можно найти дополнительных алтарей: #			explicit.stat_1468737867,explicit.stat_3042527515
На карте можно встретить дополнительных алтарей: #			explicit.stat_1468737867,explicit.stat_3042527515
В областях с боссами карт можно встретить дополнительных алтарей: #			explicit.stat_1468737867,explicit.stat_3042527515
Ваши карты содержат дополнительный алтарь		1	explicit.stat_1468737867,explicit.stat_3042527515
В области можно найти дополнительный алтарь		1	explicit.stat_1468737867,explicit.stat_3042527515
На карте можно встретить дополнительный алтарь		1	explicit.stat_1468737867,explicit.stat_3042527515
В областях с боссами карт можно встретить дополнительный алтарь		1	explicit.stat_1468737867,explicit.stat_3042527515
На карте можно встретить дополнительных ритуальных кругов: #			explicit.stat_2839545956
В области можно встретить круг призыва\nРун реактивации в области: #			explicit.stat_2839545956
В области можно встретить круг призыва		1	explicit.stat_2839545956
На карте можно встретить дополнительный ритуальный круг		1	explicit.stat_2839545956
Карта имеет дополнительных случайных свойств: #			explicit.stat_588512487
Ваши карты имеют дополнительных случайных свойств: #			explicit.stat_588512487
Карта обладает # дополнительными случайными свойствами			explicit.stat_588512487
Карта имеет # дополнительное случайное свойство		1	explicit.stat_588512487
Карта обладает # дополнительным случайным свойством		1	explicit.stat_588512487
На карте с #% шансом можно встретить дополнительный Разлом			explicit.stat_3049505189
В областях с Разломами с #% шансом можно встретить дополнительный Разлом			explicit.stat_3049505189
На ваших картах, содержащих Разломы, с #% шансом можно встретить дополнительный Разлом			explicit.stat_3049505189
На карте можно встретить дополнительный Разлом		100	explicit.stat_3049505189
В областях с Разломами можно встретить дополнительный Разлом		100	explicit.stat_3049505189
На ваших картах, содержащих Разломы, можно встретить дополнительный Разлом		100	explicit.stat_3049505189
Бездны с #% шансом могут содержать 4 дополнительных провала			explicit.stat_2890355696
На карте с #% шансом можно встретить четыре дополнительные Бездны			explicit.stat_2890355696
В области с #% шансом можно встретить четыре дополнительных Бездны			explicit.stat_2890355696
На карте можно встретить четыре дополнительные Бездны		100	explicit.stat_2890355696
В области можно встретить четыре дополнительных Бездны		100	explicit.stat_2890355696
На карте с #% шансом можно встретить три дополнительных Разлома			explicit.stat_2440265466
В областях с Разломами с #% шансом можно встретить три дополнительных Разлома			explicit.stat_2440265466
На ваших картах, содержащих Разломы, с #% шансом можно встретить три дополнительных Разлома			explicit.stat_2440265466
На карте можно встретить три дополнительных Разлома		100	explicit.stat_2440265466
В областях с Разломами можно встретить три дополнительных Разлома		100	explicit.stat_2440265466
На ваших картах, содержащих Разломы, можно встретить три дополнительных Разлома		100	explicit.stat_2440265466
На #% больше волшебных монстров			explicit.stat_3873704640,fractured.stat_3873704640,enchant.stat_3873704640,desecrated.stat_3873704640
#% увеличение количества волшебных монстров на карте			explicit.stat_3873704640,fractured.stat_3873704640,enchant.stat_3873704640,desecrated.stat_3873704640
#% увеличение редкости монстров на карте			explicit.stat_4142653832
#% увеличение шанса появления духов азмири			explicit.stat_3815617979
На карте с увеличенным на #% шансом можно встретить духов азмири			explicit.stat_3815617979
В области с увеличенным на #% шансом можно встретить духов азмири			explicit.stat_3815617979
#% уменьшение шанса появления духов азмири	n		explicit.stat_3815617979
На карте с уменьшенным на #% шансом можно встретить духов азмири	n		explicit.stat_3815617979
В области с уменьшенным на #% шансом можно встретить духов азмири	n		explicit.stat_3815617979
#% увеличение шанса появления Сущностей			explicit.stat_1825943485
На карте с увеличенным на #% шансом можно встретить Сущности			explicit.stat_1825943485
В области с увеличенным на #% шансом можно встретить сущности			explicit.stat_1825943485
#% уменьшение шанса появления Сущностей	n		explicit.stat_1825943485
На карте с уменьшенным на #% шансом можно встретить Сущности	n		explicit.stat_1825943485
В области с уменьшенным на #% шансом можно встретить сущности	n		explicit.stat_1825943485
#% увеличение шанса встретить бродячих изгнанников			explicit.stat_1352729973
На карте с увеличенным на #% шансом можно встретить бродячих изгнанников			explicit.stat_1352729973
В области с увеличенным на #% шансом можно встретить бродячих изгнанников			explicit.stat_1352729973
#% уменьшение шанса встретить бродячих изгнанников	n		explicit.stat_1352729973
На карте с уменьшенным на #% шансом можно встретить бродячих изгнанников	n		explicit.stat_1352729973
В области с уменьшенным на #% шансом можно встретить бродячих изгнанников	n		explicit.stat_1352729973
#% увеличение шанса появления алтарей			explicit.stat_689816330
На карте с увеличенным на #% шансом можно встретить алтари			explicit.stat_689816330
В области с увеличенным на #% шансом можно встретить алтари			explicit.stat_689816330
#% уменьшение шанса появления алтарей	n		explicit.stat_689816330
На карте с уменьшенным на #% шансом можно встретить алтари	n		explicit.stat_689816330
В области с уменьшенным на #% шансом можно встретить алтари	n		explicit.stat_689816330
На карте с увеличенным на #% шансом можно встретить ларцы			explicit.stat_4279535856
В области с увеличенным на #% шансом можно встретить ларцы			explicit.stat_4279535856
#% увеличение шанса появления ларцов	n		explicit.stat_4279535856
На карте с уменьшенным на #% шансом можно встретить ларцы	n		explicit.stat_4279535856
В области с уменьшенным на #% шансом можно встретить ларцы	n		explicit.stat_4279535856
#% увеличение шанса появления кругов призыва			explicit.stat_267210597
В области с увеличенным на #% шансом можно встретить круг призыва			explicit.stat_267210597
На карте с увеличенным на #% шансом можно встретить ритуальный круг			explicit.stat_267210597
#% уменьшение шанса появления кругов призыва	n		explicit.stat_267210597
В области с уменьшенным на #% шансом можно встретить круг призыва	n		explicit.stat_267210597
На карте с уменьшенным на #% шансом можно встретить ритуальный круг	n		explicit.stat_267210597
#% увеличение количества редких монстров			explicit.stat_3793155082,fractured.stat_3793155082,enchant.stat_3793155082,desecrated.stat_3793155082
#% увеличение количества редких монстров на карте			explicit.stat_3793155082,fractured.stat_3793155082,enchant.stat_3793155082,desecrated.stat_3793155082
Дополнительных бродячих изгнанников в области: #			explicit.stat_3550168289
На карте можно встретить дополнительных бродячих изгнанников: #			explicit.stat_3550168289
На ваших картах можно встретить дополнительных бродячих изгнанников: #			explicit.stat_3550168289
# дополнительный бродячий изгнанник в области		1	explicit.stat_3550168289
На ваших картах можно встретить # дополнительного бродячего изгнанника		1	explicit.stat_3550168289
Карта захвачена монстрами Бездны			explicit.stat_2741291867,desecrated.stat_2741291867
Область захвачена монстрами Бездны			explicit.stat_2741291867,desecrated.stat_2741291867
Умения меток имеют #% увеличение длительности эффекта умения			explicit.stat_2594634307,fractured.stat_2594634307,desecrated.stat_2594634307
Умения меток имеют #% уменьшение длительности эффекта умения	n		explicit.stat_2594634307,fractured.stat_2594634307,desecrated.stat_2594634307
Умения метки имеют #% повышение скорости сотворения чар			explicit.stat_1714971114,fractured.stat_1714971114,desecrated.stat_1714971114
Умения метки имеют #% снижение скорости сотворения чар	n		explicit.stat_1714971114,fractured.stat_1714971114,desecrated.stat_1714971114
Максимум эффектов Хрупкого восстановления: #			explicit.stat_1173537953
Максимальный шанс уклонения - 50%			explicit.stat_1500744699
Максимум энергетического щита не может быть преобразован			explicit.stat_2104359366
Максимум чести - 1			sanctum.stat_4191312223
Максимальное уменьшение получаемого физического урона - 50%			explicit.stat_3960211755
Максимальное качество равно #%			explicit.stat_275498888,implicit.stat_275498888,rune.stat_275498888
Максимальное количество обороны теперь основывается на энергетическом щите			explicit.stat_1338406168
Умения атак ближнего боя имеют # к максимальному количеству призываемых тотемов			explicit.stat_2013356568,desecrated.stat_2013356568
Удары в ближнем бою считаются убийствами для счетчика Буйства\nБуйство			explicit.stat_2889807051
Мета-умения получают увеличенное на #% количество энергии			explicit.stat_4236566306,fractured.stat_4236566306,enchant.stat_4236566306,rune.stat_4236566306,desecrated.stat_4236566306
Мета-умения получают уменьшенное на #% количество энергии	n		explicit.stat_4236566306,fractured.stat_4236566306,enchant.stat_4236566306,rune.stat_4236566306,desecrated.stat_4236566306
Мета-умения получают увеличенное на #% количество энергии при полной мане			explicit.stat_173471035
Мета-умения получают уменьшенное на #% количество энергии при полной мане	n		explicit.stat_173471035
Приспешники разрушают броню в размере #% от нанесенного ими физического урона			explicit.stat_195270549,fractured.stat_195270549,desecrated.stat_195270549,crafted.stat_195270549
Приспешники регенерируют #% здоровья в секунду			explicit.stat_2479683456,desecrated.stat_2479683456
Приспешники воскрешаются на #% быстрее			explicit.stat_2639966148,fractured.stat_2639966148,desecrated.stat_2639966148
Приспешники воскрешаются на #% медленнее	n		explicit.stat_2639966148,fractured.stat_2639966148,desecrated.stat_2639966148
Приспешники не могут умереть, находясь под действием флакона здоровья			explicit.stat_4046380260
Приспешники имеют #% увеличение урона			explicit.stat_1589917703,implicit.stat_1589917703,fractured.stat_1589917703,desecrated.stat_1589917703
Приспешники имеют #% уменьшение урона	n		explicit.stat_1589917703,implicit.stat_1589917703,fractured.stat_1589917703,desecrated.stat_1589917703
Приспешники наносят увеличенный на #% урон, если недавно вы наносили удар			explicit.stat_2337295272,desecrated.stat_2337295272
Приспешники наносят уменьшенный на #% урон, если недавно вы наносили удар	n		explicit.stat_2337295272,desecrated.stat_2337295272
Приспешники наносят увеличенный на #% урон умениями-приказами			explicit.stat_3742865955,fractured.stat_3742865955,rune.stat_3742865955
Приспешники наносят уменьшенный на #% урон умениями-приказами	n		explicit.stat_3742865955,fractured.stat_3742865955,rune.stat_3742865955
Приспешники наносят #% от ох физического урона в виде дополнительного урона от молнии			rune.stat_1433756169
Приспешники получают #% от их максимума здоровья в виде дополнительного максимума энергетического щита			explicit.stat_943702197,desecrated.stat_943702197
Приспешники имеют #% к превосходящему шансу выпустить дополнительный снаряд			explicit.stat_1797815732,fractured.stat_1797815732,desecrated.stat_1797815732,crafted.stat_1797815732
Приспешники имеют #% дополнительного уменьшения получаемого физического урона			explicit.stat_3119612865,fractured.stat_3119612865,desecrated.stat_3119612865
Приспешники с #% шансом могут наложить Мучительное безумие при нанесении удара			explicit.stat_1486714289
Приспешники имеют #% увеличение области действия			explicit.stat_3811191316,fractured.stat_3811191316,desecrated.stat_3811191316
Приспешники имеют #% уменьшение области действия	n		explicit.stat_3811191316,fractured.stat_3811191316,desecrated.stat_3811191316
Приспешники имеют #% повышение скорости атаки и сотворения чар			explicit.stat_3091578504,fractured.stat_3091578504,rune.stat_3091578504,desecrated.stat_3091578504
Приспешники имеют #% снижение скорости атаки и сотворения чар	n		explicit.stat_3091578504,fractured.stat_3091578504,rune.stat_3091578504,desecrated.stat_3091578504
Приспешники имеют #%  повышение скорости перезарядки			explicit.stat_1691403182,fractured.stat_1691403182,desecrated.stat_1691403182,crafted.stat_1691403182
Приспешники имеют #%  снижение скорости перезарядки	n		explicit.stat_1691403182,fractured.stat_1691403182,desecrated.stat_1691403182,crafted.stat_1691403182
#% увеличение бонуса к критическому урону приспешников			explicit.stat_1854213750,fractured.stat_1854213750,desecrated.stat_1854213750
Приспешники имеют #% повышение шанса критического удара			explicit.stat_491450213,fractured.stat_491450213,desecrated.stat_491450213
Приспешники имеют #% снижение шанса критического удара	n		explicit.stat_491450213,fractured.stat_491450213,desecrated.stat_491450213
Приспешники имеют #% увеличение накопления шкалы иммобилизации			explicit.stat_1485480327,fractured.stat_1485480327
Приспешники имеют #% уменьшение накопления шкалы иммобилизации	n		explicit.stat_1485480327,fractured.stat_1485480327
Приспешники имеют #% увеличение силы наносящих урон состояний			explicit.stat_953593695,fractured.stat_953593695,desecrated.stat_953593695,crafted.stat_953593695
Приспешники имеют #% уменьшение силы наносящих урон состояний	n		explicit.stat_953593695,fractured.stat_953593695,desecrated.stat_953593695,crafted.stat_953593695
Приспешники имеют #% повышение скорости передвижения			explicit.stat_174664100,fractured.stat_174664100
Приспешники имеют #% снижение скорости передвижения	n		explicit.stat_174664100,fractured.stat_174664100
Приспешники имеют #% повышение скорости умений приказов			explicit.stat_73032170,fractured.stat_73032170,desecrated.stat_73032170,crafted.stat_73032170
Приспешники имеют #% снижение скорости умений приказов	n		explicit.stat_73032170,fractured.stat_73032170,desecrated.stat_73032170,crafted.stat_73032170
Приспешники имеют #% увеличение максимума здоровья			explicit.stat_770672621,fractured.stat_770672621,rune.stat_770672621,desecrated.stat_770672621
Приспешники имеют #% уменьшение максимума здоровья	n		explicit.stat_770672621,fractured.stat_770672621,rune.stat_770672621,desecrated.stat_770672621
Приспешники имеют #% к сопротивлению хаосу			explicit.stat_3837707023,fractured.stat_3837707023,rune.stat_3837707023,desecrated.stat_3837707023
Приспешники имеют #% к сопротивлению всем стихиям			explicit.stat_1423639565,fractured.stat_1423639565,desecrated.stat_1423639565
Приспешники обладают Нечестивым могуществом			explicit.stat_3893509584
Приспешники в вашем присутствии получают Боевой раж пока у вас малое количество рунического барьера			rune.stat_540694930
#% получаемого приспешниками физического урона становится уроном от молнии			rune.stat_889552744
Сопротивления приспешников равны вашим			explicit.stat_3045072899
Удары приспешников наносят урон по площади			explicit.stat_3249412463,fractured.stat_3249412463,desecrated.stat_3249412463,crafted.stat_3249412463
Свойства максимального шанса  блока вместо этого применяются к максимуму сопротивлений			explicit.stat_3679696791
Свойства накопления шкалы оглушения вместо этого применяются к накоплению шкалы заморозки для парирования			explicit.stat_3201111383
Урон монстров пробивает #% сопротивлений стихиям			explicit.stat_1898978455,fractured.stat_1898978455,desecrated.stat_1898978455
Урон монстров пробивает #% сопротивления холоду			explicit.stat_1138708335
Урон монстров пробивает #% сопротивления огню			explicit.stat_3588388638
Урон монстров пробивает #% сопротивления молнии			explicit.stat_3093465148
#% усиление наложения стихийных состояний у монстров			explicit.stat_3877264671,fractured.stat_3877264671,desecrated.stat_3877264671
#% ослабление наложения стихийных состояний у монстров	n		explicit.stat_3877264671,fractured.stat_3877264671,desecrated.stat_3877264671
Монстры разрушают броню в размере #% от нанесенного физического урона			explicit.stat_1879340377,fractured.stat_1879340377,desecrated.stat_1879340377
Принесенные в жертву на алтарях Ритуала монстры даруют увеличенное на #% количество дани			explicit.stat_159726667
Монстры, принесенные в жертву на алтарях Ритуала в области, даруют увеличенную на #% дань			explicit.stat_159726667
Монстры, принесенные в жертву на алтарях Ритуала на карте, даруют увеличенное на #% количество дани			explicit.stat_159726667
Принесенные в жертву на алтарях Ритуала монстры даруют уменьшенное на #% количество дани	n		explicit.stat_159726667
Монстры, принесенные в жертву на алтарях Ритуала в области, даруют уменьшенную на #% дань	n		explicit.stat_159726667
Монстры, принесенные в жертву на алтарях Ритуала на карте, даруют уменьшенное на #% количество дани	n		explicit.stat_159726667
Монстры бронированы			explicit.stat_2539290279,fractured.stat_2539290279,desecrated.stat_2539290279
Монстры уклончивы			explicit.stat_2570249991,fractured.stat_2570249991,desecrated.stat_2570249991
Монстры наносят #% от их урона в виде дополнительного урона хаосом			explicit.stat_2200661314,fractured.stat_2200661314,desecrated.stat_2200661314
Монстры наносят #% от их урона в виде дополнительного урона от холода			explicit.stat_211727,fractured.stat_211727,desecrated.stat_211727
Монстры наносят #% от их урона в виде дополнительного урона от огня			explicit.stat_92381065,fractured.stat_92381065,desecrated.stat_92381065
Монстры наносят #% от их урона в виде дополнительного урона от молнии			explicit.stat_512071314,fractured.stat_512071314,desecrated.stat_512071314
Монстры выпускают дополнительных снарядов: #			explicit.stat_1309819744,desecrated.stat_1309819744
Игроки и монстры выпускают дополнительных снарядов: #			explicit.stat_1309819744,desecrated.stat_1309819744
Игроки выпускают дополнительных снарядов: #		0	explicit.stat_1309819744,desecrated.stat_1309819744
#% увеличение количества веризия, выпадающего из монстров веризиевых реликтов			explicit.stat_3520418269
#% уменьшение количества веризия, выпадающего из монстров веризиевых реликтов	n		explicit.stat_3520418269
Монстры получают #% от максимума здоровья в виде дополнительного энергетического щита			explicit.stat_2887760183,fractured.stat_2887760183,desecrated.stat_2887760183
#% к бонусу критического урона монстров			explicit.stat_57326096,fractured.stat_57326096,desecrated.stat_57326096
Монстры с #% шансом могут наложить отравление при нанесении удара			explicit.stat_95221307,fractured.stat_95221307,desecrated.stat_95221307
Из монстров с #% шансом может выпасть двойное количество святой воды			sanctum.stat_231205265
Монстры с #% шансом могут наложить кровотечение при нанесении удара			explicit.stat_2506820610,fractured.stat_2506820610,desecrated.stat_2506820610
Монстры имеют #% шанс похищать заряды энергии, ярости и выносливости при нанесении удара			explicit.stat_3222482040,fractured.stat_3222482040,desecrated.stat_3222482040
Монстры похищают заряды энергии, ярости и выносливости при нанесении удара		100	explicit.stat_3222482040,fractured.stat_3222482040,desecrated.stat_3222482040
Меткость монстров повышена на #%			explicit.stat_1588049749,fractured.stat_1588049749,desecrated.stat_1588049749
Меткость монстров снижена на #%	n		explicit.stat_1588049749,fractured.stat_1588049749,desecrated.stat_1588049749
Монстры имеют #% увеличение порога состояний			explicit.stat_1994551050,fractured.stat_1994551050,desecrated.stat_1994551050
Монстры имеют #% увеличение области действия			explicit.stat_1708461270
Монстры имеют #% уменьшение области действия	n		explicit.stat_1708461270
#% увеличение брони, уклонения и энергетического щита монстров			explicit.stat_3906866585
#% уменьшение брони, уклонения и энергетического щита монстров	n		explicit.stat_3906866585
Скорость атаки, сотворения чар и передвижения монстров повышена на #%			explicit.stat_3909654181,fractured.stat_3909654181,desecrated.stat_3909654181,sanctum.stat_3909654181
Скорость атаки, сотворения чар и передвижения монстров снижена на #%	n		explicit.stat_3909654181,fractured.stat_3909654181,desecrated.stat_3909654181,sanctum.stat_3909654181
Монстры имеют #% повышение шанса критического удара			explicit.stat_2753083623,fractured.stat_2753083623,desecrated.stat_2753083623
Монстры имеют #% снижение шанса критического удара	n		explicit.stat_2753083623,fractured.stat_2753083623,desecrated.stat_2753083623
#% увеличение эффективности монстров на ваших картах			explicit.stat_2065500219
#% увеличение эффективности монстров			explicit.stat_2065500219
#% уменьшение эффективности монстров на ваших картах			explicit.stat_2065500219
Монстры имеют #% увеличение накопления шкалы заморозки			explicit.stat_3998863698,fractured.stat_3998863698,desecrated.stat_3998863698
Монстры имеют #% увеличение шанса наложения шока			explicit.stat_1984618452,fractured.stat_1984618452,desecrated.stat_1984618452
Монстры имеют #% увеличение накопления шкалы оглушения			explicit.stat_115425161,fractured.stat_115425161,desecrated.stat_115425161
Монстры имеют #% увеличение порога оглушения			explicit.stat_4101943684,fractured.stat_4101943684,desecrated.stat_4101943684
Монстры накладывают цепких лиан при нанесении удара: #			explicit.stat_1751584857,desecrated.stat_1751584857
Монстры накладывают Горючесть с увеличенной на #% силой			explicit.stat_2508044078,fractured.stat_2508044078,desecrated.stat_2508044078
Монстры получают увеличенный на #% урон			sanctum.stat_3114474137
Монстры получают уменьшенный на #% урон	n		sanctum.stat_3114474137
Монстры получают #% уменьшение дополнительного урона от критических ударов			explicit.stat_337935900,fractured.stat_337935900,desecrated.stat_337935900
Монстры получают #% увеличение дополнительного урона от критических ударов	n		explicit.stat_337935900,fractured.stat_337935900,desecrated.stat_337935900
Передвижение во время кровотечения не приводит к получению дополнительного урона			explicit.stat_4112450013
Естественные редкие обитатели области пожирают души убитых в их присутствии монстров			explicit.stat_1266185101,desecrated.stat_1266185101
Естественные редкие обитатели области обладают # дополнительным свойствами Бездны			explicit.stat_1168851547,desecrated.stat_1168851547
Естественные редкие обитатели области обладают # дополнительным свойством Бездны		1	explicit.stat_1168851547,desecrated.stat_1168851547
Отсутствует изначальная потеря свирепости			explicit.stat_4163076972
Нет изначальной потери свирепости во время действия эффекта			explicit.stat_3464644319
Не имеет штрафа скорости передвижения при поднятом щите			explicit.stat_585231074
Не-поддерживаемые умения имеют #% увеличение шанса критического удара чарами за каждые 100 максимума маны			explicit.stat_1367999357
Не-поддерживаемые умения имеют #% уменьшение шанса критического удара чарами за каждые 100 максимума маны	n		explicit.stat_1367999357
Неподдерживаемые чары расходуют дополнительно #% от вашего максимума здоровья			explicit.stat_1920747151
#% увеличение урона неподдерживаемыми чарами за каждые 100 максимума здоровья			explicit.stat_1027889455
#% уменьшение урона неподдерживаемыми чарами за каждые 100 максимума здоровья	n		explicit.stat_1027889455
Не-поддерживаемые чары наносят увеличенный на #% урон за каждые 100 максимума маны			explicit.stat_3843734793
Не-поддерживаемые чары наносят уменьшенный на #% урон за каждые 100 максимума маны	n		explicit.stat_3843734793
#% увеличение шанса критического удара неподдерживаемыми чарами за каждые 100 максимума здоровья			explicit.stat_170426423
#% уменьшение шанса критического удара неподдерживаемыми чарами за каждые 100 максимума здоровья	n		explicit.stat_170426423
#% увеличение силы состояний от неподдерживаемых чар за каждые 100 максимума здоровья			explicit.stat_4245905059
#% уменьшение силы состояний от неподдерживаемых чар за каждые 100 максимума здоровья	n		explicit.stat_4245905059
Значимые пассивные умения в радиусе также дают: # к максимуму свирепости			explicit.stat_1846980580,fractured.stat_1846980580,desecrated.stat_1846980580,crafted.stat_1846980580
Значимые пассивные умения в радиусе также дают: # к духу			explicit.stat_3991877392
Значимые пассивные умения в радиусе также дают: #% шанс пронзить врага			explicit.stat_1800303440,fractured.stat_1800303440,desecrated.stat_1800303440
Значимые пассивные умения в радиусе также дают: #% шанс получить Нестабильность при убийстве			explicit.stat_4225700219,fractured.stat_4225700219
Значимые пассивные умения в радиусе также дают: #% ускорение начала перезарядки энергетического щита			explicit.stat_3394832998,fractured.stat_3394832998,desecrated.stat_3394832998
Значимые пассивные умения в радиусе также дают: #% увеличение области действия			explicit.stat_3391917254,fractured.stat_3391917254,desecrated.stat_3391917254,crafted.stat_3391917254
Значимые пассивные умения в радиусе также дают: #% увеличение области действия проклятий			explicit.stat_3859848445,fractured.stat_3859848445,desecrated.stat_3859848445
Значимые пассивные умения в радиусе также дают: #% увеличение длительности разрушения брони			explicit.stat_504915064,fractured.stat_504915064,desecrated.stat_504915064
Значимые пассивные умения в радиусе также дают: #% увеличение брони, уклонения и энергетического щита от щита в руках			explicit.stat_3429148113,fractured.stat_3429148113,desecrated.stat_3429148113
Значимые пассивные умения в радиусе также дают: #% повышение скорости атаки			explicit.stat_2822644689,fractured.stat_2822644689,desecrated.stat_2822644689,crafted.stat_2822644689
Значимые пассивные умения в радиусе также дают: #% повышение скорости атаки луками			explicit.stat_3641543553,fractured.stat_3641543553,desecrated.stat_3641543553
Значимые пассивные умения в радиусе также дают: #% повышение скорости атаки самострелами			explicit.stat_715957346,fractured.stat_715957346,desecrated.stat_715957346
Значимые пассивные умения в радиусе также дают: #% повышение скорости атаки боевыми посохами			explicit.stat_111835965,fractured.stat_111835965,desecrated.stat_111835965
Значимые пассивные умения в радиусе также дают: #% повышение скорости атаки копьями			explicit.stat_1266413530,fractured.stat_1266413530,desecrated.stat_1266413530
Значимые пассивные умения в радиусе также дают: #% увеличение длительности кровотечения			explicit.stat_1505023559,fractured.stat_1505023559,desecrated.stat_1505023559
Значимые пассивные умения в радиусе также дают: #% усиление эффекта ослепления			explicit.stat_2912416697,fractured.stat_2912416697,desecrated.stat_2912416697
Значимые пассивные умения в радиусе также дают: #% увеличение шанса блока			explicit.stat_3821543413,fractured.stat_3821543413,desecrated.stat_3821543413
Значимые пассивные умения в радиусе также дают: #% повышение скорости сотворения чар			explicit.stat_1022759479,fractured.stat_1022759479,desecrated.stat_1022759479,crafted.stat_1022759479
Значимые пассивные умения в радиусе также дают: #% увеличение количества получаемых зарядов оберегов			explicit.stat_2320654813,fractured.stat_2320654813,desecrated.stat_2320654813
Значимые пассивные умения в радиусе также дают: #% увеличение длительности охлаждения на врагах			explicit.stat_61644361,fractured.stat_61644361,desecrated.stat_61644361
Значимые пассивные умения в радиусе также дают: #% повышение скорости перезарядки умений			explicit.stat_2149603090,fractured.stat_2149603090,desecrated.stat_2149603090,crafted.stat_2149603090
Значимые пассивные умения в радиусе также дают: #% увеличение бонуса к критическому урону			explicit.stat_2359002191,fractured.stat_2359002191,desecrated.stat_2359002191
Значимые пассивные умения в радиусе также дают: #% к бонусу критического урона для урона атаками			explicit.stat_1352561456,fractured.stat_1352561456,desecrated.stat_1352561456,crafted.stat_1352561456
Значимые пассивные умения в радиусе также дают: #% увеличение бонуса к критическому урону копьями			explicit.stat_138421180,fractured.stat_138421180,desecrated.stat_138421180
Значимые пассивные умения в радиусе также дают: #% повышение шанса критического удара			explicit.stat_2077117738,fractured.stat_2077117738,desecrated.stat_2077117738
Значимые пассивные умения в радиусе также дают: #% повышение шанса критического удара атаками			explicit.stat_3865605585,fractured.stat_3865605585,desecrated.stat_3865605585,crafted.stat_3865605585
Значимые пассивные умения в радиусе также дают: #% повышение шанса критического удара для чар			explicit.stat_2704905000,fractured.stat_2704905000,desecrated.stat_2704905000,crafted.stat_2704905000
Значимые пассивные умения в радиусе также дают: #% увеличение бонуса к критическому урону от чар			explicit.stat_2466785537,fractured.stat_2466785537,desecrated.stat_2466785537,crafted.stat_2466785537
Значимые пассивные умения в радиусе также дают: #% повышение скорости перезарядки самострела			explicit.stat_3856744003,fractured.stat_3856744003,desecrated.stat_3856744003
Значимые пассивные умения в радиусе также дают: #% увеличение силы проклятий			explicit.stat_2770044702,fractured.stat_2770044702,desecrated.stat_2770044702
Значимые пассивные умения в радиусе также дают: #% повышение ловкости			explicit.stat_2717786748
Значимые пассивные умения в радиусе также дают: #% увеличение длительности наносящих урон состояний на врагах			explicit.stat_2272980012,fractured.stat_2272980012,desecrated.stat_2272980012
Значимые пассивные умения в радиусе также дают: #% увеличение длительности поджога, шока и охлаждения на врагах			explicit.stat_1323216174,fractured.stat_1323216174,desecrated.stat_1323216174
Значимые пассивные умения в радиусе также дают: #% усиление эффекта ваших умений меток			explicit.stat_179541474,fractured.stat_179541474,desecrated.stat_179541474
Значимые пассивные умения в радиусе также дают: #% увеличение энергетического щита от фокуса в руках			explicit.stat_3419203492,fractured.stat_3419203492,desecrated.stat_3419203492
Значимые пассивные умения в радиусе также дают: #% увеличение количества получаемых зарядов флакона			explicit.stat_2066964205,fractured.stat_2066964205,desecrated.stat_2066964205
Значимые пассивные умения в радиусе также дают: #% повышение скорости накопления шкалы заморозки			explicit.stat_1087531620,fractured.stat_1087531620,desecrated.stat_1087531620
Значимые пассивные умения в радиусе также дают: #% повышение скорости накопления шкалы заморозки боевыми посохами			explicit.stat_127081978,fractured.stat_127081978,desecrated.stat_127081978
Значимые пассивные умения в радиусе также дают: #% увеличение глобальной брони, уклонения и энергетического щита			explicit.stat_2783157569,desecrated.stat_2783157569
Значимые пассивные умения в радиусе также дают: #% повышение скорости накопления славы для умений знамен			explicit.stat_2907381231,fractured.stat_2907381231,desecrated.stat_2907381231
Значимые пассивные умения в радиусе также дают: #% увеличение силы поджога			explicit.stat_253641217,fractured.stat_253641217,desecrated.stat_253641217
Значимые пассивные умения в радиусе также дают: #% повышение интеллекта			explicit.stat_40618390
Значимые пассивные умения в радиусе также дают: #% увеличение дистанции отбрасывания			explicit.stat_2976476845,fractured.stat_2976476845,desecrated.stat_2976476845
Значимые пассивные умения в радиусе также дают: #% увеличение количества получаемых зарядов флакона здоровья			explicit.stat_942519401,fractured.stat_942519401,desecrated.stat_942519401
Значимые пассивные умения в радиусе также дают: #% повышение скорости регенерации здоровья			explicit.stat_1185341308,fractured.stat_1185341308,desecrated.stat_1185341308,crafted.stat_1185341308
Значимые пассивные умения в радиусе также дают: #% увеличение силы накладываемых вами состояний			explicit.stat_1321104829,fractured.stat_1321104829,desecrated.stat_1321104829
Значимые пассивные умения в радиусе также дают: #% увеличение силы накладываемого вами кровотечения			explicit.stat_391602279,fractured.stat_391602279,desecrated.stat_391602279
Значимые пассивные умения в радиусе также дают: #% увеличение силы наносящих урон состояний, накладываемых вашими критическими ударами			explicit.stat_4092130601,fractured.stat_4092130601,desecrated.stat_4092130601
Значимые пассивные умения в радиусе также дают: #% увеличение силы накладываемого вами отравления			explicit.stat_462424929,fractured.stat_462424929,desecrated.stat_462424929
Значимые пассивные умения в радиусе также дают: #% увеличение силы накладываемого вами шока			explicit.stat_1166140625,fractured.stat_1166140625,desecrated.stat_1166140625
Значимые пассивные умения в радиусе также дают: #% увеличение эффективности расхода маны			explicit.stat_4257790560,desecrated.stat_4257790560
Значимые пассивные умения в радиусе также дают: #% увеличение количества получаемых зарядов флакона маны			explicit.stat_3171212276,fractured.stat_3171212276,desecrated.stat_3171212276
Значимые пассивные умения в радиусе также дают: #% повышение скорости передвижения			explicit.stat_844449513,fractured.stat_844449513,desecrated.stat_844449513,crafted.stat_844449513
Значимые пассивные умения в радиусе также дают: #% увеличение длительности эффекта Парирован			explicit.stat_1514844108,fractured.stat_1514844108,desecrated.stat_1514844108
Значимые пассивные умения в радиусе также дают: #% повышение скорости накопления шкалы пригвождения			explicit.stat_1944020877,fractured.stat_1944020877,desecrated.stat_1944020877
Значимые пассивные умения в радиусе также дают: #% увеличение длительности яда			explicit.stat_221701169,fractured.stat_221701169,desecrated.stat_221701169
Значимые пассивные умения в радиусе также дают: #% увеличение области действия присутствия			explicit.stat_4032352472,fractured.stat_4032352472,desecrated.stat_4032352472
Значимые пассивные умения в радиусе также дают: #% повышение скорости снарядов			explicit.stat_1777421941,fractured.stat_1777421941,desecrated.stat_1777421941
Значимые пассивные умения в радиусе также дают: #% увеличение длительности эффекта умения			explicit.stat_3113764475,fractured.stat_3113764475,desecrated.stat_3113764475
Значимые пассивные умения в радиусе также дают: #% повышение скорости умений будучи превращенным			explicit.stat_3579898587,fractured.stat_3579898587,desecrated.stat_3579898587
Значимые пассивные умения в радиусе также дают: #% усиление влияния замедления от отрицательных эффектов на вас			explicit.stat_2580617872,fractured.stat_2580617872,desecrated.stat_2580617872
Значимые пассивные умения в радиусе также дают: #% повышение силы			explicit.stat_1842384813
Значимые пассивные умения в радиусе также дают: #% повышение скорости накопления шкалы оглушения			explicit.stat_4173554949,fractured.stat_4173554949,desecrated.stat_4173554949
Значимые пассивные умения в радиусе также дают: #% повышение скорости накопления шкалы оглушения булавами			explicit.stat_2392824305,fractured.stat_2392824305,desecrated.stat_2392824305
Значимые пассивные умения в радиусе также дают: #% увеличение порога оглушения при парировании			explicit.stat_1495814176,fractured.stat_1495814176,desecrated.stat_1495814176
Значимые пассивные умения в радиусе также дают: #% усиление положительного эффекта боевого клича			explicit.stat_2675129731
Значимые пассивные умения в радиусе также дают: #% повышение скорости перезарядки боевых кличей			explicit.stat_2056107438,fractured.stat_2056107438,desecrated.stat_2056107438
Значимые пассивные умения в радиусе также дают: #% увеличение силы истощения			explicit.stat_3936121440,fractured.stat_3936121440,desecrated.stat_3936121440
Значимые пассивные умения в радиусе также дают: #% увеличение бонусов, полученных от надетого колчана			explicit.stat_4180952808,fractured.stat_4180952808,desecrated.stat_4180952808
Значимые пассивные умения в радиусе также дают: #% увеличение шанса наложения состояний			explicit.stat_412709880,fractured.stat_412709880,desecrated.stat_412709880
Значимые пассивные умения в радиусе также дают: #% увеличение максимума здоровья			explicit.stat_160888068,desecrated.stat_160888068
Значимые пассивные умения в радиусе также дают: #% увеличение максимума маны			explicit.stat_2589572664,desecrated.stat_2589572664
Значимые пассивные умения в радиусе также дают: #% от получаемого урона берется сначала из маны вместо здоровья			explicit.stat_2709646369,fractured.stat_2709646369,desecrated.stat_2709646369
Значимые пассивные умения в радиусе также дают: #% полученного урона восполняется в виде здоровья			explicit.stat_3669820740,fractured.stat_3669820740,desecrated.stat_3669820740
Значимые пассивные умения в радиусе также дают: #% полученного урона восполняется в виде маны			explicit.stat_85367160,desecrated.stat_85367160
Значимые пассивные умения в радиусе также дают: #% стоимости умений в мане берется из здоровья			explicit.stat_3386297724,fractured.stat_3386297724,desecrated.stat_3386297724,crafted.stat_3386297724
Значимые пассивные умения в радиусе также дают: #% к сопротивлению хаосу			explicit.stat_248192092,fractured.stat_248192092,crafted.stat_248192092
Значимые пассивные умения в радиусе также дают: #% к сопротивлению холоду			explicit.stat_3946450303,fractured.stat_3946450303,crafted.stat_3946450303
Значимые пассивные умения в радиусе также дают: #% к сопротивлению огню			explicit.stat_2670212285,crafted.stat_2670212285
Значимые пассивные умения в радиусе также дают: #% к сопротивлению молнии			explicit.stat_1687542781,crafted.stat_1687542781
Значимые пассивные умения в радиусе также дают: #% к максимальному сопротивлению хаосу			explicit.stat_1731760476
Значимые пассивные умения в радиусе также дают: #% к максимальному сопротивлению холоду			explicit.stat_1862508014
Значимые пассивные умения в радиусе также дают: #% к максимальному сопротивлению огню			explicit.stat_4151994709
Значимые пассивные умения в радиусе также дают: #% к максимальному сопротивлению молнии			explicit.stat_2217513089
Значимые пассивные умения в радиусе также дают: #% увеличение силы умений аур			explicit.stat_3243034867,fractured.stat_3243034867
Значимые пассивные умения в радиусе также дают: Обереги получают зарядов в секунду: #			explicit.stat_1034611536,desecrated.stat_1034611536
Значимые пассивные умения в радиусе также дают: Наносящие урон состояния наносят урон на #% быстрее			explicit.stat_3173882956,fractured.stat_3173882956,desecrated.stat_3173882956
Значимые пассивные умения в радиусе также дают: Отрицательные эффекты на вас заканчиваются на #% быстрее			explicit.stat_2256120736,fractured.stat_2256120736,desecrated.stat_2256120736
Значимые пассивные умения в радиусе также дают: Дарует # свирепости при нанесении удара в ближнем бою			explicit.stat_2969557004,fractured.stat_2969557004,desecrated.stat_2969557004,crafted.stat_2969557004
Значимые пассивные умения в радиусе также дают: Дарует # свирепости при получении удара от врага			explicit.stat_2131720304,fractured.stat_2131720304,desecrated.stat_2131720304
Значимые пассивные умения в радиусе также дают: Наносит #% урона в виде дополнительного урона хаосом			explicit.stat_2603051299
Значимые пассивные умения в радиусе также дают: Наносит #% урона в виде дополнительного урона от холода			explicit.stat_833138896
Значимые пассивные умения в радиусе также дают: Наносит #% урона в виде дополнительного урона от огня			explicit.stat_338620903
Значимые пассивные умения в радиусе также дают: Наносит #% урона в виде дополнительного урона от молнии			explicit.stat_852470634
Значимые пассивные умения в радиусе также дают: #% увеличение шанса критического удара ударами по вам			explicit.stat_2135541924,desecrated.stat_2135541924
Значимые пассивные умения в радиусе также дают: Флаконы здоровья получают зарядов в секунду: #			explicit.stat_1148433552,desecrated.stat_1148433552
Значимые пассивные умения в радиусе также дают: Флаконы маны получают зарядов в секунду: #			explicit.stat_3939216292,desecrated.stat_3939216292
Значимые пассивные умения в радиусе также дают: Мета-умения получают увеличенное на #% количество энергии			explicit.stat_2849546516,fractured.stat_2849546516,desecrated.stat_2849546516
Значимые пассивные умения в радиусе также дают: Приспешники имеют #% увеличение области действия			explicit.stat_2534359663,fractured.stat_2534359663,desecrated.stat_2534359663
Значимые пассивные умения в радиусе также дают: Приспешники имеют #% повышение скорости атаки и сотворения чар			explicit.stat_3106718406,fractured.stat_3106718406,desecrated.stat_3106718406
Значимые пассивные умения в радиусе также дают: #% увеличение бонуса к критическому урону приспешников			explicit.stat_593241812,fractured.stat_593241812,desecrated.stat_593241812
Значимые пассивные умения в радиусе также дают: Приспешники имеют #% повышение шанса критического удара			explicit.stat_3628935286,fractured.stat_3628935286,desecrated.stat_3628935286
Значимые пассивные умения в радиусе также дают: #% увеличение длительности умений подношений			explicit.stat_2374711847,fractured.stat_2374711847,desecrated.stat_2374711847
Значимые пассивные умения в радиусе также дают: Снаряды имеют #% шанс выпустить дополнительный снаряд при разветвлении			explicit.stat_4258720395,fractured.stat_4258720395,desecrated.stat_4258720395
Значимые пассивные умения в радиусе также дают: Снаряды с #% шансом могут ударить по цепи при столкновении с окружающей средой			explicit.stat_2334956771,fractured.stat_2334956771,desecrated.stat_2334956771
Значимые пассивные умения в радиусе также дают: Восстанавливает #% здоровья при убийстве			explicit.stat_2726713579,fractured.stat_2726713579,desecrated.stat_2726713579,crafted.stat_2726713579
Значимые пассивные умения в радиусе также дают: Восстанавливает #% маны при убийстве			explicit.stat_525523040,fractured.stat_525523040,desecrated.stat_525523040,crafted.stat_525523040
Значимые пассивные умения в радиусе также дают: Регенерация #% здоровья в секунду			explicit.stat_3566150527,desecrated.stat_3566150527
Удары левой рукой накладывают Испытание Рунного Отца			explicit.stat_3430033313,rune.stat_3430033313
#% усиление эффекта Подношений			explicit.stat_3191479793,fractured.stat_3191479793,desecrated.stat_3191479793,crafted.stat_3191479793
#% ослабление эффекта Подношений	n		explicit.stat_3191479793,fractured.stat_3191479793,desecrated.stat_3191479793,crafted.stat_3191479793
#% увеличение длительности умений подношений			explicit.stat_2957407601,fractured.stat_2957407601,desecrated.stat_2957407601
#% уменьшение длительности умений подношений	n		explicit.stat_2957407601,fractured.stat_2957407601,desecrated.stat_2957407601
#% увеличение максимума здоровья подношений			explicit.stat_3787460122,fractured.stat_3787460122,desecrated.stat_3787460122
#% уменьшение максимума здоровья подношений	n		explicit.stat_3787460122,fractured.stat_3787460122,desecrated.stat_3787460122
При осквернении предмет получает два зачарования			explicit.stat_4215035940,fractured.stat_4215035940,crafted.stat_4215035940
При нанесении удара по врагу, добавляет максимум урона от холода в размере значения уровня угрозы врага на 20 секунд, вплоть до #			rune.stat_2616640048
При нанесении удара, на 20 секунд увеличивает наносимый максимум дополнительного урона от молнии на уровень угрозы монстра, вплоть до максимума в #			explicit.stat_3538915253,rune.stat_3538915253
Эффекты при убийстве срабатывают дважды			explicit.stat_259470957
Один из ваших постоянных приспешников возрождается по истечению подношения			rune.stat_1480688478
В этот предмет можно разместить только руны			explicit.stat_326412910
В этом предмете можно разместить только ядра душ			explicit.stat_250458861
Боевой раж			explicit.stat_1520059289
Вдохновение болью			explicit.stat_98977150,rune.stat_98977150
Враги, отбитые парированием, получают больший урон от чар вместо большего урона от атак			explicit.stat_3488640354
Парирование накладывает зарядов критической уязвимости: #			explicit.stat_2104138899
Пассивные умения в радиусе могут быть выбраны без связи с остальным деревом			explicit.stat_4077035099
Навсегда устрашает врагов при блоке			explicit.stat_2930706364
Физический урон может пригвождать			explicit.stat_2041668411,rune.stat_2041668411
Физический урон наносящих по вам удары врагов удачлив			explicit.stat_2424163939
Физический урон наносящих по вам удары врагов неудачлив	n		explicit.stat_2424163939
Физический урон от ударов влияет на силу охлаждения и накопление заморозки			explicit.stat_905072977
Пригвождает готовых к пригвождению врагов			explicit.stat_3063814459
Растения с #% шансом могут мгновенно разрастись при первом попадании в вашу область присутствия			rune.stat_2681952497
Игроки и их приспешники не наносят урона в течение 3 из каждых 10 секунд			explicit.stat_2408625104,desecrated.stat_2408625104
Игроки прокляты Уязвимостью к стихиям			explicit.stat_558910024
Игроки прокляты Слабостью			explicit.stat_4103440490
Игроки прокляты Путами времени			explicit.stat_2326202293
Игроки обрекаются на смерть на # секунд(-ы)\nпосле убийства редкого или уникального монстра			explicit.stat_436406826,desecrated.stat_436406826
Игроки обрекаются на смерть на # секунду\nпосле убийства редкого или уникального монстра		1000	explicit.stat_436406826,desecrated.stat_436406826
Область проклята Уязвимостью к стихиям			explicit.stat_554690751,fractured.stat_554690751,desecrated.stat_554690751
Область проклята Слабостью			explicit.stat_2029171424,fractured.stat_2029171424,desecrated.stat_2029171424
Область проклята Путами времени			explicit.stat_1629357380,fractured.stat_1629357380,desecrated.stat_1629357380
Игроки получают увеличение зарядов флакона на #%			explicit.stat_2549889921,fractured.stat_2549889921,desecrated.stat_2549889921
Игроки получают уменьшение зарядов флакона на #%	n		explicit.stat_2549889921,fractured.stat_2549889921,desecrated.stat_2549889921
Скорость восстановления здоровья и энергетического щита игроков на #% больше			explicit.stat_4181072906,fractured.stat_4181072906,desecrated.stat_4181072906
Скорость восстановления здоровья и энергетического щита игроков на #% меньше	n		explicit.stat_4181072906,fractured.stat_4181072906,desecrated.stat_4181072906
Игроки имеют на #% больше брони, уклонения и энергетического щита			explicit.stat_3510648768
Игроки имеют на #% меньше брони, уклонения и энергетического щита	n		explicit.stat_3510648768
Игроки имеют на #% больше скорости перезарядки умений			explicit.stat_941368244,fractured.stat_941368244,desecrated.stat_941368244
Игроки имеют на #% меньше скорости перезарядки умений	n		explicit.stat_941368244,fractured.stat_941368244,desecrated.stat_941368244
Игроки имеют на #% больше скорости передвижения и скорости умений за каждое недавнее использование ими умений			explicit.stat_4274247770,desecrated.stat_4274247770
Игроки имеют на #% меньше скорости передвижения и скорости умений за каждое недавнее использование ими умений	n		explicit.stat_4274247770,desecrated.stat_4274247770
Скорость восстановления здоровья, маны и энергетического щита игроков на #% больше			explicit.stat_1310597900
Скорость восстановления здоровья, маны и энергетического щита игроков на #% меньше	n		explicit.stat_1310597900
На #% больше максимума здоровья и энергетического щита игроков			explicit.stat_3119282240
На #% меньше максимума здоровья и энергетического щита игроков	n		explicit.stat_3119282240
Игроки в области на #% безумны			enchant.stat_1715784068
Игроки крадут поглощаемые души убитых редких монстров в области			explicit.stat_1365079333,desecrated.stat_1365079333
Наделяет одержимостью духа медведя на # секунд(-ы) при использовании			explicit.stat_3403424702
Наделяет одержимостью духа кабана на # секунд(-ы) при использовании			explicit.stat_1685559578
Наделяет одержимостью духа кошки на # секунд(-ы) при использовании			explicit.stat_2839557359
Наделяет одержимостью духа совы на # секунд(-ы) при использовании			explicit.stat_300107724
Наделяет одержимостью духа быка на # секунд(-ы) при использовании			explicit.stat_3463873033
Наделяет одержимостью духа обезьяны на # секунд(-ы) при использовании			explicit.stat_3763491818
Наделяет одержимостью духа змеи на # секунд(-ы) при использовании			explicit.stat_3181677174
Наделяет одержимостью духа оленя на # секунд(-ы) при использовании			explicit.stat_3685424517
Наделяет одержимостью духа волка на # секунд(-ы) при использовании			explicit.stat_3504441212
Радиус присутствия удваивается			explicit.stat_1810907437
Предотвращает #% урона от отклоненных ударов			explicit.stat_3552135623,implicit.stat_3552135623,rune.stat_3552135623,desecrated.stat_3552135623
#% к предотвращаемому урону от отклоненных ударов	n		explicit.stat_3552135623,implicit.stat_3552135623,rune.stat_3552135623,desecrated.stat_3552135623
Предотвращает получение #% урона от отклоненных ударов, если вы\nнедавно не отклоняли удары			rune.stat_967155385
#% к количеству урона, предотвращенного отклонением, если вы недавно не отклоняли удар	n		rune.stat_967155385
Атаки снарядами с #% шансом могут выпустить два дополнительных снаряда при передвижении			explicit.stat_3932115504,desecrated.stat_3932115504
Атаки снарядами выпускают два дополнительных снаряда при передвижении		100	explicit.stat_3932115504,desecrated.stat_3932115504
Снаряды пронзают всех горящих врагов			explicit.stat_2214228141
Снаряды разделяются в направлении # целей			explicit.stat_3464380325
Снаряды наносят увеличенный на #% урон от ударов по врагам на расстоянии более 6 м			explicit.stat_2825946427,desecrated.stat_2825946427
Снаряды наносят уменьшенный на #% урон от ударов по врагам на расстоянии более 6 м	n		explicit.stat_2825946427,desecrated.stat_2825946427
Снаряды наносят увеличенный на #% урон от ударов по врагам на расстоянии менее 2 м			explicit.stat_2468595624,desecrated.stat_2468595624
Снаряды наносят уменьшенный на #% урон от ударов по врагам на расстоянии менее 2 м	n		explicit.stat_2468595624,desecrated.stat_2468595624
Снаряды  наносят увеличенный на #% урон от ударов за каждое совершенное ими пронзание			explicit.stat_883169830
Снаряды чар наносят удар по цепи # раз(-а)			explicit.stat_1517628125
Снаряды чар разветвляются		1	explicit.stat_1199718219
Снаряды от чар не могут пронзать			explicit.stat_3826125995
Снаряды имеют #% шанс выпустить дополнительный снаряд при разветвлении			explicit.stat_3003542304,implicit.stat_3003542304,fractured.stat_3003542304,desecrated.stat_3003542304
Снаряды с #% шансом могут ударить по цепи при столкновении с окружающей средой			explicit.stat_4081947835,fractured.stat_4081947835,enchant.stat_4081947835,rune.stat_4081947835,desecrated.stat_4081947835
Снаряды с #% шансом могут разветвиться			rune.stat_1549287843
Снаряды разветвляются		100	rune.stat_1549287843
Снаряды с #% шансом могут, разветвиться, если за последние восемь секунд вы наносили удар в ближнем бою			explicit.stat_2189073790
Снаряды разветвляются, если за последние восемь секунд вы наносили удар в ближнем бою		100	explicit.stat_2189073790
#% увеличение бонуса к критическому урону снарядами по врагам на расстоянии меньше 2 м			explicit.stat_2573406169,desecrated.stat_2573406169
#% уменьшение бонуса к критическому урону снарядами по врагам на расстоянии меньше 2 м	n		explicit.stat_2573406169,desecrated.stat_2573406169
#% увеличение шанса критического удара снарядами по врагам на расстоянии более 6 м			explicit.stat_2706625504,desecrated.stat_2706625504
#% уменьшение шанса критического удара снарядами по врагам на расстоянии более 6 м	n		explicit.stat_2706625504,desecrated.stat_2706625504
#% увеличение шанса критического удара снарядами за каждое совершенное ими пронзание			explicit.stat_1163615092
Редкие монстры наносят увеличенный на #% урон			sanctum.stat_199414195
Редкие монстры наносят уменьшенный на #% урон	n		sanctum.stat_199414195
Дополнительных свойств у редких монстров: #			explicit.stat_2550456553,fractured.stat_2550456553,desecrated.stat_2550456553
Редкие монстры на ваших картах имеют дополнительных свойств: #			explicit.stat_2550456553,fractured.stat_2550456553,desecrated.stat_2550456553
Редкие монстры на ваших картах имеют # дополнительное свойство		1	explicit.stat_2550456553,fractured.stat_2550456553,desecrated.stat_2550456553
Редкие монстры имеют #% к превосходящему шансу обладать дополнительным свойством			explicit.stat_3732878551,enchant.stat_3732878551
Редкие монстры на карте имеют #% к превосходящему шансу обладать дополнительным свойством			explicit.stat_3732878551,enchant.stat_3732878551
Редкие монстры на ваших картах имеют #% к превосходящему шансу обладать дополнительным свойством			explicit.stat_3732878551,enchant.stat_3732878551
Редкие монстры получают увеличенный на #% урон			sanctum.stat_408585189
Редкие монстры получают уменьшенный на #% урон	n		sanctum.stat_408585189
Касание Ворона			explicit.stat_3198163869,rune.stat_3198163869
Восстанавливает # здоровья при использовании			explicit.stat_2365392475
Восстанавливает # здоровья при блоке			rune.stat_1678831767
Восстанавливает # маны при использовании			explicit.stat_1120862500
Восстанавливает # рунического барьера при использовании оберега			explicit.stat_554145967,crafted.stat_554145967
Теряет # рунического барьера при использовании оберега	n		explicit.stat_554145967,crafted.stat_554145967
Восстанавливает # рунического барьера когда вы блокируете удар			explicit.stat_1568848828,implicit.stat_1568848828,crafted.stat_1568848828
Теряет # рунического барьера когда вы блокируете удар	n		explicit.stat_1568848828,implicit.stat_1568848828,crafted.stat_1568848828
Восстанавливает #% от максимума здоровья, когда вы тратите как минимум 10 комбо			explicit.stat_4033618138,desecrated.stat_4033618138
Восстанавливает #% от максимума маны, когда вы тратите как минимум 10 комбо			explicit.stat_2991045011,desecrated.stat_2991045011
Дарует #% недостающего здоровья перед получением удара от врага			explicit.stat_1990472846
Восстанавливает #% здоровья за каждый поглощенный заряд выносливости			explicit.stat_939832726,rune.stat_939832726
Восстанавливает #% здоровья при убийстве			explicit.stat_2023107756,fractured.stat_2023107756,rune.stat_2023107756,desecrated.stat_2023107756,crafted.stat_2023107756
Теряет #% здоровья при убийстве	n		explicit.stat_2023107756,fractured.stat_2023107756,rune.stat_2023107756,desecrated.stat_2023107756,crafted.stat_2023107756
Восстановление #% здоровья при убийстве отравленного врага			explicit.stat_1781372024,desecrated.stat_1781372024
Восстанавливает #% от максимума здоровья в течение 2 секунд, когда вы используете умение-приказ			rune.stat_1914815166
Восстанавливает #% здоровья за каждый заряд яда на убитых вами врагах			explicit.stat_2535713562
Восстанавливает #% от максимума здоровья при блоке			explicit.stat_2442647190
Теряет #% от максимума здоровья при блоке	n		explicit.stat_2442647190
Восстанавливает #% здоровья, когда вы используете боевой клич			explicit.stat_1040141381,fractured.stat_1040141381,desecrated.stat_1040141381
Восстанавливает #% маны при убийстве			explicit.stat_1030153674,explicit.stat_1604736568,fractured.stat_1604736568,rune.stat_1030153674,desecrated.stat_1604736568,crafted.stat_1604736568
Теряет #% маны при убийстве	n		explicit.stat_1030153674,explicit.stat_1604736568,fractured.stat_1604736568,rune.stat_1030153674,desecrated.stat_1604736568,crafted.stat_1604736568
Восстанавливает #% маны при использовании оберега			explicit.stat_4121454694,desecrated.stat_4121454694
Восстанавливает #% от максимума маны когда вы поглощаете заряд энергии			explicit.stat_346374719
Восстанавливает #% от максимума рунического барьера, когда одного из ваших возрождающихся приспешников убивают			rune.stat_3515226849
Восстанавливает #% от вашего максимума здоровья, когда враг умирает в вашем присутствии			explicit.stat_3503117295
Восстанавливает #% от вашего максимума маны, когда враг умирает в вашем присутствии			explicit.stat_2456226238
При использовании восстанавливает здоровье в размере #% от объёма восстановления флакона маны.			explicit.stat_2716923832
При использовании восстанавливает ману в размере #% от объёма восстановления флакона здоровья.			explicit.stat_3891350097
Восстанавливает всю ману при использовании			explicit.stat_1002973905
Отражает противоположное кольцо			explicit.stat_746505085
Регенерирует # здоровья в секунду за каждые 10 интеллекта			explicit.stat_1312381104
Регенерирует # здоровья в секунду за максимум энергетического щита			explicit.stat_3276271783
Регенерирует # свирепости в секунду			explicit.stat_2853314994
Регенерирует #% от максимума здоровбя в секунду, если недавно вы использовали умение-приказ			rune.stat_445996047
Регенерирует #% здоровья в секунду, если за последние 10 секунд вы использовали флакон здоровья			explicit.stat_3161573445,desecrated.stat_3161573445
Регенерация #% здоровья в секунду			explicit.stat_836936635,implicit.stat_836936635,enchant.stat_836936635,rune.stat_836936635
Регенерация #% от здоровья в секунду, если вы недавно получали удар			explicit.stat_2201614328
Регенерирует #% от максимума здоровья в секунду будучи подожженным			explicit.stat_302024054
Регенерирует # здоровья в секунду будучи в окружении			explicit.stat_2002533190
Регенерация #% здоровья в секунду при малом количестве здоровья			explicit.stat_3942946753
Регенерирует #% от максимума рунического барьера в секунду во время действия эффекта			explicit.stat_1106321864
Вспоминая о # славных деяниях рода Медведя \nПассивные умения в радиусе завоеваны Калгууром			explicit.stat_3418580811|22
Вспоминая о # славных деяниях рода Олрота \nПассивные умения в радиусе завоеваны Калгууром			explicit.stat_3418580811|23
Вспоминая о # славных деяниях рода Вораны \nПассивные умения в радиусе завоеваны Калгууром			explicit.stat_3418580811|21
Сгустки можно собрать с на #% большего расстояния			explicit.stat_3482326075,fractured.stat_3482326075,rune.stat_3482326075,desecrated.stat_3482326075,crafted.stat_3482326075
Реликты с #% шансом могут иметь дополнительное свойство-суффикс			implicit.stat_1871805225
Реликты на ваших картах с #% шансом могут иметь дополнительное свойство-суффикс			implicit.stat_1871805225
Создаваемые вами сгустки при подборе также влияют и на союзников в вашем присутствии			explicit.stat_315717203
#% усиление эффекта создаваемых вами сгустков			explicit.stat_1999910726,rune.stat_1999910726,desecrated.stat_1999910726
#% ослабление эффекта создаваемых вами сгустков	n		explicit.stat_1999910726,rune.stat_1999910726,desecrated.stat_1999910726
Снимает кровотечение при использовании вами флакона здоровья			explicit.stat_1394184789
Удаляет наносящее урон состояние, когда вы используете умение-приказ			rune.stat_594547430
При использовании забирает #% восстанавливаемого здоровья из маны			explicit.stat_648019518
При использовании забирает #% восстанавливаемой маны из здоровья			explicit.stat_959641748
Повторяемые атаки этим луком повторяются # раз(-а), если в вашем присутствии нет врагов			explicit.stat_2306588612
Повторяемые атаки этим луком повторяются # раз, если в вашем присутствии нет врагов		1	explicit.stat_2306588612
Для окружения требуется на # врагов больше			explicit.stat_2267564181
Для окружения требуется на # врагов меньше	n		explicit.stat_2267564181
Обновление даров в алтарях Ритуала стоит увеличенное на #% количество дани			explicit.stat_2282052746
#% увеличение стоимости в дани обновления даров в алтарях Ритуала в области			explicit.stat_2282052746
#% увеличение стоимости в дани для обновления наград в алтарях Ритуала на карте			explicit.stat_2282052746
Обновление даров в алтарях Ритуала стоит уменьшенное на #% количество дани	n		explicit.stat_2282052746
#% уменьшение стоимости в дани обновления даров в алтарях Ритуала в области	n		explicit.stat_2282052746
#% уменьшение стоимости в дани для обновления наград в алтарях Ритуала на карте	n		explicit.stat_2282052746
Эгида Решимости восстанавливается на #% быстрее, когда не теряется Решимость			sanctum.stat_3889616543
Эгида Решимости восстанавливается на #% медленнее, когда не теряется Решимость	n		sanctum.stat_3889616543
Защита решимости от ударов врагов основана на #% от брони			sanctum.stat_3621177126
Восстанавливает # чести при убийстве босса			sanctum.stat_3865020351
Восстанавливает # чести при поднятии ключа			sanctum.stat_521869848
Восстанавливает # чести при завершении комнаты			sanctum.stat_2114314842
Восстанавливает # чести при оказании почестей у маракетского алтаря			sanctum.stat_2492340460
Выявляет уязвимости у редких или уникальных врагов			explicit.stat_110659965
Возрожденные у алтарей Ритуала монстры с увеличенным на #% шансом могут стать волшебными			explicit.stat_1031644647
Возрожденные у алтарей Ритуала в области монстры с увеличенным на #% шансом могут стать волшебными			explicit.stat_1031644647
Монстры, возрожденные у алтарей Ритуала на карте, с увеличенным на #% шансом могут стать волшебными			explicit.stat_1031644647
Возрожденные у алтарей Ритуала монстры с уменьшенным на #% шансом могут стать волшебными	n		explicit.stat_1031644647
Возрожденные у алтарей Ритуала в области монстры с уменьшенным на #% шансом могут стать волшебными	n		explicit.stat_1031644647
Монстры, возрожденные у алтарей Ритуала на карте, с уменьшенным на #% шансом могут стать волшебными	n		explicit.stat_1031644647
Возрожденные у алтарей Ритуала монстры с увеличенным на #% шансом могут стать редкими			explicit.stat_3979184174
Возрожденные у алтарей Ритуала в области монстры с увеличенным на #% шансом могут стать редкими			explicit.stat_3979184174
Монстры, возрожденные у алтарей Ритуала на карте, с увеличенным на #% шансом могут стать редкими			explicit.stat_3979184174
Возрожденные у алтарей Ритуала монстры с уменьшенным на #% шансом могут стать редкими	n		explicit.stat_3979184174
Возрожденные у алтарей Ритуала в области монстры с уменьшенным на #% шансом могут стать редкими	n		explicit.stat_3979184174
Монстры, возрожденные у алтарей Ритуала на карте, с уменьшенным на #% шансом могут стать редкими	n		explicit.stat_3979184174
Кольцо в правом слоте: снаряды от чар поражают # цели(-ей) по цепи			explicit.stat_1555918911
Кольцо в правом слоте: снаряды от чар не могут разветвляться		1	explicit.stat_2933024469
Алтари Ритуала позволяют обновить дары еще # раз(-а)			explicit.stat_120737942
Алтари Ритуала в области позволяют обновить дары еще # раза			explicit.stat_120737942
Алтари Ритуала на карте позволяют обновить награды дополнительно # раза			explicit.stat_120737942
Алтари Ритуала позволяют обновить дары еще 1 раз		1	explicit.stat_120737942
Алтари Ритуала в области позволяют обновить дары еще 1 раз		1	explicit.stat_120737942
Алтари Ритуала на карте позволяют обновить награды дополнительно 1 раз		1	explicit.stat_120737942
Награды Ритуала на карте с увеличенным на #% шансом могут оказаться предзнаменованиями			explicit.stat_4219853180
Наградами Ритуала в области с увеличенным на #% шансом могут оказаться предзнаменования			explicit.stat_4219853180
Наградами Ритуала на ваших картах с увеличенным на #% шансом могут оказаться предзнаменования			explicit.stat_4219853180
Награды Ритуала на карте с уменьшенным на #% шансом могут оказаться предзнаменованиями	n		explicit.stat_4219853180
Наградами Ритуала в области с уменьшенным на #% шансом могут оказаться предзнаменования	n		explicit.stat_4219853180
Наградами Ритуала на ваших картах с уменьшенным на #% шансом могут оказаться предзнаменования	n		explicit.stat_4219853180
При нанесении физического урона выбираются только минимальные или максимальные значения			rune.stat_103706408
Выбирает только минимальный или максимальный урон для каждого типа урона			explicit.stat_3108672983
На карте испытаний комнаты неизвестны			sanctum.stat_3237367570
Рунические монстры дублируются			explicit.stat_2816104578
Рунические монстры на ваших картах дублируются			explicit.stat_2816104578
Регенерация рунического барьера удваивается			rune.stat_2579974553
Восстановление рунического барьера может переполнять максимум рунического барьера			implicit.stat_3408607858
Жертвует # здоровья, чтобы не потратить последний болт во время стрельбы			explicit.stat_76982026
Отнимает #% от здоровья, чтобы даровать такое же количество энергетического щита, когда вы сотворяете чары			explicit.stat_613752285
Жертвует #% от максимума здоровья для получения такого же количества обороны при кувырке			rune.stat_1585886916
Запечатанные умения имеют # к максимуму печатей			explicit.stat_4147510958,fractured.stat_4147510958,desecrated.stat_4147510958,crafted.stat_4147510958
#% повышение частоты получения печатей запечатанными умениями			explicit.stat_3384867265,desecrated.stat_3384867265,crafted.stat_3384867265
#% снижение частоты получения печатей запечатанными умениями	n		explicit.stat_3384867265,desecrated.stat_3384867265,crafted.stat_3384867265
Делится зарядами с союзниками в вашем присутствии			explicit.stat_2535267021
Умения щита, накладывающие сильное оглушение на врагов, полностью разрушают их броню			explicit.stat_1689748350,desecrated.stat_1689748350
Накладывает на вас шок при достижении максимума зарядов энергии			explicit.stat_4256314560
У камней умений нет требований к характеристикам	n		explicit.stat_4245256219
Умения расходуют божественность вместо маны или здоровья			explicit.stat_467146530
Умения получают #% от стоимости маны в виде дополнительной стоимости здоровья			explicit.stat_3605834869
Умения наносят #% урона в виде дополнительного урона от молнии за каждые 50 потраченного рунического барьера			implicit.stat_2728425538
#% увеличение эффективности расхода ресурсов умениями от оскверненных камней во время действия эффекта любого флакона			explicit.stat_2638381947
#% расхода маны умениями оскверненных камней становится расходом здоровья			explicit.stat_2035336006
Расход маны умениями оскверненных камней становится расходом здоровья		100	explicit.stat_2035336006
Умения наносят #% урона в виде урона хаосом за каждые 3 расходуемого здоровья			explicit.stat_4117005593
# к времени перезарядки умений			explicit.stat_396200591
Умения с #% шансом могут не удалить заряды, но при этом считаться поглотившими их			explicit.stat_2942439603,fractured.stat_2942439603,rune.stat_2942439603,desecrated.stat_2942439603
Умения с #% шансом могут не удалить стихийные насыщения, но при этом считаться поглотившими их			explicit.stat_3024873336
Умения с #% шансом могут не удалить стихийные насыщения, но все равно считаться поглотившими их, если вы теряли положительный эффект архонта за последние 6 секунд			explicit.stat_2150661403,desecrated.stat_2150661403
Умения обладают на #% большим окном идеального момента во время действия эффекта			explicit.stat_3982604001
# к  лимиту зарядов умения			explicit.stat_2942704390
Умения с #% шансом могут не поглотить славу			explicit.stat_3200877707,desecrated.stat_3200877707
Умения имеют на #% большее окно идеального момента			explicit.stat_1373370443
Умения имеют на #% меньшее окно идеального момента	n		explicit.stat_1373370443
Умения удерживают на 50% меньше духа			explicit.stat_2838161567
Умения, улучшающие атаку с #% шансом не будут учитывать эту атаку			explicit.stat_2538411280
Создающие расселины умения с #% шансом могут создать дополнительную расселину			explicit.stat_2544540062,implicit.stat_2544540062,desecrated.stat_2544540062
Требующие Славу умения генерируют # Славы каждые 2 секунды			explicit.stat_2480962043
Убийство редких монстров на карте останавливает таймер Зеркала Делириума на # секунд(-ы)			explicit.stat_2323782229
Убийство редких монстров в области останавливает таймер зеркала Делириума на # секунд(-ы)			explicit.stat_2323782229
Убийство редких монстров на ваших картах останавливает таймер зеркала Делириума на # секунд(-ы)			explicit.stat_2323782229
Убийство редких монстров на карте останавливает таймер Зеркала Делириума на 1 секунду		1	explicit.stat_2323782229
Убийство редких монстров в области останавливает таймер зеркала Делириума на 1 секунду		1	explicit.stat_2323782229
Убийство редких монстров на ваших картах останавливает таймер зеркала Делириума на 1 секунду		1	explicit.stat_2323782229
Малые пассивные умения в радиусе также дают: # к максимуму здоровья			explicit.stat_1316656343
Малые пассивные умения в радиусе также дают: # к максимуму маны			explicit.stat_1294464552
Малые пассивные умения в радиусе также дают: #% шанс ослепить врагов при нанесении удара атаками			explicit.stat_2610562860,fractured.stat_2610562860,desecrated.stat_2610562860
Малые пассивные умения в радиусе также дают: #% шанс отравить при нанесении удара			explicit.stat_2840989393,fractured.stat_2840989393,desecrated.stat_2840989393
Малые пассивные умения в радиусе также дают: #% шанс наложить кровотечение при нанесении удара			explicit.stat_944643028,fractured.stat_944643028,desecrated.stat_944643028
Малые пассивные умения в радиусе также дают: #% повышение глобальной меткости			explicit.stat_533892981,fractured.stat_533892981,desecrated.stat_533892981
Малые пассивные умения в радиусе также дают: #% повышение меткости луками			explicit.stat_1285594161,fractured.stat_1285594161,desecrated.stat_1285594161
Малые пассивные умения в радиусе также дают: #% повышение брони			explicit.stat_3858398337,fractured.stat_3858398337,desecrated.stat_3858398337,crafted.stat_3858398337
Малые пассивные умения в радиусе также дают: #% увеличение урона от атак			explicit.stat_1426522529,fractured.stat_1426522529,desecrated.stat_1426522529,crafted.stat_1426522529
Малые пассивные умения в радиусе также дают: #% увеличение урона хаосом			explicit.stat_1309799717,fractured.stat_1309799717,desecrated.stat_1309799717,crafted.stat_1309799717
Малые пассивные умения в радиусе также дают: #% увеличение длительности эффекта оберега			explicit.stat_3088348485,fractured.stat_3088348485,desecrated.stat_3088348485
Малые пассивные умения в радиусе также дают: #% увеличение урона от холода			explicit.stat_2442527254,fractured.stat_2442527254,desecrated.stat_2442527254,crafted.stat_2442527254
Малые пассивные умения в радиусе также дают: #% увеличение длительности проклятий			explicit.stat_1087108135,fractured.stat_1087108135,desecrated.stat_1087108135
Малые пассивные умения в радиусе также дают: #% увеличение урона по врагам с полностью разрушенной бронёй			explicit.stat_1834658952,fractured.stat_1834658952,desecrated.stat_1834658952
Малые пассивные умения в радиусе также дают: #% увеличение урона, если вы недавно поглотили труп			explicit.stat_1892122971,fractured.stat_1892122971,desecrated.stat_1892122971
Малые пассивные умения в радиусе также дают: #% увеличение урона будучи превращенным			explicit.stat_266564538,fractured.stat_266564538,desecrated.stat_266564538
Малые пассивные умения в радиусе также дают: #% увеличение урона, пока у вас активен оберег			explicit.stat_3752589831,fractured.stat_3752589831,desecrated.stat_3752589831
Малые пассивные умения в радиусе также дают: #% увеличение урона луками			explicit.stat_945774314,fractured.stat_945774314,desecrated.stat_945774314
Малые пассивные умения в радиусе также дают: #% увеличение урона самострелами			explicit.stat_517664839,fractured.stat_517664839,desecrated.stat_517664839
Малые пассивные умения в радиусе также дают: #% увеличение урона от ударов по редким и уникальным врагам			explicit.stat_147764878,fractured.stat_147764878,desecrated.stat_147764878
Малые пассивные умения в радиусе также дают: #% увеличение урона булавами			explicit.stat_1852184471,fractured.stat_1852184471,desecrated.stat_1852184471
Малые пассивные умения в радиусе также дают: #% увеличение урона умениями растений			explicit.stat_1590846356,fractured.stat_1590846356,desecrated.stat_1590846356
Малые пассивные умения в радиусе также дают: #% увеличение урона боевыми посохами			explicit.stat_821948283,fractured.stat_821948283,desecrated.stat_821948283
Малые пассивные умения в радиусе также дают: #% увеличение урона копьями			explicit.stat_2809428780,fractured.stat_2809428780,desecrated.stat_2809428780
Малые пассивные умения в радиусе также дают: #% увеличение урона боевыми кличами			explicit.stat_1160637284,fractured.stat_1160637284,desecrated.stat_1160637284
Малые пассивные умения в радиусе также дают: #% увеличение порога стихийных состояний			explicit.stat_3409275777,fractured.stat_3409275777,desecrated.stat_3409275777
Малые пассивные умения в радиусе также дают: #% увеличение урона от стихий			explicit.stat_3222402650,fractured.stat_3222402650,desecrated.stat_3222402650,crafted.stat_3222402650
Малые пассивные умения в радиусе также дают: #% повышение скорости перезарядки энергетического щита			explicit.stat_1552666713,fractured.stat_1552666713,desecrated.stat_1552666713
Малые пассивные умения в радиусе также дают: #% увеличение уклонения			explicit.stat_1994296038,fractured.stat_1994296038,desecrated.stat_1994296038,crafted.stat_1994296038
Малые пассивные умения в радиусе также дают: #% увеличение урона от огня			explicit.stat_139889694,fractured.stat_139889694,desecrated.stat_139889694,crafted.stat_139889694
Малые пассивные умения в радиусе также дают: #% увеличение силы Горючести			explicit.stat_394473632,fractured.stat_394473632,desecrated.stat_394473632
Малые пассивные умения в радиусе также дают: #% увеличение длительности эффекта флакона			explicit.stat_1773308808,fractured.stat_1773308808,desecrated.stat_1773308808
Малые пассивные умения в радиусе также дают: #% увеличение порога заморозки			explicit.stat_830345042,fractured.stat_830345042,desecrated.stat_830345042
Малые пассивные умения в радиусе также дают: #% увеличение глобального физического урона			explicit.stat_1417267954,fractured.stat_1417267954,desecrated.stat_1417267954,crafted.stat_1417267954
Малые пассивные умения в радиусе также дают: #% увеличение урона помехами			explicit.stat_255840549,fractured.stat_255840549,desecrated.stat_255840549
Малые пассивные умения в радиусе также дают: #% увеличение восстановления здоровья от флаконов			explicit.stat_980177976,fractured.stat_980177976,desecrated.stat_980177976
Малые пассивные умения в радиусе также дают: #% увеличение урона от молнии			explicit.stat_2768899959,fractured.stat_2768899959,desecrated.stat_2768899959,crafted.stat_2768899959
Малые пассивные умения в радиусе также дают: #% увеличение восстановления маны от флаконов			explicit.stat_3774951878,fractured.stat_3774951878,desecrated.stat_3774951878
Малые пассивные умения в радиусе также дают: #% повышение скорости регенерации маны			explicit.stat_3256879910,fractured.stat_3256879910,desecrated.stat_3256879910
Малые пассивные умения в радиусе также дают: #% увеличение урона в ближнем бою			explicit.stat_1337740333,fractured.stat_1337740333,desecrated.stat_1337740333
Малые пассивные умения в радиусе также дают: #% увеличение урона в ближнем бою, если за последние восемь секунд вы наносили удар снарядами атак			explicit.stat_2421151933,fractured.stat_2421151933,desecrated.stat_2421151933
Малые пассивные умения в радиусе также дают: #% повышение меткости приспешников			explicit.stat_793875384,fractured.stat_793875384
Малые пассивные умения в радиусе также дают: #% увеличение урона Парирования			explicit.stat_1007380041,fractured.stat_1007380041,desecrated.stat_1007380041
Малые пассивные умения в радиусе также дают: #% увеличение урона снарядов			explicit.stat_455816363,fractured.stat_455816363,desecrated.stat_455816363
Малые пассивные умения в радиусе также дают: #% увеличение урона снарядами, если за последние восемь секунд вы наносили удар в ближнем бою			explicit.stat_288364275,fractured.stat_288364275,desecrated.stat_288364275
Малые пассивные умения в радиусе также дают: #% увеличение длительности шока			explicit.stat_3513818125,fractured.stat_3513818125,desecrated.stat_3513818125
Малые пассивные умения в радиусе также дают: #% увеличение урона от чар			explicit.stat_1137305356,fractured.stat_1137305356,desecrated.stat_1137305356,crafted.stat_1137305356
Малые пассивные умения в радиусе также дают: #% увеличение порога оглушения			explicit.stat_484792219,fractured.stat_484792219,desecrated.stat_484792219
Малые пассивные умения в радиусе также дают: #% увеличение порога оглушения если недавно вы не были оглушены			explicit.stat_654207792,fractured.stat_654207792,desecrated.stat_654207792
Малые пассивные умения в радиусе также дают: #% увеличение урона шипами			explicit.stat_1320662475,fractured.stat_1320662475,desecrated.stat_1320662475
Малые пассивные умения в радиусе также дают: #% увеличение урона тотемов			explicit.stat_2108821127,fractured.stat_2108821127,desecrated.stat_2108821127
Малые пассивные умения в радиусе также дают: #% увеличение здоровья тотема			explicit.stat_442393998,fractured.stat_442393998,desecrated.stat_442393998
Малые пассивные умения в радиусе также дают: #% повышение скорости установки тотемов			explicit.stat_1145481685,fractured.stat_1145481685,desecrated.stat_1145481685
Малые пассивные умения в радиусе также дают: #% повышение скорости применения боевых кличей			explicit.stat_1602294220,fractured.stat_1602294220,desecrated.stat_1602294220,crafted.stat_1602294220
Малые пассивные умения в радиусе также дают: #% повышение скорости смены оружия			explicit.stat_1129429646,fractured.stat_1129429646
Малые пассивные умения в радиусе также дают: #% увеличение количества похищенного здоровья			explicit.stat_3666476747,fractured.stat_3666476747,desecrated.stat_3666476747
Малые пассивные умения в радиусе также дают: #% увеличение количества похищенной маны			explicit.stat_3700202631,fractured.stat_3700202631,desecrated.stat_3700202631
Малые пассивные умения в радиусе также дают: #% увеличение шанса наложения шока			explicit.stat_1039268420,fractured.stat_1039268420,desecrated.stat_1039268420
Малые пассивные умения в радиусе также дают: #% увеличение максимума энергетического щита			explicit.stat_3665922113,fractured.stat_3665922113,desecrated.stat_3665922113,crafted.stat_3665922113
Малые пассивные умения в радиусе также дают: #% увеличение максимума здоровья			explicit.stat_1809641701
Малые пассивные умения в радиусе также дают: #% увеличение максимума маны			explicit.stat_1247628870
Малые пассивные умения в радиусе также дают: #% уменьшение длительности заморозки на вас			explicit.stat_860443350
Малые пассивные умения в радиусе также дают: #% уменьшение длительности поджога на вас			explicit.stat_3474941090
Малые пассивные умения в радиусе также дают: #% уменьшение длительности шока на вас			explicit.stat_1627878766
Малые пассивные умения в радиусе также дают: #% к сопротивлению хаосу			explicit.stat_2264240911
Малые пассивные умения в радиусе также дают: #% к сопротивлению холоду			explicit.stat_2884937919
Малые пассивные умения в радиусе также дают: #% к сопротивлению огню			explicit.stat_2948688907
Малые пассивные умения в радиусе также дают: #% к сопротивлению молнии			explicit.stat_3994876825
Малые пассивные умения в радиусе также дают: Удары атаками накладывают Разрез			explicit.stat_318092306,fractured.stat_318092306,desecrated.stat_318092306
Малые пассивные умения в радиусе также дают: #% увеличение области действия умений знамён			explicit.stat_4142814612,fractured.stat_4142814612,desecrated.stat_4142814612
Малые пассивные умения в радиусе также дают: #% увеличение длительности умений знамён			explicit.stat_2690740379,fractured.stat_2690740379,desecrated.stat_2690740379
Малые пассивные умения в радиусе также дают: #% увеличение количества разрушаемой брони			explicit.stat_4089835882,fractured.stat_4089835882,desecrated.stat_4089835882
Малые пассивные умения в радиусе также дают: Компаньоны наносят увеличенный на #% урон			explicit.stat_1494950893,fractured.stat_1494950893,desecrated.stat_1494950893
Малые пассивные умения в радиусе также дают: #% увеличение максимума здоровья компаньонов			explicit.stat_2638756573,fractured.stat_2638756573,desecrated.stat_2638756573
Малые пассивные умения в радиусе также дают: Урон пробивает #% сопротивления холоду			explicit.stat_1896066427,fractured.stat_1896066427,desecrated.stat_1896066427
Малые пассивные умения в радиусе также дают: Урон пробивает #% сопротивления огню			explicit.stat_1432756708,fractured.stat_1432756708,desecrated.stat_1432756708
Малые пассивные умения в радиусе также дают: Урон пробивает #% сопротивления молнии			explicit.stat_868556494,fractured.stat_868556494,desecrated.stat_868556494
Малые пассивные умения в радиусе также дают: Накладывает оцепенение при нанесении удара			explicit.stat_4258000627,fractured.stat_4258000627,desecrated.stat_4258000627
Малые пассивные умения в радиусе также дают: Улучшенные атаки наносят увеличенный на #% урон			explicit.stat_3395186672,fractured.stat_3395186672,desecrated.stat_3395186672
Малые пассивные умения в радиусе также дают: Дарует дополнительный порог состояний в размере #% от максимума энергетического щита			explicit.stat_693237939,fractured.stat_693237939,desecrated.stat_693237939
Малые пассивные умения в радиусе также дают: Дарует дополнительный порог оглушения в размере #% от максимума энергетического щита			explicit.stat_1653682082,fractured.stat_1653682082,desecrated.stat_1653682082
Малые пассивные умения в радиусе также дают: Умения Вестников наносят увеличенный на #% урон			explicit.stat_3065378291,fractured.stat_3065378291,desecrated.stat_3065378291
Малые пассивные умения в радиусе также дают: Умения меток имеют #% увеличение длительности эффекта умения			explicit.stat_4162678661,fractured.stat_4162678661,desecrated.stat_4162678661
Малые пассивные умения в радиусе также дают: Умения метки имеют #% повышение скорости сотворения чар			explicit.stat_2202308025,fractured.stat_2202308025,desecrated.stat_2202308025
Малые пассивные умения в радиусе также дают: Приспешники имеют #% увеличение урона			explicit.stat_2954360902,fractured.stat_2954360902,desecrated.stat_2954360902
Малые пассивные умения в радиусе также дают: Приспешники имеют #% дополнительного уменьшения получаемого физического урона			explicit.stat_30438393,fractured.stat_30438393,desecrated.stat_30438393
Малые пассивные умения в радиусе также дают: Приспешники имеют #% увеличение максимума здоровья			explicit.stat_378796798,fractured.stat_378796798,desecrated.stat_378796798
Малые пассивные умения в радиусе также дают: Приспешники имеют #% к сопротивлению хаосу			explicit.stat_1756380435,fractured.stat_1756380435,desecrated.stat_1756380435
Малые пассивные умения в радиусе также дают: Приспешники имеют #% к сопротивлению всем стихиям			explicit.stat_3225608889,fractured.stat_3225608889,desecrated.stat_3225608889
Малые пассивные умения в радиусе также дают: #% увеличение максимума здоровья подношений			explicit.stat_2107703111,fractured.stat_2107703111,desecrated.stat_2107703111
Малые пассивные умения в радиусе также дают: Срабатывающие чары наносят увеличенный на #% урон от чар			explicit.stat_473917671,fractured.stat_473917671,desecrated.stat_473917671
Пожиратель душ			explicit.stat_1404607671
Умения копий накладывает кровавое копье при нанесении удара, вплоть до максимума в 30 на каждой цели			explicit.stat_4106787208
Удары чарами наносят #% от урона в виде дополнительного урона хаосом за каждое проклятие на цели			explicit.stat_2653175601
Удары чарами наносят #% от урона в виде дополнительного физического урона за каждое проклятие на цели			explicit.stat_1548338404
Умения чар имеют # к максимальному количеству призываемых тотемов			explicit.stat_2474424958,desecrated.stat_2474424958
#% увеличение области действия умений чар			explicit.stat_1967040409,fractured.stat_1967040409,desecrated.stat_1967040409,crafted.stat_1967040409
#% уменьшение области действия умений чар	n		explicit.stat_1967040409,fractured.stat_1967040409,desecrated.stat_1967040409,crafted.stat_1967040409
Урон от чар пробивает #% сопротивления стихиям врага при малом количестве рунического барьера			rune.stat_267552601
Чары наносят #% от урона в виде дополнительного урона хаосом			explicit.stat_555706343,fractured.stat_555706343,desecrated.stat_555706343,crafted.stat_555706343
Чары выпускают дополнительных снарядов: #\nЧары выпускают снаряды кольцом			explicit.stat_1013492127
#% повышение скорости перезарядки чар			explicit.stat_1493485657,fractured.stat_1493485657
#% снижение скорости перезарядки чар	n		explicit.stat_1493485657,fractured.stat_1493485657
Чары с #% шансом могут наложить Истощение на 4 секунды при нанесении удара			explicit.stat_2348696937
Чары накладывают Истощение на 4 секунды при нанесении удара		100	explicit.stat_2348696937
Расходующие здоровье чары наносят #% от урона в виде дополнительного физического урона			explicit.stat_1088082880
Сила может закрыть другие требования к характеристикам для оружия и умений ближнего боя			explicit.stat_2230687504
Удары наносят урон по площади			explicit.stat_3675300253,implicit.stat_3675300253,rune.stat_3675300253
Получает # урона хаосом в секунду за заряд выносливости			explicit.stat_3164544692
Получает # урона от огня, когда вы поджигаете врага			explicit.stat_2518598473
Получает #% от расходуемой вашими умениями маны в виде физического урона			explicit.stat_3181887481
Не получает дополнительный урон от критических ударов			explicit.stat_4294267596
Цели под действием Истощения Бездны в вашем присутствии имеют двойной уровень угрозы			explicit.stat_1153919467
Цели под действием накладываемого вами Истощения Бездны ослепляются			explicit.stat_3963171183
Цели под действием накладываемого вами Истощения Бездны изнуряются			explicit.stat_2668499289
Цели под действием накладываемого вами Истощения Бездны сковываются			explicit.stat_4097102799
На цели одновременно может действовать # ваших ядов			explicit.stat_1755296234,rune.stat_1755296234
Истекающие кровью, ослепленные и изувеченные враги не могут уклоняться от ваших ударов			rune.stat_2889034188
Колокола бури уничтожаются после # дополнительных ударов			explicit.stat_3984146263,crafted.stat_3984146263
# к лимиту приспешников, призываемых умениями временных приспешников			explicit.stat_1058934731,fractured.stat_1058934731,desecrated.stat_1058934731,crafted.stat_1058934731
Бодах охотится в вашем присутствии			explicit.stat_3783473032
Ослепление имеет на вас обратный эффект			explicit.stat_1010703902
Охлаждение имеет на вас обратный эффект			explicit.stat_2955966707
Из Вестника Роя выпадает дополнительных воззваний: #			sanctum.stat_1175354969
Из Вестника Роя выпадает дополнительное воззвание		1	sanctum.stat_1175354969
Торговец предлагает дополнительных товаров на выбор: #			sanctum.stat_290775436
Торговец предлагает дополнительный товар на выбор		1	sanctum.stat_290775436
Первый # раскопанных рунический монстра(-ов) на карте будут редкими			explicit.stat_3963944561
Первый раскопанный рунический монстр на карте будет редким		1	explicit.stat_3963944561
Этот флакон нельзя использовать, но он постоянно применяет свой эффект			explicit.stat_2980117882
Шанс критического удара у этого оружия равен #%			explicit.stat_3384885789
Этот предмет получает бонусы от размещаемых предметов как если бы был обувью			explicit.stat_2733960806,implicit.stat_2733960806
Этот предмет получает бонусы от размещаемых предметов как если бы был перчатками			explicit.stat_1856590738,implicit.stat_1856590738
Этот предмет получает бонусы от размещаемых предметов как если бы был нательным доспехом			explicit.stat_1087787187
Этот предмет получает бонусы от размещаемых предметов как если бы был шлемом			explicit.stat_1458343515,implicit.stat_1458343515
Этот предмет получает бонусы от размещаемых предметов как если бы был щитом			explicit.stat_2044810874
Этот предмет получает бонусы от размещенных ядер душ, как если бы он также был и ботинками			explicit.stat_150590298
Этот предмет получает бонусы от размещенных ядер душ, как если бы он также был и перчатками			explicit.stat_3915618954
Этот предмет получает бонусы от размещенных ядер душ, как если бы он также был и шлемом			explicit.stat_3773763721
Этот предмет получает бонусы от размещенных ядер душ, как если бы он также был и щитом			explicit.stat_231726304
Этот предмет будет уничтожен при использовании в испытании			sanctum.stat_3182333322
Урон шипами удачлив по целям с полностью разрушенной броней			rune.stat_1871622140
Шипы могут наносить Ответный урон против всех ударов			explicit.stat_3414243317
Преобразует все свойства холода и молнии на предмете в такие же свойства огня			rune.stat_602344904
Преобразует все свойства холода и огня на предмете в такие же свойства молнии			rune.stat_1433896639
Преобразует все свойства молнии, холода и огня на предмете в такие же свойства хаоса			rune.stat_1624833382
Ловушки наносят увеличенный на #% урон			sanctum.stat_3554921410
Ловушки наносят уменьшенный на #% урон	n		sanctum.stat_3554921410
Активирует Разложение каждые 1.2 м пройденного расстояния			explicit.stat_3371943724
Вызывает сотворение Янтарного шквала при сотворении чар			explicit.stat_826162720
Вызывает срабатывание Удара грома при нанесении критического удара			explicit.stat_704919631
Вызывает срабатывание Искры при убийстве пораженного шоком врага			explicit.stat_811217923
Срабатывающие чары наносят увеличенный на #% урон от чар			explicit.stat_3067892458,fractured.stat_3067892458,desecrated.stat_3067892458
Срабатывающие чары наносят уменьшенный на #% урон от чар	n		explicit.stat_3067892458,fractured.stat_3067892458,desecrated.stat_3067892458
Вызывает срабатывание Проявления Танцующих дервишей # уровня при Буйстве			explicit.stat_4007938693
Неблокируемый			implicit.stat_1137147997
#% увеличение удержания ресурсов приспешниками-нежитью			explicit.stat_1176947534
#% уменьшение удержания ресурсов приспешниками-нежитью	n		explicit.stat_1176947534
Уникальные монстры имеют дополнительных свойств: #			explicit.stat_3371085671,enchant.stat_3371085671
Уникальные монстры на ваших картах имеют дополнительных свойств: #			explicit.stat_3371085671,enchant.stat_3371085671
В нестабильных Разломах  с увеличенным на #% шансом может появиться Руун, маршал Ксешта			explicit.stat_2433436306
В нестабильных Разломах на карте с увеличенным на #% шансом может появиться Руун, маршал Ксешта			explicit.stat_2433436306
Нестабильные Разломы порождают # дополнительных редких монстров при стабилизации			explicit.stat_3762913035
Нестабильные Разломы на карте порождают # дополнительных редких монстров при стабилизации			explicit.stat_3762913035
Нестабильные Разломы порождают дополнительного редкого монстра при стабилизации		1	explicit.stat_3762913035
Нестабильные Разломы на карте порождают дополнительного редкого монстра при стабилизации		1	explicit.stat_3762913035
Нестабильным Разломам нужды # дополнительные секунды для закрытия после заполнения шкалы таймера			explicit.stat_4104094246
Нестабильные Разломы на карте получают # дополнительных секунд(-ы) до разрушения при заполнении таймера			explicit.stat_4104094246
Нестабильным Разломам нужда дополнительная секунда для закрытия после заполнения шкалы таймера		1	explicit.stat_4104094246
Нестабильные Разломы на карте получают дополнительную секунду до разрушения при заполнении таймера		1	explicit.stat_4104094246
Несокрушимость			explicit.stat_1683578560,rune.stat_1683578560
Используется, когда вы попадаете под действие замедления			implicit.stat_2778646494
Используется, когда вы получаете заморозку			implicit.stat_1691862754
Используется, когда вы получаете поджог			implicit.stat_585126960
Используется, когда вы получаете отравление			implicit.stat_1412682799
Используется, когда вы получаете шок			implicit.stat_3699444296
Используется, когда вас оглушают			implicit.stat_1810482573
Используется, когда вы убиваете редкого или уникального врага			implicit.stat_4010341289
Используется, когда вы используете умение в идеальный момент			explicit.stat_3832076641
Используется при наложении на вас кровотечения			implicit.stat_3676540188
Используется, когда вы получаете урон хаосом от удара			implicit.stat_3310778564
Используется, когда вы получаете урон от холода от удара			implicit.stat_2994271459
Используется, когда вы получаете урон от огня от удара			implicit.stat_3854901951
Используется, когда вы получаете урон от молнии от удара			implicit.stat_2016937536
Использование флакона дарует на 4 секунды защиту в размере #% от количества восстанавливаемых флаконом ресурсов			explicit.stat_2777675751
Соглашение с ваал			explicit.stat_2257118425
Веризиевые реликты с #% шансом могут добавить на карту дополнительное руническое свойство			explicit.stat_3871299443
Добродетельный			explicit.stat_1132041585
Боевые кличи улучшают дополнительных атак: #			explicit.stat_1434716233,implicit.stat_1434716233,desecrated.stat_1434716233
Боевые кличи улучшают дополнительную атаку		1	explicit.stat_1434716233,implicit.stat_1434716233,desecrated.stat_1434716233
Боевые кличи взрывают трупы, нанося #% от их здоровья в виде физического урона			explicit.stat_11014011,rune.stat_11014011
#% увеличение области действия боевых кличей			explicit.stat_2567751411,fractured.stat_2567751411,desecrated.stat_2567751411
#% уменьшение области действия боевых кличей	n		explicit.stat_2567751411,fractured.stat_2567751411,desecrated.stat_2567751411
Когда член группы в вашем присутствии сотворяет чары, вы жертвуете #% маны и он похищает эту ману			explicit.stat_603021645
При размещении, преобразует все свойства огня и молнии в такие же свойства холода			rune.stat_2390027291
Когда вы поглощаете заряд, вызывает срабатывание Всплеска хаоса и дарует # заряда Всплеска хаоса			explicit.stat_447757144
Когда вы поглощаете заряд, вызывает срабатывание Всплеска хаоса и дарует # заряд Всплеска хаоса		1	explicit.stat_447757144
Когда вы получаете ключ, вы с #% шансом получаете еще один			sanctum.stat_3170238729
Когда вы получаете ключ, вы получаете еще один		100	sanctum.stat_3170238729
Когда вы создаете заряд ярости, заряд вместо этого создается у союзников в вашем присутствии			rune.stat_3353733343
Когда вы создаете заряд энергии, заряд вместо этого создается у союзников в вашем присутствии			rune.stat_1323701627
Когда вы создаете заряд выносливости, заряд вместо этого создается у союзников в вашем присутствии			rune.stat_3257561708
Когда вы убиваете редкого монстра, вы получаете его свойства на 60 секунд			explicit.stat_2913235441
Когда вы перезаряжаетесь, вызывает срабатывание Всплеска Близнецов\nчтобы получить либо # Всплеска холода либо # Всплеск огня			explicit.stat_331648983
Когда вы перезаряжаетесь, вызывает срабатывание Всплеска Близнецов\nчтобы получить либо # Всплеска холода либо # Всплеска огня			explicit.stat_331648983
Когда вы перезаряжаетесь, вызывает срабатывание Всплеска Близнецов\nчтобы получить либо # Всплеск холода либо # Всплеск огня		1	explicit.stat_331648983
Когда вы перезаряжаетесь, вызывает срабатывание Всплеска Близнецов\nчтобы получить либо # Всплеск холода либо # Всплеска огня		1	explicit.stat_331648983
Когда вы перестаете бежать, вы получаете оборону в размере #% от максимума здоровья за каждую секунду бега на 4 секунды, вплоть до 20%			rune.stat_293832783
Умения ветра, усиливающиеся стихийной землей могут быть усилены несколькими эффектами стихийной земли			explicit.stat_2070837434
Умения ветра, усиливающиеся стихийной землей,\nсчитаются усиленными замерзшей землей		0	explicit.stat_2626360934
Умения ветра, усиливающиеся стихийной землей,\nсчитаются усиленными заряженной землей		0	explicit.stat_2626360934
Умения ветра, усиливающиеся стихийной землей,\nсчитаются усиленными подожженной землей		0	explicit.stat_2626360934
Умения ветра, усиливающиеся стихийной землей,\nсчитаются усиленными заряженной и замерзшей землей		0	explicit.stat_2626360934
Умения ветра, усиливающиеся стихийной землей,\nсчитаются усиленными подожженной и замерзшей землей		0	explicit.stat_2626360934
Умения ветра, усиливающиеся стихийной землей,\nсчитаются усиленными подожженной и заряженной землей		0	explicit.stat_2626360934
Умения ветра, усиливающиеся стихийной землей,\nсчитаются усиленными подожженной, заряженной и замерзшей землей		0	explicit.stat_2626360934
Истощение не истекает на подожженных вами врагах			explicit.stat_279110104
Накладываемое вами Истощение также увеличивает получаемый урон от огня			explicit.stat_1910297038
Накладываемое вами Истощение имеет бесконечную длительность			explicit.stat_1354656031
Дары утробы с #% шансом могут выпасть на один уровень выше			explicit.stat_2889272422
Дары утробы на карте с #% шансом могут выпасть на один уровень выше			explicit.stat_2889272422
Вы восполняете #% от получаемого вашими подношениями урона в виде здоровья			rune.stat_1937310173
Вы и союзники в вашем присутствии получаете #% увеличение меткости			explicit.stat_3429986699
Вы и союзники в вашем присутствии получаете #% уменьшение меткости	n		explicit.stat_3429986699
Вы и союзники в вашем присутствии получаете #% повышение скорости атаки			explicit.stat_3408222535
Вы и союзники в вашем присутствии получаете #% снижение скорости атаки	n		explicit.stat_3408222535
Вы и союзники в вашем присутствии получаете #% повышение скорости сотворения чар			explicit.stat_281990982
Вы и союзники в вашем присутствии получаете #% снижение скорости сотворения чар	n		explicit.stat_281990982
Вы и союзники в вашем присутствии получаете #% повышение скорости перезарядки			explicit.stat_36954843
Вы и союзники в вашем присутствии получаете #% снижение скорости перезарядки	n		explicit.stat_36954843
Вы и союзники в вашем присутствии получаете #% к сопротивлению хаосу			explicit.stat_1404134612
Вы ослеплены			explicit.stat_3774577097
Ваше здоровье считается за малое количество здоровья при уровне здоровья ниже #% от максимума или ниже			explicit.stat_356835700
Вы можете размещать # дополнительные копии каждого династического камня поддержки в разных умениях			explicit.stat_664024640
Вы можете размещать дополнительную копию каждого династического камня поддержки в разных умениях		1	explicit.stat_664024640
Вы можете наложить дополнительных проклятий: #			explicit.stat_30642521
Вы можете наложить на одно проклятие меньше		-1	explicit.stat_30642521
Вы можете наложить дополнительное проклятие		1	explicit.stat_30642521
У вас может быть любое количество компаньоноы разных типов			explicit.stat_603573028
Вы можете иметь двух компаньонов разных типов			explicit.stat_1888024332
Вы можете вставить только # рубиновый самоцвет в этом предмете		1	explicit.stat_853326030
Вы можете вставить только # изумрудный самоцвет в этом предмете		0	explicit.stat_853326030
Вы можете вставить только # сапфировый самоцвет в этом предмете		0	explicit.stat_853326030
Вы можете вставить только # рубиновых самоцвета в этом предмете		0	explicit.stat_853326030
Вы можете вставить только # изумрудных самоцвета в этом предмете		0	explicit.stat_853326030
Вы можете вставить только # сапфировых самоцвета в этом предмете		0	explicit.stat_853326030
Вы можете вставить только # рубиновый и # изумрудный самоцвет в этом предмете		1	explicit.stat_853326030
Вы можете вставить только # рубиновый и # сапфировый самоцвет в этом предмете		1	explicit.stat_853326030
Вы можете вставить только # изумрудный и # сапфировый самоцвет в этом предмете		0	explicit.stat_853326030
Вы можете вставить только # рубиновых и # изумрудных самоцвета в этом предмете		0	explicit.stat_853326030
Вы можете вставить только # рубиновых и # сапфировых самоцвета в этом предмете		0	explicit.stat_853326030
Вы можете вставить только # изумрудных и # сапфировых самоцвета в этом предмете		0	explicit.stat_853326030
Вы можете вставить только # рубиновый, # изумрудный и # сапфировый самоцвет в этом предмете		1	explicit.stat_853326030
Вы можете вставить только # рубиновых, # изумрудных и # сапфировых самоцвета в этом предмете		0	explicit.stat_853326030
В этот предмет можно вставлять только изумрудные самоцветы			explicit.stat_3598729471
В этот предмет можно вставлять только рубиновые самоцветы			explicit.stat_4031148736
В этот предмет можно вставлять только сапфировые самоцветы			explicit.stat_21302430
Вы можете брать двуручные топоры, булавы и мечи в одну руку			explicit.stat_3635316831
Вы не можете использовать бег			explicit.stat_1536107934
Вас невозможно охладить в течение # секунд после окончания предыдущего охлаждения			explicit.stat_2306924373
Не может быть охлажден или заморожен			explicit.stat_2996245527
Вас невозможно заморозить в течение # секунд после окончания предыдущей заморозки			explicit.stat_3612464552
Вы не можете получить эффект Скованности			enchant.stat_721014846
Вас невозможно  поджечь в течение # секунд после окончания предыдущего поджога			explicit.stat_947072590
На вас невозможно наложить шок в течение # секунд после окончания предыдущего шока			explicit.stat_215346464
Ваша мана считается за полное количество маны при уровне маны в #% от максимума или выше			explicit.stat_423304126
Ваше здоровье считается за малое количество здоровья при уровне маны в #% от максимума или ниже			explicit.stat_3154256486
Ваша мана считается за малое количество маны при уровне маны в #% от максимума или ниже			explicit.stat_1143240184
Эффект Боевой раж на # сек. при убийстве			explicit.stat_1195849808
Вокруг вас действует освященная земля, пока вы неподвижны			explicit.stat_1736538865
На вас действует Нечестивое могущество			explicit.stat_3007552094,desecrated.stat_3007552094
Вас окружает облако дыма, пока вы стоите неподвижно			explicit.stat_2592455368
На вас не действует штраф меткости от расстояния			explicit.stat_3070990531
У вас нет бонуса критического урона			explicit.stat_4058681894,rune.stat_4058681894
У вам нет сопротивлений к стихиям			explicit.stat_1776968075
Вы не имеете регенерации здоровья			explicit.stat_854225133
У вас отсутствует дух			explicit.stat_3148264775
Вы теряете #% энергетического щита в секунду			explicit.stat_2350411833
Вы получаете #% урона от заблокированных ударов			explicit.stat_2905515354,rune.stat_2905515354
Вы получаете #% урона от заблокированных ударов при поднятом щите			explicit.stat_3694078435,desecrated.stat_3694078435
Вы получаете урон от огня от кровотечения вместо физического урона		0	explicit.stat_2022332470
Ваши броня, уклонение и энергетический щит равны нулю			sanctum.stat_698936647
Ваш множитель критического удара равен 250%			explicit.stat_2516303866
Ваш шанс критического удара не может быть пересчитан			explicit.stat_4159551976
Ваша перезарядка энергетического щита начинается, когда преобразуются ваши приспешники			rune.stat_1919509054
Ваша шкала накопления сильного оглушения опустошается на #% быстрее			explicit.stat_886088880,desecrated.stat_886088880
Ваша шкала накопления сильного оглушения опустошается на #% медленнее	n		explicit.stat_886088880,desecrated.stat_886088880
Ваши удары могут пробивать сопротивления стихиям, вплоть до минимума в -50%			explicit.stat_2890792988
Ваш флакон здоровья также применяется к вашим приспешникам			explicit.stat_2397460217
Ваш максимум сопротивлений: #%			explicit.stat_798767971
Ваши приспешники становятся гигантскими, если они недавно возродились			explicit.stat_1265767008,fractured.stat_1265767008,desecrated.stat_1265767008,crafted.stat_1265767008
Ваша базовая задержка перезарядки энергетического щита - # секунд(-ы)			explicit.stat_3091132047
Ваша базовая задержка перезарядки энергетического щита - # секунда		1000	explicit.stat_3091132047
Ваш максимум энергетического щита равен #% от вашей силы			explicit.stat_758226825
Во время бега ваша скорость невосприимчива к замедлениям			explicit.stat_3128773415,rune.stat_3128773415
На вашу скорость не влияют замедления			explicit.stat_50721145,rune.stat_50721145
Зарок, Вечный наносит на #% больше урона			sanctum.stat_2149490821
Зарок, Вечный наносит на #% меньше урона	n		sanctum.stat_2149490821
Из Зарока, вечного выпадает Противление тьме			sanctum.stat_3840591093
Из Зарока, вечного выпадают Благословенные связи			sanctum.stat_767926824
Из Зарока, вечного выпадает Образ песчаной бури			sanctum.stat_3059754769
Из Зарока, вечного выпадает Решимость Сехемы			sanctum.stat_2821715641
Из Зарока, вечного выпадает Темпоралис			sanctum.stat_2469854926
Из Зарока, Вечного выпадает дополнительных монет джинна: #			sanctum.stat_3878191575
Из Зарока, Вечного выпадает дополнительная монета джинна		1	sanctum.stat_3878191575
Зарок, Вечный получает на #% больше урона			sanctum.stat_2226900052
Зарок, Вечный получает на #% меньше урона	n		sanctum.stat_2226900052
Клятва фанатика			explicit.stat_1315418254
