# Charm Slots			explicit.stat_2582079000,explicit.stat_554899692,rune.stat_554899692
# Charm Slot		1	explicit.stat_2582079000,explicit.stat_554899692,rune.stat_554899692
# Dexterity Requirement			explicit.stat_1133453872
# Intelligence Requirement			explicit.stat_2153364323,implicit.stat_2153364323,rune.stat_2153364323
# Life Regeneration per second			explicit.stat_3325883026,implicit.stat_3325883026,fractured.stat_3325883026,rune.stat_3325883026,desecrated.stat_3325883026
# Life Regeneration per second per Socket filled			explicit.stat_332337290
# Life gained when you Block			enchant.stat_762600725
Lose # Life when you Block	n		enchant.stat_762600725
# Mana gained when you Block			explicit.stat_2122183138,enchant.stat_2122183138,desecrated.stat_2122183138
Lose # Mana when you Block	n		explicit.stat_2122183138,enchant.stat_2122183138,desecrated.stat_2122183138
# Physical Damage taken from Attack Hits			explicit.stat_3441651621,rune.stat_3441651621
# Physical Damage taken from Hits			explicit.stat_321765853
# Physical Damage taken on Minion Death			explicit.stat_4176970656
# Physical damage taken from Projectile Attacks			explicit.stat_3612407781
# Prefix Modifier allowed			explicit.stat_3182714256,implicit.stat_3182714256,fractured.stat_3182714256,crafted.stat_3182714256
# Prefix Modifiers allowed			explicit.stat_3182714256,implicit.stat_3182714256,fractured.stat_3182714256,crafted.stat_3182714256
# Resolve Aegis			sanctum.stat_2410906123
# Strength Requirement			explicit.stat_2833226514
# Suffix Modifier allowed			explicit.stat_718638445,implicit.stat_718638445,fractured.stat_718638445,rune.stat_718638445,crafted.stat_718638445
# Suffix Modifiers allowed			explicit.stat_718638445,implicit.stat_718638445,fractured.stat_718638445,rune.stat_718638445,crafted.stat_718638445
# additional Rare Monsters are spawned from Abysses			explicit.stat_243380454,desecrated.stat_243380454
# additional Rare Monsters are spawned from Abysses in Map			explicit.stat_243380454,desecrated.stat_243380454
# extra packs of Monsters around Vaal Beacons in Map			explicit.stat_3294218801
# extra pack of Monsters around Vaal Beacons in Map		1	explicit.stat_3294218801
# metres to Dodge Roll distance			explicit.stat_258119672,fractured.stat_258119672,rune.stat_258119672,desecrated.stat_258119672,sanctum.stat_1040593638
# metre to Dodge Roll distance		10	explicit.stat_258119672,fractured.stat_258119672,rune.stat_258119672,desecrated.stat_258119672,sanctum.stat_1040593638
# metres to Dodge Roll distance if you haven't Dodge Rolled Recently			explicit.stat_3350232544
# metre to Dodge Roll distance if you haven't Dodge Rolled Recently		-10	explicit.stat_3350232544
# metres to Dodge Roll distance if you've Dodge Rolled Recently			explicit.stat_57896763
# metre to Dodge Roll distance if you've Dodge Rolled Recently		-10	explicit.stat_57896763
# metres to Melee Strike Range			implicit.stat_2264295449
# metres to Melee Strike Range while Unarmed			explicit.stat_3273962791
# to # Added Attack Fire Damage per 25 Strength			explicit.stat_4186798932
# to # Cold Thorns damage			explicit.stat_1515531208
# to # Fire Thorns damage			explicit.stat_1993950627
# to # Fire Thorns damage per 100 maximum Life			explicit.stat_287294012,desecrated.stat_287294012
# to # Lightning Thorns damage			rune.stat_757050353
# to # Physical Thorns damage			explicit.stat_2881298780,fractured.stat_2881298780,desecrated.stat_2881298780,crafted.stat_2881298780
# to # added Physical Thorns damage per Runic Plate			explicit.stat_3926910174
# to Accuracy Rating			explicit.stat_691932474,explicit.stat_803737631,implicit.stat_803737631,fractured.stat_691932474,fractured.stat_803737631,enchant.stat_803737631,rune.stat_691932474,rune.stat_803737631,desecrated.stat_691932474,desecrated.stat_803737631,crafted.stat_691932474,crafted.stat_803737631
# to Accuracy Rating per 1 Item Evasion Rating on Equipped Helmet			rune.stat_687156079
# to Ailment Threshold			explicit.stat_1488650448
# to Armour			explicit.stat_3484657501,explicit.stat_809229260,implicit.stat_809229260,fractured.stat_3484657501,fractured.stat_809229260,rune.stat_3484657501,desecrated.stat_3484657501,desecrated.stat_809229260
# to Armour per 1 Spirit			rune.stat_1197632982
# to Deflection Rating per 50 missing Energy Shield			explicit.stat_1207006772
# to Dexterity			explicit.stat_3261801346,implicit.stat_3261801346,fractured.stat_3261801346,enchant.stat_3261801346,rune.stat_3261801346,desecrated.stat_3261801346,crafted.stat_3261801346
# to Dexterity and Intelligence			explicit.stat_2300185227,desecrated.stat_2300185227
# to Evasion Rating			explicit.stat_2144192055,explicit.stat_53045048,fractured.stat_2144192055,fractured.stat_53045048,rune.stat_53045048,desecrated.stat_2144192055,desecrated.stat_53045048
# to Evasion Rating while on Low Life			explicit.stat_3470876581
# to Intelligence			explicit.stat_328541901,implicit.stat_328541901,fractured.stat_328541901,enchant.stat_328541901,rune.stat_328541901,desecrated.stat_328541901,crafted.stat_328541901
# to Level of Despair Skills			explicit.stat_2157870819
# to Level of Elemental Weakness Skills			explicit.stat_3709513762
# to Level of Enfeeble Skills			explicit.stat_3948285912
# to Level of Temporal Chains Skills			explicit.stat_1042153418
# to Level of Vulnerability Skills			explicit.stat_3507701584
# to Level of all Attack Skills			explicit.stat_3035140377,fractured.stat_3035140377,crafted.stat_3035140377
# to Level of all Chaos Skills			explicit.stat_67169579
# to Level of all Chaos Spell Skills			explicit.stat_4226189338,fractured.stat_4226189338,enchant.stat_4226189338,desecrated.stat_4226189338
# to Level of all Cold Skills			explicit.stat_1078455967,implicit.stat_1078455967
# to Level of all Cold Spell Skills			explicit.stat_2254480358,fractured.stat_2254480358,enchant.stat_2254480358,desecrated.stat_2254480358
# to Level of all Corrupted Skill Gems			implicit.stat_2251279027
# to Level of all Corrupted Spell Skill Gems			explicit.stat_2061237517
# to Level of all Curse Skills			explicit.stat_805298720,rune.stat_805298720
# to Level of all Elemental Skills			explicit.stat_2901213448
# to Level of all Fire Skills			explicit.stat_599749213
# to Level of all Fire Spell Skills			explicit.stat_591105508,fractured.stat_591105508,enchant.stat_591105508,desecrated.stat_591105508
# to Level of all Grenade Skill Gems			rune.stat_3268281424
# to Level of all Lightning Skills			explicit.stat_1147690586,rune.stat_1147690586
# to Level of all Lightning Spell Skills			explicit.stat_1545858329,fractured.stat_1545858329,enchant.stat_1545858329,desecrated.stat_1545858329
# to Level of all Mark Skills			explicit.stat_1992191903,fractured.stat_1992191903,desecrated.stat_1992191903
# to Level of all Melee Skills			explicit.stat_9187492,fractured.stat_9187492,enchant.stat_9187492,desecrated.stat_9187492
# to Level of all Minion Skills			explicit.stat_2162097452,fractured.stat_2162097452,enchant.stat_2162097452,desecrated.stat_2162097452,crafted.stat_2162097452
# to Level of all Nova Skill Gems			rune.stat_3148103963
# to Level of all Physical Spell Skills			explicit.stat_1600707273,fractured.stat_1600707273,enchant.stat_1600707273,desecrated.stat_1600707273
# to Level of all Projectile Skills			explicit.stat_1202301673,fractured.stat_1202301673,desecrated.stat_1202301673
# to Level of all Skills			explicit.stat_4283407333,enchant.stat_4283407333,desecrated.stat_4283407333
# to Level of all Slam Skill Gems			rune.stat_1839315243
# to Level of all Spell Skills			explicit.stat_124131830,fractured.stat_124131830,rune.stat_124131830,desecrated.stat_124131830,crafted.stat_124131830
# to Level of all Strike Skill Gems			rune.stat_2305301734
# to Level of all Totem Skill Gems			rune.stat_2336703514
# to Level of all Wind Skill Gems			rune.stat_653358410
# to Limit for Elemental Skills			explicit.stat_1713927892,fractured.stat_1713927892,crafted.stat_1713927892
# to Maximum Endurance Charges			explicit.stat_1515657623,enchant.stat_1515657623
# to Maximum Frenzy Charges			explicit.stat_4078695,enchant.stat_4078695
# to Maximum Power Charges			explicit.stat_227523295,enchant.stat_227523295,rune.stat_227523295
# to Maximum Rage			explicit.stat_1181501418,implicit.stat_1181501418,fractured.stat_1181501418,rune.stat_1181501418,desecrated.stat_1181501418,crafted.stat_1181501418
# to Spirit			explicit.stat_2704225257,explicit.stat_3981240776,implicit.stat_3981240776,fractured.stat_2704225257,fractured.stat_3981240776,enchant.stat_3981240776,rune.stat_2704225257,rune.stat_3981240776,desecrated.stat_2704225257,desecrated.stat_3981240776,crafted.stat_3981240776
# to Spirit per 2 Levels			rune.stat_610569665
# to Spirit per Idol socketed in your Equipment			rune.stat_1073847159
# to Spirit while you have at least 200 Dexterity			explicit.stat_2694614739
# to Spirit while you have at least 200 Intelligence			explicit.stat_1282318918
# to Spirit while you have at least 200 Strength			explicit.stat_3044685077
# to Strength			explicit.stat_4080418644,implicit.stat_4080418644,fractured.stat_4080418644,enchant.stat_4080418644,rune.stat_4080418644,desecrated.stat_4080418644,crafted.stat_4080418644
# to Strength and Dexterity			explicit.stat_538848803,desecrated.stat_538848803
# to Strength and Intelligence			explicit.stat_1535626285,desecrated.stat_1535626285
# to Stun Threshold			explicit.stat_915769802,fractured.stat_915769802,rune.stat_915769802,desecrated.stat_915769802,crafted.stat_915769802
# to Stun Threshold per Socket filled			explicit.stat_3679769182
# to Weapon Range			explicit.stat_350598685,fractured.stat_350598685,crafted.stat_350598685
# to all Attributes			explicit.stat_1379411836,explicit.stat_2897413282,implicit.stat_1379411836,fractured.stat_1379411836,fractured.stat_2897413282,rune.stat_1379411836,rune.stat_2897413282,desecrated.stat_1379411836,crafted.stat_2897413282
# to all Attributes per Level	n		explicit.stat_2333085568
# to all Attributes per Socket filled			explicit.stat_3474271079
# to maximum Energy Shield			explicit.stat_3489782002,explicit.stat_4052037485,implicit.stat_3489782002,fractured.stat_3489782002,fractured.stat_4052037485,rune.stat_3489782002,rune.stat_4052037485,desecrated.stat_3489782002,desecrated.stat_4052037485
# to maximum Life			explicit.stat_3299347043,implicit.stat_3299347043,fractured.stat_3299347043,enchant.stat_3299347043,rune.stat_3299347043,desecrated.stat_3299347043,crafted.stat_3299347043
# to maximum Life per 8 Armour on Equipped Helmet			rune.stat_2785209416
# to maximum Life per Socket filled			explicit.stat_150391334
# to maximum Mana			explicit.stat_1050105434,implicit.stat_1050105434,fractured.stat_1050105434,enchant.stat_1050105434,rune.stat_1050105434,desecrated.stat_1050105434,crafted.stat_1050105434
# to maximum Mana per 2 Item Energy Shield on Equipped Helmet			rune.stat_280497929
# to maximum Mana per 3 Item Armour on Equipped Helmet			rune.stat_995044379
# to maximum Mana per Socket filled			explicit.stat_1036267537
# to maximum Runic Ward			explicit.stat_3336230913,explicit.stat_774059442,implicit.stat_3336230913,implicit.stat_774059442,fractured.stat_3336230913,rune.stat_774059442,crafted.stat_3336230913
# to maximum Valour			explicit.stat_1896726125
# to maximum number of Elemental Infusions			explicit.stat_4097212302,fractured.stat_4097212302,desecrated.stat_4097212302,crafted.stat_4097212302
# to maximum number of Summoned Ballista Totems			explicit.stat_1823942939,fractured.stat_1823942939,desecrated.stat_1823942939,crafted.stat_1823942939
# to maximum number of Summoned Totems			explicit.stat_429867172
#% Chance to gain a Charge when you kill an enemy			explicit.stat_828533480
#% Global chance to Blind Enemies on Hit			explicit.stat_2221570601
Blind Enemies on Hit		100	explicit.stat_2221570601
#% Life Recovery from Flasks also applies to Runic Ward			implicit.stat_2650263616,rune.stat_2650263616
#% Monster Elemental Resistances			explicit.stat_1054098949,fractured.stat_1054098949,desecrated.stat_1054098949
#% Resolve Mitigation from Enemy Hits	n		sanctum.stat_142859883
#% Surpassing Chance to gain a Puppet Master stack whenever you use a Command Skill			explicit.stat_2840930496,fractured.stat_2840930496,desecrated.stat_2840930496,crafted.stat_2840930496
#% Surpassing chance to fire an additional Arrow			explicit.stat_2463230181,implicit.stat_2463230181,fractured.stat_2463230181,rune.stat_2463230181,desecrated.stat_2463230181
#% Surpassing chance to fire an additional Projectile			explicit.stat_1347539079,fractured.stat_1347539079,desecrated.stat_1347539079
#% additional Physical Damage Reduction			explicit.stat_3771516363,fractured.stat_3771516363,enchant.stat_3771516363,desecrated.stat_3771516363,sanctum.stat_3470883829
#% chance for Charms you use to not consume Charges			explicit.stat_501873429,desecrated.stat_501873429
#% chance for Energy Shield Recharge to start when you Kill an Enemy			explicit.stat_1618482990
#% chance for Flasks you use to not consume Charges			explicit.stat_311641062,desecrated.stat_311641062
#% chance for Lightning Damage with Hits to be Lucky			explicit.stat_2466011626,desecrated.stat_2466011626
#% chance for Lightning Skills to Chain an additional time			implicit.stat_3112931530
#% chance for Mace Slam Skills you use yourself to cause an additional Aftershock			explicit.stat_3950000557,desecrated.stat_3950000557
Mace Slam Skills you use yourself cause an additional Aftershock		100	explicit.stat_3950000557,desecrated.stat_3950000557
#% chance for Remnants you pick up to count as picking up an additional Remnant			explicit.stat_3422093970,fractured.stat_3422093970
#% chance for Resolve Mitigation to be doubled when Hit by an Enemy			sanctum.stat_774484840
#% chance for Skills to retain 40% of Glory on use			explicit.stat_2749595652,desecrated.stat_2749595652,crafted.stat_2749595652
Skills to retain 40% of Glory on use		100	explicit.stat_2749595652,desecrated.stat_2749595652,crafted.stat_2749595652
#% chance for Slam Skills to cause an additional Aftershock			explicit.stat_1157523820
Slam Skills cause an additional Aftershock		100	explicit.stat_1157523820
#% chance for Slam Skills you use yourself to cause an additional Aftershock			explicit.stat_2045949233,rune.stat_2045949233
Slam Skills you use yourself cause an additional Aftershock		100	explicit.stat_2045949233,rune.stat_2045949233
#% chance for Spell Damage with Critical Hits to be Lucky			explicit.stat_1133346493
#% chance for Spell Skills to fire 2 additional Projectiles			explicit.stat_2910761524,implicit.stat_2910761524,rune.stat_2910761524,desecrated.stat_2910761524
#% chance for Spell Skills to fire 8 additional Projectiles in a circle			explicit.stat_4224832423
#% chance for Trigger skills to refund half of Energy Spent			explicit.stat_599320227,desecrated.stat_599320227
Trigger skills refund half of Energy spent		100	explicit.stat_599320227,desecrated.stat_599320227
#% chance for an extra packs of Monsters around Vaal Beacons in Map			explicit.stat_1359775981
#% chance for each of your Keys to upgrade on completing a Floor			sanctum.stat_2155917449
Your Keys to upgrade on completing a Floor		100	sanctum.stat_2155917449
#% chance if you were to lose all your Honour to have 1 Honour instead			sanctum.stat_3870327403
#% chance that if you would gain Rage on Hit, you instead gain up to your maximum Rage			explicit.stat_2710292678
#% chance to Aggravate Bleeding on Hit			explicit.stat_1009412152
#% chance to Aggravate Bleeding on targets you Critically Hit with Attacks			explicit.stat_2438634449,rune.stat_2438634449
Aggravate Bleeding on targets you Critically Hit with Attacks		100	explicit.stat_2438634449,rune.stat_2438634449
#% chance to Aggravate Bleeding on targets you Hit with Attacks			explicit.stat_2705185939,desecrated.stat_2705185939
#% chance to Avoid Chaos Damage from Hits			explicit.stat_1563503803
Avoid Chaos Damage from Hits		100	explicit.stat_1563503803
#% chance to Avoid Cold Damage from Hits			explicit.stat_3743375737
Avoid Cold Damage from Hits		100	explicit.stat_3743375737
#% chance to Avoid Death from Hits			explicit.stat_1689729380
#% chance to Avoid Fire Damage from Hits			explicit.stat_42242677
Avoid Fire Damage from Hits		100	explicit.stat_42242677
#% chance to Avoid Honour loss from Enemy Hits if you've been Hit Recently	n		sanctum.stat_2284543592
#% chance to Avoid Lightning Damage from Hits			explicit.stat_2889664727
Avoid Lightning Damage from Hits		100	explicit.stat_2889664727
#% chance to Avoid Physical Damage from Hits			explicit.stat_2415497478
Avoid Physical Damage from Hits		100	explicit.stat_2415497478
#% chance to Avoid Resolve loss from Enemy Hits			sanctum.stat_2878762585
#% chance to Avoid gaining an Affliction			sanctum.stat_1960517795
Cannot gain Afflictions		100	sanctum.stat_1960517795
#% chance to Blind Enemies on Hit with Attacks			explicit.stat_318953428,fractured.stat_318953428,desecrated.stat_318953428
Blind Enemies on Hit with Attacks		100	explicit.stat_318953428,fractured.stat_318953428,desecrated.stat_318953428
#% chance to Blind Enemies on hit			enchant.stat_2301191210
#% chance to Chain an additional time			explicit.stat_1028592286,implicit.stat_1028592286,fractured.stat_1028592286,crafted.stat_1028592286
Chains an additional time		100	explicit.stat_1028592286,implicit.stat_1028592286,fractured.stat_1028592286,crafted.stat_1028592286
#% chance to Curse Enemies with Enfeeble on Block			explicit.stat_3830953767
Curse Enemies with Enfeeble on Block		100	explicit.stat_3830953767
#% chance to Gain Arcane Surge when you deal a Critical Hit			explicit.stat_446027070,desecrated.stat_446027070
Gain Arcane Surge when you deal a Critical Hit		100	explicit.stat_446027070,desecrated.stat_446027070
#% chance to Intimidate Enemies for 4 seconds on Hit			explicit.stat_78985352
Intimidate Enemies for 4 seconds on Hit		100	explicit.stat_78985352
#% chance to Maim on Hit			implicit.stat_2763429652,enchant.stat_2763429652
Maim on Hit		100	implicit.stat_2763429652,enchant.stat_2763429652
#% chance to Pierce an Enemy			explicit.stat_2321178454,implicit.stat_2321178454,fractured.stat_2321178454,enchant.stat_2321178454,desecrated.stat_2321178454
#% chance to Poison on Hit			explicit.stat_795138349,fractured.stat_795138349,desecrated.stat_795138349
Always Poison on Hit		100	explicit.stat_795138349,fractured.stat_795138349,desecrated.stat_795138349
#% chance to Poison on Hit with Attacks			explicit.stat_3954735777,implicit.stat_3954735777
Always Poison on Hit with Attacks		100	explicit.stat_3954735777,implicit.stat_3954735777
#% chance to Poison on Hit with Spell Damage			explicit.stat_1493211587
#% chance to Poison on Hit with this weapon			explicit.stat_3885634897,enchant.stat_3885634897,rune.stat_3885634897
Always Poison on Hit with this weapon		100	explicit.stat_3885634897,enchant.stat_3885634897,rune.stat_3885634897
#% chance to add a Vaal Beacon Unique Monster to the Map			explicit.stat_3937291366
#% chance to avoid Projectiles			explicit.stat_3452269808
Avoid Projectiles		100	explicit.stat_3452269808
#% chance to be Poisoned			explicit.stat_4250009622
#% chance to be inflicted with Bleeding when Hit			explicit.stat_3423694372
#% chance to build an additional Combo on Hit			explicit.stat_4258524206,fractured.stat_4258524206,rune.stat_4258524206,desecrated.stat_4258524206
Build an additional Combo on Hit		100	explicit.stat_4258524206,fractured.stat_4258524206,rune.stat_4258524206,desecrated.stat_4258524206
#% chance to cause Bleeding on Hit			explicit.stat_1519615863,implicit.stat_1519615863,enchant.stat_1519615863,rune.stat_1519615863
#% chance to create an additional Remnant			rune.stat_2328443419
#% chance to deal your Thorns Damage to Enemies you Hit with Melee Attacks			explicit.stat_2880019685
#% chance to gain Nature's Archon when your Plants Overgrow			explicit.stat_3518449420,fractured.stat_3518449420,crafted.stat_3518449420
#% chance to gain Onslaught for 3 seconds when you kill an\n enemy affected by Abyssal Wasting			explicit.stat_3451259830
#% chance to gain Onslaught on Killing Hits with this Weapon			explicit.stat_1881230714,fractured.stat_1881230714,crafted.stat_1881230714
#% chance to gain Volatility on Kill			explicit.stat_3749502527,fractured.stat_3749502527
gain Volatility on Kill		100	explicit.stat_3749502527,fractured.stat_3749502527
#% chance to gain a Power Charge on Critical Hit			explicit.stat_3814876985
Gain a Power Charge on Critical Hit		100	explicit.stat_3814876985
#% chance to gain a Power Charge on Hit			explicit.stat_1453197917
#% chance to gain an additional Crystal from Vaal Beacons in Map			explicit.stat_1940774881
#% chance to gain an additional random Charge when you gain a Charge			explicit.stat_504210122
Gain an additional random Charge when you gain a Charge		100	explicit.stat_504210122
#% chance to inflict Bleeding on Hit			explicit.stat_2174054121,fractured.stat_2174054121,rune.stat_2174054121,desecrated.stat_2174054121
Always inflict Bleeding on Hit		100	explicit.stat_2174054121,fractured.stat_2174054121,rune.stat_2174054121,desecrated.stat_2174054121
#% chance to inflict Exposure on Hit			explicit.stat_3602667353
Inflict Exposure on Hit		100	explicit.stat_3602667353
#% chance to inflict Withered with Hits against targets affected by Abyssal Wasting			explicit.stat_2614251226
#% chance to load a bolt into all Crossbow skills on Kill			explicit.stat_3823990000
#% chance to not destroy Corpses when Consuming Corpses			explicit.stat_965913123
Don't destroy Corpses when Consuming Corpses		100	explicit.stat_965913123
#% chance to revive one of your Persistent Minions when you kill an\n enemy affected by Abyssal Wasting			explicit.stat_19819865
#% chance when a Charm is used to use another Charm without consuming Charges			explicit.stat_1949851472,desecrated.stat_1949851472
#% chance when collecting an Elemental Infusion to gain an\nadditional Elemental Infusion of the same type			explicit.stat_3927679277,desecrated.stat_3927679277
When collecting an Elemental Infusion, gain an additional Elemental Infusion of the same type		100	explicit.stat_3927679277,desecrated.stat_3927679277
#% chance when you Reload a Crossbow to be immediate			explicit.stat_2760344900,desecrated.stat_2760344900
#% chance when you gain a Charge to gain an additional Charge			explicit.stat_1555237944,rune.stat_1555237944
Gain an additional Charge when you gain a Charge		100	explicit.stat_1555237944,rune.stat_1555237944
#% chance when you gain a Frenzy Charge to gain an additional Frenzy Charge			rune.stat_2916861134
Gain an additional Frenzy Charge when you gain a Frenzy Charge		100	rune.stat_2916861134
#% chance when you gain a Power Charge to gain an additional Power Charge			explicit.stat_3537994888,rune.stat_3537994888
Gain an additional Power Charge when you gain a Power Charge		100	explicit.stat_3537994888,rune.stat_3537994888
#% chance when you gain an Endurance Charge to gain an additional Endurance Charge			rune.stat_1228682002
Gain an additional Endurance Charge when you gain an Endurance Charge		100	rune.stat_1228682002
#% slower Curse Activation	n		explicit.stat_1104825894,fractured.stat_1104825894,desecrated.stat_1104825894
#% faster Curse Activation	n		explicit.stat_1104825894,fractured.stat_1104825894,desecrated.stat_1104825894
#% faster Dodge Roll			explicit.stat_504054855
#% faster start of Energy Shield Recharge			explicit.stat_1782086450,implicit.stat_1782086450,fractured.stat_1782086450,enchant.stat_1782086450,rune.stat_1782086450,desecrated.stat_1782086450
#% slower start of Energy Shield Recharge	n		explicit.stat_1782086450,implicit.stat_1782086450,fractured.stat_1782086450,enchant.stat_1782086450,rune.stat_1782086450,desecrated.stat_1782086450
#% increased Accuracy Rating			explicit.stat_624954515,implicit.stat_624954515,fractured.stat_624954515,rune.stat_624954515,desecrated.stat_624954515
#% reduced Accuracy Rating	n		explicit.stat_624954515,implicit.stat_624954515,fractured.stat_624954515,rune.stat_624954515,desecrated.stat_624954515
#% increased Accuracy Rating against Enemies affected by Abyssal Wasting			explicit.stat_4255854327
#% reduced Accuracy Rating against Enemies affected by Abyssal Wasting	n		explicit.stat_4255854327
#% increased Accuracy Rating with Bows			explicit.stat_169946467,fractured.stat_169946467,desecrated.stat_169946467
#% reduced Accuracy Rating with Bows	n		explicit.stat_169946467,fractured.stat_169946467,desecrated.stat_169946467
#% increased Amount Recovered			explicit.stat_700317374
#% reduced Amount Recovered	n		explicit.stat_700317374
#% increased Archon Buff duration			explicit.stat_2158617060,fractured.stat_2158617060,desecrated.stat_2158617060,crafted.stat_2158617060
#% reduced Archon Buff duration	n		explicit.stat_2158617060,fractured.stat_2158617060,desecrated.stat_2158617060,crafted.stat_2158617060
#% increased Area of Effect			explicit.stat_280731498,fractured.stat_280731498,enchant.stat_280731498,rune.stat_280731498,desecrated.stat_280731498,crafted.stat_280731498
#% reduced Area of Effect	n		explicit.stat_280731498,fractured.stat_280731498,enchant.stat_280731498,rune.stat_280731498,desecrated.stat_280731498,crafted.stat_280731498
#% increased Area of Effect for Attacks			explicit.stat_1840985759,implicit.stat_1840985759,fractured.stat_1840985759,desecrated.stat_1840985759,crafted.stat_1840985759
#% reduced Area of Effect for Attacks	n		explicit.stat_1840985759,implicit.stat_1840985759,fractured.stat_1840985759,desecrated.stat_1840985759,crafted.stat_1840985759
#% increased Area of Effect for Attacks per 10 Intelligence			explicit.stat_434750362
#% reduced Area of Effect for Attacks per 10 Intelligence	n		explicit.stat_434750362
#% increased Area of Effect if you've Killed Recently			explicit.stat_3481736410
#% reduced Area of Effect if you've Killed Recently	n		explicit.stat_3481736410
#% increased Area of Effect of Curses			explicit.stat_153777645,fractured.stat_153777645,rune.stat_153777645,desecrated.stat_153777645
#% reduced Area of Effect of Curses	n		explicit.stat_153777645,fractured.stat_153777645,rune.stat_153777645,desecrated.stat_153777645
#% increased Armour			explicit.stat_1062208444,explicit.stat_2866361420,fractured.stat_1062208444,fractured.stat_2866361420,enchant.stat_1062208444,enchant.stat_2866361420,desecrated.stat_1062208444,desecrated.stat_2866361420,sanctum.stat_1737465970,crafted.stat_1062208444,crafted.stat_2866361420
#% reduced Armour	n		explicit.stat_1062208444,explicit.stat_2866361420,fractured.stat_1062208444,fractured.stat_2866361420,enchant.stat_1062208444,enchant.stat_2866361420,desecrated.stat_1062208444,desecrated.stat_2866361420,sanctum.stat_1737465970,crafted.stat_1062208444,crafted.stat_2866361420
#% increased Armour Break Duration			explicit.stat_2637470878,fractured.stat_2637470878,desecrated.stat_2637470878
#% reduced Armour Break Duration	n		explicit.stat_2637470878,fractured.stat_2637470878,desecrated.stat_2637470878
#% increased Armour and Energy Shield			explicit.stat_3321629045,fractured.stat_3321629045,enchant.stat_3321629045,desecrated.stat_3321629045,crafted.stat_3321629045
#% reduced Armour and Energy Shield	n		explicit.stat_3321629045,fractured.stat_3321629045,enchant.stat_3321629045,desecrated.stat_3321629045,crafted.stat_3321629045
#% increased Armour and Evasion			explicit.stat_2451402625,fractured.stat_2451402625,enchant.stat_2451402625,desecrated.stat_2451402625,crafted.stat_2451402625
#% reduced Armour and Evasion	n		explicit.stat_2451402625,fractured.stat_2451402625,enchant.stat_2451402625,desecrated.stat_2451402625,crafted.stat_2451402625
#% increased Armour and Evasion Rating while on Low Runic Ward			rune.stat_1392112423
#% reduced Armour and Evasion Rating while on Low Runic Ward	n		rune.stat_1392112423
#% increased Armour from Equipped Body Armour			explicit.stat_1015576579,desecrated.stat_1015576579
#% reduced Armour from Equipped Body Armour	n		explicit.stat_1015576579,desecrated.stat_1015576579
#% increased Armour, Evasion and Energy Shield			explicit.stat_3523867985,fractured.stat_3523867985,rune.stat_3523867985,desecrated.stat_3523867985,sanctum.stat_1016362888
#% reduced Armour, Evasion and Energy Shield	n		explicit.stat_3523867985,fractured.stat_3523867985,rune.stat_3523867985,desecrated.stat_3523867985,sanctum.stat_1016362888
#% increased Armour, Evasion and Energy Shield from Equipped Shield			explicit.stat_2523933828,fractured.stat_2523933828,desecrated.stat_2523933828
#% reduced Armour, Evasion and Energy Shield from Equipped Shield	n		explicit.stat_2523933828,fractured.stat_2523933828,desecrated.stat_2523933828
#% increased Armour, Evasion and Energy Shield while your Companion is in your Presence			rune.stat_2829985691
#% reduced Armour, Evasion and Energy Shield while your Companion is in your Presence	n		rune.stat_2829985691
#% increased Arrow Speed			explicit.stat_1207554355,implicit.stat_1207554355
#% reduced Arrow Speed	n		explicit.stat_1207554355,implicit.stat_1207554355
#% increased Attack Damage			explicit.stat_2843214518,fractured.stat_2843214518,desecrated.stat_2843214518,crafted.stat_2843214518
#% reduced Attack Damage	n		explicit.stat_2843214518,fractured.stat_2843214518,desecrated.stat_2843214518,crafted.stat_2843214518
#% increased Attack Damage against Rare or Unique Enemies			rune.stat_2077615515
#% reduced Attack Damage against Rare or Unique	n		rune.stat_2077615515
#% increased Attack Damage while Surrounded			explicit.stat_2879725899
#% reduced Attack Damage while Surrounded	n		explicit.stat_2879725899
#% increased Attack Damage while not on Low Mana			explicit.stat_2462683918
#% reduced Attack Damage while not on Low Mana	n		explicit.stat_2462683918
#% increased Attack Damage while on Low Life			explicit.stat_4246007234,desecrated.stat_4246007234
#% reduced Attack Damage while on Low Life	n		explicit.stat_4246007234,desecrated.stat_4246007234
#% increased Attack Speed			explicit.stat_210067635,explicit.stat_681332047,implicit.stat_681332047,fractured.stat_210067635,fractured.stat_681332047,enchant.stat_210067635,rune.stat_210067635,rune.stat_681332047,desecrated.stat_210067635,desecrated.stat_681332047,crafted.stat_210067635,crafted.stat_681332047
#% reduced Attack Speed	n		explicit.stat_210067635,explicit.stat_681332047,implicit.stat_681332047,fractured.stat_210067635,fractured.stat_681332047,enchant.stat_210067635,rune.stat_210067635,rune.stat_681332047,desecrated.stat_210067635,desecrated.stat_681332047,crafted.stat_210067635,crafted.stat_681332047
#% increased Attack Speed if you have Blocked Recently			rune.stat_3203854378
#% reduced Attack Speed if you have Blocked Recently	n		rune.stat_3203854378
#% increased Attack Speed per 10 Dexterity			explicit.stat_889691035
#% reduced Attack Speed per 10 Dexterity	n		explicit.stat_889691035
#% increased Attack Speed per 20 Dexterity			explicit.stat_720908147
#% reduced Attack Speed per 20 Dexterity	n		explicit.stat_720908147
#% increased Attack Speed per 20 Spirit			explicit.stat_324579579
#% reduced Attack Speed per 20 Spirit	n		explicit.stat_324579579
#% increased Attack Speed per 25 Dexterity			explicit.stat_2241560081
#% increased Attack Speed while a Rare or Unique Enemy is in your Presence			explicit.stat_314741699,desecrated.stat_314741699
#% reduced Attack Speed while a Rare or Unique is in your Presence	n		explicit.stat_314741699,desecrated.stat_314741699
#% increased Attack Speed while missing Runic Ward			explicit.stat_325171970,fractured.stat_325171970,crafted.stat_325171970
#% reduced Attack Speed while missing Runic Ward	n		explicit.stat_325171970,fractured.stat_325171970,crafted.stat_325171970
#% increased Attack Speed while on Full Mana			explicit.stat_4145314483
#% reduced Attack Speed while on Full Mana	n		explicit.stat_4145314483
#% increased Attack Speed while your Companion is in your Presence			explicit.stat_299996,desecrated.stat_299996
#% reduced Attack Speed while your Companion is in your Presence	n		explicit.stat_299996,desecrated.stat_299996
#% increased Attack Speed with Bows			explicit.stat_3759735052,fractured.stat_3759735052,desecrated.stat_3759735052
#% reduced Attack Speed with Bows	n		explicit.stat_3759735052,fractured.stat_3759735052,desecrated.stat_3759735052
#% increased Attack Speed with Crossbows			explicit.stat_1135928777,fractured.stat_1135928777,desecrated.stat_1135928777
#% reduced Attack Speed with Crossbows	n		explicit.stat_1135928777,fractured.stat_1135928777,desecrated.stat_1135928777
#% increased Attack Speed with Quarterstaves			explicit.stat_3283482523,fractured.stat_3283482523,desecrated.stat_3283482523
#% reduced Attack Speed with Quarterstaves	n		explicit.stat_3283482523,fractured.stat_3283482523,desecrated.stat_3283482523
#% increased Attack Speed with Spears			explicit.stat_1165163804,fractured.stat_1165163804,desecrated.stat_1165163804
#% reduced Attack Speed with Spears	n		explicit.stat_1165163804,fractured.stat_1165163804,desecrated.stat_1165163804
#% increased Attack and Cast Speed			explicit.stat_2672805335
#% reduced Attack and Cast Speed	n		explicit.stat_2672805335
#% increased Attack and Cast Speed if you've summoned a Totem Recently			explicit.stat_3910614548
#% reduced Attack and Cast Speed if you've summoned a Totem Recently	n		explicit.stat_3910614548
#% increased Attribute Requirements			explicit.stat_3639275092,fractured.stat_3639275092,enchant.stat_3639275092,desecrated.stat_3639275092
#% reduced Attribute Requirements	n		explicit.stat_3639275092,fractured.stat_3639275092,enchant.stat_3639275092,desecrated.stat_3639275092
#% increased Attributes			explicit.stat_3143208761
#% reduced Attributes	n		explicit.stat_3143208761
#% increased Attributes per Socket filled			explicit.stat_2513318031
#% reduced Attributes per Socket filled	n		explicit.stat_2513318031
#% increased Bleeding Duration			explicit.stat_1459321413,implicit.stat_1459321413,fractured.stat_1459321413,desecrated.stat_1459321413
#% reduced Bleeding Duration	n		explicit.stat_1459321413,implicit.stat_1459321413,fractured.stat_1459321413,desecrated.stat_1459321413
#% increased Blind Effect			explicit.stat_1585769763,fractured.stat_1585769763,desecrated.stat_1585769763
#% reduced Blind Effect	n		explicit.stat_1585769763,fractured.stat_1585769763,desecrated.stat_1585769763
#% increased Block chance			explicit.stat_2481353198,explicit.stat_4147897060,fractured.stat_2481353198,fractured.stat_4147897060,enchant.stat_2481353198,rune.stat_2481353198,desecrated.stat_2481353198,desecrated.stat_4147897060,crafted.stat_2481353198
#% reduced Block chance	n		explicit.stat_2481353198,explicit.stat_4147897060,fractured.stat_2481353198,fractured.stat_4147897060,enchant.stat_2481353198,rune.stat_2481353198,desecrated.stat_2481353198,desecrated.stat_4147897060,crafted.stat_2481353198
#% increased Block chance against Projectiles			explicit.stat_3583542124
#% increased Block chance per 100 total Item Armour on Equipped Armour Items			explicit.stat_2531622767
#% increased Block chance while your Companion is in your Presence			rune.stat_3087034595
#% reduced Block chance while your Companion is in your Presence	n		rune.stat_3087034595
#% increased Bolt Speed			implicit.stat_1803308202
#% reduced Bolt Speed	n		implicit.stat_1803308202
#% increased Cast Speed			explicit.stat_2891184298,implicit.stat_2891184298,fractured.stat_2891184298,enchant.stat_2891184298,rune.stat_2891184298,desecrated.stat_2891184298,crafted.stat_2891184298
#% reduced Cast Speed	n		explicit.stat_2891184298,implicit.stat_2891184298,fractured.stat_2891184298,enchant.stat_2891184298,rune.stat_2891184298,desecrated.stat_2891184298,crafted.stat_2891184298
#% increased Cast Speed during any Flask Effect			explicit.stat_145581225,fractured.stat_145581225
#% increased Cast Speed for each different Non-Instant Spell you've Cast Recently			explicit.stat_1518586897,desecrated.stat_1518586897
#% reduced Cast Speed for each different Non-Instant Spell you've Cast Recently	n		explicit.stat_1518586897,desecrated.stat_1518586897
#% increased Cast Speed if you've dealt a Critical Hit Recently			explicit.stat_1174076861
#% reduced Cast Speed if you've dealt a Critical Hit Recently	n		explicit.stat_1174076861
#% increased Cast Speed per 20 Spirit			explicit.stat_34174842
#% reduced Cast Speed per 20 Spirit	n		explicit.stat_34174842
#% increased Cast Speed when on Full Life			explicit.stat_656291658,desecrated.stat_656291658
#% reduced Cast Speed when on Full Life	n		explicit.stat_656291658,desecrated.stat_656291658
#% increased Cast Speed when on Low Life			explicit.stat_1136768410,desecrated.stat_1136768410
#% reduced Cast Speed when on Low Life	n		explicit.stat_1136768410,desecrated.stat_1136768410
#% increased Cast Speed while on Full Mana			explicit.stat_1914226331,desecrated.stat_1914226331
#% reduced Cast Speed while on Full Mana	n		explicit.stat_1914226331,desecrated.stat_1914226331
#% increased Chance to be afflicted by Ailments when Hit			explicit.stat_892489594
#% reduced Chance to be afflicted by Ailments when Hit	n		explicit.stat_892489594
#% increased Chaos Damage			explicit.stat_736967255,implicit.stat_736967255,fractured.stat_736967255,desecrated.stat_736967255,crafted.stat_736967255
#% reduced Chaos Damage	n		explicit.stat_736967255,implicit.stat_736967255,fractured.stat_736967255,desecrated.stat_736967255,crafted.stat_736967255
#% increased Chaos Damage for each Corrupted Item Equipped			implicit.stat_4004011170
#% reduced Chaos Damage for each Corrupted Item Equipped	n		implicit.stat_4004011170
#% increased Charges			explicit.stat_1366840608
#% reduced Charges	n		explicit.stat_1366840608
#% increased Charges gained			explicit.stat_3196823591
#% reduced Charges gained	n		explicit.stat_3196823591
#% increased Charges per use			explicit.stat_388617051
#% increased Charges per use. -1% to this value when used			explicit.stat_388617051
#% reduced Charges per use	n		explicit.stat_388617051
#% reduced Charges per use. -1% to this value when used	n		explicit.stat_388617051
#% increased Charm Charges gained			explicit.stat_3585532255,implicit.stat_3585532255,fractured.stat_3585532255,rune.stat_3585532255,desecrated.stat_3585532255
#% reduced Charm Charges gained	n		explicit.stat_3585532255,implicit.stat_3585532255,fractured.stat_3585532255,rune.stat_3585532255,desecrated.stat_3585532255
#% increased Charm Effect Duration			explicit.stat_1389754388,implicit.stat_1389754388,fractured.stat_1389754388,desecrated.stat_1389754388
#% reduced Charm Effect Duration	n		explicit.stat_1389754388,implicit.stat_1389754388,fractured.stat_1389754388,desecrated.stat_1389754388
#% increased Chill Duration on Enemies			explicit.stat_3485067555,fractured.stat_3485067555,desecrated.stat_3485067555
#% reduced Chill Duration on Enemies	n		explicit.stat_3485067555,fractured.stat_3485067555,desecrated.stat_3485067555
#% increased Cold Damage			explicit.stat_3291658075,fractured.stat_3291658075,desecrated.stat_3291658075,crafted.stat_3291658075
#% reduced Cold Damage	n		explicit.stat_3291658075,fractured.stat_3291658075,desecrated.stat_3291658075,crafted.stat_3291658075
#% increased Cold Damage if you've collected a Cold Infusion in the last 8 seconds			explicit.stat_1002535626,desecrated.stat_1002535626,crafted.stat_1002535626
#% increased Cooldown Recovery Rate			explicit.stat_1004011302,fractured.stat_1004011302,enchant.stat_1004011302,rune.stat_1004011302,desecrated.stat_1004011302,crafted.stat_1004011302
#% reduced Cooldown Recovery Rate	n		explicit.stat_1004011302,fractured.stat_1004011302,enchant.stat_1004011302,rune.stat_1004011302,desecrated.stat_1004011302,crafted.stat_1004011302
#% increased Cooldown Recovery Rate for Grenade Skills			explicit.stat_1544773869,fractured.stat_1544773869,desecrated.stat_1544773869
#% reduced Cooldown Recovery Rate for Grenade Skills	n		explicit.stat_1544773869,fractured.stat_1544773869,desecrated.stat_1544773869
#% increased Corrupted Charms effect duration			explicit.stat_1571268546
#% increased Cost Efficiency			explicit.stat_263495202,rune.stat_263495202,desecrated.stat_263495202
#% reduced Cost Efficiency	n		explicit.stat_263495202,rune.stat_263495202,desecrated.stat_263495202
#% increased Cost Efficiency of Attacks			explicit.stat_3350279336,desecrated.stat_3350279336
#% reduced Cost Efficiency of Attacks	n		explicit.stat_3350279336,desecrated.stat_3350279336
#% increased Cost Efficiency of Skills if you've consumed a Power Charge Recently			explicit.stat_2369495153
#% reduced Cost Efficiency of Skills if you've consumed a Power Charge Recently	n		explicit.stat_2369495153
#% increased Cost of Skills for each 200 total Mana Spent Recently			explicit.stat_2650053239
#% reduced Cost of Skills for each 200 total Mana Spent Recently	n		explicit.stat_2650053239
#% increased Critical Damage Bonus			explicit.stat_3556824919,fractured.stat_3556824919,enchant.stat_3556824919,desecrated.stat_3556824919,crafted.stat_3556824919
#% reduced Critical Damage Bonus	n		explicit.stat_3556824919,fractured.stat_3556824919,enchant.stat_3556824919,desecrated.stat_3556824919,crafted.stat_3556824919
#% increased Critical Damage Bonus for Attack Damage			explicit.stat_3714003708,fractured.stat_3714003708,desecrated.stat_3714003708,crafted.stat_3714003708
#% increased Critical Damage Bonus if you've consumed a Power Charge Recently			explicit.stat_23669307
#% reduced Critical Damage Bonus if you've consumed a Power Charge Recently	n		explicit.stat_23669307
#% increased Critical Damage Bonus per Power Charge			explicit.stat_4164870816
#% reduced Critical Damage Bonus per Power Charge	n		explicit.stat_4164870816
#% increased Critical Damage Bonus while Shocked			explicit.stat_2408983956
#% reduced Critical Damage Bonus while Shocked	n		explicit.stat_2408983956
#% increased Critical Damage Bonus with Spears			explicit.stat_2456523742,fractured.stat_2456523742,desecrated.stat_2456523742
#% increased Critical Hit Chance			explicit.stat_587431675,fractured.stat_587431675,rune.stat_587431675,desecrated.stat_587431675
#% reduced Critical Hit Chance	n		explicit.stat_587431675,fractured.stat_587431675,rune.stat_587431675,desecrated.stat_587431675
#% increased Critical Hit Chance against Marked Enemies			explicit.stat_1045789614,desecrated.stat_1045789614
#% reduced Critical Hit Chance against Marked Enemies	n		explicit.stat_1045789614,desecrated.stat_1045789614
#% increased Critical Hit Chance for Attacks			explicit.stat_2194114101,implicit.stat_2194114101,fractured.stat_2194114101,desecrated.stat_2194114101,crafted.stat_2194114101
#% reduced Critical Hit Chance for Attacks	n		explicit.stat_2194114101,implicit.stat_2194114101,fractured.stat_2194114101,desecrated.stat_2194114101,crafted.stat_2194114101
#% increased Critical Hit Chance for Spells			explicit.stat_737908626,fractured.stat_737908626,enchant.stat_737908626,rune.stat_737908626,desecrated.stat_737908626,crafted.stat_737908626
#% reduced Critical Hit Chance for Spells	n		explicit.stat_737908626,fractured.stat_737908626,enchant.stat_737908626,rune.stat_737908626,desecrated.stat_737908626,crafted.stat_737908626
#% increased Critical Hit Chance if you haven't dealt a Critical Hit Recently			explicit.stat_2856328513
#% reduced Critical Hit Chance if you haven't dealt a Critical Hit Recently	n		explicit.stat_2856328513
#% increased Critical Spell Damage Bonus			explicit.stat_274716455,fractured.stat_274716455,desecrated.stat_274716455,crafted.stat_274716455
#% reduced Critical Spell Damage Bonus	n		explicit.stat_274716455,fractured.stat_274716455,desecrated.stat_274716455,crafted.stat_274716455
#% increased Critical Spell Damage Bonus per Critical Hit you've dealt with Spells Recently			explicit.stat_2972244965
#% reduced Critical Spell Damage Bonus per Critical Hit you've dealt with Spells Recently	n		explicit.stat_2972244965
#% increased Crossbow Reload Speed			explicit.stat_3192728503,fractured.stat_3192728503,desecrated.stat_3192728503
#% reduced Crossbow Reload Speed	n		explicit.stat_3192728503,fractured.stat_3192728503,desecrated.stat_3192728503
#% increased Culling Strike Threshold			explicit.stat_3563080185,desecrated.stat_3563080185
#% reduced Culling Strike Threshold	n		explicit.stat_3563080185,desecrated.stat_3563080185
#% increased Curse Duration			explicit.stat_3824372849,fractured.stat_3824372849,rune.stat_3824372849,desecrated.stat_3824372849
#% reduced Curse Duration	n		explicit.stat_3824372849,fractured.stat_3824372849,rune.stat_3824372849,desecrated.stat_3824372849
#% increased Curse Magnitudes			explicit.stat_2353576063,fractured.stat_2353576063,enchant.stat_2353576063,rune.stat_2353576063,desecrated.stat_2353576063
#% reduced Curse Magnitudes	n		explicit.stat_2353576063,fractured.stat_2353576063,enchant.stat_2353576063,rune.stat_2353576063,desecrated.stat_2353576063
#% increased Damage			explicit.stat_2154246560,enchant.stat_2154246560
#% reduced Damage	n		explicit.stat_2154246560,enchant.stat_2154246560
#% increased Damage against Enemies with Fully Broken Armour			explicit.stat_2301718443,fractured.stat_2301718443,desecrated.stat_2301718443
#% reduced Damage against Enemies with Fully Broken Armour	n		explicit.stat_2301718443,fractured.stat_2301718443,desecrated.stat_2301718443
#% increased Damage against Immobilised Enemies			explicit.stat_3120508478
#% reduced Damage against Immobilised Enemies	n		explicit.stat_3120508478
#% increased Damage for each type of Elemental Ailment on Enemy			explicit.stat_3388405805
#% reduced Damage for each type of Elemental Ailment on Enemy	n		explicit.stat_3388405805
#% increased Damage if you have Consumed a Corpse Recently			explicit.stat_2118708619,fractured.stat_2118708619,desecrated.stat_2118708619
#% reduced Damage if you have Consumed a Corpse Recently	n		explicit.stat_2118708619,fractured.stat_2118708619,desecrated.stat_2118708619
#% increased Damage per Curse on you			explicit.stat_1019020209
#% reduced Damage per Curse on you	n		explicit.stat_1019020209
#% increased Damage per Minion			explicit.stat_3399499561
#% reduced Damage per Minion	n		explicit.stat_3399499561
#% increased Damage per each different Companion in your Presence			rune.stat_3151560620
#% reduced Damage per each different Companion in your Presence	n		rune.stat_3151560620
#% increased Damage taken			implicit.stat_3691641145
#% reduced Damage taken	n		implicit.stat_3691641145
#% increased Damage while Leeching			explicit.stat_310246444
#% reduced Damage while Leeching	n		explicit.stat_310246444
#% increased Damage while Shapeshifted			explicit.stat_2440073079,fractured.stat_2440073079,desecrated.stat_2440073079
#% reduced Damage while Shapeshifted	n		explicit.stat_2440073079,fractured.stat_2440073079,desecrated.stat_2440073079
#% increased Damage while you have a Totem			explicit.stat_2543331226,desecrated.stat_2543331226
#% reduced Damage while you have a Totem	n		explicit.stat_2543331226,desecrated.stat_2543331226
#% increased Damage while you have an active Charm			explicit.stat_627767961,fractured.stat_627767961,desecrated.stat_627767961
#% reduced Damage while you have an active Charm	n		explicit.stat_627767961,fractured.stat_627767961,desecrated.stat_627767961
#% increased Damage while your Companion is in your Presence			explicit.stat_693180608,desecrated.stat_693180608
#% reduced Damage while your Companion is in your Presence	n		explicit.stat_693180608,desecrated.stat_693180608
#% increased Damage with Bow Skills			explicit.stat_1241625305,fractured.stat_1241625305,desecrated.stat_1241625305,crafted.stat_1241625305
#% reduced Damage with Bow Skills	n		explicit.stat_1241625305,fractured.stat_1241625305,desecrated.stat_1241625305,crafted.stat_1241625305
#% increased Damage with Bows			explicit.stat_4188894176,fractured.stat_4188894176,desecrated.stat_4188894176
#% reduced Damage with Bows	n		explicit.stat_4188894176,fractured.stat_4188894176,desecrated.stat_4188894176
#% increased Damage with Crossbows			explicit.stat_427684353,fractured.stat_427684353,desecrated.stat_427684353
#% reduced Damage with Crossbows	n		explicit.stat_427684353,fractured.stat_427684353,desecrated.stat_427684353
#% increased Damage with Hits against Rare and Unique Enemies			explicit.stat_1852872083,fractured.stat_1852872083,desecrated.stat_1852872083
#% reduced Damage with Hits against Rare and Unique Enemies	n		explicit.stat_1852872083,fractured.stat_1852872083,desecrated.stat_1852872083
#% increased Damage with Hits against targets in your Presence			explicit.stat_4015438188
#% reduced Damage with Hits against targets in your Presence	n		explicit.stat_4015438188
#% increased Damage with Maces			explicit.stat_1181419800,fractured.stat_1181419800,desecrated.stat_1181419800
#% reduced Damage with Maces	n		explicit.stat_1181419800,fractured.stat_1181419800,desecrated.stat_1181419800
#% increased Damage with Plant Skills			explicit.stat_2518900926,fractured.stat_2518900926,desecrated.stat_2518900926
#% reduced Damage with Plant Skills	n		explicit.stat_2518900926,fractured.stat_2518900926,desecrated.stat_2518900926
#% increased Damage with Quarterstaves			explicit.stat_4045894391,fractured.stat_4045894391,desecrated.stat_4045894391
#% reduced Damage with Quarterstaves	n		explicit.stat_4045894391,fractured.stat_4045894391,desecrated.stat_4045894391
#% increased Damage with Spears			explicit.stat_2696027455,fractured.stat_2696027455,desecrated.stat_2696027455
#% reduced Damage with Spears	n		explicit.stat_2696027455,fractured.stat_2696027455,desecrated.stat_2696027455
#% increased Damage with Warcries			explicit.stat_1594812856,fractured.stat_1594812856,desecrated.stat_1594812856
#% reduced Damage with Warcries	n		explicit.stat_1594812856,fractured.stat_1594812856,desecrated.stat_1594812856
#% increased Daze Buildup			explicit.stat_1949833742
#% reduced Daze Buildup	n		explicit.stat_1949833742
#% increased Deflection Rating			explicit.stat_3040571529,rune.stat_3040571529,desecrated.stat_3040571529
#% reduced Deflection Rating	n		explicit.stat_3040571529,rune.stat_3040571529,desecrated.stat_3040571529
#% increased Deflection Rating while moving			explicit.stat_1382805233,rune.stat_1382805233
#% reduced Deflection Rating while moving	n		explicit.stat_1382805233,rune.stat_1382805233
#% increased Desecrated Modifier magnitudes			explicit.stat_586037801
#% increased Dexterity			explicit.stat_4139681126,fractured.stat_4139681126,desecrated.stat_4139681126,crafted.stat_4139681126
#% reduced Dexterity	n		explicit.stat_4139681126,fractured.stat_4139681126,desecrated.stat_4139681126,crafted.stat_4139681126
#% increased Duration			explicit.stat_1256719186,explicit.stat_2541588185
#% increased Duration. -1% to this value when used			explicit.stat_1256719186,explicit.stat_2541588185
#% reduced Duration	n		explicit.stat_1256719186,explicit.stat_2541588185
#% reduced Duration. -1% to this value when used	n		explicit.stat_1256719186,explicit.stat_2541588185
#% increased Duration of Ailments on You			explicit.stat_548070846,fractured.stat_548070846,desecrated.stat_548070846
#% reduced Duration of Ailments on You	n		explicit.stat_548070846,fractured.stat_548070846,desecrated.stat_548070846
#% increased Duration of Bleeding on You			explicit.stat_1692879867,fractured.stat_1692879867,desecrated.stat_1692879867
#% reduced Duration of Bleeding on You	n		explicit.stat_1692879867,fractured.stat_1692879867,desecrated.stat_1692879867
#% increased Duration of Curses on you			explicit.stat_2920970371,implicit.stat_2920970371
#% reduced Duration of Curses on you	n		explicit.stat_2920970371,implicit.stat_2920970371
#% increased Duration of Damaging Ailments on Enemies			explicit.stat_1829102168,fractured.stat_1829102168,desecrated.stat_1829102168,crafted.stat_1829102168
#% reduced Duration of Damaging Ailments on Enemies	n		explicit.stat_1829102168,fractured.stat_1829102168,desecrated.stat_1829102168,crafted.stat_1829102168
#% increased Duration of Elemental Ailments on Enemies			explicit.stat_2604619892,desecrated.stat_2604619892
#% reduced Duration of Elemental Ailments on Enemies	n		explicit.stat_2604619892,desecrated.stat_2604619892
#% increased Duration of Ignite, Shock and Chill on Enemies			explicit.stat_1062710370,fractured.stat_1062710370,desecrated.stat_1062710370
#% reduced Duration of Ignite, Shock and Chill on Enemies	n		explicit.stat_1062710370,fractured.stat_1062710370,desecrated.stat_1062710370
#% increased Duration of Poisons you inflict when you've consumed a Frenzy Charge Recently			explicit.stat_3841138199
#% reduced Duration of Poisons you inflict when you've consumed a Frenzy Charge Recently	n		explicit.stat_3841138199
#% increased Effect of Remnants in Area			explicit.stat_3078574625
#% increased Effect of Remnants in your Maps			explicit.stat_3078574625
#% increased Effect of Expedition Remnants in Map			explicit.stat_3078574625
#% reduced Effect of Remnants in Area	n		explicit.stat_3078574625
#% reduced Effect of Remnants in your Maps	n		explicit.stat_3078574625
#% reduced Effect of Expedition Remnants in Map	n		explicit.stat_3078574625
#% increased Effect of Jewel Socket Passive Skills\ncontaining Corrupted Magic Jewels			explicit.stat_461663422
#% reduced Effect of Jewel Socket Passive Skills\ncontaining Corrupted Magic Jewels	n		explicit.stat_461663422
#% increased Effect of Jewel Socket Passive Skills\ncontaining Corrupted Rare Jewels			explicit.stat_3128077011
#% reduced Effect of Jewel Socket Passive Skills\ncontaining Corrupted Rare Jewels	n		explicit.stat_3128077011
#% increased Effect of Non-Damaging Ailments on you			rune.stat_1519474779
#% reduced Effect of Non-Damaging Ailments on you	n		rune.stat_1519474779
#% increased Effect of Notable Passive Skills in Radius			explicit.stat_4234573345,fractured.stat_4234573345,desecrated.stat_4234573345
#% reduced Effect of Notable Passive Skills in Radius	n		explicit.stat_4234573345,fractured.stat_4234573345,desecrated.stat_4234573345
#% increased Effect of Prefixes			explicit.stat_1443502073,fractured.stat_1443502073,crafted.stat_1443502073
#% reduced Effect of Prefixes	n		explicit.stat_1443502073,fractured.stat_1443502073,crafted.stat_1443502073
#% increased Effect of Small Passive Skills in Radius			explicit.stat_1060572482,fractured.stat_1060572482,desecrated.stat_1060572482
#% reduced Effect of Small Passive Skills in Radius	n		explicit.stat_1060572482,fractured.stat_1060572482,desecrated.stat_1060572482
#% increased Effect of Suffixes			explicit.stat_2475221757,fractured.stat_2475221757,crafted.stat_2475221757
#% reduced Effect of Suffixes	n		explicit.stat_2475221757,fractured.stat_2475221757,crafted.stat_2475221757
#% increased Effect of your Mark Skills			explicit.stat_712554801,fractured.stat_712554801,desecrated.stat_712554801,crafted.stat_712554801
#% reduced Effect of your Mark Skills	n		explicit.stat_712554801,fractured.stat_712554801,desecrated.stat_712554801,crafted.stat_712554801
#% increased Effectiveness of Rare Breach Monsters			explicit.stat_2895378479
#% increased Effectiveness of Rare Breach Monsters in Map			explicit.stat_2895378479
#% reduced Effectiveness of Rare Breach Monsters	n		explicit.stat_2895378479
#% reduced Effectiveness of Rare Breach Monsters in Map	n		explicit.stat_2895378479
#% increased Elemental Ailment Threshold			explicit.stat_3544800472,implicit.stat_3544800472,fractured.stat_3544800472,rune.stat_3544800472,desecrated.stat_3544800472
#% reduced Elemental Ailment Threshold	n		explicit.stat_3544800472,implicit.stat_3544800472,fractured.stat_3544800472,rune.stat_3544800472,desecrated.stat_3544800472
#% increased Elemental Damage			explicit.stat_3141070085,fractured.stat_3141070085,desecrated.stat_3141070085,crafted.stat_3141070085
#% reduced Elemental Damage	n		explicit.stat_3141070085,fractured.stat_3141070085,desecrated.stat_3141070085,crafted.stat_3141070085
#% increased Elemental Damage with Attacks			explicit.stat_387439868,fractured.stat_387439868,enchant.stat_387439868,rune.stat_387439868,desecrated.stat_387439868
#% reduced Elemental Damage with Attacks	n		explicit.stat_387439868,fractured.stat_387439868,enchant.stat_387439868,rune.stat_387439868,desecrated.stat_387439868
#% increased Endurance Charge Duration			explicit.stat_1170174456
#% reduced Endurance Charge Duration	n		explicit.stat_1170174456
#% increased Endurance, Frenzy and Power Charge Duration			explicit.stat_2839036860
#% reduced Endurance, Frenzy and Power Charge Duration	n		explicit.stat_2839036860
#% increased Energy Shield			explicit.stat_4015621042,fractured.stat_4015621042,enchant.stat_4015621042,desecrated.stat_4015621042,crafted.stat_4015621042
#% reduced Energy Shield	n		explicit.stat_4015621042,fractured.stat_4015621042,enchant.stat_4015621042,desecrated.stat_4015621042,crafted.stat_4015621042
#% increased Energy Shield Recharge Rate			explicit.stat_2339757871,implicit.stat_2339757871,fractured.stat_2339757871,rune.stat_2339757871,desecrated.stat_2339757871,crafted.stat_2339757871
#% reduced Energy Shield Recharge Rate	n		explicit.stat_2339757871,implicit.stat_2339757871,fractured.stat_2339757871,rune.stat_2339757871,desecrated.stat_2339757871,crafted.stat_2339757871
#% increased Energy Shield Recharge Rate if you've Blocked Recently			explicit.stat_1079292660,desecrated.stat_1079292660
#% reduced Energy Shield Recharge Rate if you've Blocked Recently	n		explicit.stat_1079292660,desecrated.stat_1079292660
#% increased Energy Shield Recharge Rate per 4 Strength			explicit.stat_2408276841
#% reduced Energy Shield Recharge Rate per 4 Strength	n		explicit.stat_2408276841
#% increased Energy Shield Recovery rate			explicit.stat_988575597
#% reduced Energy Shield Recovery rate	n		explicit.stat_988575597
#% increased Energy Shield from Equipped Body Armour			explicit.stat_1195319608,rune.stat_1195319608,desecrated.stat_1195319608
#% increased Energy Shield from Equipped Focus			explicit.stat_3174700878,fractured.stat_3174700878,rune.stat_3174700878,desecrated.stat_3174700878
#% reduced Energy Shield from Equipped Focus	n		explicit.stat_3174700878,fractured.stat_3174700878,rune.stat_3174700878,desecrated.stat_3174700878
#% increased Evasion Rating			explicit.stat_124859000,explicit.stat_2106365538,fractured.stat_124859000,fractured.stat_2106365538,enchant.stat_124859000,enchant.stat_2106365538,desecrated.stat_124859000,desecrated.stat_2106365538,sanctum.stat_3882471944,crafted.stat_124859000,crafted.stat_2106365538
#% reduced Evasion Rating	n		explicit.stat_124859000,explicit.stat_2106365538,fractured.stat_124859000,fractured.stat_2106365538,enchant.stat_124859000,enchant.stat_2106365538,desecrated.stat_124859000,desecrated.stat_2106365538,sanctum.stat_3882471944,crafted.stat_124859000,crafted.stat_2106365538
#% increased Evasion Rating from Equipped Body Armour			explicit.stat_3509362078,desecrated.stat_3509362078
#% reduced Evasion Rating from Equipped Body Armour	n		explicit.stat_3509362078,desecrated.stat_3509362078
#% increased Evasion Rating if you have been Hit Recently			explicit.stat_1073310669
#% reduced Evasion Rating if you have been Hit Recently	n		explicit.stat_1073310669
#% increased Evasion Rating if you've Dodge Rolled Recently			explicit.stat_1040569494
#% reduced Evasion Rating if you've Dodge Rolled Recently	n		explicit.stat_1040569494
#% increased Evasion Rating when on Full Life			explicit.stat_88817332,rune.stat_88817332
#% reduced Evasion Rating when on Full Life	n		explicit.stat_88817332,rune.stat_88817332
#% increased Evasion Rating while Sprinting			explicit.stat_1586136369
#% reduced Evasion Rating while Sprinting	n		explicit.stat_1586136369
#% increased Evasion and Energy Shield			explicit.stat_1999113824,fractured.stat_1999113824,enchant.stat_1999113824,desecrated.stat_1999113824,crafted.stat_1999113824
#% reduced Evasion and Energy Shield	n		explicit.stat_1999113824,fractured.stat_1999113824,enchant.stat_1999113824,desecrated.stat_1999113824,crafted.stat_1999113824
#% increased Expedition Explosive Area of Effect in Map			explicit.stat_3039133122
#% increased Expedition Explosive Placement Range			explicit.stat_1539368271,implicit.stat_1539368271
#% increased Expedition Explosive Placement Range in Map			explicit.stat_1539368271,implicit.stat_1539368271
#% reduced Expedition Explosive Placement Range	n		explicit.stat_1539368271,implicit.stat_1539368271
#% reduced Expedition Explosive Placement Range in Map	n		explicit.stat_1539368271,implicit.stat_1539368271
#% increased Expedition Explosive Radius			explicit.stat_3289828378,implicit.stat_3289828378
#% increased Expedition Explosive Radius in Map			explicit.stat_3289828378,implicit.stat_3289828378
#% reduced Expedition Explosive Radius	n		explicit.stat_3289828378,implicit.stat_3289828378
#% increased Expedition Monster Rarity in Map			explicit.stat_2905096233
#% increased Experience gain			explicit.stat_3666934677,explicit.stat_57434274,rune.stat_3666934677,fractured.stat_57434274
#% increased Experience gain in Map			explicit.stat_3666934677,explicit.stat_57434274,rune.stat_3666934677,fractured.stat_57434274
#% increased Experience gain in your Maps			explicit.stat_3666934677,explicit.stat_57434274,rune.stat_3666934677,fractured.stat_57434274
#% reduced Experience gain	n		explicit.stat_3666934677,explicit.stat_57434274,rune.stat_3666934677,fractured.stat_57434274
#% reduced Experience gain in Map	n		explicit.stat_3666934677,explicit.stat_57434274,rune.stat_3666934677,fractured.stat_57434274
#% reduced Experience gain in your Maps	n		explicit.stat_3666934677,explicit.stat_57434274,rune.stat_3666934677,fractured.stat_57434274
#% increased Explicit Chaos Modifier magnitudes			explicit.stat_3196512240,fractured.stat_3196512240,desecrated.stat_3196512240
#% reduced Explicit Chaos Modifier magnitudes	n		explicit.stat_3196512240,fractured.stat_3196512240,desecrated.stat_3196512240
#% increased Explicit Cold Modifier magnitudes			explicit.stat_3206904707,fractured.stat_3206904707,desecrated.stat_3206904707
#% reduced Explicit Cold Modifier magnitudes	n		explicit.stat_3206904707,fractured.stat_3206904707,desecrated.stat_3206904707
#% increased Explicit Critical Modifier magnitudes			explicit.stat_2393315299,fractured.stat_2393315299,desecrated.stat_2393315299
#% reduced Explicit Critical Modifier magnitudes	n		explicit.stat_2393315299,fractured.stat_2393315299,desecrated.stat_2393315299
#% increased Explicit Elemental Damage Modifier magnitudes			explicit.stat_231689132,fractured.stat_231689132,desecrated.stat_231689132
#% reduced Explicit Elemental Damage Modifier magnitudes	n		explicit.stat_231689132,fractured.stat_231689132,desecrated.stat_231689132
#% increased Explicit Fire Modifier magnitudes			explicit.stat_3574578302,fractured.stat_3574578302,desecrated.stat_3574578302
#% reduced Explicit Fire Modifier magnitudes	n		explicit.stat_3574578302,fractured.stat_3574578302,desecrated.stat_3574578302
#% increased Explicit Lightning Modifier magnitudes			explicit.stat_3624940721,fractured.stat_3624940721,desecrated.stat_3624940721
#% reduced Explicit Lightning Modifier magnitudes	n		explicit.stat_3624940721,fractured.stat_3624940721,desecrated.stat_3624940721
#% increased Explicit Mana Modifier magnitudes			explicit.stat_3514984677,fractured.stat_3514984677,desecrated.stat_3514984677
#% reduced Explicit Mana Modifier magnitudes	n		explicit.stat_3514984677,fractured.stat_3514984677,desecrated.stat_3514984677
#% increased Explicit Physical Modifier magnitudes			explicit.stat_1335369947,fractured.stat_1335369947,desecrated.stat_1335369947
#% reduced Explicit Physical Modifier magnitudes	n		explicit.stat_1335369947,fractured.stat_1335369947,desecrated.stat_1335369947
#% increased Explicit Resistance Modifier magnitudes			explicit.stat_1972391381,fractured.stat_1972391381,crafted.stat_1972391381
#% reduced Explicit Resistance Modifier magnitudes	n		explicit.stat_1972391381,fractured.stat_1972391381,crafted.stat_1972391381
#% increased Explicit Speed Modifier magnitudes			explicit.stat_363924732,fractured.stat_363924732,desecrated.stat_363924732
#% reduced Explicit Speed Modifier magnitudes	n		explicit.stat_363924732,fractured.stat_363924732,desecrated.stat_363924732
#% increased Exposure Effect			explicit.stat_2074866941,fractured.stat_2074866941,rune.stat_2074866941,desecrated.stat_2074866941,crafted.stat_2074866941
#% reduced Exposure Effect	n		explicit.stat_2074866941,fractured.stat_2074866941,rune.stat_2074866941,desecrated.stat_2074866941,crafted.stat_2074866941
#% increased Fire Damage			explicit.stat_3962278098,fractured.stat_3962278098,rune.stat_3962278098,desecrated.stat_3962278098,crafted.stat_3962278098
#% reduced Fire Damage	n		explicit.stat_3962278098,fractured.stat_3962278098,rune.stat_3962278098,desecrated.stat_3962278098,crafted.stat_3962278098
#% increased Fire Damage if you've collected a Fire Infusion in the last 8 seconds			explicit.stat_3858572996,fractured.stat_3858572996,desecrated.stat_3858572996,crafted.stat_3858572996
#% increased Flammability Magnitude			explicit.stat_2968503605,implicit.stat_2968503605,fractured.stat_2968503605,enchant.stat_2968503605,rune.stat_2968503605,desecrated.stat_2968503605
#% reduced Flammability Magnitude	n		explicit.stat_2968503605,implicit.stat_2968503605,fractured.stat_2968503605,enchant.stat_2968503605,rune.stat_2968503605,desecrated.stat_2968503605
#% increased Flask Charges gained			explicit.stat_1836676211,implicit.stat_1836676211,fractured.stat_1836676211,desecrated.stat_1836676211
#% reduced Flask Charges gained	n		explicit.stat_1836676211,implicit.stat_1836676211,fractured.stat_1836676211,desecrated.stat_1836676211
#% increased Flask Effect Duration			explicit.stat_3741323227,fractured.stat_3741323227,desecrated.stat_3741323227
#% reduced Flask Effect Duration	n		explicit.stat_3741323227,fractured.stat_3741323227,desecrated.stat_3741323227
#% increased Flask Life Recovery rate			explicit.stat_51994685,fractured.stat_51994685,desecrated.stat_51994685
#% reduced Flask Life Recovery rate	n		explicit.stat_51994685,fractured.stat_51994685,desecrated.stat_51994685
#% increased Flask Mana Recovery rate			explicit.stat_1412217137,fractured.stat_1412217137,desecrated.stat_1412217137
#% reduced Flask Mana Recovery rate	n		explicit.stat_1412217137,fractured.stat_1412217137,desecrated.stat_1412217137
#% increased Freeze Buildup			explicit.stat_473429811,implicit.stat_473429811,fractured.stat_473429811,enchant.stat_473429811,rune.stat_473429811,desecrated.stat_473429811
#% reduced Freeze Buildup	n		explicit.stat_473429811,implicit.stat_473429811,fractured.stat_473429811,enchant.stat_473429811,rune.stat_473429811,desecrated.stat_473429811
#% increased Freeze Buildup if you've consumed an Power Charge Recently			explicit.stat_232701452,desecrated.stat_232701452
#% reduced Freeze Buildup if you've consumed an Power Charge Recently	n		explicit.stat_232701452,desecrated.stat_232701452
#% increased Freeze Buildup with Quarterstaves			explicit.stat_1697447343,fractured.stat_1697447343,desecrated.stat_1697447343
#% reduced Freeze Buildup with Quarterstaves	n		explicit.stat_1697447343,fractured.stat_1697447343,desecrated.stat_1697447343
#% increased Freeze Duration on Enemies			explicit.stat_1073942215
#% reduced Freeze Duration on Enemies	n		explicit.stat_1073942215
#% increased Freeze Threshold			explicit.stat_3780644166,fractured.stat_3780644166,enchant.stat_3780644166,desecrated.stat_3780644166
#% reduced Freeze Threshold	n		explicit.stat_3780644166,fractured.stat_3780644166,enchant.stat_3780644166,desecrated.stat_3780644166
#% increased Global Armour, Evasion and Energy Shield			explicit.stat_1177404658,fractured.stat_1177404658,desecrated.stat_1177404658,crafted.stat_1177404658
#% reduced Global Armour, Evasion and Energy Shield	n		explicit.stat_1177404658,fractured.stat_1177404658,desecrated.stat_1177404658,crafted.stat_1177404658
#% increased Global Armour, Evasion and Energy Shield per Socket filled			explicit.stat_933768533
#% reduced Global Armour, Evasion and Energy Shield per Socket filled	n		explicit.stat_933768533
#% increased Global Evasion Rating when on Low Life			explicit.stat_2695354435,rune.stat_2695354435
#% reduced Global Evasion Rating when on Low Life	n		explicit.stat_2695354435,rune.stat_2695354435
#% increased Global Physical Damage			explicit.stat_1310194496,fractured.stat_1310194496,desecrated.stat_1310194496,crafted.stat_1310194496
#% reduced Global Physical Damage	n		explicit.stat_1310194496,fractured.stat_1310194496,desecrated.stat_1310194496,crafted.stat_1310194496
#% increased Glory generation			explicit.stat_3143918757,fractured.stat_3143918757,rune.stat_3143918757,desecrated.stat_3143918757
#% reduced Glory generation	n		explicit.stat_3143918757,fractured.stat_3143918757,rune.stat_3143918757,desecrated.stat_3143918757
#% increased Glory generation for Banner Skills			explicit.stat_1869147066,fractured.stat_1869147066,desecrated.stat_1869147066
#% increased Gold found in Map			explicit.stat_1276056105,explicit.stat_1133965702,fractured.stat_1276056105
#% increased Gold found in your Maps			explicit.stat_1276056105,explicit.stat_1133965702,fractured.stat_1276056105
#% increased Gold found in this Area			explicit.stat_1276056105,explicit.stat_1133965702,fractured.stat_1276056105
#% reduced Gold found in Map	n		explicit.stat_1276056105,explicit.stat_1133965702,fractured.stat_1276056105
#% reduced Gold found in your Maps	n		explicit.stat_1276056105,explicit.stat_1133965702,fractured.stat_1276056105
#% reduced Gold found in this Area	n		explicit.stat_1276056105,explicit.stat_1133965702,fractured.stat_1276056105
#% increased Grenade Damage			explicit.stat_3131442032,desecrated.stat_3131442032
#% reduced Grenade Damage	n		explicit.stat_3131442032,desecrated.stat_3131442032
#% increased Grenade Duration			explicit.stat_1365232741,desecrated.stat_1365232741
#% reduced Grenade Duration	n		explicit.stat_1365232741,desecrated.stat_1365232741
#% increased Hazard Damage			explicit.stat_1697951953,fractured.stat_1697951953,desecrated.stat_1697951953
#% reduced Hazard Damage	n		explicit.stat_1697951953,fractured.stat_1697951953,desecrated.stat_1697951953
#% increased Honour restored			sanctum.stat_1583320325
#% reduced Honour restored	n		sanctum.stat_1583320325
#% increased Ice Crystal Life			explicit.stat_3274422940,desecrated.stat_3274422940
#% reduced Ice Crystal Life	n		explicit.stat_3274422940,desecrated.stat_3274422940
#% increased Ignite Duration on Enemies			explicit.stat_1086147743
#% reduced Ignite Duration on Enemies	n		explicit.stat_1086147743
#% increased Ignite Magnitude			explicit.stat_3791899485,implicit.stat_3791899485,fractured.stat_3791899485,enchant.stat_3791899485,rune.stat_3791899485,desecrated.stat_3791899485
#% reduced Ignite Magnitude	n		explicit.stat_3791899485,implicit.stat_3791899485,fractured.stat_3791899485,enchant.stat_3791899485,rune.stat_3791899485,desecrated.stat_3791899485
#% increased Immobilisation buildup			explicit.stat_330530785,rune.stat_330530785,desecrated.stat_330530785
#% reduced Immobilisation buildup	n		explicit.stat_330530785,rune.stat_330530785,desecrated.stat_330530785
#% increased Immobilisation buildup against targets affected by Abyssal Wasting			explicit.stat_3893409915
#% increased Intelligence			explicit.stat_656461285,fractured.stat_656461285,desecrated.stat_656461285,crafted.stat_656461285
#% reduced Intelligence	n		explicit.stat_656461285,fractured.stat_656461285,desecrated.stat_656461285,crafted.stat_656461285
#% increased Knockback Distance			explicit.stat_565784293,fractured.stat_565784293,desecrated.stat_565784293
#% reduced Knockback Distance	n		explicit.stat_565784293,fractured.stat_565784293,desecrated.stat_565784293
#% increased Life Cost Efficiency			explicit.stat_310945763,rune.stat_310945763,desecrated.stat_310945763
#% reduced Life Cost Efficiency	n		explicit.stat_310945763,rune.stat_310945763,desecrated.stat_310945763
#% increased Life Flask Charges gained			explicit.stat_4009879772,fractured.stat_4009879772,desecrated.stat_4009879772
#% reduced Life Flask Charges gained	n		explicit.stat_4009879772,fractured.stat_4009879772,desecrated.stat_4009879772
#% increased Life Recovered			explicit.stat_1261982764
#% reduced Life Recovered	n		explicit.stat_1261982764
#% increased Life Recovery from Flasks			explicit.stat_821241191,implicit.stat_821241191,fractured.stat_821241191,desecrated.stat_821241191
#% reduced Life Recovery from Flasks	n		explicit.stat_821241191,implicit.stat_821241191,fractured.stat_821241191,desecrated.stat_821241191
#% increased Life Recovery rate			explicit.stat_3240073117
#% reduced Life Recovery rate	n		explicit.stat_3240073117
#% increased Life Regeneration Rate while moving			explicit.stat_2116424886,desecrated.stat_2116424886
#% reduced Life Regeneration Rate while moving	n		explicit.stat_2116424886,desecrated.stat_2116424886
#% increased Life Regeneration rate			explicit.stat_44972811,fractured.stat_44972811,enchant.stat_44972811,rune.stat_44972811,desecrated.stat_44972811,crafted.stat_44972811
#% reduced Life Regeneration rate	n		explicit.stat_44972811,fractured.stat_44972811,enchant.stat_44972811,rune.stat_44972811,desecrated.stat_44972811,crafted.stat_44972811
#% increased Life Regeneration rate during Effect of any Life Flask			explicit.stat_1261076060,desecrated.stat_1261076060
#% reduced Life Regeneration rate during Effect of any Life Flask	n		explicit.stat_1261076060,desecrated.stat_1261076060
#% increased Life Regeneration rate while Surrounded			explicit.stat_3084372306
#% reduced Life Regeneration rate while Surrounded	n		explicit.stat_3084372306
#% increased Life and Mana Recovery from Flasks			explicit.stat_2310741722,rune.stat_2310741722
#% reduced Life and Mana Recovery from Flasks	n		explicit.stat_2310741722,rune.stat_2310741722
#% increased Light Radius			explicit.stat_1263695895,fractured.stat_1263695895,desecrated.stat_1263695895
#% reduced Light Radius	n		explicit.stat_1263695895,fractured.stat_1263695895,desecrated.stat_1263695895
#% increased Lightning Damage			explicit.stat_2231156303,implicit.stat_2231156303,fractured.stat_2231156303,desecrated.stat_2231156303,crafted.stat_2231156303
#% reduced Lightning Damage	n		explicit.stat_2231156303,implicit.stat_2231156303,fractured.stat_2231156303,desecrated.stat_2231156303,crafted.stat_2231156303
#% increased Lightning Damage if you've collected a Lightning Infusion in the last 8 seconds			explicit.stat_797289402,desecrated.stat_797289402,crafted.stat_797289402
#% increased Magic Pack Size			explicit.stat_1714706956,fractured.stat_1714706956
#% reduced Magic Pack Size	n		explicit.stat_1714706956,fractured.stat_1714706956
#% increased Magnitude of Abyssal Wasting you inflict			explicit.stat_4043376133,desecrated.stat_4043376133
#% reduced Magnitude of Abyssal Wasting you inflict	n		explicit.stat_4043376133,desecrated.stat_4043376133
#% increased Magnitude of Ailments you inflict			explicit.stat_1303248024,fractured.stat_1303248024,desecrated.stat_1303248024,crafted.stat_1303248024
#% reduced Magnitude of Ailments you inflict	n		explicit.stat_1303248024,fractured.stat_1303248024,desecrated.stat_1303248024,crafted.stat_1303248024
#% increased Magnitude of Bleeding you inflict			explicit.stat_3166958180,implicit.stat_3166958180,fractured.stat_3166958180,rune.stat_3166958180,desecrated.stat_3166958180
#% reduced Magnitude of Bleeding you inflict	n		explicit.stat_3166958180,implicit.stat_3166958180,fractured.stat_3166958180,rune.stat_3166958180,desecrated.stat_3166958180
#% increased Magnitude of Chill you inflict			explicit.stat_828179689
#% reduced Magnitude of Chill you inflict	n		explicit.stat_828179689
#% increased Magnitude of Damaging Ailments you inflict			explicit.stat_1381474422,rune.stat_1381474422,desecrated.stat_1381474422
#% reduced Magnitude of Damaging Ailments you inflict	n		explicit.stat_1381474422,rune.stat_1381474422,desecrated.stat_1381474422
#% increased Magnitude of Damaging Ailments you inflict with Critical Hits			explicit.stat_440490623,fractured.stat_440490623,desecrated.stat_440490623
#% reduced Magnitude of Damaging Ailments you inflict with Critical Hits	n		explicit.stat_440490623,fractured.stat_440490623,desecrated.stat_440490623
#% increased Magnitude of Elemental Ailments you inflict with Spells			explicit.stat_3621874554,desecrated.stat_3621874554,crafted.stat_3621874554
#% reduced Magnitude of Elemental Ailments you inflict with Spells	n		explicit.stat_3621874554,desecrated.stat_3621874554,crafted.stat_3621874554
#% increased Magnitude of Ignite if you've consumed an Endurance Charge Recently			explicit.stat_916833363,desecrated.stat_916833363
#% reduced Magnitude of Ignite if you've consumed an Endurance Charge Recently	n		explicit.stat_916833363,desecrated.stat_916833363
#% increased Magnitude of Impales inflicted with Spells			explicit.stat_4259875040,desecrated.stat_4259875040,crafted.stat_4259875040
#% reduced Magnitude of Impales inflicted with Spells	n		explicit.stat_4259875040,desecrated.stat_4259875040,crafted.stat_4259875040
#% increased Magnitude of Non-Damaging Ailments you inflict			rune.stat_782230869
#% reduced Magnitude of Non-Damaging Ailments you inflict	n		rune.stat_782230869
#% increased Magnitude of Poison you inflict			explicit.stat_2487305362,fractured.stat_2487305362,rune.stat_2487305362,desecrated.stat_2487305362
#% reduced Magnitude of Poison you inflict	n		explicit.stat_2487305362,fractured.stat_2487305362,rune.stat_2487305362,desecrated.stat_2487305362
#% increased Magnitude of Poison you inflict on targets that are not Poisoned			explicit.stat_1864159246
#% reduced Magnitude of Poison you inflict on targets that are not Poisoned	n		explicit.stat_1864159246
#% increased Magnitude of Poison you inflict while Poisoned			explicit.stat_120969026
#% reduced Magnitude of Poison you inflict while Poisoned	n		explicit.stat_120969026
#% increased Magnitude of Shock if you've consumed a Frenzy Charge Recently			explicit.stat_324210709,desecrated.stat_324210709
#% reduced Magnitude of Shock if you've consumed a Frenzy Charge Recently	n		explicit.stat_324210709,desecrated.stat_324210709
#% increased Magnitude of Shock you inflict			explicit.stat_2527686725,implicit.stat_2527686725,fractured.stat_2527686725,enchant.stat_2527686725,rune.stat_2527686725,desecrated.stat_2527686725
#% reduced Magnitude of Shock you inflict	n		explicit.stat_2527686725,implicit.stat_2527686725,fractured.stat_2527686725,enchant.stat_2527686725,rune.stat_2527686725,desecrated.stat_2527686725
#% increased Magnitude of Unholy Might buffs you grant			explicit.stat_2725205297,desecrated.stat_2725205297
#% reduced Magnitude of Unholy Might buffs you grant	n		explicit.stat_2725205297,desecrated.stat_2725205297
#% increased Mana Cost Efficiency			explicit.stat_4101445926,fractured.stat_4101445926,desecrated.stat_4101445926,crafted.stat_4101445926
#% reduced Mana Cost Efficiency	n		explicit.stat_4101445926,fractured.stat_4101445926,desecrated.stat_4101445926,crafted.stat_4101445926
#% increased Mana Cost Efficiency if you have Dodge Rolled Recently			explicit.stat_3396435291,desecrated.stat_3396435291
#% reduced Mana Cost Efficiency if you have Dodge Rolled Recently	n		explicit.stat_3396435291,desecrated.stat_3396435291
#% increased Mana Cost Efficiency if you haven't Dodge Rolled Recently			rune.stat_2876843277
#% reduced Mana Cost Efficiency if you haven't Dodge Rolled Recently	n		rune.stat_2876843277
#% increased Mana Cost Efficiency of Command Skills			rune.stat_553018427
#% reduced Mana Cost Efficiency of Command Skills	n		rune.stat_553018427
#% increased Mana Cost Efficiency of Spells			explicit.stat_2653231923,fractured.stat_2653231923,desecrated.stat_2653231923
#% reduced Mana Cost Efficiency of Spells	n		explicit.stat_2653231923,fractured.stat_2653231923,desecrated.stat_2653231923
#% increased Mana Flask Charges gained			explicit.stat_3590792340,fractured.stat_3590792340,desecrated.stat_3590792340
#% reduced Mana Flask Charges gained	n		explicit.stat_3590792340,fractured.stat_3590792340,desecrated.stat_3590792340
#% increased Mana Recovered			explicit.stat_1811130680
#% reduced Mana Recovered	n		explicit.stat_1811130680
#% increased Mana Recovery from Flasks			explicit.stat_2222186378,implicit.stat_2222186378,fractured.stat_2222186378,desecrated.stat_2222186378
#% reduced Mana Recovery from Flasks	n		explicit.stat_2222186378,implicit.stat_2222186378,fractured.stat_2222186378,desecrated.stat_2222186378
#% increased Mana Recovery rate while your Companion is in your Presence			rune.stat_1779262102
#% reduced Mana Recovery rate while your Companion is in your Presence	n		rune.stat_1779262102
#% increased Mana Regeneration Rate			explicit.stat_789117908,implicit.stat_789117908,fractured.stat_789117908,enchant.stat_789117908,rune.stat_789117908,desecrated.stat_789117908,crafted.stat_789117908
#% reduced Mana Regeneration Rate	n		explicit.stat_789117908,implicit.stat_789117908,fractured.stat_789117908,enchant.stat_789117908,rune.stat_789117908,desecrated.stat_789117908,crafted.stat_789117908
#% increased Mana Regeneration Rate if you've dealt a Critical Hit Recently			explicit.stat_1659564104
#% reduced Mana Regeneration Rate if you've dealt a Critical Hit Recently	n		explicit.stat_1659564104
#% increased Mana Regeneration Rate per Fragile Regrowth			explicit.stat_344174146
#% reduced Mana Regeneration Rate per Fragile Regrowth	n		explicit.stat_344174146
#% increased Mana Regeneration Rate while Surrounded			explicit.stat_1895238057
#% reduced Mana Regeneration Rate while Surrounded	n		explicit.stat_1895238057
#% increased Mana Regeneration Rate while moving			explicit.stat_1327522346,desecrated.stat_1327522346
#% reduced Mana Regeneration Rate while moving	n		explicit.stat_1327522346,desecrated.stat_1327522346
#% increased Mana Regeneration Rate while stationary			explicit.stat_3308030688,desecrated.stat_3308030688
#% reduced Mana Regeneration Rate while stationary	n		explicit.stat_3308030688,desecrated.stat_3308030688
#% increased Maximum Life for each Corrupted Item Equipped			implicit.stat_4169430079,rune.stat_4169430079
#% reduced Maximum Life for each Corrupted Item Equipped	n		implicit.stat_4169430079,rune.stat_4169430079
#% increased Maximum Life per Socket filled			explicit.stat_2702182380
#% reduced Maximum Life per Socket filled	n		explicit.stat_2702182380
#% increased Maximum Life per socketed Grand Spectrum			explicit.stat_332217711
#% reduced Maximum Life per socketed Grand Spectrum	n		explicit.stat_332217711
#% increased Maximum Mana per Socket filled			explicit.stat_911712882
#% reduced Maximum Mana per Socket filled	n		explicit.stat_911712882
#% increased Melee Damage			explicit.stat_1002362373,fractured.stat_1002362373,desecrated.stat_1002362373
#% reduced Melee Damage	n		explicit.stat_1002362373,fractured.stat_1002362373,desecrated.stat_1002362373
#% increased Melee Damage against Heavy Stunned enemies			explicit.stat_2677352961
#% reduced Melee Damage against Heavy Stunned enemies	n		explicit.stat_2677352961
#% increased Melee Damage if you've dealt a Projectile Attack Hit in the past eight seconds			explicit.stat_3028809864,fractured.stat_3028809864,desecrated.stat_3028809864
#% reduced Melee Damage if you've dealt a Projectile Attack Hit in the past eight seconds	n		explicit.stat_3028809864,fractured.stat_3028809864,desecrated.stat_3028809864
#% increased Melee Strike Range with this weapon			explicit.stat_548198834,implicit.stat_548198834,enchant.stat_548198834
#% reduced Melee Strike Range with this weapon	n		explicit.stat_548198834,implicit.stat_548198834,enchant.stat_548198834
#% increased Merchant Prices			sanctum.stat_3096446459
#% reduced Merchant Prices	n		sanctum.stat_3096446459
#% increased Minion Accuracy Rating			explicit.stat_1718147982,fractured.stat_1718147982
#% reduced Minion Accuracy Rating	n		explicit.stat_1718147982,fractured.stat_1718147982
#% increased Minion Damage per different Command Skill used in the past 15 seconds			explicit.stat_3526763442,desecrated.stat_3526763442,crafted.stat_3526763442
#% reduced Minion Damage per different Command Skill used in the past 15 seconds	n		explicit.stat_3526763442,desecrated.stat_3526763442,crafted.stat_3526763442
#% increased Minion Duration			explicit.stat_999511066,desecrated.stat_999511066,crafted.stat_999511066
#% reduced Minion Duration	n		explicit.stat_999511066,desecrated.stat_999511066,crafted.stat_999511066
#% increased Monster Attack Speed			explicit.stat_1913583994,fractured.stat_1913583994,desecrated.stat_1913583994
#% increased Monster Cast Speed			explicit.stat_2488361432,fractured.stat_2488361432,desecrated.stat_2488361432
#% increased Monster Damage			explicit.stat_1890519597,fractured.stat_1890519597,desecrated.stat_1890519597,sanctum.stat_1890519597
#% increased Monster Movement Speed			explicit.stat_2306522833,fractured.stat_2306522833,desecrated.stat_2306522833
#% reduced Monster Movement Speed	n		explicit.stat_2306522833,fractured.stat_2306522833,desecrated.stat_2306522833
#% increased Movement Speed			explicit.stat_2250533757,implicit.stat_2250533757,fractured.stat_2250533757,enchant.stat_2250533757,rune.stat_2250533757,desecrated.stat_2250533757,sanctum.stat_1416455556,crafted.stat_2250533757
Players have #% increased Movement Speed			explicit.stat_2250533757,implicit.stat_2250533757,fractured.stat_2250533757,enchant.stat_2250533757,rune.stat_2250533757,desecrated.stat_2250533757,sanctum.stat_1416455556,crafted.stat_2250533757
#% reduced Movement Speed	n		explicit.stat_2250533757,implicit.stat_2250533757,fractured.stat_2250533757,enchant.stat_2250533757,rune.stat_2250533757,desecrated.stat_2250533757,sanctum.stat_1416455556,crafted.stat_2250533757
Players have #% reduced Movement Speed	n		explicit.stat_2250533757,implicit.stat_2250533757,fractured.stat_2250533757,enchant.stat_2250533757,rune.stat_2250533757,desecrated.stat_2250533757,sanctum.stat_1416455556,crafted.stat_2250533757
#% increased Movement Speed Penalty from using Skills while moving			explicit.stat_2590797182,implicit.stat_2590797182,rune.stat_2590797182,desecrated.stat_2590797182
#% reduced Movement Speed Penalty from using Skills while moving	n		explicit.stat_2590797182,implicit.stat_2590797182,rune.stat_2590797182,desecrated.stat_2590797182
#% increased Movement Speed per 15 Spirit, up to a maximum of 40%\nOther Modifiers to Movement Speed except for Sprinting do not apply			rune.stat_2703838669
#% increased Movement Speed per Frenzy Charge			explicit.stat_1541516339
#% increased Movement Speed when on Full Life			explicit.stat_3393547195,rune.stat_3393547195
#% reduced Movement Speed when on Full Life	n		explicit.stat_3393547195,rune.stat_3393547195
#% increased Movement Speed when on Low Life			rune.stat_649025131
#% reduced Movement Speed when on Low Life	n		rune.stat_649025131
#% increased Movement Speed while Sprinting			explicit.stat_3107707789,fractured.stat_3107707789,rune.stat_3107707789,desecrated.stat_3107707789
#% reduced Movement Speed while Sprinting	n		explicit.stat_3107707789,fractured.stat_3107707789,rune.stat_3107707789,desecrated.stat_3107707789
#% increased Movement Speed while Sprinting per Persistent Minion			rune.stat_3639405795
#% reduced Movement Speed while Sprinting per Persistent Minion	n		rune.stat_3639405795
#% increased Movement Speed while affected by an Ailment			explicit.stat_610276769
#% reduced Movement Speed while affected by an Ailment	n		explicit.stat_610276769
#% increased Pack Size for Monsters around Vaal Beacons in Map			explicit.stat_890040946
#% increased Pack Size			explicit.stat_2017682521,enchant.stat_2017682521
#% reduced Pack Size in Map			explicit.stat_2017682521,enchant.stat_2017682521
#% increased Pack Size in Map			explicit.stat_2017682521,enchant.stat_2017682521
#% reduced Pack Size	n		explicit.stat_2017682521,enchant.stat_2017682521
#% increased Parried Debuff Duration			explicit.stat_3401186585,fractured.stat_3401186585,desecrated.stat_3401186585
#% reduced Parried Debuff Duration	n		explicit.stat_3401186585,fractured.stat_3401186585,desecrated.stat_3401186585
#% increased Parried Debuff Magnitude			explicit.stat_818877178,rune.stat_818877178,desecrated.stat_818877178
#% reduced Parried Debuff Magnitude	n		explicit.stat_818877178,rune.stat_818877178,desecrated.stat_818877178
#% increased Parry Damage			explicit.stat_1569159338,fractured.stat_1569159338,desecrated.stat_1569159338
#% reduced Parry Damage	n		explicit.stat_1569159338,fractured.stat_1569159338,desecrated.stat_1569159338
#% increased Physical Damage			explicit.stat_1509134228,fractured.stat_1509134228,enchant.stat_1509134228,rune.stat_1509134228,desecrated.stat_1509134228,crafted.stat_1509134228
#% reduced Physical Damage	n		explicit.stat_1509134228,fractured.stat_1509134228,enchant.stat_1509134228,rune.stat_1509134228,desecrated.stat_1509134228,crafted.stat_1509134228
No Physical Damage		-100	explicit.stat_1509134228,fractured.stat_1509134228,enchant.stat_1509134228,rune.stat_1509134228,desecrated.stat_1509134228,crafted.stat_1509134228
#% increased Pin Buildup			explicit.stat_3473929743,fractured.stat_3473929743,desecrated.stat_3473929743
#% reduced Pin Buildup	n		explicit.stat_3473929743,fractured.stat_3473929743,desecrated.stat_3473929743
#% increased Pin duration			rune.stat_3985867204
#% reduced Pin duration	n		rune.stat_3985867204
#% increased Poison Duration			explicit.stat_2011656677,fractured.stat_2011656677,rune.stat_2011656677,desecrated.stat_2011656677
#% reduced Poison Duration	n		explicit.stat_2011656677,fractured.stat_2011656677,rune.stat_2011656677,desecrated.stat_2011656677
#% increased Poison Duration on you			explicit.stat_3301100256,fractured.stat_3301100256,desecrated.stat_3301100256
#% reduced Poison Duration on you	n		explicit.stat_3301100256,fractured.stat_3301100256,desecrated.stat_3301100256
#% increased Power Charge Duration			explicit.stat_3872306017
#% reduced Power Charge Duration	n		explicit.stat_3872306017
#% increased Presence Area of Effect			explicit.stat_101878827,fractured.stat_101878827,enchant.stat_101878827,rune.stat_101878827,desecrated.stat_101878827,crafted.stat_101878827
#% reduced Presence Area of Effect	n		explicit.stat_101878827,fractured.stat_101878827,enchant.stat_101878827,rune.stat_101878827,desecrated.stat_101878827,crafted.stat_101878827
#% increased Projectile Damage			explicit.stat_1839076647,fractured.stat_1839076647,desecrated.stat_1839076647
#% reduced Projectile Damage	n		explicit.stat_1839076647,fractured.stat_1839076647,desecrated.stat_1839076647
#% increased Projectile Damage if you've dealt a Melee Hit in the past eight seconds			explicit.stat_3596695232,fractured.stat_3596695232,desecrated.stat_3596695232
#% reduced Projectile Damage if you've dealt a Melee Hit in the past eight seconds	n		explicit.stat_3596695232,fractured.stat_3596695232,desecrated.stat_3596695232
#% increased Projectile Range			implicit.stat_3398402065
#% reduced Projectile Range	n		implicit.stat_3398402065
#% increased Projectile Speed			explicit.stat_3759663284,fractured.stat_3759663284,rune.stat_3759663284,desecrated.stat_3759663284
#% reduced Projectile Speed	n		explicit.stat_3759663284,fractured.stat_3759663284,rune.stat_3759663284,desecrated.stat_3759663284
#% increased Projectile Speed for Spell Skills			explicit.stat_3359797958
#% reduced Projectile Speed for Spell Skills	n		explicit.stat_3359797958
#% increased Projectile Speed with this Weapon			explicit.stat_535217483,implicit.stat_535217483
#% reduced Projectile Speed with this Weapon	n		explicit.stat_535217483,implicit.stat_535217483
#% increased Quantity of Breach Splinters dropped by Breach Monsters in Map			explicit.stat_624534143
#% increased Quantity of Breach Splinters dropped by Breach Monsters in Area			explicit.stat_624534143
#% increased Quantity of Breach Splinters dropped by Breach Monsters in your Maps			explicit.stat_624534143
#% reduced Quantity of Breach Splinters dropped by Breach Monsters in Map	n		explicit.stat_624534143
#% reduced Quantity of Breach Splinters dropped by Breach Monsters in Area	n		explicit.stat_624534143
#% reduced Quantity of Breach Splinters dropped by Breach Monsters in your Maps	n		explicit.stat_624534143
#% increased Quantity of Expedition Logbooks dropped by Runic Monsters			explicit.stat_1083387327
#% increased Quantity of Expedition Logbooks dropped by Runic Monsters in Map			explicit.stat_1083387327
#% reduced Quantity of Expedition Logbooks dropped by Runic Monsters	n		explicit.stat_1083387327
#% reduced Quantity of Expedition Logbooks dropped by Runic Monsters in Map	n		explicit.stat_1083387327
#% increased Quantity of Gold Dropped by Slain Enemies			explicit.stat_3175163625,fractured.stat_3175163625,enchant.stat_3175163625,rune.stat_3175163625,crafted.stat_3175163625
#% reduced Quantity of Gold Dropped by Slain Enemies	n		explicit.stat_3175163625,fractured.stat_3175163625,enchant.stat_3175163625,rune.stat_3175163625,crafted.stat_3175163625
#% increased Quantity of Hiveblood found			explicit.stat_2778285247
#% increased Quantity of Hiveblood found in Map			explicit.stat_2778285247
#% reduced Quantity of Hiveblood found	n		explicit.stat_2778285247
#% reduced Quantity of Hiveblood found in Map	n		explicit.stat_2778285247
#% increased Quantity of Items dropped by Map Bosses			explicit.stat_3119172063
#% reduced Quantity of Items dropped by Map Bosses	n		explicit.stat_3119172063
#% increased Quantity of Items found			explicit.stat_2390685262
#% increased Quantity of Items found in Map			explicit.stat_2390685262
#% reduced Quantity of Items found	n		explicit.stat_2390685262
#% reduced Quantity of Items found in Map	n		explicit.stat_2390685262
#% increased Quantity of Waystones dropped by Map Bosses			explicit.stat_1457896329
#% reduced Quantity of Waystones dropped by Map Bosses	n		explicit.stat_1457896329
#% increased Quantity of Waystones found			explicit.stat_2777224821
#% increased Quantity of Waystones found in Map			explicit.stat_2777224821
#% increased Quantity of Wombgifts found			explicit.stat_472809816
#% increased Quantity of Wombgifts found in Map			explicit.stat_472809816
#% reduced Quantity of Wombgifts found	n		explicit.stat_472809816
#% reduced Quantity of Wombgifts found in Map	n		explicit.stat_472809816
#% increased Rage Cost Efficiency			explicit.stat_2416650879,fractured.stat_2416650879,desecrated.stat_2416650879
#% reduced Rage Cost Efficiency	n		explicit.stat_2416650879,fractured.stat_2416650879,desecrated.stat_2416650879
#% increased Rarity of Items Dropped by Enemies killed with a Critical Hit			explicit.stat_21824003
#% reduced Rarity of Items Dropped by Enemies killed with a Critical Hit	n		explicit.stat_21824003
#% increased Rarity of Items dropped by Map Bosses			explicit.stat_4255069232
#% reduced Rarity of Items dropped by Map Bosses	n		explicit.stat_4255069232
#% increased Rarity of Items found			explicit.stat_3917489142,explicit.stat_2306002879,implicit.stat_3917489142,fractured.stat_3917489142,enchant.stat_3917489142,enchant.stat_2306002879,rune.stat_3917489142,desecrated.stat_3917489142,crafted.stat_3917489142
#% increased Rarity of Items found in Map			explicit.stat_3917489142,explicit.stat_2306002879,implicit.stat_3917489142,fractured.stat_3917489142,enchant.stat_3917489142,enchant.stat_2306002879,rune.stat_3917489142,desecrated.stat_3917489142,crafted.stat_3917489142
#% reduced Rarity of Items found	n		explicit.stat_3917489142,explicit.stat_2306002879,implicit.stat_3917489142,fractured.stat_3917489142,enchant.stat_3917489142,enchant.stat_2306002879,rune.stat_3917489142,desecrated.stat_3917489142,crafted.stat_3917489142
#% reduced Rarity of Items found in Map	n		explicit.stat_3917489142,explicit.stat_2306002879,implicit.stat_3917489142,fractured.stat_3917489142,enchant.stat_3917489142,enchant.stat_2306002879,rune.stat_3917489142,desecrated.stat_3917489142,crafted.stat_3917489142
#% increased Rarity of Items found\nYour other Modifiers to Rarity of Items found do not apply			explicit.stat_1602191394,explicit.stat_2261942307
#% reduced Rarity of Items found\nYour other Modifiers to Rarity of Items found do not apply	n		explicit.stat_1602191394,explicit.stat_2261942307
#% increased Rarity of Items found per Socket filled			explicit.stat_313223231
#% reduced Rarity of Items found per Socket filled	n		explicit.stat_313223231
#% increased Rarity of Items found when on Low Life			explicit.stat_2929867083
#% reduced Rarity of Items found when on Low Life	n		explicit.stat_2929867083
#% increased Recovery rate			explicit.stat_173226756
#% reduced Recovery rate	n		explicit.stat_173226756
#% increased Reload Speed			explicit.stat_710476746,desecrated.stat_710476746
#% reduced Reload Speed	n		explicit.stat_710476746,desecrated.stat_710476746
#% increased Reservation Efficiency of Companion Skills			explicit.stat_3413635271,desecrated.stat_3413635271
#% reduced Reservation Efficiency of Companion Skills	n		explicit.stat_3413635271,desecrated.stat_3413635271
#% increased Reservation Efficiency of Herald Skills			explicit.stat_1697191405,desecrated.stat_1697191405
#% reduced Reservation Efficiency of Herald Skills	n		explicit.stat_1697191405,desecrated.stat_1697191405
#% increased Reservation Efficiency of Minion Skills			explicit.stat_1805633363,fractured.stat_1805633363,rune.stat_1805633363,desecrated.stat_1805633363,crafted.stat_1805633363
#% reduced Reservation Efficiency of Minion Skills	n		explicit.stat_1805633363,fractured.stat_1805633363,rune.stat_1805633363,desecrated.stat_1805633363,crafted.stat_1805633363
#% increased Reservation Efficiency of Remnant Skills			explicit.stat_1350127730
#% reduced Reservation Efficiency of Remnant Skills	n		explicit.stat_1350127730
#% increased Reservation Efficiency of Skills which create Undead Minions			explicit.stat_2308632835
#% reduced Reservation Efficiency of Skills which create Undead Minions	n		explicit.stat_2308632835
#% increased Resolve Aegis			sanctum.stat_1388771661
#% reduced Resolve Aegis	n		sanctum.stat_1388771661
#% increased Runic Ward			explicit.stat_830161081,fractured.stat_830161081,rune.stat_830161081,crafted.stat_830161081
#% reduced Runic Ward	n		explicit.stat_830161081,fractured.stat_830161081,rune.stat_830161081,crafted.stat_830161081
#% increased Runic Ward Regeneration Rate			explicit.stat_2392260628,implicit.stat_2392260628,rune.stat_2392260628,crafted.stat_2392260628
#% reduced Runic Ward Regeneration Rate	n		explicit.stat_2392260628,implicit.stat_2392260628,rune.stat_2392260628,crafted.stat_2392260628
#% increased Runic Ward Regeneration Rate while Sprinting			rune.stat_2441825294
#% reduced Runic Ward Regeneration Rate while Sprinting	n		rune.stat_2441825294
#% increased Shock Duration			explicit.stat_3668351662,fractured.stat_3668351662,desecrated.stat_3668351662
#% reduced Shock Duration	n		explicit.stat_3668351662,fractured.stat_3668351662,desecrated.stat_3668351662
#% increased Skill Effect Duration			explicit.stat_3377888098,fractured.stat_3377888098,enchant.stat_3377888098,rune.stat_3377888098,desecrated.stat_3377888098,crafted.stat_3377888098
#% reduced Skill Effect Duration	n		explicit.stat_3377888098,fractured.stat_3377888098,enchant.stat_3377888098,rune.stat_3377888098,desecrated.stat_3377888098,crafted.stat_3377888098
#% increased Skill Effect Duration with Plant Skills			rune.stat_4065951768
#% reduced Skill Effect Duration with Plant Skills	n		rune.stat_4065951768
#% increased Skill Speed			explicit.stat_970213192,enchant.stat_970213192,rune.stat_970213192,desecrated.stat_970213192
#% reduced Skill Speed	n		explicit.stat_970213192,enchant.stat_970213192,rune.stat_970213192,desecrated.stat_970213192
#% increased Skill Speed for each Corrupted Item Equipped			rune.stat_2203195791
#% reduced Skill Speed for each Corrupted Item Equipped	n		rune.stat_2203195791
#% increased Skill Speed if you've consumed a Frenzy Charge Recently			explicit.stat_3313255158,desecrated.stat_3313255158
#% reduced Skill Speed if you've consumed a Frenzy Charge Recently	n		explicit.stat_3313255158,desecrated.stat_3313255158
#% increased Skill Speed while Shapeshifted			explicit.stat_918325986,fractured.stat_918325986,desecrated.stat_918325986
#% reduced Skill Speed while Shapeshifted	n		explicit.stat_918325986,fractured.stat_918325986,desecrated.stat_918325986
#% increased Slowing Potency of Debuffs on You			explicit.stat_924253255,implicit.stat_924253255,fractured.stat_924253255,enchant.stat_924253255,rune.stat_924253255,desecrated.stat_924253255,sanctum.stat_978111083,crafted.stat_924253255
#% reduced Slowing Potency of Debuffs on You	n		explicit.stat_924253255,implicit.stat_924253255,fractured.stat_924253255,enchant.stat_924253255,rune.stat_924253255,desecrated.stat_924253255,sanctum.stat_978111083,crafted.stat_924253255
#% increased Spell Damage			explicit.stat_2974417149,fractured.stat_2974417149,enchant.stat_2974417149,rune.stat_2974417149,desecrated.stat_2974417149,crafted.stat_2974417149
#% reduced Spell Damage	n		explicit.stat_2974417149,fractured.stat_2974417149,enchant.stat_2974417149,rune.stat_2974417149,desecrated.stat_2974417149,crafted.stat_2974417149
#% increased Spell Damage during any Flask Effect			explicit.stat_1014398896,fractured.stat_1014398896
#% increased Spell Damage per 10 Intelligence			explicit.stat_2818518881
#% reduced Spell Damage per 10 Intelligence	n		explicit.stat_2818518881
#% increased Spell Damage per 10 Spirit			explicit.stat_2412053423
#% increased Spell Damage per 100 Maximum Life			explicit.stat_3491815140,desecrated.stat_3491815140
#% reduced Spell Damage per 100 Maximum Life	n		explicit.stat_3491815140,desecrated.stat_3491815140
#% increased Spell Damage per 100 maximum Mana			explicit.stat_1850249186,desecrated.stat_1850249186
#% reduced Spell Damage per 100 maximum Mana	n		explicit.stat_1850249186,desecrated.stat_1850249186
#% increased Spell Damage while on Full Energy Shield			explicit.stat_3176481473,desecrated.stat_3176481473
#% reduced Spell Damage while on Full Energy Shield	n		explicit.stat_3176481473,desecrated.stat_3176481473
#% increased Spell Damage while wielding a Melee Weapon			explicit.stat_4136346606,desecrated.stat_4136346606
#% reduced Spell Damage while wielding a Melee Weapon	n		explicit.stat_4136346606,desecrated.stat_4136346606
#% increased Spell Damage while your Companion is in your Presence			rune.stat_4063732952
#% reduced Spell Damage while your Companion is in your Presence	n		rune.stat_4063732952
#% increased Spell Damage with Spells that cost Life			explicit.stat_1373860425,desecrated.stat_1373860425
#% reduced Spell Damage with Spells that cost Life	n		explicit.stat_1373860425,desecrated.stat_1373860425
#% increased Spell Physical Damage			explicit.stat_2768835289,fractured.stat_2768835289,desecrated.stat_2768835289
#% reduced Spell Physical Damage	n		explicit.stat_2768835289,fractured.stat_2768835289,desecrated.stat_2768835289
#% increased Spell damage for each 200 total Mana you have Spent Recently			explicit.stat_347220474
#% reduced Spell damage for each 200 total Mana you have Spent Recently	n		explicit.stat_347220474
#% increased Spirit			explicit.stat_1416406066,explicit.stat_3984865854,fractured.stat_1416406066,fractured.stat_3984865854,enchant.stat_3984865854,rune.stat_1416406066,rune.stat_3984865854,desecrated.stat_1416406066,desecrated.stat_3984865854
#% reduced Spirit	n		explicit.stat_1416406066,explicit.stat_3984865854,fractured.stat_1416406066,fractured.stat_3984865854,enchant.stat_3984865854,rune.stat_1416406066,rune.stat_3984865854,desecrated.stat_1416406066,desecrated.stat_3984865854
#% increased Spirit Reservation Efficiency of Buff Skills per 100 Maximum Life			explicit.stat_3581035970
#% reduced Spirit Reservation Efficiency of Buff Skills per 100 Maximum Life	n		explicit.stat_3581035970
#% increased Spirit Reservation Efficiency			explicit.stat_53386210,desecrated.stat_53386210
#% increased Spirit Reservation Efficiency of Skills			explicit.stat_53386210,desecrated.stat_53386210
#% reduced Spirit Reservation Efficiency of Skills	n		explicit.stat_53386210,desecrated.stat_53386210
#% increased Spirit per socketed Grand Spectrum			explicit.stat_1430165758
#% increased Stack size of Simulacrum Splinters found in Map			explicit.stat_3836551197,enchant.stat_3836551197
#% increased Stack size of Simulacrum Splinters found in Area			explicit.stat_3836551197,enchant.stat_3836551197
#% increased Stack size of Simulacrum Splinters found in your Maps			explicit.stat_3836551197,enchant.stat_3836551197
#% reduced Stack size of Simulacrum Splinters found in Map	n		explicit.stat_3836551197,enchant.stat_3836551197
#% reduced Stack size of Simulacrum Splinters found in Area	n		explicit.stat_3836551197,enchant.stat_3836551197
#% reduced Stack size of Simulacrum Splinters found in your Maps	n		explicit.stat_3836551197,enchant.stat_3836551197
#% increased Strength			explicit.stat_734614379,fractured.stat_734614379,desecrated.stat_734614379,crafted.stat_734614379
#% reduced Strength	n		explicit.stat_734614379,fractured.stat_734614379,desecrated.stat_734614379,crafted.stat_734614379
#% increased Strength Requirement			explicit.stat_295075366
#% reduced Strength Requirement	n		explicit.stat_295075366
No Strength Requirement		-100	explicit.stat_295075366
#% increased Stun Buildup			explicit.stat_239367161,implicit.stat_239367161,fractured.stat_239367161,desecrated.stat_239367161
#% reduced Stun Buildup	n		explicit.stat_239367161,implicit.stat_239367161,fractured.stat_239367161,desecrated.stat_239367161
#% increased Stun Buildup with Maces			explicit.stat_872504239,fractured.stat_872504239,desecrated.stat_872504239
#% reduced Stun Buildup with Maces	n		explicit.stat_872504239,fractured.stat_872504239,desecrated.stat_872504239
#% increased Stun Duration			explicit.stat_748522257,fractured.stat_748522257,desecrated.stat_748522257
#% reduced Stun Duration	n		explicit.stat_748522257,fractured.stat_748522257,desecrated.stat_748522257
#% increased Stun Recovery			explicit.stat_2511217560,rune.stat_2511217560
#% reduced Stun Recovery	n		explicit.stat_2511217560,rune.stat_2511217560
#% increased Stun Threshold			explicit.stat_680068163,implicit.stat_680068163,fractured.stat_680068163,enchant.stat_680068163,desecrated.stat_680068163
#% reduced Stun Threshold	n		explicit.stat_680068163,implicit.stat_680068163,fractured.stat_680068163,enchant.stat_680068163,desecrated.stat_680068163
#% increased Stun Threshold if you haven't been Stunned Recently			explicit.stat_1405298142,fractured.stat_1405298142,desecrated.stat_1405298142
#% reduced Stun Threshold if you haven't been Stunned Recently	n		explicit.stat_1405298142,fractured.stat_1405298142,desecrated.stat_1405298142
#% increased Stun Threshold if you've been Stunned Recently			rune.stat_751944209
#% reduced Stun Threshold if you've been Stunned Recently	n		rune.stat_751944209
#% increased Stun Threshold while Parrying			explicit.stat_1911237468,fractured.stat_1911237468,desecrated.stat_1911237468
#% reduced Stun Threshold while Parrying	n		explicit.stat_1911237468,fractured.stat_1911237468,desecrated.stat_1911237468
#% increased Surrounded Area of Effect			explicit.stat_909236563
#% reduced Surrounded Area of Effect	n		explicit.stat_909236563
#% increased Tablets found in Area			enchant.stat_3138466258
#% increased Quantity of Tablets found			enchant.stat_3138466258
#% reduced Tablets found in Area	n		enchant.stat_3138466258
#% increased Thorns Critical Hit Chance			rune.stat_915264788
#% reduced Thorns Critical Hit Chance	n		rune.stat_915264788
#% increased Thorns damage			explicit.stat_1315743832,fractured.stat_1315743832,enchant.stat_1315743832,desecrated.stat_1315743832
#% reduced Thorns damage	n		explicit.stat_1315743832,fractured.stat_1315743832,enchant.stat_1315743832,desecrated.stat_1315743832
#% increased Thorns damage if you've consumed an Endurance Charge Recently			explicit.stat_806994543
#% reduced Thorns damage if you've consumed an Endurance Charge Recently	n		explicit.stat_806994543
#% increased Totem Damage			explicit.stat_3851254963,fractured.stat_3851254963,desecrated.stat_3851254963
#% reduced Totem Damage	n		explicit.stat_3851254963,fractured.stat_3851254963,desecrated.stat_3851254963
#% increased Totem Damage per Curse on you			explicit.stat_2639983772
#% reduced Totem Damage per Curse on you	n		explicit.stat_2639983772
#% increased Totem Duration			explicit.stat_2357996603
#% reduced Totem Duration	n		explicit.stat_2357996603
#% increased Totem Life			explicit.stat_686254215,fractured.stat_686254215,desecrated.stat_686254215
#% reduced Totem Life	n		explicit.stat_686254215,fractured.stat_686254215,desecrated.stat_686254215
#% increased Totem Placement speed			explicit.stat_3374165039,fractured.stat_3374165039,desecrated.stat_3374165039,crafted.stat_3374165039
#% reduced Totem Placement speed	n		explicit.stat_3374165039,fractured.stat_3374165039,desecrated.stat_3374165039,crafted.stat_3374165039
#% increased Warcry Buff Effect			explicit.stat_3037553757,desecrated.stat_3037553757
#% reduced Warcry Buff Effect	n		explicit.stat_3037553757,desecrated.stat_3037553757
#% increased Warcry Cooldown Recovery Rate			explicit.stat_4159248054,fractured.stat_4159248054,desecrated.stat_4159248054
#% reduced Warcry Cooldown Recovery Rate	n		explicit.stat_4159248054,fractured.stat_4159248054,desecrated.stat_4159248054
#% increased Warcry Speed			explicit.stat_1316278494,fractured.stat_1316278494,enchant.stat_1316278494,desecrated.stat_1316278494,crafted.stat_1316278494
#% reduced Warcry Speed	n		explicit.stat_1316278494,fractured.stat_1316278494,enchant.stat_1316278494,desecrated.stat_1316278494,crafted.stat_1316278494
#% increased Weapon Damage per 10 Strength			explicit.stat_1791136590
#% reduced Weapon Damage per 10 Strength	n		explicit.stat_1791136590
#% increased Weapon Swap Speed			explicit.stat_3233599707,fractured.stat_3233599707,enchant.stat_3233599707
#% reduced Weapon Swap Speed	n		explicit.stat_3233599707,fractured.stat_3233599707,enchant.stat_3233599707
#% increased Withered Magnitude			explicit.stat_3973629633,fractured.stat_3973629633,rune.stat_3973629633,desecrated.stat_3973629633
#% reduced Withered Magnitude	n		explicit.stat_3973629633,fractured.stat_3973629633,rune.stat_3973629633,desecrated.stat_3973629633
#% increased amount of Life Leeched			explicit.stat_2112395885,fractured.stat_2112395885,desecrated.stat_2112395885
#% reduced amount of Life Leeched	n		explicit.stat_2112395885,fractured.stat_2112395885,desecrated.stat_2112395885
#% increased amount of Life Leeched if you've consumed a Frenzy Charge Recently			explicit.stat_3843204146
#% reduced amount of Life Leeched if you've consumed a Frenzy Charge Recently	n		explicit.stat_3843204146
#% increased amount of Magic Chests			explicit.stat_2898517796
#% reduced amount of Magic Chests	n		explicit.stat_2898517796
#% increased amount of Mana Leeched			explicit.stat_2839066308,fractured.stat_2839066308,desecrated.stat_2839066308
#% reduced amount of Mana Leeched	n		explicit.stat_2839066308,fractured.stat_2839066308,desecrated.stat_2839066308
#% increased amount of Rare Chests			explicit.stat_798469000
#% reduced amount of Rare Chests	n		explicit.stat_798469000
#% increased bonuses gained from Equipped Quiver			explicit.stat_1200678966,fractured.stat_1200678966,desecrated.stat_1200678966
#% reduced bonuses gained from Equipped Quiver	n		explicit.stat_1200678966,fractured.stat_1200678966,desecrated.stat_1200678966
#% increased bonuses gained from Equipped Rings			explicit.stat_2793222406
#% reduced bonuses gained from Equipped Rings	n		explicit.stat_2793222406
#% increased bonuses gained from left Equipped Ring			explicit.stat_513747733
#% reduced bonuses gained from left Equipped Ring	n		explicit.stat_513747733
#% increased bonuses gained from right Equipped Ring			explicit.stat_3885501357
#% reduced bonuses gained from right Equipped Ring	n		explicit.stat_3885501357
#% increased chance Vaal Beacon Chests are Rare in Map			explicit.stat_2514439422
#% increased chance Vaal Beacons summon additional Monsters			explicit.stat_632698321
#% increased chance Vaal Beacons summon additional Monsters in Map			explicit.stat_632698321
#% reduced chance Vaal Beacons summon additional Monsters	n		explicit.stat_632698321
#% increased chance for Abyssal monsters to have Abyssal Modifiers			explicit.stat_2789248444
#% increased chance for Abyssal monsters in Map to have Abyssal Modifiers			explicit.stat_2789248444
#% reduced chance for Abyssal monsters to have Abyssal Modifiers	n		explicit.stat_2789248444
#% reduced chance for Abyssal monsters in Map to have Abyssal Modifiers	n		explicit.stat_2789248444
#% increased chance to find Desecrated Currency			explicit.stat_1710200734
#% increased chance for Desecrated Currency from Abysses in Map			explicit.stat_1710200734
#% reduced chance to find Desecrated Currency	n		explicit.stat_1710200734
#% reduced chance for Desecrated Currency from Abysses in Map	n		explicit.stat_1710200734
#% increased chance to Avoid Resolve Loss from Enemy Projectile Hits	n		sanctum.stat_1798691236
#% increased chance to Poison			explicit.stat_3481083201,desecrated.stat_3481083201
#% reduced chance to Poison	n		explicit.stat_3481083201,desecrated.stat_3481083201
#% increased chance to Shock			explicit.stat_293638271,fractured.stat_293638271,enchant.stat_293638271,rune.stat_293638271,desecrated.stat_293638271
#% reduced chance to Shock	n		explicit.stat_293638271,fractured.stat_293638271,enchant.stat_293638271,rune.stat_293638271,desecrated.stat_293638271
#% increased chance to avoid Honour loss from Enemy Melee Hits			sanctum.stat_3134588943
#% reduced chance to avoid Honour loss from Enemy Melee Hits	n		sanctum.stat_3134588943
#% increased chance to inflict Ailments			explicit.stat_1772247089,fractured.stat_1772247089,desecrated.stat_1772247089
#% reduced chance to inflict Ailments	n		explicit.stat_1772247089,fractured.stat_1772247089,desecrated.stat_1772247089
#% increased chance to inflict Ailments against Enemies affected by Abyssal Wasting			explicit.stat_2760643568
#% reduced chance to inflict Ailments against Enemies affected by Abyssal Wasting	n		explicit.stat_2760643568
#% increased chance to inflict Bleeding			explicit.stat_242637938,desecrated.stat_242637938
#% reduced chance to inflict Bleeding	n		explicit.stat_242637938,desecrated.stat_242637938
#% increased effect of Arcane Surge on you			explicit.stat_2103650854,implicit.stat_2103650854,fractured.stat_2103650854,rune.stat_2103650854,desecrated.stat_2103650854
#% reduced effect of Arcane Surge on you	n		explicit.stat_2103650854,implicit.stat_2103650854,fractured.stat_2103650854,rune.stat_2103650854,desecrated.stat_2103650854
#% increased effect of Archon Buffs on you			explicit.stat_1180552088,fractured.stat_1180552088,desecrated.stat_1180552088,crafted.stat_1180552088
#% reduced effect of Archon Buffs on you	n		explicit.stat_1180552088,fractured.stat_1180552088,desecrated.stat_1180552088,crafted.stat_1180552088
#% increased effect of Fully Broken Armour			explicit.stat_1879206848,implicit.stat_1879206848,fractured.stat_1879206848,rune.stat_1879206848,desecrated.stat_1879206848
#% increased effect of Socketed Augment Items			explicit.stat_2081918629,fractured.stat_2081918629,crafted.stat_2081918629
#% reduced effect of Socketed Augment Items	n		explicit.stat_2081918629,fractured.stat_2081918629,crafted.stat_2081918629
#% increased effect of Socketed Runes			explicit.stat_704409219,rune.stat_704409219
#% reduced effect of Socketed Runes	n		explicit.stat_704409219,rune.stat_704409219
#% increased effect of Socketed Soul Cores			explicit.stat_4065505214
#% reduced effect of Socketed Soul Cores	n		explicit.stat_4065505214
#% increased maximum Divinity			explicit.stat_878697053
#% reduced maximum Divinity	n		explicit.stat_878697053
#% increased maximum Divinity per Corrupted Item Equipped			explicit.stat_2189090852
#% reduced maximum Divinity per Corrupted Item Equipped	n		explicit.stat_2189090852
#% increased maximum Energy Shield			explicit.stat_2482852589,fractured.stat_2482852589,enchant.stat_2482852589,desecrated.stat_2482852589,sanctum.stat_1707887759,crafted.stat_2482852589
#% reduced maximum Energy Shield	n		explicit.stat_2482852589,fractured.stat_2482852589,enchant.stat_2482852589,desecrated.stat_2482852589,sanctum.stat_1707887759,crafted.stat_2482852589
#% increased maximum Honour			sanctum.stat_3970123360
#% reduced maximum Honour	n		sanctum.stat_3970123360
#% increased maximum Life			explicit.stat_983749596,implicit.stat_983749596,fractured.stat_983749596,rune.stat_983749596,desecrated.stat_983749596,sanctum.stat_1200789871,crafted.stat_983749596
#% reduced maximum Life	n		explicit.stat_983749596,implicit.stat_983749596,fractured.stat_983749596,rune.stat_983749596,desecrated.stat_983749596,sanctum.stat_1200789871,crafted.stat_983749596
#% increased maximum Mana			explicit.stat_2748665614,implicit.stat_2748665614,fractured.stat_2748665614,rune.stat_2748665614,desecrated.stat_2748665614,crafted.stat_2748665614
#% reduced maximum Mana	n		explicit.stat_2748665614,implicit.stat_2748665614,fractured.stat_2748665614,rune.stat_2748665614,desecrated.stat_2748665614,crafted.stat_2748665614
#% increased maximum Runic Ward			explicit.stat_4273473110,implicit.stat_4273473110,fractured.stat_4273473110,crafted.stat_4273473110
#% reduced maximum Runic Ward	n		explicit.stat_4273473110,implicit.stat_4273473110,fractured.stat_4273473110,crafted.stat_4273473110
#% increased number of Expedition Explosives			implicit.stat_3051490307
#% reduced number of Expedition Explosives	n		implicit.stat_3051490307
#% increased number of Monster Packs			explicit.stat_2624927319
#% increased number of Monster Packs in your Maps			explicit.stat_2624927319
#% reduced number of Monster Packs	n		explicit.stat_2624927319
#% reduced number of Monster Packs in your Maps	n		explicit.stat_2624927319
#% increased number of Rare Expedition Monsters			explicit.stat_2694800111
#% increased number of Rare Expedition Monsters in Map			explicit.stat_2694800111
#% increased number of Rare Expedition Monsters in Area			explicit.stat_2694800111
#% reduced number of Rare Expedition Monsters	n		explicit.stat_2694800111
#% reduced number of Rare Expedition Monsters in Map	n		explicit.stat_2694800111
#% reduced number of Rare Expedition Monsters in Area	n		explicit.stat_2694800111
#% increased quantity of Artifacts dropped by Monsters			explicit.stat_4219583418,implicit.stat_4219583418
#% increased quantity of Artifacts dropped by Monsters in your Maps			explicit.stat_4219583418,implicit.stat_4219583418
#% increased quantity of Expedition Artifacts dropped by Monsters in Map			explicit.stat_4219583418,implicit.stat_4219583418
#% reduced quantity of Artifacts dropped by Monsters	n		explicit.stat_4219583418,implicit.stat_4219583418
#% reduced quantity of Artifacts dropped by Monsters in your Maps	n		explicit.stat_4219583418,implicit.stat_4219583418
#% reduced quantity of Expedition Artifacts dropped by Monsters in Map	n		explicit.stat_4219583418,implicit.stat_4219583418
#% increased quantity of Keys dropped by Monsters			sanctum.stat_729354668
#% reduced quantity of Keys dropped by Monsters	n		sanctum.stat_729354668
#% increased quantity of Relics dropped by Monsters			sanctum.stat_1680962389
#% reduced quantity of Relics dropped by Monsters	n		sanctum.stat_1680962389
#% increased speed of Recoup Effects			explicit.stat_2363593824,rune.stat_2363593824,desecrated.stat_2363593824
#% reduced speed of Recoup Effects	n		explicit.stat_2363593824,rune.stat_2363593824,desecrated.stat_2363593824
#% increased total Power counted by Warcries			explicit.stat_2663359259,fractured.stat_2663359259,rune.stat_2663359259,desecrated.stat_2663359259
#% reduced total Power counted by Warcries	n		explicit.stat_2663359259,fractured.stat_2663359259,rune.stat_2663359259,desecrated.stat_2663359259
#% more Armour, Evasion and Energy Shield			explicit.stat_1803659985
#% less Armour, Evasion and Energy Shield	n		explicit.stat_1803659985
#% more Damage taken if you have not been Hit Recently			explicit.stat_67637087
#% less Damage taken if you have not been Hit Recently	n		explicit.stat_67637087
#% less Flask Charges used			explicit.stat_3749630567
#% more Flask Charges used	n		explicit.stat_3749630567
#% more Mana Regeneration Rate			rune.stat_762761075
#% less Mana Regeneration Rate	n		rune.stat_762761075
#% more Movement Speed			explicit.stat_2146799605
#% less Movement Speed	n		explicit.stat_2146799605
#% less Movement and Skill Speed per Dodge Roll in the past 20 seconds			explicit.stat_3156445245
#% more Movement and Skill Speed per Dodge Roll in the past 20 seconds	n		explicit.stat_3156445245
#% more Spirit			explicit.stat_537850431
#% less Spirit	n		explicit.stat_537850431
#% more effect of Curses on Monsters			explicit.stat_3796523155,fractured.stat_3796523155,desecrated.stat_3796523155
#% less effect of Curses on Monsters	n		explicit.stat_3796523155,fractured.stat_3796523155,desecrated.stat_3796523155
#% more maximum Life			explicit.stat_1633735772,rune.stat_1020945697
#% less maximum Life	n		explicit.stat_1633735772,rune.stat_1020945697
#% more maximum Mana			explicit.stat_3045154261
#% less maximum Mana	n		explicit.stat_3045154261
#% more minimum Physical Attack Damage			explicit.stat_2423248184
#% less minimum Physical Attack Damage	n		explicit.stat_2423248184
#% maximum Player Resistances			explicit.stat_3376488707,fractured.stat_3376488707,desecrated.stat_3376488707,sanctum.stat_3376488707
#% more Attack Damage			explicit.stat_412462523,rune.stat_412462523
#% less Attack Damage	n		explicit.stat_412462523,rune.stat_412462523
#% more Curse Magnitudes			explicit.stat_2939415499
#% less Curse Magnitudes	n		explicit.stat_2939415499
Magnitudes of Curses you inflict are zero		-100	explicit.stat_2939415499
#% more Life Flask Recovery			explicit.stat_1972661424
#% less Life Flask Recovery	n		explicit.stat_1972661424
#% more Life Recovered			explicit.stat_1726753705
#% less Life Recovered	n		explicit.stat_1726753705
#% more Monster Life			explicit.stat_95249895,fractured.stat_95249895,desecrated.stat_95249895
#% less Monster Life	n		explicit.stat_95249895,fractured.stat_95249895,desecrated.stat_95249895
#% more Recovery if used while on Low Life			explicit.stat_886931978
#% more Recovery if used while on Low Mana			explicit.stat_3276224428
#% more maximum Physical Attack Damage			explicit.stat_3735888493
#% less maximum Physical Attack Damage	n		explicit.stat_3735888493
#% of Armour also applies to Chaos Damage			explicit.stat_3972229254,rune.stat_3972229254,desecrated.stat_3972229254
#% of Armour also applies to Chaos Damage while on full Energy Shield			rune.stat_2191621386
#% of Armour also applies to Cold Damage			rune.stat_1947060170
#% of Armour also applies to Elemental Damage			explicit.stat_3362812763,implicit.stat_3362812763,fractured.stat_3362812763,rune.stat_3362812763,desecrated.stat_3362812763
#% of Armour also applies to Fire Damage			rune.stat_3897831687
#% of Armour also applies to Lightning Damage			rune.stat_2200571612
#% of Chaos Damage from Hits taken as Damage of a random Element			rune.stat_4217453078
#% of Chaos damage you prevent when Hit Recouped as Life and Mana during effect			explicit.stat_2678930256
#% of Charges consumed by used Charms are granted to your Life Flasks			explicit.stat_2369960685
#% of Charges consumed by used Life Flasks are granted to your Charms			explicit.stat_2020463573
#% of Cold Damage Converted to Lightning Damage			explicit.stat_1686824704
#% of Cold Damage taken Recouped as Life			explicit.stat_3679418014,fractured.stat_3679418014,crafted.stat_3679418014
#% of Current Energy Shield also grants Elemental Damage reduction			explicit.stat_2342939473
Current Energy Shield also grants Elemental Damage reduction		100	explicit.stat_2342939473
#% of Damage Taken Recouped as Life, Mana and Energy Shield			explicit.stat_2319832234
#% of Damage from Deflected Hits is taken from Damageable Companion's Life before you			explicit.stat_3918757604
#% of Damage from Hits is taken from your Damageable Companion's Life before you			explicit.stat_1150343007,rune.stat_1150343007
#% of Damage from Hits is taken from your Spectres' Life before you			explicit.stat_54812069,fractured.stat_54812069,desecrated.stat_54812069,crafted.stat_54812069
#% of Damage is taken from Mana before Life			explicit.stat_458438597,implicit.stat_458438597,fractured.stat_458438597,rune.stat_458438597,desecrated.stat_458438597,crafted.stat_458438597
#% of Damage is taken from Mana before Life while not on Low Mana			explicit.stat_679019978
#% of Damage taken Recouped as Life			explicit.stat_1444556985,implicit.stat_1444556985,fractured.stat_1444556985,enchant.stat_1444556985,rune.stat_1444556985,desecrated.stat_1444556985,crafted.stat_1444556985
#% of Damage taken Recouped as Mana			explicit.stat_472520716,fractured.stat_472520716,enchant.stat_472520716,desecrated.stat_472520716
#% of Damage taken bypasses Energy Shield			explicit.stat_2448633171,rune.stat_2448633171
#% of Damage taken during effect Recouped as Life			explicit.stat_3598623697
#% of Damage taken from Deflected Hits Recouped as Life			explicit.stat_3471443885
#% of Damage taken from Hits bypasses Energy Shield if Energy Shield is below half			explicit.stat_1311130924,implicit.stat_1311130924,rune.stat_1311130924
#% of Elemental Damage Converted to Chaos Damage			explicit.stat_2295988214
#% of Elemental Damage Converted to Cold Damage			explicit.stat_210092264
#% of Elemental Damage Converted to Fire Damage			explicit.stat_40154188
#% of Elemental Damage Converted to Lightning Damage			explicit.stat_289540902
#% of Elemental Damage taken Recouped as Energy Shield			explicit.stat_2896115339,desecrated.stat_2896115339
#% of Elemental damage from Hits taken as Chaos damage			explicit.stat_1175213674
#% of Fire Damage Converted to Cold Damage			explicit.stat_3503160529
#% of Fire Damage from Hits taken as Physical Damage			explicit.stat_3205239847
#% of Fire Damage taken Recouped as Life			explicit.stat_1742651309,fractured.stat_1742651309,crafted.stat_1742651309
#% of Fire damage Converted to Lightning damage			explicit.stat_2772033465
#% of Fire damage taken as Cold damage			explicit.stat_4108426433
#% of Flask Recovery applied Instantly			implicit.stat_462041840
#% of Leech is Instant			explicit.stat_3561837752,desecrated.stat_3561837752
#% of Life Leeched from targets affected by Abyssal Wasting is Instant			explicit.stat_3658708511
#% of Lightning Damage Converted to Chaos Damage			explicit.stat_2109189637
#% of Lightning Damage Converted to Cold Damage			explicit.stat_3627052716,implicit.stat_3627052716
#% of Lightning Damage taken Recouped as Life			explicit.stat_2970621759,fractured.stat_2970621759,crafted.stat_2970621759
#% of Lightning damage taken as Cold damage			explicit.stat_3198708642
#% of Mana Leeched from targets affected by Abyssal Wasting is Instant			explicit.stat_546201303
#% of Maximum Life Converted to Energy Shield			explicit.stat_2458962764
#% of Melee Physical Damage taken reflected to Attacker			explicit.stat_1092987622,rune.stat_1092987622
#% of Parry Physical Damage Converted to Cold Damage			explicit.stat_2089152298
#% of Physical Damage from Hits taken as Chaos Damage			explicit.stat_4129825612,fractured.stat_4129825612,crafted.stat_4129825612
#% of Physical Damage prevented Recouped as Life			explicit.stat_1374654984,rune.stat_1374654984,desecrated.stat_1374654984
#% of Physical Damage taken as Fire Damage			explicit.stat_1004468512
#% of Physical Damage taken as Lightning while your Shield is raised			explicit.stat_321970274,desecrated.stat_321970274
#% of Physical damage dealt by your Hits causes Blood Loss			explicit.stat_70760090
#% of Physical damage from Hits taken as Lightning damage			explicit.stat_425242359
#% of Recovery applied Instantly			explicit.stat_2503377690
#% of Skill Mana Costs Converted to Life Costs			explicit.stat_2480498143,fractured.stat_2480498143,rune.stat_2480498143,desecrated.stat_2480498143,crafted.stat_2480498143
Skill Mana Costs Converted to Life Costs		100	explicit.stat_2480498143,fractured.stat_2480498143,rune.stat_2480498143,desecrated.stat_2480498143,crafted.stat_2480498143
#% of Spell Damage Leeched as Life			explicit.stat_782941180
#% of Spell Mana Cost Converted to Life Cost			explicit.stat_3544050945,implicit.stat_3544050945,desecrated.stat_3544050945
#% of Thorns Damage Leeched as Life			explicit.stat_1753977518
#% of Volatility Physical Damage Taken as Cold Damage			explicit.stat_3190121041
#% of damage taken from enemies with an Open Weakness Recouped as Life			explicit.stat_2285766967
#% of maximum Life Regenerated per second per Fragile Regrowth			explicit.stat_3175722882
#% of your Base Life Regeneration is granted to Allies in your Presence			explicit.stat_4287671144
#% reduced Chill Duration on you			explicit.stat_1874553720,fractured.stat_1874553720,desecrated.stat_1874553720
#% increased Chill Duration on you	n		explicit.stat_1874553720,fractured.stat_1874553720,desecrated.stat_1874553720
#% increased Effect of Chill on you			explicit.stat_1478653032
#% reduced Effect of Chill on you	n		explicit.stat_1478653032
#% reduced Elemental Ailment Duration on you			implicit.stat_1745952865
#% increased Elemental Ailment Duration on you	n		implicit.stat_1745952865
#% reduced Enemy Stun Threshold			implicit.stat_1443060084
#% increased Enemy Stun Threshold	n		implicit.stat_1443060084
#% reduced Freeze Duration on you			explicit.stat_2160282525,fractured.stat_2160282525,desecrated.stat_2160282525
#% increased Freeze Duration on you	n		explicit.stat_2160282525,fractured.stat_2160282525,desecrated.stat_2160282525
#% reduced Ignite Duration on you			explicit.stat_986397080,fractured.stat_986397080,desecrated.stat_986397080
#% increased Ignite Duration on you	n		explicit.stat_986397080,fractured.stat_986397080,desecrated.stat_986397080
#% reduced Mana Cost of Skills			explicit.stat_474294393
#% increased Mana Cost of Skills	n		explicit.stat_474294393
#% reduced Shock duration on you			explicit.stat_99927264,fractured.stat_99927264,desecrated.stat_99927264
#% increased Shock duration on you	n		explicit.stat_99927264,fractured.stat_99927264,desecrated.stat_99927264
#% increased Slowing Potency of Debuffs on You if you've used a Charm Recently			explicit.stat_3839676903,desecrated.stat_3839676903
#% reduced Slowing Potency of Debuffs on You if you've used a Charm Recently	n		explicit.stat_3839676903,desecrated.stat_3839676903
#% increased effect of Curses on you			explicit.stat_3407849389,rune.stat_3407849389,desecrated.stat_3407849389
#% reduced effect of Curses on you	n		explicit.stat_3407849389,rune.stat_3407849389,desecrated.stat_3407849389
#% increased effect of Shock on you			explicit.stat_3801067695,rune.stat_3801067695
#% reduced effect of Shock on you	n		explicit.stat_3801067695,rune.stat_3801067695
Players have #% to All Resistances			sanctum.stat_3128852541
#% to Block Chance while holding a Focus			explicit.stat_3122852693
#% to Block chance			explicit.stat_1702195217,implicit.stat_1702195217,rune.stat_1702195217,desecrated.stat_1702195217
#% to Chaos Resistance			explicit.stat_2923486259,implicit.stat_2923486259,fractured.stat_2923486259,enchant.stat_2923486259,rune.stat_2923486259,desecrated.stat_2923486259,crafted.stat_2923486259
#% to Chaos Resistance for each Corrupted Item Equipped			rune.stat_138373935
#% to Chaos Resistance per Socket filled			explicit.stat_1123023256
#% to Cold Resistance			explicit.stat_4220027924,implicit.stat_4220027924,fractured.stat_4220027924,enchant.stat_4220027924,rune.stat_4220027924,desecrated.stat_4220027924,crafted.stat_4220027924
#% to Cold and Chaos Resistances			explicit.stat_3393628375,fractured.stat_3393628375,desecrated.stat_3393628375
#% to Cold and Lightning Resistances			explicit.stat_4277795662,implicit.stat_4277795662
#% to Cold and Lightning Resistances per Equipped Item with a Fire Resistance Modifier			explicit.stat_2381897042
#% to Critical Damage Bonus			explicit.stat_2694482655,implicit.stat_2694482655,fractured.stat_2694482655,enchant.stat_2694482655,rune.stat_2694482655,desecrated.stat_2694482655
#% to Critical Hit Chance			explicit.stat_518292764,fractured.stat_518292764,rune.stat_518292764,desecrated.stat_518292764,crafted.stat_518292764
#% to Fire Resistance			explicit.stat_3372524247,implicit.stat_3372524247,fractured.stat_3372524247,enchant.stat_3372524247,rune.stat_3372524247,desecrated.stat_3372524247,crafted.stat_3372524247
#% to Fire Resistance while on Low Life	n		explicit.stat_38301299
#% to Fire Spell Critical Hit Chance			explicit.stat_3399401168,fractured.stat_3399401168,desecrated.stat_3399401168,crafted.stat_3399401168
#% to Fire and Chaos Resistances			explicit.stat_378817135,fractured.stat_378817135,desecrated.stat_378817135
#% to Fire and Cold Resistances			explicit.stat_2915988346,implicit.stat_2915988346
#% to Fire and Cold Resistances per Equipped Item with a Lightning Resistance Modifier			explicit.stat_4032948616
#% to Fire and Lightning Resistances			explicit.stat_3441501978,implicit.stat_3441501978
#% to Fire and Lightning Resistances per Equipped Item with a Cold Resistance Modifier			explicit.stat_3753008264
#% to Honour Resistance			sanctum.stat_2287831219
#% to Lightning Resistance			explicit.stat_1671376347,implicit.stat_1671376347,fractured.stat_1671376347,enchant.stat_1671376347,rune.stat_1671376347,desecrated.stat_1671376347,crafted.stat_1671376347
#% to Lightning and Chaos Resistances			explicit.stat_3465022881,fractured.stat_3465022881,desecrated.stat_3465022881
#% to Maximum Chaos Resistance			explicit.stat_1301765461,fractured.stat_1301765461,desecrated.stat_1301765461,crafted.stat_1301765461
#% to Maximum Cold Resistance			explicit.stat_3676141501,implicit.stat_3676141501,fractured.stat_3676141501,enchant.stat_3676141501,rune.stat_3676141501,desecrated.stat_3676141501,crafted.stat_3676141501
#% to Maximum Fire Resistance			explicit.stat_4095671657,fractured.stat_4095671657,enchant.stat_4095671657,rune.stat_4095671657,desecrated.stat_4095671657,crafted.stat_4095671657
#% to Maximum Honour Resistance			sanctum.stat_3096543632
#% to Maximum Lightning Resistance			explicit.stat_1011760251,fractured.stat_1011760251,enchant.stat_1011760251,rune.stat_1011760251,desecrated.stat_1011760251,crafted.stat_1011760251
#% to Maximum Quality			explicit.stat_2039822488,implicit.stat_2039822488,fractured.stat_2039822488,crafted.stat_2039822488
#% to Quality of all Skills			explicit.stat_3655769732,rune.stat_3655769732,desecrated.stat_3655769732
#% to Thorns Critical Hit Chance			explicit.stat_2715190555,rune.stat_2715190555,desecrated.stat_2715190555
#% to Unarmed Melee Attack Critical Hit Chance			explicit.stat_3613173483
#% to all Elemental Resistances			explicit.stat_2901986750,implicit.stat_2901986750,fractured.stat_2901986750,enchant.stat_2901986750,rune.stat_2901986750,desecrated.stat_2901986750
#% to all Elemental Resistances per Power Charge			explicit.stat_2593644209
#% to all Elemental Resistances per Socket filled			explicit.stat_2593651571
-#% to all Elemental Resistances per Socket filled	n		explicit.stat_2593651571
#% to all Elemental Resistances per socketed Grand Spectrum			explicit.stat_242161915
#% to all Maximum Elemental Resistances			explicit.stat_1978899297,implicit.stat_1978899297,fractured.stat_1978899297,enchant.stat_1978899297,rune.stat_1978899297,desecrated.stat_1978899297
#% to all Resistances for each Corrupted Item Equipped			implicit.stat_3100523498
#% to all maximum Resistances			explicit.stat_569299859,implicit.stat_569299859,desecrated.stat_569299859
#% to gain Archon of Undeath when you create an Offering			explicit.stat_933355817,fractured.stat_933355817,desecrated.stat_933355817,crafted.stat_933355817
#% to maximum Block chance			explicit.stat_480796730,enchant.stat_480796730,desecrated.stat_480796730
#% to maximum Block chance if you've Blocked with a raised Shield Recently			rune.stat_3617372509
# maximum Rage for each time you've used a Skill that Requires Glory in the past 6 seconds, up to 5 times			explicit.stat_233359425
# maximum Rage if you've used a Skill that Requires Glory in the past 20 seconds			explicit.stat_3302775221
# maximum stacks of Puppet Master			explicit.stat_1484026495,fractured.stat_1484026495,desecrated.stat_1484026495,crafted.stat_1484026495
# to Deflection Rating per 10 maximum Runic Ward			rune.stat_282990844
-# to Deflection Rating per 10 maximum Runic Ward	n		rune.stat_282990844
# to Spirit per Socket filled			explicit.stat_4163415912
# to Stun Threshold per 10 maximum Runic Ward			rune.stat_2838678452
-# to Stun Threshold per 10 maximum Runic Ward	n		rune.stat_2838678452
1 to Armour per Strength			explicit.stat_1291132817,rune.stat_1291132817
1 to Maximum Spirit per # Maximum Life			explicit.stat_1345486764
100% of Armour also applies to Lightning Damage			explicit.stat_2134207902
1% increased Energy Shield Recharge Rate per # maximum Runic Ward			rune.stat_162036024
1% more Unarmed Damage per # Strength			explicit.stat_3452816629
1% less Unarmed Damage per # Strength	n		explicit.stat_3452816629
A random Skill that requires Glory generates #% of its maximum Glory when your Marks Activate			rune.stat_2231410646
Abyss Cracks have #% chance to spawn all Monsters as at least Magic			explicit.stat_1388221282,desecrated.stat_1388221282
Abyss Cracks spawn all Monsters as at least Magic		100	explicit.stat_1388221282,desecrated.stat_1388221282
Abyss Pits have #% chance to spawn all Monsters as at least Magic			explicit.stat_4157613372,desecrated.stat_4157613372
Abyss Pits spawn all Monsters as at least Magic		100	explicit.stat_4157613372,desecrated.stat_4157613372
Abyss Pits in Map are #% less likely to have no Rewards			explicit.stat_4256531808,desecrated.stat_4256531808
Abyss Pits in Area are #% less likely to have no Rewards			explicit.stat_4256531808,desecrated.stat_4256531808
Abyss Pits in Map always have Rewards		-100	explicit.stat_4256531808,desecrated.stat_4256531808
Abyss Pits in Area always have Rewards		-100	explicit.stat_4256531808,desecrated.stat_4256531808
Abyss Pits in Map are twice as likely to have Rewards		-50	explicit.stat_4256531808,desecrated.stat_4256531808
Abyss Pits in Area are twice as likely to have Rewards		-50	explicit.stat_4256531808,desecrated.stat_4256531808
Abyssal Monsters grant #% increased Experience			explicit.stat_2975078312,desecrated.stat_2975078312
Abyss Monsters in your Maps grant #% increased Experience			explicit.stat_2975078312,desecrated.stat_2975078312
Abyssal Monsters grant #% reduced Experience	n		explicit.stat_2975078312,desecrated.stat_2975078312
Abyss monsters in your Maps grant #% reduced Experience	n		explicit.stat_2975078312,desecrated.stat_2975078312
Abyssal Monsters have #% increased Effectiveness for each closed Pit, up to 100%			explicit.stat_664606484
Abyssal Monsters have #% reduced Effectiveness for each closed Pit	n		explicit.stat_664606484
Abyssal Monsters have #% increased Effectiveness for each closed Pit	n		explicit.stat_664606484
Abyssal Monsters have increased Difficulty and Reward for each closed Pit			explicit.stat_360553763,desecrated.stat_360553763
Abyssal Monsters in Map have increased Difficulty and Reward for each closed Pit			explicit.stat_360553763,desecrated.stat_360553763
Abyssal Wasting also applies #% to Cold Resistance			explicit.stat_3979226081
Abyssal Wasting also applies #% to Fire Resistance			explicit.stat_2991563371
Abyssal Wasting also applies #% to Lightning Resistance			explicit.stat_1726353460
Abyssal Wasting you inflict also gives targets 10% chance to explode on death, dealing a tenth of their life as Physical Damage			explicit.stat_3134931479
Abyssal Wasting you inflict also prevents targets from dealing Critical Hits			explicit.stat_1986082444
Abyssal Wasting you inflict also prevents targets from inflicting Elemental Ailments			explicit.stat_4149923257
Abyssal Wasting you inflict has Infinite Duration			explicit.stat_1679776108
Abysses have #% increased chance to lead to an Abyssal Depths			explicit.stat_2722831300
Abysses in Map have #% increased chance to lead to an Abyssal Depths			explicit.stat_2722831300
Abysses in Area have #% increased chance to lead to an Abyssal Depths			explicit.stat_2722831300
Abysses have #% reduced chance to lead to an Abyssal Depths	n		explicit.stat_2722831300
Abysses in Map have #% reduced chance to lead to an Abyssal Depths	n		explicit.stat_2722831300
Abysses in Area have #% reduced chance to lead to an Abyssal Depths	n		explicit.stat_2722831300
Abysses spawn #% increased Monsters			explicit.stat_944630113,desecrated.stat_944630113
Abysses in Map spawn #% increased Monsters			explicit.stat_944630113,desecrated.stat_944630113
Abysses spawn #% reduced Monsters	n		explicit.stat_944630113,desecrated.stat_944630113
Abysses in Map spawn #% reduced Monsters	n		explicit.stat_944630113,desecrated.stat_944630113
Abysses lead to an Abyssal Boss			explicit.stat_2399592398,desecrated.stat_2399592398
Abysses lead to an Abyssal Depths			explicit.stat_2278777540,desecrated.stat_2278777540
Accuracy Rating is Doubled			explicit.stat_2161347476
Adds # to # Chaos Damage to Attacks			explicit.stat_674553446
Adds # to # Chaos damage			explicit.stat_2223678961,fractured.stat_2223678961,enchant.stat_2223678961,rune.stat_2223678961,desecrated.stat_2223678961,crafted.stat_2223678961
Adds # to # Cold Damage			explicit.stat_1037193709,fractured.stat_1037193709,enchant.stat_1037193709,rune.stat_1037193709,desecrated.stat_1037193709,crafted.stat_1037193709
Adds # to # Cold Damage against Chilled Enemies			rune.stat_3734640451
Adds # to # Cold damage to Attacks			explicit.stat_4067062424,fractured.stat_4067062424,desecrated.stat_4067062424
Adds # to # Fire Damage			explicit.stat_709508406,fractured.stat_709508406,enchant.stat_709508406,rune.stat_709508406,desecrated.stat_709508406,crafted.stat_709508406
Adds # to # Fire Damage to Attacks against Ignited Enemies			rune.stat_627339348
Adds # to # Fire damage to Attacks			explicit.stat_1573130764,implicit.stat_1573130764,fractured.stat_1573130764,rune.stat_1573130764,desecrated.stat_1573130764
Adds # to # Lightning Damage			explicit.stat_3336890334,fractured.stat_3336890334,enchant.stat_3336890334,rune.stat_3336890334,desecrated.stat_3336890334,crafted.stat_3336890334
Adds # to # Lightning Damage against Shocked Enemies			rune.stat_90012347
Adds # to # Lightning Damage to Attacks per 20 Intelligence			explicit.stat_3111921451
Adds # to # Lightning Damage to Unarmed Melee Hits			explicit.stat_3835522656
Adds # to # Lightning damage to Attacks			explicit.stat_1754445556,implicit.stat_1754445556,fractured.stat_1754445556,desecrated.stat_1754445556
Adds # to # Physical Damage			explicit.stat_1940865751,fractured.stat_1940865751,rune.stat_1940865751,desecrated.stat_1940865751,crafted.stat_1940865751
Adds # to # Physical Damage to Attacks			explicit.stat_3032590688,implicit.stat_3032590688,fractured.stat_3032590688,rune.stat_3032590688,desecrated.stat_3032590688
Adds Abysses to a Map\n# uses remaining			implicit.stat_2369421690
Adds Abysses to a Map\n# use remaining		1	implicit.stat_2369421690
Adds Irradiated to a Map\n# uses remaining			implicit.stat_4041853756
Adds Irradiated to a Map\n# use remaining		1	implicit.stat_4041853756
Adds Ritual Altars to a Map\n# uses remaining			implicit.stat_3166002380
Adds Ritual Altars to a Map\n# use remaining		1	implicit.stat_3166002380
Adds Vaal Beacons to a Map\n# uses remaining			implicit.stat_3035440454
Adds Vaal Beacons to a Map\n# use remaining		1	implicit.stat_3035440454
Adds a Kalguuran Expedition to a Map\n# uses remaining			implicit.stat_1714888636
Adds a Kalguuran Expedition to a Map\n# use remaining		1	implicit.stat_1714888636
Adds a Mirror of Delirium to a Map\n# uses remaining			implicit.stat_3879011313
Adds a Mirror of Delirium to a Map\n# use remaining		1	implicit.stat_3879011313
Adds an Otherworldy Breach to a Map\n# uses remaining			implicit.stat_2219129443
Adds an Otherworldy Breach to a Map\n# use remaining		1	implicit.stat_2219129443
Aggravate Bleeding on Enemies when they Enter your Presence			explicit.stat_874646180
Aggravating any Bleeding with this Weapon also Aggravates all Ignites on the target			explicit.stat_2312741059
All Attacks count as Empowered Attacks			explicit.stat_1952324525
All Damage from Hits Contributes to Poison Magnitude			explicit.stat_4012215578
All Damage from Hits against Bleeding targets Contributes to Chill Magnitude			explicit.stat_1717295693
All Damage from Hits against Poisoned targets Contributes to Chill Magnitude			explicit.stat_1375667591
All Damage from Hits with this Weapon Contributes to Chill Magnitude			explicit.stat_2156230257
All Damage from Hits with this Weapon Contributes to Freeze Buildup			explicit.stat_3761294489
All Damage from Hits with this Weapon Contributes to Pin Buildup			explicit.stat_4142786792
All Damage taken from Hits Contributes to Magnitude of Chill inflicted on you			explicit.stat_1705072014
All Damage taken from Hits while Bleeding Contributes to Magnitude of Chill on you			explicit.stat_2420248029
All Damage taken from Hits while Poisoned Contributes to Magnitude of Chill on you			explicit.stat_1291285202
All Mage's Legacies have #% increased effect per duplicate Mage's Legacy you have			explicit.stat_3874491706
All damage taken bypasses Runic Ward			rune.stat_3814102597
All damage with this Weapon causes Electrocution buildup			explicit.stat_1910743684,rune.stat_1910743684
Allies in your Presence Gain #% of Damage as Extra Chaos Damage			explicit.stat_4258251165
Allies in your Presence Gain #% of Damage as Extra Fire Damage			explicit.stat_2173791158
Allies in your Presence Regenerate # Life per second			explicit.stat_4010677958,fractured.stat_4010677958,rune.stat_4010677958,desecrated.stat_4010677958
Allies in your Presence Regenerate #% of their Maximum Life per second			explicit.stat_3081479811
Allies in your Presence Regenerate #% of your Maximum Life per second			rune.stat_1911097163
Allies in your Presence deal # to # added Attack Chaos Damage			explicit.stat_262946222,rune.stat_262946222,desecrated.stat_262946222
Allies in your Presence deal # to # added Attack Cold Damage			explicit.stat_2347036682,fractured.stat_2347036682,desecrated.stat_2347036682
Allies in your Presence deal # to # added Attack Fire Damage			explicit.stat_849987426,fractured.stat_849987426,desecrated.stat_849987426
Allies in your Presence deal # to # added Attack Lightning Damage			explicit.stat_2854751904,fractured.stat_2854751904,rune.stat_2854751904,desecrated.stat_2854751904
Allies in your Presence deal # to # added Attack Physical Damage			explicit.stat_1574590649,fractured.stat_1574590649,rune.stat_1574590649,desecrated.stat_1574590649
Allies in your Presence deal #% increased Damage			explicit.stat_1798257884,fractured.stat_1798257884,enchant.stat_1798257884,rune.stat_1798257884,desecrated.stat_1798257884,crafted.stat_1798257884
Allies in your Presence deal #% reduced Damage	n		explicit.stat_1798257884,fractured.stat_1798257884,enchant.stat_1798257884,rune.stat_1798257884,desecrated.stat_1798257884,crafted.stat_1798257884
Allies in your Presence have # to Accuracy Rating			explicit.stat_3169585282,fractured.stat_3169585282
Allies in your Presence have #% increased Attack Speed			explicit.stat_1998951374,fractured.stat_1998951374,enchant.stat_1998951374,rune.stat_1998951374,desecrated.stat_1998951374
Allies in your Presence have #% reduced Attack Speed	n		explicit.stat_1998951374,fractured.stat_1998951374,enchant.stat_1998951374,rune.stat_1998951374,desecrated.stat_1998951374
Allies in your Presence have #% increased Cast Speed			explicit.stat_289128254,fractured.stat_289128254,enchant.stat_289128254,rune.stat_289128254,desecrated.stat_289128254
Allies in your Presence have #% reduced Cast Speed	n		explicit.stat_289128254,fractured.stat_289128254,enchant.stat_289128254,rune.stat_289128254,desecrated.stat_289128254
Allies in your Presence have #% increased Critical Damage Bonus			explicit.stat_3057012405,fractured.stat_3057012405,enchant.stat_3057012405,rune.stat_3057012405,desecrated.stat_3057012405
Allies in your Presence have #% reduced Critical Damage Bonus	n		explicit.stat_3057012405,fractured.stat_3057012405,enchant.stat_3057012405,rune.stat_3057012405,desecrated.stat_3057012405
Allies in your Presence have #% increased Critical Hit Chance			explicit.stat_1250712710,fractured.stat_1250712710,rune.stat_1250712710,desecrated.stat_1250712710
Allies in your Presence have #% reduced Critical Hit Chance	n		explicit.stat_1250712710,fractured.stat_1250712710,rune.stat_1250712710,desecrated.stat_1250712710
Allies in your Presence have #% increased Movement Speed			rune.stat_632743438
Allies in your Presence have #% to all Elemental Resistances			explicit.stat_3850614073,fractured.stat_3850614073,rune.stat_3850614073,desecrated.stat_3850614073
Allies in your Presence have Block Chance equal to yours			explicit.stat_1361645249
Allies in your Presence share Charges with you			rune.stat_3329501096
Allocates # Sinister Jewel sockets			explicit.stat_3929993388
Allocates # Sinister Jewel socket		1	explicit.stat_3929993388
Also grants # Guard			explicit.stat_2676834156
Alternating every 5 seconds:\nTake #% more Damage from Hits\nTake #% more Damage over time			explicit.stat_258955603,rune.stat_258955603
Alternating every 5 seconds:\nTake #% less Damage from Hits\nTake #% less Damage over time	n		explicit.stat_258955603,rune.stat_258955603
Always Hits			explicit.stat_4126210832,implicit.stat_4126210832
Always deals Critical Hits against Heavy Stunned Enemies			explicit.stat_2214130968
# additional Rooms are revealed on the Trial Map			sanctum.stat_386901949
An additional Room is revealed on the Trial Map		1	sanctum.stat_386901949
Any number of Poisons from this Weapon can affect a target at the same time			explicit.stat_4021234281
Archon recovery period expires #% faster			explicit.stat_2586152168,rune.stat_2586152168,desecrated.stat_2586152168
Archon recovery period expires #% slower	n		explicit.stat_2586152168,rune.stat_2586152168,desecrated.stat_2586152168
Area contains # additional Chest Markers			implicit.stat_4160330571
Expedition encounters in your Maps contain # additional Chest Markers			implicit.stat_4160330571
Area contains # additional Chest Marker		1	implicit.stat_4160330571
Expedition encounters in your Maps contain # additional Chest Marker		1	implicit.stat_4160330571
Area contains # additional packs of Beasts			explicit.stat_3757259819,desecrated.stat_3757259819
Area contains # additional packs of Bramble Monsters			explicit.stat_3309089125,desecrated.stat_3309089125
Area contains # additional packs of Ezomyte Monsters			explicit.stat_1436812886,desecrated.stat_1436812886
Area contains # additional packs of Faridun Monsters			explicit.stat_4130878258,desecrated.stat_4130878258
Area contains # additional packs of Iron Guards			explicit.stat_2949706590,fractured.stat_2949706590,desecrated.stat_2949706590
Area contains # additional packs of Plagued Monsters			explicit.stat_3592067990,desecrated.stat_3592067990
Area contains # additional packs of Transcended Monsters			explicit.stat_1689473577,desecrated.stat_1689473577
Area contains # additional packs of Undead			explicit.stat_240445958,desecrated.stat_240445958
Area contains # additional packs of Vaal Monsters			explicit.stat_4181857719,desecrated.stat_4181857719
Area contains #% increased number of Monster Markers			implicit.stat_1915989164
Area contains #% reduced number of Monster Markers	n		implicit.stat_1915989164
Area contains #% increased number of Remnants			implicit.stat_2991413918
Area contains # additional Incubator Queens			explicit.stat_1827854662,desecrated.stat_1827854662
Area contains an additional Incubator Queen		1	explicit.stat_1827854662,desecrated.stat_1827854662
Area contains # additional Magic Chests			explicit.stat_2396719220
Area contains an additional Magic Chest		1	explicit.stat_2396719220
Area has #% chance to contain a Shrine			explicit.stat_2571125745
Your Maps have #% chance to contain a Shrine			explicit.stat_2571125745
Area has #% chance to contain a Strongbox			explicit.stat_2388936716
Your Maps have #% chance to contain a Strongbox			explicit.stat_2388936716
Area has #% chance to contain an Essence			explicit.stat_4098286334
Your Maps have #% chance to contain an Essence			explicit.stat_4098286334
Area has patches of Chilled Ground			explicit.stat_349586058,fractured.stat_349586058,desecrated.stat_349586058
Area has patches of Ignited Ground			explicit.stat_133340941,fractured.stat_133340941,desecrated.stat_133340941
Area has patches of Mana Siphoning Ground			explicit.stat_3190283174,desecrated.stat_3190283174
Area has patches of Shocked Ground			explicit.stat_3477720557,fractured.stat_3477720557,desecrated.stat_3477720557
Armour is increased by Uncapped Fire Resistance			explicit.stat_713266390
Arrows Fork			explicit.stat_2421436896
Arrows Pierce all targets after Forking			explicit.stat_2138799639
Arrows Pierce # additional Targets			explicit.stat_3423006863
Arrows Pierce an additional Target		1	explicit.stat_3423006863
Arrows Return if they have Pierced a target which had Fully Broken Armour			explicit.stat_1243721142
#% chance for Attack Hits to apply Incision			explicit.stat_300723956,fractured.stat_300723956,desecrated.stat_300723956
Attack Hits apply Incision		100	explicit.stat_300723956,fractured.stat_300723956,desecrated.stat_300723956
Attack Hits inflict Spectral Fire for # seconds			explicit.stat_33298888
Attack Projectiles Return if they Pierced at least # times			explicit.stat_2720781168
Attacks Break Armour equal to #% of maximum Runic Ward			rune.stat_2608793552
Attacks Chain # additional times			explicit.stat_3868118796,desecrated.stat_3868118796
Attacks Chain an additional time		1	explicit.stat_3868118796,desecrated.stat_3868118796
Attacks Gain #% of Damage as Extra Cold Damage			explicit.stat_1484500028
Attacks Gain #% of Damage as Extra Fire Damage			explicit.stat_1049080093
Attacks Gain #% of Physical Damage as extra Chaos Damage			explicit.stat_261503687
Attacks consume an Endurance Charge to Critically Hit			explicit.stat_3550545679
Attacks cost an additional #% of your maximum Mana			explicit.stat_2157692677
Attacks have #% chance to cause Bleeding			implicit.stat_2055966527
Attacks cause Bleeding		100	implicit.stat_2055966527
Attacks cannot cause Bleeding		0	implicit.stat_2055966527
Attacks have Added maximum Lightning Damage equal to #% of maximum Mana			explicit.stat_3258071686
Attacks have added Physical damage equal to #% of maximum Life			explicit.stat_2723294374
Attacks spend #% of your maximum Runic Ward if possible to gain that much added Physical damage			rune.stat_3035971497
Attacks with this Weapon Penetrate #% Chaos Resistance			explicit.stat_3762412853,desecrated.stat_3762412853
Attacks with this Weapon Penetrate #% Cold Resistance			explicit.stat_1740229525,desecrated.stat_1740229525
Attacks with this Weapon Penetrate #% Elemental Resistances			rune.stat_4064396395
Attacks with this Weapon Penetrate #% Fire Resistance			explicit.stat_3398283493,desecrated.stat_3398283493
Attacks with this Weapon Penetrate #% Lightning Resistance			explicit.stat_2387539034,desecrated.stat_2387539034
Attacks with this Weapon gain #% of Physical damage as Extra damage of each Element			explicit.stat_3620731914
Attacks with this Weapon have #% chance to inflict Exposure			rune.stat_3678845069
Attacks with this Weapon inflict Exposure		100	rune.stat_3678845069
Attacks with this Weapon have Added Cold Damage equal to #% to #% of maximum Mana			explicit.stat_566086661,rune.stat_566086661
Aura Skills have #% increased Magnitudes			explicit.stat_315791320,fractured.stat_315791320,rune.stat_315791320,desecrated.stat_315791320,crafted.stat_315791320
Aura Skills have #% reduced Magnitudes	n		explicit.stat_315791320,fractured.stat_315791320,rune.stat_315791320,desecrated.stat_315791320,crafted.stat_315791320
Aureus Coins are converted to Experience upon defeating the Herald of the Scourge			sanctum.stat_1307773596
Aureus Coins are converted to Relics upon defeating the Herald of the Scourge			sanctum.stat_315260783
Aureus Coins are converted to Tainted Currency upon defeating the Herald of the Scourge			sanctum.stat_1019656601
Banner Skills have #% increased Area of Effect			explicit.stat_429143663,fractured.stat_429143663,desecrated.stat_429143663
Banner Skills have #% reduced Area of Effect	n		explicit.stat_429143663,fractured.stat_429143663,desecrated.stat_429143663
Banner Skills have #% increased Duration			explicit.stat_2720982137,fractured.stat_2720982137,desecrated.stat_2720982137
Banner Skills have #% reduced Duration	n		explicit.stat_2720982137,fractured.stat_2720982137,desecrated.stat_2720982137
Banners also grant #% of Life Regenerated per second to affected targets			rune.stat_119336587
Banners always have maximum Valour			explicit.stat_1761741119
Base Critical Hit Chance for Attacks with Weapons is #%			explicit.stat_2635559734,rune.stat_2635559734
Bear Skills Convert #% of Physical Damage to Fire Damage			explicit.stat_4287372938
Bears the Mark of the Abyssal Lord			explicit.stat_335885735,fractured.stat_335885735,crafted.stat_335885735
Bifurcates Critical Hits			explicit.stat_1451444093,implicit.stat_1451444093
Bleeding you inflict deals Damage #% faster			implicit.stat_3828375170
Bleeding you inflict deals Fire Damage instead of Physical Damage			explicit.stat_1016759424
Bleeding you inflict is Aggravated			explicit.stat_841429130
#% chance to Blind Chilled enemies on Hit			explicit.stat_3450276548
Blind Chilled enemies on Hit		100	explicit.stat_3450276548
Blind Enemies on Hit while you have a Ruby and a Sapphire socketed in your tree			explicit.stat_3587953142,fractured.stat_3587953142,crafted.stat_3587953142
Blind Targets when you Poison them			explicit.stat_60826109
Blocking Damage Poisons the Enemy as though dealing # Base Chaos Damage			explicit.stat_4195198267
Blood Magic			explicit.stat_2801937280
Bolts fired by Crossbow Attacks have #% chance to not\nexpend Ammunition if you've Reloaded Recently			explicit.stat_842299438
Bonded: # Life Regeneration per second			rune.stat_1554054340
Bonded: # Maximum Life per Level			rune.stat_769693350
Bonded: # to # Physical Thorns damage			rune.stat_1386257341
Bonded: # to Armour			rune.stat_2573124363
Bonded: # to Dexterity			rune.stat_1261474324
Bonded: # to Evasion Rating			rune.stat_3533065815
Bonded: # to Level of all Attack Skills			rune.stat_243313994
Bonded: # to Level of all Lightning Skills			rune.stat_4111152445
Bonded: # to Level of all Minion Skills			rune.stat_3155261831
Bonded: # to Maximum Endurance Charges			rune.stat_2339851060
Bonded: # to Maximum Frenzy Charges			rune.stat_3986710072
Bonded: # to Maximum Power Charges			rune.stat_921688168
Bonded: # to Maximum Rage			rune.stat_10502714
Bonded: # to Spirit			rune.stat_3543085634
Bonded: # to Strength			rune.stat_943343122
Bonded: # to maximum Energy Shield			rune.stat_827242569
Bonded: # to maximum Life			rune.stat_2280525771
Bonded: # to maximum Mana			rune.stat_2926029365
Bonded: # to maximum Runic Ward			rune.stat_1122225204
Bonded: # to maximum number of Elemental Infusions			rune.stat_451260031
Bonded: #% chance for Charms you use to not consume Charges			rune.stat_3291917242
Bonded: #% chance for Damage of Enemies Hitting you to be Unlucky			rune.stat_2134854700
Bonded: #% chance for Slam Skills you use yourself to cause an additional Aftershock			rune.stat_1457312571
Bonded: #% chance to gain an additional random Charge when you gain a Charge			rune.stat_1712188793
Bonded: #% chance when collecting an Elemental Infusion to gain an\nadditional Elemental Infusion of the same type			rune.stat_3909696841
Bonded: #% faster Curse Activation			rune.stat_1350120957
Bonded: #% increased Accuracy Rating			rune.stat_1340512754
Bonded: #% increased Archon Buff duration			rune.stat_201058524
Bonded: #% increased Area of Effect for Attacks			rune.stat_3724971246
Bonded: #% increased Area of Effect of Curses			rune.stat_3854332662
Bonded: #% increased Armour and Evasion Rating when on Low Life			rune.stat_51757548
Bonded: #% increased Armour if you haven't Dodge Rolled Recently			rune.stat_851475033
Bonded: #% increased Armour if you've consumed an Endurance Charge Recently			rune.stat_3037356641
Bonded: #% increased Armour while Shapeshifted			rune.stat_1920436470
Bonded: #% increased Arrow Speed			rune.stat_1334246621
Bonded: #% increased Attack Damage against Maimed Enemies			rune.stat_1323874481
Bonded: #% increased Attack Damage while Shapeshifted			rune.stat_674141348
Bonded: #% increased Attack Speed			rune.stat_3414796717
Bonded: #% increased Attack Speed while missing Runic Ward			rune.stat_3837226732
Bonded: #% increased Attack Speed while your Companion is in your Presence			rune.stat_1777925108
Bonded: #% increased Bleeding Duration			rune.stat_96906928
Bonded: #% increased Blind Effect			rune.stat_678691134
Bonded: #% increased Block chance			rune.stat_477534953
Bonded: #% increased Block chance per 100 total Item Armour on Equipped Armour Items			rune.stat_625805922
Bonded: #% increased Chaos Damage			rune.stat_227512798
Bonded: #% increased Charm Charges gained			rune.stat_763465498
Bonded: #% increased Cold Damage			rune.stat_2233558630
Bonded: #% increased Cooldown Recovery Rate			rune.stat_232299587
Bonded: #% increased Critical Damage Bonus			rune.stat_4221147896
Bonded: #% increased Critical Hit Chance			rune.stat_2651867031
Bonded: #% increased Critical Hit Chance while Shapeshifted			rune.stat_3311629379
Bonded: #% increased Crossbow Reload Speed			rune.stat_2453678274
Bonded: #% increased Curse Magnitudes			rune.stat_217649179
Bonded: #% increased Damage against Immobilised Enemies			rune.stat_3823333703
Bonded: #% increased Damage for each type of Elemental Ailment on Enemy			rune.stat_95238288
Bonded: #% increased Damage per 15 Strength			rune.stat_1524834794
Bonded: #% increased Damage while Shapeshifted			rune.stat_3412619569
Bonded: #% increased Damage while your Companion is in your Presence			rune.stat_3835589934
Bonded: #% increased Deflection Rating			rune.stat_2701582946
Bonded: #% increased Duration of Damaging Ailments on Enemies			rune.stat_2986637363
Bonded: #% increased Duration of Elemental Ailments on Enemies			rune.stat_2546200564
Bonded: #% increased Effect of Consecrated Ground you create			rune.stat_768779746
Bonded: #% increased Effect of Non-Damaging Ailments on you			rune.stat_1279298634
Bonded: #% increased Elemental Ailment Threshold			rune.stat_4128954176
Bonded: #% increased Elemental Damage			rune.stat_3037261703
Bonded: #% increased Endurance Charge Duration			rune.stat_4224773381
Bonded: #% increased Endurance, Frenzy and Power Charge Duration			rune.stat_4129869957
Bonded: #% increased Evasion Rating			rune.stat_2855182251
Bonded: #% increased Evasion Rating if you've consumed a Frenzy Charge Recently			rune.stat_2959554008
Bonded: #% increased Exposure Effect			rune.stat_3378643287
Bonded: #% increased Fire Damage			rune.stat_2502507413
Bonded: #% increased Flask Mana Recovery rate			rune.stat_1787822486
Bonded: #% increased Freeze Buildup			rune.stat_1817052494
Bonded: #% increased Global Armour, Evasion and Energy Shield			rune.stat_457982334
Bonded: #% increased Global Physical Damage			rune.stat_708427389
Bonded: #% increased Glory generation			rune.stat_155735928
Bonded: #% increased Guard gained			rune.stat_831559873
Bonded: #% increased Ignite Duration on Enemies			rune.stat_3374444303
Bonded: #% increased Ignite Magnitude			rune.stat_1857162058
Bonded: #% increased Immobilisation buildup			rune.stat_1112792773
Bonded: #% increased Life Recovery Rate while your Companion is in your Presence			rune.stat_2122116143
Bonded: #% increased Life Recovery from Flasks			rune.stat_986696689
Bonded: #% increased Life Regeneration rate			rune.stat_2051864330
Bonded: #% increased Life Regeneration rate while Shapeshifted			rune.stat_2410766865
Bonded: #% increased Life and Mana Recovery from Flasks			rune.stat_4168500604
Bonded: #% increased Lightning Damage			rune.stat_2589309582
Bonded: #% increased Magnitude of Bleeding on You			rune.stat_3144895835
Bonded: #% increased Magnitude of Bleeding you inflict			rune.stat_841463428
Bonded: #% increased Magnitude of Non-Damaging Ailments you inflict			rune.stat_3891661462
Bonded: #% increased Magnitude of Shock you inflict			rune.stat_2430860292
Bonded: #% increased Mana Cost Efficiency			rune.stat_2336012075
Bonded: #% increased Mana Cost Efficiency while on Low Mana			rune.stat_532897212
Bonded: #% increased Mana Recovery rate while your Companion is in your Presence			rune.stat_2352183092
Bonded: #% increased Mana Regeneration Rate			rune.stat_1007312071
Bonded: #% increased Movement Speed			rune.stat_4106964676
Bonded: #% increased Movement Speed while Sprinting			rune.stat_3842722415
Bonded: #% increased Parry Range			rune.stat_3126632036
Bonded: #% increased Presence Area of Effect			rune.stat_2894111835
Bonded: #% increased Projectile Damage			rune.stat_2418344131
Bonded: #% increased Projectile Speed			rune.stat_1631975646
Bonded: #% increased Quantity of Gold Dropped by Slain Enemies			rune.stat_3898665772
Bonded: #% increased Reservation Efficiency of Companion Skills			rune.stat_2729035954
Bonded: #% increased Reservation Efficiency of Herald Skills			rune.stat_1299166504
Bonded: #% increased Reservation Efficiency of Minion Skills			rune.stat_1342402057
Bonded: #% increased Runic Ward Cost Efficiency			rune.stat_1751756891
Bonded: #% increased Runic Ward Regeneration Rate if you've dealt a Critical Hit Recently			rune.stat_1396011622
Bonded: #% increased Skill Effect Duration with Plant Skills			rune.stat_2530800730
Bonded: #% increased Skill Speed while Shapeshifted			rune.stat_144568384
Bonded: #% increased Slowing Potency of Debuffs on You			rune.stat_165746512
Bonded: #% increased Spirit			rune.stat_2012253422
Bonded: #% increased Spirit Reservation Efficiency			rune.stat_3435915371
Bonded: #% increased Stun Buildup			rune.stat_3038857346
Bonded: #% increased Stun Recovery			rune.stat_1756854510
Bonded: #% increased Stun Threshold			rune.stat_466741396
Bonded: #% increased Stun buildup while Shapeshifted			rune.stat_597420223
Bonded: #% increased Thorns Critical Damage Bonus			rune.stat_3494229254
Bonded: #% increased Thorns damage			rune.stat_3266426611
Bonded: #% increased Warcry Cooldown Recovery Rate			rune.stat_542243093
Bonded: #% increased Withered Magnitude			rune.stat_1984345909
Bonded: #% increased amount of Life Leeched			rune.stat_3331247603
Bonded: #% increased effect of Archon Buffs on you			rune.stat_1236190486
Bonded: #% increased effect of Fully Broken Armour			rune.stat_1039491398
Bonded: #% increased maximum Energy Shield if you've consumed a Power Charge Recently			rune.stat_3745435177
Bonded: #% increased maximum Life			rune.stat_2246411426
Bonded: #% increased maximum Mana			rune.stat_1586906534
Bonded: #% increased maximum Runic Ward			rune.stat_3634438849
Bonded: #% of Armour also applies to Elemental Damage while Shapeshifted			rune.stat_826685275
Bonded: #% of Damage from Hits is taken from your Damageable Companion's Life before you			rune.stat_4108430531
Bonded: #% of Damage is taken from Mana before Life			rune.stat_1479161975
Bonded: #% of Damage taken Recouped as Life			rune.stat_264750496
Bonded: #% of Maximum Life Converted to Energy Shield			rune.stat_2100249038
Bonded: #% of Skill Mana Costs Converted to Life Costs			rune.stat_2561960218
Bonded: #% reduced Chill Duration on you			rune.stat_2174462855
Bonded: #% reduced Damage taken from Projectile Hits			rune.stat_2849118560
Bonded: #% reduced Freeze Duration on you			rune.stat_2861770798
Bonded: #% reduced Shock duration on you			rune.stat_1441491952
Bonded: #% to Chaos Resistance			rune.stat_3351086592
Bonded: #% to Cold Resistance			rune.stat_3448627618
Bonded: #% to Fire Resistance			rune.stat_2566210581
Bonded: #% to Lightning Resistance			rune.stat_3294435116
Bonded: #% to Maximum Cold Resistance			rune.stat_4042480703
Bonded: #% to Maximum Fire Resistance			rune.stat_408302348
Bonded: #% to Maximum Lightning Resistance			rune.stat_3788647247
Bonded: #% to Quality of all Skills			rune.stat_1134865274
Bonded: #% to all Elemental Resistances			rune.stat_953010920
Bonded: #% to all Maximum Elemental Resistances while on full Runic Ward			rune.stat_1404850498
Bonded: #% to maximum Block chance			rune.stat_859452080
Bonded: 1% more Runic Ward Regeneration rate per #% of maximum Runic Ward lost from Hits Recently, up to 100% more			rune.stat_103837384
Bonded: Adds # to # Fire damage to Attacks			rune.stat_3308150554
Bonded: Adds # to # Physical Damage			rune.stat_1888719480
Bonded: Adds # to # Physical Damage to Attacks			rune.stat_3738367433
Bonded: Allies in your Presence Gain #% of Damage as Extra Chaos Damage			rune.stat_858934954
Bonded: Allies in your Presence Regenerate #% of your Maximum Life per second			rune.stat_1799351208
Bonded: Archon recovery period expires #% faster			rune.stat_975988108
Bonded: Attacks have #% chance to cause Bleeding			rune.stat_368025119
Bonded: Attacks have #% to Critical Hit Chance			rune.stat_859085781
Bonded: Banner Skills have #% increased Aura Magnitudes			rune.stat_4012965551
Bonded: Break #% increased Armour			rune.stat_1083521623
Bonded: Break Armour on Critical Hit with Spells equal to #% of Physical Damage dealt			rune.stat_3990135792
Bonded: Buffs on you expire #% faster			rune.stat_2804691275
Bonded: Charms gain # charge per Second			rune.stat_1568578715
Bonded: Companions deal #% increased Damage			rune.stat_736977326
Bonded: Companions have #% increased Area of Effect			rune.stat_1816212773
Bonded: Companions have #% increased maximum Life			rune.stat_750452124
Bonded: Companions in your Presence have #% to Chaos Resistance			rune.stat_2342427527
Bonded: Curse zones erupt after #% increased delay			rune.stat_589270455
Bonded: Damage Blocked is Recouped as Mana			rune.stat_3475931631
Bonded: Damage Penetrates #% Lightning Resistance			rune.stat_4019240232
Bonded: Damage of Enemies Hitting you is Unlucky if\nyour Runic Ward has been damaged Recently			rune.stat_2691854696
Bonded: Enemies in your Presence are Hindered			rune.stat_1729154880
Bonded: Every Rage also grants #% increased Spell Damage			rune.stat_807013157
Bonded: Every five Rage also grants you #% increased Movement Speed			rune.stat_2291075173
Bonded: Fissure Skills have # to Limit			rune.stat_1482283017
Bonded: Gain # Life per enemy killed			rune.stat_1354252351
Bonded: Gain # Rage on Melee Hit			rune.stat_3816212813
Bonded: Gain #% of Damage as Extra Physical Damage			rune.stat_635535560
Bonded: Gain #% of Physical Damage as extra Chaos Damage			rune.stat_1570901920
Bonded: Gain #% of maximum Life as Extra maximum Runic Ward			rune.stat_2269618934
Bonded: Gain Finality for # seconds per Combo expended when using Skills			rune.stat_1377764687
Bonded: Gain additional Ailment Threshold equal to #% of maximum Energy Shield			rune.stat_1419386315
Bonded: Gain additional Stun Threshold equal to #% of maximum Energy Shield			rune.stat_2001460689
Bonded: Hits against you have #% reduced Critical Damage Bonus			rune.stat_1256853273
Bonded: Invocated Spells have #% chance to consume half as much Energy			rune.stat_4058552370
Bonded: Invocated skills have #% increased Maximum Energy			rune.stat_1773391344
Bonded: Knocks Enemies Back on Hit			rune.stat_1512261731
Bonded: Leeches #% of maximum Life when you Cast a Spell			rune.stat_1584590139
Bonded: Meta Skills have #% increased Reservation Efficiency			rune.stat_4254029169
Bonded: Minions Revive #% faster			rune.stat_839375491
Bonded: Minions deal #% increased Damage			rune.stat_1728593484
Bonded: Minions have #% additional Physical Damage Reduction			rune.stat_129783399
Bonded: Minions have #% increased Area of Effect			rune.stat_3449499156
Bonded: Minions have #% increased Cooldown Recovery Rate for Command Skills			rune.stat_1611856026
Bonded: Minions have #% increased Movement Speed			rune.stat_834058335
Bonded: Minions have #% increased maximum Life			rune.stat_4096059605
Bonded: Minions have #% to all Elemental Resistances			rune.stat_901007505
Bonded: Plants have a #% chance to immediately Overgrow when they enter your Presence for the first time			rune.stat_3793026369
Bonded: Prevent #% of Damage from Deflected Hits			rune.stat_1597408611
Bonded: Projectiles have #% chance for an additional Projectile when Forking			rune.stat_1528013281
Bonded: Recover #% of Maximum Mana when you collect a Remnant			rune.stat_2905013875
Bonded: Recover #% of maximum Life when one of your Minions is Revived			rune.stat_1823959929
Bonded: Regenerate # Runic Ward per second			rune.stat_2420303482
Bonded: Regenerate #% of maximum Energy Shield per second			rune.stat_3134782172
Bonded: Regenerate #% of maximum Life per second			rune.stat_1981392722
Bonded: Regenerate #% of maximum Life per second while Surrounded			rune.stat_2549764820
Bonded: Remnants can be collected from #% further away			rune.stat_3373098634
Bonded: Remnants you create have #% increased effect			rune.stat_3227486464
Bonded: Skills which Empower an Attack have #% chance to not count that Attack			rune.stat_2721126863
Bonded: Storm Skills have # to Limit			rune.stat_3286003349
Bonded: Temporary Minion Skills have # to Limit of Minions summoned			rune.stat_864484981
Bonded: Triggered Spells deal #% increased Spell Damage			rune.stat_1651083789
Bonded: Warcry Skills have #% increased Area of Effect			rune.stat_3969727699
Bonded: When Volatility on you explodes, you regain an equivalent amount of Volatility			rune.stat_2248594298
Bosses deal #% increased Damage			sanctum.stat_2207905451
Bosses deal #% reduced Damage	n		sanctum.stat_2207905451
Bosses take #% increased Damage			sanctum.stat_3226329527
Bosses take #% reduced Damage	n		sanctum.stat_3226329527
Bow Attacks consume #% of your maximum Life Flask Charges if possible to deal added Physical damage equal to #% of Flask's Life Recovery amount			explicit.stat_3893788785
Bow Attacks fire # additional Arrows			explicit.stat_3885405204,implicit.stat_3885405204,fractured.stat_3885405204,enchant.stat_3885405204,rune.stat_3885405204,desecrated.stat_3885405204
Bow Attacks fire an additional Arrow		1	explicit.stat_3885405204,implicit.stat_3885405204,fractured.stat_3885405204,enchant.stat_3885405204,rune.stat_3885405204,desecrated.stat_3885405204
Breach Hives have # additional waves of Hiveborn Monsters			explicit.stat_2734787892
Breach Hives in Map have # additional waves of Hiveborn Monsters			explicit.stat_2734787892
Breach Hives have an additional wave of Hiveborn Monsters		1	explicit.stat_2734787892
Breach Hives in Map have an additional wave of Hiveborn Monsters		1	explicit.stat_2734787892
Breaches expand to at least # metres in radius\nBreaches remain open while there are alive Breach Monsters			explicit.stat_1217651243
Breaches in your Maps expand to at least # metres in radius\nBreaches in your Maps remain open while there are alive Breach Monsters			explicit.stat_1217651243
Breaches expand to at least # metre in radius\nBreaches remain open while there are alive Breach Monsters		10	explicit.stat_1217651243
Breaches in your Maps expand to at least # metre in radius\nBreaches in your Maps remain open while there are alive Breach Monsters		10	explicit.stat_1217651243
Breaches in Map contain # additional Clasped Hands			explicit.stat_2224050171
Breaches in Area contain # additional Clasped Hands			explicit.stat_2224050171
Breaches in your Maps contain # additional Clasped Hands			explicit.stat_2224050171
Breaches in Map contain # additional Clasped Hand		1	explicit.stat_2224050171
Breaches in Area contain # additional Clasped Hand		1	explicit.stat_2224050171
Breaches in your Maps contain # additional Clasped Hand		1	explicit.stat_2224050171
Breaches have #% increased Pack Size			explicit.stat_1210760818
Breaches have #% increased Monster density			explicit.stat_1210760818
Breaches in Map have #% increased Pack Size			explicit.stat_1210760818
Breaches have #% reduced Pack Size	n		explicit.stat_1210760818
Breaches have #% reduced Monster density	n		explicit.stat_1210760818
Breaches in Map have #% reduced Pack Size	n		explicit.stat_1210760818
Breaches open and close #% faster			explicit.stat_2504358770
Breaches in Map open and close #% faster			explicit.stat_2504358770
Breaches in your Maps open and close #% faster			explicit.stat_2504358770
Breaches open and close #% slower	n		explicit.stat_2504358770
Breaches in Map open and close #% slower	n		explicit.stat_2504358770
Breaches in your Maps open and close #% slower	n		explicit.stat_2504358770
Breaches in Map spawn #% increased Magic Monsters			explicit.stat_1090596078
Breaches in Area spawn #% increased Magic Monsters			explicit.stat_1090596078
Breaches in your Maps spawn #% increased Magic Monsters			explicit.stat_1090596078
Breaches in Map spawn #% reduced Magic Monsters	n		explicit.stat_1090596078
Breaches in Area spawn #% reduced Magic Monsters	n		explicit.stat_1090596078
Breaches in your Maps spawn #% reduced Magic Monsters	n		explicit.stat_1090596078
Breaches in Map spawn # additional Rare Monsters			explicit.stat_1653625239
Breaches in Area spawn # additional Rare Monsters			explicit.stat_1653625239
Breaches in your Maps spawn # additional Rare Monsters			explicit.stat_1653625239
Breaches in Map spawn an additional Rare Monster		1	explicit.stat_1653625239
Breaches in Area spawn an additional Rare Monster		1	explicit.stat_1653625239
Breaches in your Maps spawn an additional Rare Monster		1	explicit.stat_1653625239
Break #% increased Armour			explicit.stat_1776411443,fractured.stat_1776411443,enchant.stat_1776411443,desecrated.stat_1776411443
Break #% reduced Armour	n		explicit.stat_1776411443,fractured.stat_1776411443,enchant.stat_1776411443,desecrated.stat_1776411443
Break Armour equal to #% of Physical Damage dealt			explicit.stat_1103616075,desecrated.stat_1103616075
Break Armour on Critical Hit with Spells equal to #% of Physical Damage dealt			explicit.stat_1286199571,desecrated.stat_1286199571
Breaks # Armour on Critical Hit			implicit.stat_4270348114
Breaks Armour equal to #% of damage from Hits with this weapon			explicit.stat_949573361
Burning Enemies you kill have a #% chance to Explode, dealing a\ntenth of their maximum Life as Fire Damage			explicit.stat_1617268696
Can Allocate Passive Skills from the Mercenary's starting point			explicit.stat_738592688
Can Allocate Passive Skills from the Ranger's starting point			explicit.stat_3116298775
Can Allocate Passive Skills from the Shadow's starting point			explicit.stat_2218479786
Can Allocate Passive Skills from the Sorceress's starting point			explicit.stat_3359496001
Can Allocate Passive Skills from the Templar's starting point			explicit.stat_1688294122
Can Allocate Passive Skills from the Warrior's starting point			explicit.stat_1359862146
Can Attack as though using a One Handed Mace while both of your hand slots are empty\nUnarmed Attacks that would use an Equipped One Hand Mace's damage use this Item's damage			explicit.stat_627896047
Can Reroll Favours at Ritual Altars in your Maps twice as many times			explicit.stat_2500154144
Can be modified while Corrupted			explicit.stat_1161337167
Can have # additional Crafted Modifiers			rune.stat_1963398329
Can have # additional Crafted Modifier		1	rune.stat_1963398329
Can have # additional Instilled Modifiers			explicit.stat_1135194732
Can have a second Instilled Modifier		1	explicit.stat_1135194732
Can only be applied to Precursor Tower Maps\nCompleting the Tower makes all nearby Maps accessible			explicit.stat_3418590244
Can roll Berserking modifiers		1	rune.stat_1770091046
Can roll Chronomancy modifiers		1	rune.stat_3132681620
Can roll Decay modifiers		1	rune.stat_2547063279
Can roll Destruction modifiers		1	rune.stat_1676950499
Can roll Marksman modifiers		1	rune.stat_201332984
Can roll Ring Modifiers			implicit.stat_129891052
Can roll Soul modifiers		1	rune.stat_1927467683
Can't use Body Armour			explicit.stat_4007482102
Can't use other Rings			explicit.stat_64726306
Cannot Block			explicit.stat_1465760952
Cannot Evade Enemy Attacks			explicit.stat_474452755
Cannot Immobilise enemies			explicit.stat_4062529591
Cannot Regenerate Mana if you haven't dealt a Critical Hit Recently			explicit.stat_1458880585
Cannot be Blinded			explicit.stat_1436284579,enchant.stat_1436284579
Cannot be Ignited			explicit.stat_331731406,rune.stat_331731406
Cannot be Light Stunned			explicit.stat_1000739259
Cannot be Light Stunned by Deflected Hits			explicit.stat_2252419505
Cannot be Poisoned			explicit.stat_3835551335
Cannot be Shocked			explicit.stat_491899612
Cannot be Used manually			explicit.stat_1237409891
Cannot be used while Manifested			explicit.stat_398335579
Cannot be used with Trials below level #			sanctum.stat_1512067281
Cannot have Boons			sanctum.stat_2283325632
Cannot have Energy Shield			explicit.stat_410952253
Cannot inflict Elemental Ailments			explicit.stat_4056809290
Cannot load or fire Ammunition			implicit.stat_3663551379
Cannot restore Honour			sanctum.stat_2545161750
Cannot use Life Flasks\nNon-Unique Life Flasks apply their Effects constantly\nRecovery from Life Flasks cannot be Instant\nRecovery from your Life Flasks cannot be applied to anything other than you			explicit.stat_1580426064
Cannot use Projectile Attacks			explicit.stat_1961849903,implicit.stat_1961849903
Cannot use Shield Skills			explicit.stat_65135897
Cannot use Warcries			explicit.stat_2598171606
Catalysts can be applied to this item			implicit.stat_254952842
Causes #% increased Stun Buildup			explicit.stat_791928121,implicit.stat_791928121,fractured.stat_791928121,enchant.stat_791928121,rune.stat_791928121,desecrated.stat_791928121
Causes #% reduced Stun Buildup	n		explicit.stat_791928121,implicit.stat_791928121,fractured.stat_791928121,enchant.stat_791928121,rune.stat_791928121,desecrated.stat_791928121
Causes Bleeding on Hit			explicit.stat_2091621414,rune.stat_2091621414
Causes Daze buildup equal to #% of Damage dealt			explicit.stat_1559935218,implicit.stat_1559935218
Causes Double Stun Buildup			explicit.stat_769129523,rune.stat_769129523
Causes Enemies to Explode on Critical kill, for #% of their Life as Physical Damage			implicit.stat_1541903247
Chance to Block Damage is Lucky			explicit.stat_2957287092,rune.stat_2957287092
Chance to Block Attack Damage is Unlucky	n		explicit.stat_2957287092,rune.stat_2957287092
Chance to Deflect is Lucky while on Low Life			explicit.stat_1675120891
Chaos Damage from Hits also Contributes to Electrocute Buildup			explicit.stat_2315177528
Chaos Damage from Hits also Contributes to Freeze Buildup			explicit.stat_2973498992
Chaos Damage from Hits also Contributes to Shock Chance			explicit.stat_2418601510
Chaos Resistance is zero			explicit.stat_2439129490
Charms applied to you have #% increased Effect			explicit.stat_3480095574,desecrated.stat_3480095574
Charms applied to you have #% reduced Effect	n		explicit.stat_3480095574,desecrated.stat_3480095574
Charms gain # charges per Second			explicit.stat_185580205,enchant.stat_185580205,rune.stat_185580205,desecrated.stat_185580205
Charms gain # charge per Second		60	explicit.stat_185580205,enchant.stat_185580205,rune.stat_185580205,desecrated.stat_185580205
Charms use no Charges			explicit.stat_2620375641
Cold Damage from Hits Contributes to Flammability and Ignite Magnitudes instead of Chill Magnitude or Freeze Buildup			explicit.stat_1261612903
Cold Resistance is unaffected by Area Penalties			explicit.stat_4207433208
Companions deal #% increased Damage			explicit.stat_234296660,fractured.stat_234296660,rune.stat_234296660,desecrated.stat_234296660
Companions deal #% reduced Damage	n		explicit.stat_234296660,fractured.stat_234296660,rune.stat_234296660,desecrated.stat_234296660
Companions deal #% increased damage to your Marked targets			explicit.stat_1067622524
Companions deal #% reduced damage to your Marked targets	n		explicit.stat_1067622524
Companions deal #% more Damage for each different type of dead Companion you have			rune.stat_2882351629
Companions gain Onslaught for # seconds on Hitting your Marked targets			rune.stat_226999623
Companions gain Onslaught for # second on Hitting your Marked targets		1000	rune.stat_226999623
Companions have #% increased Attack Speed			explicit.stat_666077204,rune.stat_666077204,desecrated.stat_666077204
Companions have #% reduced Attack Speed	n		explicit.stat_666077204,rune.stat_666077204,desecrated.stat_666077204
Companions have #% increased maximum Life			explicit.stat_1805182458,fractured.stat_1805182458,rune.stat_1805182458,desecrated.stat_1805182458
Companions have #% reduced maximum Life	n		explicit.stat_1805182458,fractured.stat_1805182458,rune.stat_1805182458,desecrated.stat_1805182458
Companions in your Presence Gain #% of Damage as Extra Damage of a random Element			rune.stat_4200448078
Companions in your Presence gain # Rage on hit			rune.stat_2652394701
Companions in your Presence have #% to all Elemental Resistances			rune.stat_1539508682
Conquered Attribute Passive Skills also grant # to Dexterity			explicit.stat_1938221597,desecrated.stat_1938221597
Conquered Attribute Passive Skills also grant # to Intelligence			explicit.stat_3116427713,desecrated.stat_3116427713
Conquered Attribute Passive Skills also grant # to Strength			explicit.stat_3871530702,desecrated.stat_3871530702
Conquered Attribute Passive Skills also grant # to Tribute			explicit.stat_1119086588,desecrated.stat_1119086588
Conquered Attribute Passive Skills also grant # to all Attributes			explicit.stat_2552484522,desecrated.stat_2552484522
Conquered Small Passive Skills also grant #% increased Armour			explicit.stat_970480050,desecrated.stat_970480050
Conquered Small Passive Skills also grant #% reduced Armour	n		explicit.stat_970480050,desecrated.stat_970480050
Conquered Small Passive Skills also grant #% increased Attack damage			explicit.stat_8816597,desecrated.stat_8816597
Conquered Small Passive Skills also grant #% reduced Attack damage	n		explicit.stat_8816597,desecrated.stat_8816597
Conquered Small Passive Skills also grant #% increased Chaos damage			explicit.stat_2601021356,desecrated.stat_2601021356
Conquered Small Passive Skills also grant #% reduced Chaos damage	n		explicit.stat_2601021356,desecrated.stat_2601021356
Conquered Small Passive Skills also grant #% increased Elemental Ailment Threshold			explicit.stat_1283490138,desecrated.stat_1283490138
Conquered Small Passive Skills also grant #% reduced Elemental Ailment Threshold	n		explicit.stat_1283490138,desecrated.stat_1283490138
Conquered Small Passive Skills also grant #% increased Elemental Damage			explicit.stat_4240116297,desecrated.stat_4240116297
Conquered Small Passive Skills also grant #% reduced Elemental Damage	n		explicit.stat_4240116297,desecrated.stat_4240116297
Conquered Small Passive Skills also grant #% increased Energy Shield			explicit.stat_2780670304,desecrated.stat_2780670304
Conquered Small Passive Skills also grant #% reduced Energy Shield	n		explicit.stat_2780670304,desecrated.stat_2780670304
Conquered Small Passive Skills also grant #% increased Evasion Rating			explicit.stat_468694293,desecrated.stat_468694293
Conquered Small Passive Skills also grant #% reduced Evasion Rating	n		explicit.stat_468694293,desecrated.stat_468694293
Conquered Small Passive Skills also grant #% increased Life Regeneration rate			explicit.stat_4264952559,desecrated.stat_4264952559
Conquered Small Passive Skills also grant #% reduced Life Regeneration rate	n		explicit.stat_4264952559,desecrated.stat_4264952559
Conquered Small Passive Skills also grant #% increased Mana Regeneration rate			explicit.stat_1818915622,desecrated.stat_1818915622
Conquered Small Passive Skills also grant #% reduced Mana Regeneration rate	n		explicit.stat_1818915622,desecrated.stat_1818915622
Conquered Small Passive Skills also grant #% increased Physical damage			explicit.stat_1829333149,desecrated.stat_1829333149
Conquered Small Passive Skills also grant #% reduced Physical damage	n		explicit.stat_1829333149,desecrated.stat_1829333149
Conquered Small Passive Skills also grant #% increased Spell damage			explicit.stat_3038857426,desecrated.stat_3038857426
Conquered Small Passive Skills also grant #% reduced Spell damage	n		explicit.stat_3038857426,desecrated.stat_3038857426
Conquered Small Passive Skills also grant #% increased Stun Threshold			explicit.stat_2475870935,desecrated.stat_2475870935
Conquered Small Passive Skills also grant #% reduced Stun Threshold	n		explicit.stat_2475870935,desecrated.stat_2475870935
Conquered Small Passive Skills also grant Minions deal #% increased damage			explicit.stat_3343033032,desecrated.stat_3343033032
Conquered Small Passive Skills also grant Minions deal #% reduced damage	n		explicit.stat_3343033032,desecrated.stat_3343033032
Convert #% of Fire Damage with Mace Skills to Cold Damage			explicit.stat_1683568809
Convert #% of Requirements to Dexterity			rune.stat_1496740334
Convert #% of Requirements to Intelligence			rune.stat_2913012734
Convert #% of Requirements to Strength			rune.stat_1556124492
Convert #% of maximum Life to twice as much Armour per 1% Chaos Resistance above 0%			explicit.stat_4274637468
Convert 100% of maximum Energy Shield to maximum Divinity			explicit.stat_2896801635
Convert All Armour to Evasion Rating			explicit.stat_3351912431
Copy a random Modifier from each enemy in your Presence when\nyou Shapeshift to an Animal form\nModifiers gained this way are lost after # seconds or when you next Shapeshift			explicit.stat_885925163
Corrupted Blood cannot be inflicted on you			explicit.stat_1658498488,enchant.stat_1658498488,desecrated.stat_1658498488
Corrupting will always result in change			rune.stat_2139847597
Create a Fragment of Divinity in your Presence every 4 seconds			explicit.stat_891466814
Creates Consecrated Ground on use			explicit.stat_3849649145
Creates Ignited Ground for 4 seconds when used, Igniting enemies as though dealing Fire damage equal to #% of your maximum Life			explicit.stat_39209842
Critical Hit chance is Lucky against Parried enemies			rune.stat_935518591
Critical Hit chance is Unlucky against Parried enemies	n		rune.stat_935518591
Critical Hits Ignore Enemy Monster Lightning Resistance			explicit.stat_1289045485
Critical Hits Poison the enemy			explicit.stat_62849030
Critical Hits cannot Extract Impale			explicit.stat_3414998042
Critical Hits ignore Enemy Monster Elemental Resistances			explicit.stat_1094937621
Critical Hits inflict Impale			explicit.stat_3058238353
Critical Hits with Spells apply # Stacks of Critical Weakness			explicit.stat_1550131834
Critical Hits with Spells apply # Stack of Critical Weakness		1	explicit.stat_1550131834
Crushes Enemies on Hit			implicit.stat_1503146834
Culling Strike			explicit.stat_2524254339,implicit.stat_1574531783,rune.stat_2524254339
Culling Strike against Frozen Enemies			explicit.stat_1158324489
Curse Skills have #% increased Cast Speed			explicit.stat_2378065031
Curse Skills have #% reduced Cast Speed	n		explicit.stat_2378065031
Curses have no Activation Delay			explicit.stat_3751072557
Curses you inflict are reflected back to you			explicit.stat_4275855121
Curses you inflict can affect Hexproof Enemies			explicit.stat_1367119630
Curses you inflict have infinite Duration			explicit.stat_2609822974
Curses you inflict ignore Curse limit			explicit.stat_1793470535
Curses you inflict spread to enemies within 3 metres when Cursed enemy dies			explicit.stat_986616727
#% of damage Blocked is Recouped as Mana			explicit.stat_2875218423,rune.stat_2875218423
Damage Blocked is Recouped as Mana		100	explicit.stat_2875218423,rune.stat_2875218423
Damage Penetrates #% Cold Resistance			explicit.stat_3417711605,fractured.stat_3417711605,enchant.stat_3417711605,desecrated.stat_3417711605
Your Hits treat Cold Resistance as #% higher than actual value	n		explicit.stat_3417711605,fractured.stat_3417711605,enchant.stat_3417711605,desecrated.stat_3417711605
Damage Penetrates #% Elemental Resistances			explicit.stat_2101383955,fractured.stat_2101383955,crafted.stat_2101383955
Damage Penetrates #% Fire Resistance			explicit.stat_2653955271,fractured.stat_2653955271,enchant.stat_2653955271,desecrated.stat_2653955271
Your Hits treat Fire Resistance as #% higher than actual value	n		explicit.stat_2653955271,fractured.stat_2653955271,enchant.stat_2653955271,desecrated.stat_2653955271
Damage Penetrates #% Lightning Resistance			explicit.stat_818778753,fractured.stat_818778753,enchant.stat_818778753,desecrated.stat_818778753
Your Hits treat Lightning Resistance as #% higher than actual value	n		explicit.stat_818778753,fractured.stat_818778753,enchant.stat_818778753,desecrated.stat_818778753
Damage of Enemies Hitting you is Lucky while you are on Low Life			explicit.stat_3753748365
Damage of Enemies Hitting you is Unlucky while you are on Low Life	n		explicit.stat_3753748365
Damage over Time bypasses your Energy Shield\nWhile not on Full Life, Sacrifice #% of maximum Mana per Second to Recover that much Life			explicit.stat_2894895028
Damage over Time cannot bypass your Energy Shield			explicit.stat_2886108529
Damage taken Recouped as Life is also Recouped as Energy Shield			explicit.stat_2432200638
Damage taken cannot be Absorbed			sanctum.stat_2150725270
Damaging Ailments deal damage #% faster			explicit.stat_538241406,fractured.stat_538241406,desecrated.stat_538241406
#% chance to Daze on Hit			explicit.stat_2933846633,explicit.stat_3146310524,implicit.stat_2933846633,fractured.stat_3146310524,desecrated.stat_3146310524
Dazes on Hit		100	explicit.stat_2933846633,explicit.stat_3146310524,implicit.stat_2933846633,fractured.stat_3146310524,desecrated.stat_3146310524
Deal #% increased Damage with Hits to Rare or Unique Enemies for each second they've ever been in your Presence, up to a maximum of 200%			explicit.stat_4258409981,rune.stat_4258409981
Deal #% of Overkill damage to enemies within 2 metres of the enemy killed			explicit.stat_2301852600,rune.stat_2301852600
Deal no Elemental Damage			explicit.stat_2998305364
Deal your Thorns Damage to Enemies you Stun with Melee Attacks			explicit.stat_2107791433
Deals #% of current Mana as Chaos Damage to you when Effect ends			explicit.stat_3311259821
Debilitate Enemies on Hit while you have an Emerald and a Sapphire socketed in your tree			explicit.stat_541021467,fractured.stat_541021467,crafted.stat_541021467
Debuffs on you expire #% faster			explicit.stat_1238227257,fractured.stat_1238227257,rune.stat_1238227257,desecrated.stat_1238227257
Debuffs on you expire #% slower	n		explicit.stat_1238227257,fractured.stat_1238227257,rune.stat_1238227257,desecrated.stat_1238227257
Debuffs you inflict have #% increased Slow Magnitude			explicit.stat_3650992555,enchant.stat_3650992555
Debuffs you inflict have #% reduced Slow Magnitude	n		explicit.stat_3650992555,enchant.stat_3650992555
Decimating Strike			explicit.stat_3872034802
Defend against Hits as though you had #% more Armour per 1% current Energy Shield			explicit.stat_679087890
Defend with #% of Armour while you have Energy Shield			explicit.stat_1539671749
Defend with 200% of Armour			explicit.stat_3387008487
Defend with 200% of Armour during effect			explicit.stat_3138344128
Deferring Favours at Ritual Altars costs #% increased Tribute			explicit.stat_1345835998
Deferring Favours at Ritual Altars in Map costs #% increased Tribute			explicit.stat_1345835998
Deferring Favours at Ritual Altars in Area costs #% increased Tribute			explicit.stat_1345835998
Deferring Favours at Ritual Altars costs #% reduced Tribute	n		explicit.stat_1345835998
Deferring Favours at Ritual Altars in Map costs #% reduced Tribute	n		explicit.stat_1345835998
Deferring Favours at Ritual Altars in Area costs #% reduced Tribute	n		explicit.stat_1345835998
Delirious Monsters Killed in Map provide #% increased Reward Progress			explicit.stat_3428124128
Delirious Monsters Killed in Area provide #% increased Reward Progress			explicit.stat_3428124128
Delirious Monsters killed in your Maps provide #% increased Reward Progress			explicit.stat_3428124128
Delirium Encounters in Map are #% more likely to spawn Unique Bosses			explicit.stat_3962960008
Delirium Encounters in Area are #% more likely to spawn Unique Bosses			explicit.stat_3962960008
#% increased chance to manifest additional Unique Boss Shards within Delirium Fog			explicit.stat_3962960008
Delirium Encounters in Map are #% less likely to spawn Unique Bosses	n		explicit.stat_3962960008
Delirium Encounters in Area are #% less likely to spawn Unique Bosses	n		explicit.stat_3962960008
#% reduced chance to manifest additional Unique Boss Shards within Delirium Fog	n		explicit.stat_3962960008
Delirium Encounters in Area have #% chance to generate an additional Reward			explicit.stat_1770833858
Delirium Encounters in your Maps have #% chance to generate an additional Reward			explicit.stat_1770833858
Delirium Encounters in affected Map have #% chance to generate an additional Reward			explicit.stat_1770833858
Delirium Fog in Map applies #% increased Deliriousness to Players			explicit.stat_1769611692
Delirium Fog in Area applies #% increased Deliriousness to Players			explicit.stat_1769611692
Delirium Fog in your Maps applies #% increased Deliriousness to Players			explicit.stat_1769611692
Delirium Fog in Map applies #% reduced Deliriousness to Players	n		explicit.stat_1769611692
Delirium Fog in Area applies #% reduced Deliriousness to Players	n		explicit.stat_1769611692
Delirium Fog in your Maps applies #% reduced Deliriousness to Players	n		explicit.stat_1769611692
Delirium Fog dissipates #% faster			explicit.stat_3350944114
Delirium Fog in Map dissipates #% faster			explicit.stat_3350944114
Delirium Fog in Area dissipates #% faster			explicit.stat_3350944114
Delirium Fog dissipates #% slower	n		explicit.stat_3350944114
Delirium Fog in Map dissipates #% slower	n		explicit.stat_3350944114
Delirium Fog in Area dissipates #% slower	n		explicit.stat_3350944114
Delirium Fog in Map lasts # additional seconds before dissipating			explicit.stat_1174954559,explicit.stat_3226351972
Delirium Fog in Area lasts # additional seconds before dissipating			explicit.stat_1174954559,explicit.stat_3226351972
Delirium Fog in your Maps lasts # additional seconds before dissipating			explicit.stat_1174954559,explicit.stat_3226351972
Delirium Fog in Map spawns #% increased Fracturing Mirrors			explicit.stat_551040294
Delirium Fog in Area spawns #% increased Fracturing Mirrors			explicit.stat_551040294
#% increased Fracturing Mirrors manifested within Delirium Fog			explicit.stat_551040294
Delirium Fog in Map spawns #% reduced Fracturing Mirrors	n		explicit.stat_551040294
Delirium Fog in Area spawns #% reduced Fracturing Mirrors	n		explicit.stat_551040294
#% reduced Fracturing Mirrors manifested within Delirium Fog	n		explicit.stat_551040294
Delirium Fog in Map spawns #% increased MirrorShards			explicit.stat_900933517
Delirium Fog in Map spawns #% reduced MirrorShards	n		explicit.stat_900933517
Delirium Fog in your Maps never dissipates			explicit.stat_1084853859
Delirium Monsters in Map have #% increased Pack Size			explicit.stat_3465791711
Delirium Monsters in Area have #% increased Pack Size			explicit.stat_3465791711
Delirium Monsters in your Maps have #% increased Pack Size			explicit.stat_3465791711
Delirium Monsters in Map have #% reduced Pack Size	n		explicit.stat_3465791711
Delirium Monsters in Area have #% reduced Pack Size	n		explicit.stat_3465791711
Delirium Monsters in your Maps have #% reduced Pack Size	n		explicit.stat_3465791711
Destroys all Augment Sockets on the item to create a Jewel Socket			rune.stat_1933674044
Divine Flight			explicit.stat_2971398565
Dodge Roll avoids all Hits			explicit.stat_3518087336
Dodge Roll passes through Enemies			explicit.stat_1298316550
Double Stun Threshold while Shield is Raised			explicit.stat_3686997387,rune.stat_3686997387
Drop Ignited Ground while moving, which lasts 8 seconds and Ignites as though dealing Fire Damage equal to #% of your maximum Life			explicit.stat_2356156926
Drop Shocked Ground while moving, lasting 8 seconds			explicit.stat_65133983
Duplicates up to # random Offer Rewards upon defeating the Herald of the Scourge			sanctum.stat_502549687
Duplicates up to # random Offer Reward upon defeating the Herald of the Scourge		1	sanctum.stat_502549687
Each Arrow fired is a Crescendo, Splinter, Reversing, Diamond, Covetous, or Blunt Arrow			explicit.stat_3891922348
Each Runic Inscription from your Curse Skills causes you to Regenerate Mana per second equal to #% of that Skill's Mana Cost			rune.stat_426207520
Eat a Soul when you Hit a Unique Enemy, no more than once every # seconds			explicit.stat_2103621252
Eat a Soul when you Hit a Unique Enemy, no more than once every second		1000	explicit.stat_2103621252
Eat a Soul when you Hit an enemy with an Open Weakness			explicit.stat_1393838912
Effect is not removed when Unreserved Life is Filled			explicit.stat_2932359713
Effect is not removed when Unreserved Mana is Filled			explicit.stat_3969608626
Eldritch Battery			explicit.stat_2262736444
Elemental Ailment Threshold is increased by Uncapped Chaos Resistance			explicit.stat_1000566389
Elemental Ailments other than Freeze you inflict are Reflected to you			explicit.stat_1370804479
Elemental Damage from Hits Contributes to Flammability, Ignite, and Chill Magnitudes, Freeze Buildup, and Shock Chance			explicit.stat_2678924815
Empowered Attacks deal #% increased Damage			explicit.stat_1569101201,fractured.stat_1569101201,desecrated.stat_1569101201
Empowered Attacks deal #% reduced Damage	n		explicit.stat_1569101201,fractured.stat_1569101201,desecrated.stat_1569101201
Empowers the Map Boss of a Map\n# uses remaining			implicit.stat_3376302538
Empowers the Map Boss of a Map\n# use remaining		1	implicit.stat_3376302538
Enemies Chilled by your Hits can be Shattered as though Frozen			explicit.stat_3119292058
Enemies Chilled by your Hits increase damage taken by Chill Magnitude			explicit.stat_1816894864
Enemies Frozen by you take #% increased Damage			explicit.stat_849085925
Enemies Frozen by you take #% reduced Damage	n		explicit.stat_849085925
Enemies Hindered by you take #% increased Chaos Damage			explicit.stat_1746561819,desecrated.stat_1746561819
Enemies Hindered by you take #% reduced Chaos Damage	n		explicit.stat_1746561819,desecrated.stat_1746561819
Enemies Hindered by you take #% increased Elemental Damage			explicit.stat_212649958,desecrated.stat_212649958
Enemies Hindered by you take #% reduced Elemental	n		explicit.stat_212649958,desecrated.stat_212649958
Enemies Hindered by you take #% increased Physical Damage			explicit.stat_359357545,desecrated.stat_359357545
Enemies Hindered by you take #% reduced Physical Damage	n		explicit.stat_359357545,desecrated.stat_359357545
Enemies Immobilised by you take #% less Damage			explicit.stat_1613322341
Enemies Immobilised by you take #% more Damage	n		explicit.stat_1613322341
Enemies are Culled on Block			explicit.stat_381470861
Enemies have an Accuracy Penalty against you based on Distance			explicit.stat_3868746097
Enemies have no Critical Damage Bonus for # seconds after you Blind them			rune.stat_25786091
Enemies in your Presence Gain #% of Damage as Extra Chaos Damage			explicit.stat_1224838456
Enemies in your Presence Resist Elemental Damage based on their Lowest Resistance			explicit.stat_2786852525
Enemies in your Presence are Blinded			explicit.stat_1464727508,explicit.stat_2080373320
Enemies in your Presence are Hindered			explicit.stat_2890401248
Enemies in your Presence are Ignited as though dealt # Base Fire Damage			explicit.stat_1433051415
Enemies in your Presence are Intimidated			explicit.stat_3491722585
Enemies in your Presence count as being on Low Life			explicit.stat_1285684287
Enemies in your Presence count as having #% more Power			explicit.stat_2836928993
Enemies in your Presence count as having #% less Power	n		explicit.stat_2836928993
Enemies in your Presence count as having double Power		100	explicit.stat_2836928993
Enemies in your Presence gain 1 Gruelling Madness each second			explicit.stat_3628041050
Enemies in your Presence have #% to Fire Resistance			explicit.stat_990363519
Enemies in your Presence have Exposure			explicit.stat_724806967
Enemies in your Presence have Lightning Resistance equal to yours			explicit.stat_1546580830
Enemies in your Presence have additional Power equal to their Gruelling Madness			explicit.stat_1827379101
Enemies in your Presence have at least #% of Life Reserved			explicit.stat_1953536251
Enemies in your Presence have no Elemental Resistances			explicit.stat_83011992
Enemies in your Presence killed by anyone count as being killed by you instead			explicit.stat_1576794517
Enemies take #% increased Damage for each Elemental Ailment type among\nyour Ailments on them			explicit.stat_1509533589
Enemies take #% reduced Damage for each Elemental Ailment type among\nyour Ailments on them	n		explicit.stat_1509533589
Enemies which are on Full Life cannot Evade your Hits			rune.stat_4111745607
Enemies you Critically Hit get #% increased Life Regeneration Rate for 4 seconds			rune.stat_3370077792
Enemies you Critically Hit get #% reduced Life Regeneration Rate for 4 seconds	n		rune.stat_3370077792
Enemies you Curse have #% to Chaos Resistance			explicit.stat_1772929282,rune.stat_1772929282,desecrated.stat_1772929282
Enemies you Curse take #% increased Damage			rune.stat_1984310483
Enemies you Mark take #% increased Damage			explicit.stat_2083058281,desecrated.stat_2083058281
Enemies you Mark take #% reduced Damage	n		explicit.stat_2083058281,desecrated.stat_2083058281
Enemies you kill have a #% chance to explode, dealing a quarter of their maximum Life as Chaos damage			explicit.stat_1776945532,desecrated.stat_1776945532
Enemies you kill while they are affected by Abyssal Wasting\n grant #% increased Flask Charges			explicit.stat_2051332707
Energy Generation is doubled			explicit.stat_793801176
Energy Shield Recharge is not interrupted by Damage if Recharge began Recently			explicit.stat_1419390131
Energy Shield Recharge starts after spending a total of\n 2000 Mana, no more than once every 2 seconds			rune.stat_2241849004
Energy Shield Recharge starts on use			explicit.stat_1056492907
Energy Shield Recharge starts when you use a Mana Flask			explicit.stat_2402413437
Energy Shield is increased by Uncapped Cold Resistance			explicit.stat_2147773348
Equipment and Skill Gems have #% increased Attribute Requirements			explicit.stat_752930724,desecrated.stat_752930724
Equipment and Skill Gems have #% reduced Attribute Requirements	n		explicit.stat_752930724,desecrated.stat_752930724
Equipment has no Attribute Requirements	n		explicit.stat_2480151124
Evasion Rating is doubled if you have not been Hit Recently			explicit.stat_1272938854
Evasion Rating is increased by Uncapped Lightning Resistance			explicit.stat_419098854
Everlasting Sacrifice			explicit.stat_145598447
Every 10 seconds, gain a random non-damaging Shrine buff for 20 seconds			explicit.stat_2625554454,explicit.stat_2879778895
Every 3 seconds during Effect, deal #% of Mana spent in those seconds as Chaos Damage to Enemies within 3 metres			explicit.stat_1910039112
Every 3 seconds, Consume a nearby Corpse to Recover #% of maximum Life			explicit.stat_3764198549
Every 3 seconds, Consume a nearby Corpse to Lose #% of maximum Life	n		explicit.stat_3764198549
Every 4 seconds, Recover 1 Life for every # Life Recovery per second from Regeneration			explicit.stat_1457411584
Every 4 seconds, gain Guard equal to #% of maximum Runic Ward for 2 seconds			rune.stat_1963589548
Every 5 Rage also grants #% of Damage taken Recouped as Life			explicit.stat_1895552497,rune.stat_1895552497
Every Rage also grants #% increased Armour			explicit.stat_2995914769,rune.stat_2995914769
Every Rage also grants #% increased Stun Threshold			explicit.stat_352044736,rune.stat_352044736
Every second Slam Skill you use while Shapeshifted is Ancestrally Boosted\nEvery second Strike Skill you use while Shapeshifted is Ancestrally Boosted			explicit.stat_2224139044
Every # seconds, gain a Verisium Infusion			implicit.stat_3326854490
Every second, gain a Verisium Infusion		1	implicit.stat_3326854490
Every second, inflicts Critical Weakness on enemies in your Presence for # seconds			explicit.stat_1052498387
Every second, inflicts Critical Weakness on enemies in your Presence for # second		1	explicit.stat_1052498387
Excavated Chests have a #% chance to contain twice as many Items			implicit.stat_3239978999
Excess Life Recovery added as Guard for # seconds			explicit.stat_636464211
Excess Life Recovery from Leech is applied to Energy Shield			explicit.stat_999436592
Expedition Monsters in your Maps spawn with half of their Life missing			explicit.stat_144770454
Expeditions contain # Additional Bosses encased in ice in Map			explicit.stat_1183698646
Expeditions contain 1 Additional Boss encased in ice in Map		1	explicit.stat_1183698646
Expeditions contain # Additional Verisium Sentries in Map			explicit.stat_1109460697
Expeditions contain 1 Additional Verisium Sentry in Map		1	explicit.stat_1109460697
Expeditions contain # Vaal Relics in Map			explicit.stat_2852112245
Expeditions contain 1 Vaal Relic in Map		1	explicit.stat_2852112245
Expeditions contain # buried Strongboxes in Map			explicit.stat_181823691
Expeditions contain 1 buried Strongbox in Map		1	explicit.stat_181823691
Expeditions have #% Surpassing chance to Duplicate Runic Monsters in Map			explicit.stat_779964546
Expeditions in Map have # Remnants			explicit.stat_3753446846
Expeditions in Area have # Remnants			explicit.stat_3753446846
Expeditions in your Maps have # Remnants			explicit.stat_3753446846
Expeditions in Map have # Remnant		1	explicit.stat_3753446846
Expeditions in your Maps have # Remnant		1	explicit.stat_3753446846
Favours Deferred at Ritual Altars reappear #% sooner			explicit.stat_28208665
Favours Deferred at Ritual Altars in Map reappear #% sooner			explicit.stat_28208665
Favours Deferred at Ritual Altars in Area reappear #% sooner			explicit.stat_28208665
Favours Rerolled at Ritual Altars in Map have #% chance to cost no Tribute			explicit.stat_937291386
Favours Rerolled at Ritual Altars in Area have #% chance to cost no Tribute			explicit.stat_937291386
Favours Rerolled at Ritual Altars in your Maps have #% chance to cost no Tribute			explicit.stat_937291386
Favours at Ritual Altars in Area costs #% increased Tribute			explicit.stat_1228222525
Favours at Ritual Altars in Area costs #% reduced Tribute	n		explicit.stat_1228222525
Fire Damage also Contributes to Bleeding Magnitude			explicit.stat_1221641885
Fire Damage from Hits Contributes to Shock Chance instead of Flammability and Ignite Magnitudes			explicit.stat_2949096603
Fire Resistance is unaffected by Area Penalties			explicit.stat_3247805335
Flammability Magnitude is doubled			explicit.stat_1540254896,rune.stat_1540254896
Flasks do not recover Life			explicit.stat_265717301
Flasks gain # charges per Second			explicit.stat_731781020,implicit.stat_731781020,rune.stat_731781020,crafted.stat_731781020
Fountains have #% chance to grant double Sacred Water			sanctum.stat_2363402715
Freezes Enemies that are on Full Life			explicit.stat_2260055669
Fully Armour Broken enemies you kill with Hits Shatter			explicit.stat_3278008231
Gain # Druidic Prowess when you Heavy Stun a Rare or Unique Enemy			rune.stat_3444646646
Gain # Fragile Regrowth each second			explicit.stat_3841984913
Lose # Fragile Regrowth each second	n		explicit.stat_3841984913
Gain # Guard for 0.5 seconds per Combo expended when using Skills			explicit.stat_2443032293,rune.stat_2443032293
Gain # Life per Enemy Hit with Attacks			explicit.stat_2797971005,implicit.stat_2797971005,fractured.stat_2797971005,rune.stat_2797971005,desecrated.stat_2797971005
Lose # Life per Enemy Hit with Attacks	n		explicit.stat_2797971005,implicit.stat_2797971005,fractured.stat_2797971005,rune.stat_2797971005,desecrated.stat_2797971005
Gain # Life per enemy killed			explicit.stat_3695891184,implicit.stat_3695891184,fractured.stat_3695891184,enchant.stat_3695891184,rune.stat_3695891184,desecrated.stat_3695891184
Lose # Life per enemy killed	n		explicit.stat_3695891184,implicit.stat_3695891184,fractured.stat_3695891184,enchant.stat_3695891184,rune.stat_3695891184,desecrated.stat_3695891184
Gain # Mana per Enemy Hit with Attacks			explicit.stat_820939409,rune.stat_820939409
Lose # Mana per Enemy Hit with Attacks	n		explicit.stat_820939409,rune.stat_820939409
Gain # Mana per enemy killed			explicit.stat_1368271171,implicit.stat_1368271171,fractured.stat_1368271171,enchant.stat_1368271171,rune.stat_1368271171,desecrated.stat_1368271171
Lose # Mana per enemy killed	n		explicit.stat_1368271171,implicit.stat_1368271171,fractured.stat_1368271171,enchant.stat_1368271171,rune.stat_1368271171,desecrated.stat_1368271171
Gain # Rage on Hit			explicit.stat_2258007247
Gain # Rage on Melee Hit			explicit.stat_2709367754,fractured.stat_2709367754,rune.stat_2709367754,desecrated.stat_2709367754,crafted.stat_2709367754
Gain # Rage when Critically Hit by an Enemy			explicit.stat_1466716929,rune.stat_1466716929
Gain # Rage when Hit by an Enemy			explicit.stat_3292710273,fractured.stat_3292710273,rune.stat_3292710273,desecrated.stat_3292710273
Gain # Rage when Hit by an Enemy during effect			explicit.stat_555311715
Gain # Rage when you kill an enemy affected by Abyssal Wasting			explicit.stat_2934385135
Gain # Sacred Water at the start of the Trial			sanctum.stat_2393318075
Gain # Sacred Water when you complete a Room			sanctum.stat_4057192895
Gain # Volatility when you kill an enemy affected by Abyssal Wasting			explicit.stat_2952939159
Gain #% of Cold damage as Extra Fire damage per 1% Chill Magnitude on enemy			explicit.stat_2469544361
Gain #% of Damage as Chaos Damage per Undead Minion			explicit.stat_997343726
Gain #% of Damage as Extra Chaos Damage			explicit.stat_3398787959,fractured.stat_3398787959,enchant.stat_3398787959,rune.stat_3398787959,desecrated.stat_3398787959,crafted.stat_3398787959
Gain #% of Damage as Extra Chaos Damage while you are missing Runic Ward			explicit.stat_4011431182,crafted.stat_4011431182
Gain #% of Damage as Extra Cold Damage			explicit.stat_2505884597,fractured.stat_2505884597,rune.stat_2505884597,desecrated.stat_2505884597,crafted.stat_2505884597
Gain #% of Damage as Extra Cold Damage while you are missing Runic Ward			explicit.stat_2888350852,crafted.stat_2888350852
Gain #% of Damage as Extra Cold Damage with Spells			explicit.stat_825116955,fractured.stat_825116955,desecrated.stat_825116955,crafted.stat_825116955
Gain #% of Damage as Extra Damage of a random Element			rune.stat_3617669804
Gain #% of Damage as Extra Damage of a random Element per\nRune Socketed in Equipped Items			rune.stat_3557924960
Gain #% of Damage as Extra Damage of all Elements			rune.stat_731403740
Gain #% of Damage as Extra Fire Damage			explicit.stat_3015669065,fractured.stat_3015669065,rune.stat_3015669065,desecrated.stat_3015669065,crafted.stat_3015669065
Gain #% of Damage as Extra Fire Damage while you are missing Runic Ward			explicit.stat_589361270,fractured.stat_589361270,crafted.stat_589361270
Gain #% of Damage as Extra Fire Damage with Spells			explicit.stat_1321054058,fractured.stat_1321054058,desecrated.stat_1321054058,crafted.stat_1321054058
Gain #% of Damage as Extra Lightning Damage			explicit.stat_3278136794,fractured.stat_3278136794,rune.stat_3278136794,desecrated.stat_3278136794,crafted.stat_3278136794
Gain #% of Damage as Extra Lightning Damage while you are missing Runic Ward			explicit.stat_457920946,crafted.stat_457920946
Gain #% of Damage as Extra Lightning Damage with Spells			explicit.stat_323800555,fractured.stat_323800555,desecrated.stat_323800555,crafted.stat_323800555
Gain #% of Damage as Extra Physical Damage			explicit.stat_4019237939,fractured.stat_4019237939,desecrated.stat_4019237939,crafted.stat_4019237939
Gain #% of Damage as Extra Physical Damage per ten percent missing Mana			rune.stat_1693515857
Gain #% of Elemental Damage as Extra Cold Damage			explicit.stat_1158842087,fractured.stat_1158842087,crafted.stat_1158842087
Gain #% of Elemental Damage as Extra Fire Damage			explicit.stat_701564564
Gain #% of Elemental Damage as Extra Lightning Damage			explicit.stat_3550887155
Gain #% of Evasion Rating as extra Armour			explicit.stat_1546604934
Gain #% of Maximum Mana as Armour			explicit.stat_514290151,desecrated.stat_514290151
Gain #% of Physical Damage as Extra Cold Damage			explicit.stat_758893621,fractured.stat_758893621,desecrated.stat_758893621,crafted.stat_758893621
Gain #% of Physical Damage as Extra Damage of a random Element			explicit.stat_915546383
Gain #% of Physical Damage as Extra Fire Damage			rune.stat_1936645603
Gain #% of damage as Fire damage per 1% Chance to Block			explicit.stat_2771095426
Gain #% of damage as Fire damage per 2% Chance to Block			rune.stat_2621116283
Gain #% of maximum Life as Extra maximum Energy Shield			explicit.stat_1228337241
Gain #% of maximum Life as Extra maximum Runic Ward			rune.stat_386720106
Gain #% of maximum Mana as Extra maximum Energy Shield			explicit.stat_3027830452
Gain 0% to #% increased Movement Speed at random when Hit, until Hit again			explicit.stat_796381300
Gain 1 Dark Whisper every second there is a Cursed Enemy in your Presence			explicit.stat_2482970488
Gain 1 Druidic Prowess for every 20 total Rage spent			explicit.stat_1273508088,rune.stat_1273508088
Gain 1 Endurance Charge on reaching Low Life, only once every 2 seconds			rune.stat_901336307
Gain 1 Explosive Rhythm every # times you use a Grenade Skill\n Remove all Explosive Rhythm on reaching 10 to gain Explosive Fervour for 10 Seconds			explicit.stat_4128965096
Gain 1 Explosive Rhythm every # time you use a Grenade Skill\nRemove all Explosive Rhythm on reaching 10 to gain Explosive Fervour for 10 Seconds		1	explicit.stat_4128965096
Gain 1 Fear Incarnate when you Cull a target			explicit.stat_3775736880
Gain 1 Runefather's Boast per Power of targets affected by Runefather's Challenge you kill			explicit.stat_343703314
Gain 1 Runic Binding on Hit with Spells, no more than once every 0.5 seconds\nLose all Runic Bindings when you Shapeshift to gain that much Unbound Potential			explicit.stat_3492740640
Gain Arcane Surge when a Minion Dies			explicit.stat_3625518318
Gain Armour equal to #% of Life Lost from Hits in the past 8 seconds			rune.stat_3903510399
Gain Cold Thorns Damage equal to #% of your maximum Mana			explicit.stat_1435496528
Gain Deflection Rating equal to #% of Armour			explicit.stat_1752419596
Gain Deflection Rating equal to #% of Evasion Rating			explicit.stat_3033371881,fractured.stat_3033371881,rune.stat_3033371881,desecrated.stat_3033371881
Gain Finality for # seconds per Combo expended when using Skills			explicit.stat_4010198893
Gain Guard equal to #% of maximum Life for 4 seconds on taking Savage Hit			rune.stat_3863682550
Gain Guard equal to #% of missing Energy Shield for 4 seconds when you Dodge Roll			explicit.stat_469006068
Gain Guard equal to #% of Current Runic Ward for # seconds when Effect ends			explicit.stat_3069759106
Gain Guard equal to Current Runic Ward for # seconds when Effect ends		100	explicit.stat_3069759106
Gain Maximum Energy Shield equal to #% of total\nStrength Requirements of Equipped Armour Items			rune.stat_2444976134
Gain Onslaught for # seconds when your Marks Activate			rune.stat_1811977226
Gain Onslaught for 4 seconds when a Minion Dies			explicit.stat_3605616594
Gain Overencumbrance for 4 seconds when you Dodge Roll			explicit.stat_2148576938
Gain Physical Thorns damage equal to #% - #% of maximum Life			explicit.stat_2163764037
Gain Physical Thorns damage equal to #% of Item Armour on Equipped Body Armour			explicit.stat_1793740180,desecrated.stat_1793740180
Gain Tailwind on Critical Hit, no more than once per second			explicit.stat_2459662130
#% chance to grant Volatility on Critical Hit			explicit.stat_2931872063
Gain Volatility on Critical Hit		100	explicit.stat_2931872063
Gain a Power Charge every Second if you haven't lost Power Charges Recently			explicit.stat_1099200124
Gain a random Charge on reaching Maximum Rage, no more than once every # seconds			explicit.stat_2284588585
Gain additional Ailment Threshold equal to #% of maximum Energy Shield			explicit.stat_3398301358,fractured.stat_3398301358,rune.stat_3398301358,desecrated.stat_3398301358
Gain additional Stun Threshold equal to #% of maximum Energy Shield			explicit.stat_416040624,fractured.stat_416040624,rune.stat_416040624,desecrated.stat_416040624
Gain maximum Runic Ward equal to #% of this Weapon's maximum damage			rune.stat_1995345015
Gain no inherent bonus from Intelligence			explicit.stat_4187571952
Gains # Charges per Second			explicit.stat_1873752457
Giant's Blood			explicit.stat_1875158664
Glancing Blows			explicit.stat_4266776872
Glorifying the defilement of # souls in tribute to Amanamu\nPassives in radius are Conquered by the Abyssals\nDesecration makes this item unstable			explicit.stat_3418580811|24
Glorifying the defilement of # souls in tribute to Kulemak\nPassives in radius are Conquered by the Abyssals\nDesecration makes this item unstable			explicit.stat_3418580811|25
Glorifying the defilement of # souls in tribute to Kurgal\nPassives in radius are Conquered by the Abyssals\nDesecration makes this item unstable			explicit.stat_3418580811|26
Glorifying the defilement of # souls in tribute to Tecrod\nPassives in radius are Conquered by the Abyssals\nDesecration makes this item unstable			explicit.stat_3418580811|27
Glorifying the defilement of # souls in tribute to Ulaman\nPassives in radius are Conquered by the Abyssals\nDesecration makes this item unstable			explicit.stat_3418580811|28
Grants # Life per Enemy Hit			explicit.stat_821021828,fractured.stat_821021828,desecrated.stat_821021828
Removes # of your Life per Enemy Hit	n		explicit.stat_821021828,fractured.stat_821021828,desecrated.stat_821021828
Grants # Rage on Hit			implicit.stat_1725749947,enchant.stat_1725749947
Grants #% of Life Recovery to Minions			explicit.stat_2416869319
Grants # additional Skill Slots			implicit.stat_958696139
Grants 1 additional Skill Slot		1	implicit.stat_958696139
Grants Onslaught during effect			explicit.stat_618665892
Grants Skill: Level # Alchemist's Boon			skill.alchemists_boon
Grants Skill: Level # Archmage			skill.archmage
Grants Skill: Level # Arctic Armour			skill.new_new_arctic_armour
Grants Skill: Level # Attrition			skill.attrition
Grants Skill: Level # Azmerian Swarms			skill.azmerian_swarm
Grants Skill: Level # Azmerian Wolf			skill.summon_azmerian_wolf
Grants Skill: Level # Barkskin			skill.barkskin
Grants Skill: Level # Barrier Invocation			skill.barrier_invocation
Grants Skill: Level # Berserk			skill.berserk
Grants Skill: Level # Black Powder Blitz			skill.black_powder_blitz_reservation
Grants Skill: Level # Blink			skill.blink,skill.blink_reservation
Grants Skill: Level # Bone Blast			skill.bone_blast
Grants Skill: Level # Briarpatch			skill.briarpatch
Grants Skill: Level # Bursting Fen Toad			skill.exploding_poison_toad
Grants Skill: Level # Cackling Companions			skill.hyena_cackle
Grants Skill: Level # Cast on Block			skill.cast_on_block
Grants Skill: Level # Cast on Charm Use			skill.cast_on_charm_use
Grants Skill: Level # Cast on Critical			skill.cast_on_critical_strike
Grants Skill: Level # Cast on Dodge			skill.cast_on_dodge
Grants Skill: Level # Cast on Elemental Ailment			skill.cast_on_elemental_ailment
Grants Skill: Level # Cast on Minion Death			skill.cast_on_minion_death
Grants Skill: Level # Chaos Bolt			skill.chaosbolt
Grants Skill: Level # Chaotic Surge			skill.chaos_surge
Grants Skill: Level # Charge Regulation			skill.charge_regulation
Grants Skill: Level # Coiling Bolts			skill.coiling_bolts
Grants Skill: Level # Combat Frenzy			skill.combat_frenzy
Grants Skill: Level # Compose Requiem			skill.requiem_ammo
Grants Skill: Level # Consecrate			skill.consecrate
Grants Skill: Level # Convalescence			skill.convalescence
Grants Skill: Level # Crackling Palm			skill.crackling_palm
Grants Skill: Level # Crushing Fear			skill.crushing_fear
Grants Skill: Level # Decompose			skill.corpse_cloud,skill.corpse_cloud_triggered
Grants Skill: Level # Defiance Banner			skill.defiance_banner_reservation
Grants Skill: Level # Discipline			skill.discipline
Grants Skill: Level # Dread Banner			skill.dread_banner_reservation
Grants Skill: Level # Elemental Conflux			skill.elemental_conflux
Grants Skill: Level # Elemental Invocation			skill.elemental_invocation
Grants Skill: Level # Ember Fusillade			skill.unique_dusk_vigil_triggered_blazing_cluster
Grants Skill: Level # Enervating Nova			skill.enervating_nova
Grants Skill: Level # Eternal Rage			skill.eternal_rage
Grants Skill: Level # Feast of Flesh			skill.feast_of_flesh
Grants Skill: Level # Feral Invocation			skill.feral_invocation
Grants Skill: Level # Fireball			skill.fireball
Grants Skill: Level # Firebolt			skill.firebolt
Grants Skill: Level # Freezing Shards			skill.freezing_shards
Grants Skill: Level # Fulmination			skill.fulmination
Grants Skill: Level # Future-Past			skill.future_past
Grants Skill: Level # Galvanic Field			skill.galvanic_field
Grants Skill: Level # Gemini Surge			skill.gemini_surge
Grants Skill: Level # Ghost Dance			skill.ghost_dance
Grants Skill: Level # Harbinger of Madness			skill.harbinger_of_madness
Grants Skill: Level # Heart of Ice			skill.heart_of_ice
Grants Skill: Level # Herald of Ash			skill.herald_of_ash
Grants Skill: Level # Herald of Blood			skill.herald_of_blood
Grants Skill: Level # Herald of Ice			skill.herald_of_ice
Grants Skill: Level # Herald of Plague			skill.herald_of_plague
Grants Skill: Level # Herald of Thunder			skill.herald_of_thunder
Grants Skill: Level # Herald of the Royal Queen			skill.atziri_herald
Grants Skill: Level # His Foul Emergence			skill.his_foul_emergence
Grants Skill: Level # His Grave Command			skill.grave_command
Grants Skill: Level # His Scattering Calamity			skill.scattering_calamity
Grants Skill: Level # His Vile Intrusion			skill.vile_disruption
Grants Skill: Level # His Winnowing Flame			skill.his_winnowing_flame
Grants Skill: Level # Icestorm			skill.icestorm
Grants Skill: Level # Impurity			skill.impurity
Grants Skill: Level # Iron Ward			skill.iron_ward
Grants Skill: Level # Life Remnants			skill.life_remnants
Grants Skill: Level # Lightning Bolt			skill.lightning_bolt,skill.unique_breach_lightning_bolt
Grants Skill: Level # Lingering Illusion			skill.lingering_illusion
Grants Skill: Level # Living Bomb			skill.living_bomb_player
Grants Skill: Level # Magma Barrier			skill.magma_barrier
Grants Skill: Level # Malice			skill.malice
Grants Skill: Level # Mana Drain			skill.mana_drain
Grants Skill: Level # Mana Remnants			skill.mana_remnants
Grants Skill: Level # Midnight Zenith			skill.midnight_star
Grants Skill: Level # Mirage Archer			skill.mirage_archer
Grants Skill: Level # Mirror of Refraction			skill.mirror_of_refraction
Grants Skill: Level # Mist Raven			skill.summon_mist_raven
Grants Skill: Level # Molten Crash			skill.molten_crash
Grants Skill: Level # Molten Shower			skill.triggered_molten_shower
Grants Skill: Level # Overwhelming Presence			skill.overwhelming_presence
Grants Skill: Level # Parry			skill.parry
Grants Skill: Level # Phantasmal Arrow			skill.phantasmal_arrow
Grants Skill: Level # Pinnacle of Power			skill.pinnacle_of_power
Grants Skill: Level # Plague Bearer			skill.plague_bearer
Grants Skill: Level # Power Siphon			skill.power_siphon
Grants Skill: Level # Purity of Fire			skill.purity_of_fire
Grants Skill: Level # Purity of Ice			skill.purity_of_ice
Grants Skill: Level # Purity of Lightning			skill.purity_of_lightning
Grants Skill: Level # Raging Spirits			skill.raging_spirits
Grants Skill: Level # Raise Shield			skill.shield_block
Grants Skill: Level # Ravenous Swarm			skill.ravenous_swarm
Grants Skill: Level # Reap			skill.reap
Grants Skill: Level # Reaper's Invocation			skill.reapers_invocation
Grants Skill: Level # Rhoa Mount			skill.summon_rhoa_mount
Grants Skill: Level # Righteous Descent			skill.righteous_descent
Grants Skill: Level # Rite of Restoration			skill.sigil_of_life
Grants Skill: Level # Runic Tempering			skill.runic_tempering
Grants Skill: Level # Sacrifice			skill.sacrifice
Grants Skill: Level # Sanguine Revelry			skill.sanguine_revelry
Grants Skill: Level # Savage Fury			skill.savage_fury
Grants Skill: Level # Scavenged Plating			skill.scavenged_plating
Grants Skill: Level # Shard Scavenger			skill.shard_scavenger
Grants Skill: Level # Shattering Spite			skill.shattering_spite
Grants Skill: Level # Sigil of Power			skill.sigil_of_power
Grants Skill: Level # Siphon Elements			skill.siphon_elements
Grants Skill: Level # Skeletal Warrior Minion			skill.summon_skeleton_warrior
Grants Skill: Level # Soaring Midnight			skill.nightfall_soaring_midnight
Grants Skill: Level # Solar Orb			skill.solar_orb
Grants Skill: Level # Spark			skill.unique_earthbound_triggered_spark
Grants Skill: Level # Spellslinger			skill.spellslinger_invocation
Grants Skill: Level # Spiraling Conspiracy			skill.summon_spiraling_conspiracy
Grants Skill: Level # Spirit Vessel			skill.spirit_vessel_companion
Grants Skill: Level # Starborn Onslaught			skill.starborn_onslaught
Grants Skill: Level # The Stars Answer			skill.the_stars_answer
Grants Skill: Level # Thundergod's Wrath			skill.cast_lightning_spell_on_hit
Grants Skill: Level # Time of Need			skill.time_of_need
Grants Skill: Level # Trail of Caltrops			skill.trail_of_caltrops
Grants Skill: Level # Trinity			skill.trinity
Grants Skill: Level # Unleash			skill.unleash
Grants Skill: Level # Untether			skill.abyssal_living_bomb
Grants Skill: Level # Valako's Charge			skill.valakos_charge
Grants Skill: Level # Volatile Dead			skill.volatile_dead
Grants Skill: Level # War Banner			skill.war_banner_reservation
Grants Skill: Level # Wildwood's Gifts			skill.ancient_gifts
Grants Skill: Level # Wind Dancer			skill.wind_dancer
Grants Skill: Level # Withering Presence			skill.withering_presence
Grants Skill: Level # Wolf Pack			skill.wolf_pack
Grants a Frenzy Charge on use			explicit.stat_280890192
Grants a Power Charge on use			explicit.stat_2566921799
Grants effect of Dreaming Gloom Shrine			explicit.stat_3742268652
Grants effect of Guided Freezing Shrine			explicit.stat_234657505
Grants effect of Guided Meteoric Shrine			explicit.stat_3917429943
Grants effect of Guided Tempest Shrine			explicit.stat_2800412928
Grants up to your maximum Rage on use			explicit.stat_1509210032
Grenade Skills Fire # additional Projectiles			explicit.stat_1980802737,implicit.stat_1980802737,fractured.stat_1980802737,desecrated.stat_1980802737
Grenade Skills Fire an additional Projectile		1	explicit.stat_1980802737,implicit.stat_1980802737,fractured.stat_1980802737,desecrated.stat_1980802737
Grenade Skills have # Cooldown Uses			explicit.stat_2250681686,fractured.stat_2250681686,desecrated.stat_2250681686
Grenade Skills have # Cooldown Use		1	explicit.stat_2250681686,fractured.stat_2250681686,desecrated.stat_2250681686
Grenades have #% chance to activate a second time			explicit.stat_538981065,rune.stat_538981065,desecrated.stat_538981065
Grenades activate a second time		100	explicit.stat_538981065,rune.stat_538981065,desecrated.stat_538981065
Has			sanctum.sanctum_effect_0
Has # Charm Slots			explicit.stat_1416292992,implicit.stat_1416292992
Has # Charm Slot		1	explicit.stat_1416292992,implicit.stat_1416292992
Has # to # Fire damage, # to # per Boss's Face Broken			explicit.stat_1955786041
Has # to # Physical damage, # to # per Boss's Face Broken			explicit.stat_1955786041
Has # Sockets			implicit.stat_4077843608
Has 1 Socket		1	implicit.stat_4077843608
Has Adrenaline Vial			sanctum.sanctum_effect_59406
Has Ahkeli's Guard			sanctum.sanctum_effect_47837
Has All-Seeing Eye			sanctum.sanctum_effect_9121
Has Assassin's Blade			sanctum.sanctum_effect_6090
Has Balbala's Gift			sanctum.sanctum_effect_52622
Has Black Pearl			sanctum.sanctum_effect_41498
Has Black Smoke			sanctum.sanctum_effect_34448
Has Blunt Sword			sanctum.sanctum_effect_40008
Has Branded Balbalakh			sanctum.sanctum_effect_19039
Has Chains of Binding			sanctum.sanctum_effect_25062
Has Chipped Dice			sanctum.sanctum_effect_60796
Has Chiselled Stone			sanctum.sanctum_effect_6958
Has Corrosive Concoction			sanctum.sanctum_effect_55502
Has Costly Aid			sanctum.sanctum_effect_32085
Has Crystal Shard			sanctum.sanctum_effect_30042
Has Dark Pit			sanctum.sanctum_effect_62584
Has Deadly Snare			sanctum.sanctum_effect_41921
Has Death Toll			sanctum.sanctum_effect_59642
Has Deceptive Mirror			sanctum.sanctum_effect_14131
Has Dekhara's Necklace			sanctum.sanctum_effect_13598
Has Dishonoured Tattoo			sanctum.sanctum_effect_5501
Has Diverted River			sanctum.sanctum_effect_45401
Has Earned Honour			sanctum.sanctum_effect_24603
Has Enchanted Urn			sanctum.sanctum_effect_38167
Has Exhausted Wells			sanctum.sanctum_effect_35912
Has Fiendish Wings			sanctum.sanctum_effect_28313
Has Flooding Rivers			sanctum.sanctum_effect_44476
Has Forgotten Traditions			sanctum.sanctum_effect_18125
Has Fountain of Youth			sanctum.sanctum_effect_40142
Has Fright Mask			sanctum.sanctum_effect_15442
Has Garukhan's Favour			sanctum.sanctum_effect_38171
Has Gate Toll			sanctum.sanctum_effect_35767
Has Ghastly Scythe			sanctum.sanctum_effect_32300
Has Glass Shard			sanctum.sanctum_effect_45600
Has Glowing Orb			sanctum.sanctum_effect_3157
Has Golden Smoke			sanctum.sanctum_effect_1198
Has Haemorrhage			sanctum.sanctum_effect_34171
Has Hare Foot			sanctum.sanctum_effect_13820
Has Holy Water			sanctum.sanctum_effect_28826
Has Honed Claws			sanctum.sanctum_effect_62326
Has Honoured Challenger			sanctum.sanctum_effect_4682
Has Hungry Fangs			sanctum.sanctum_effect_359
Has Imperial Seal			sanctum.sanctum_effect_44836
Has Iron Manacles			sanctum.sanctum_effect_35578
Has Leaking Waterskin			sanctum.sanctum_effect_61003
Has Low Rivers			sanctum.sanctum_effect_21680
Has Lustrous Lacquer			sanctum.sanctum_effect_379
Has Lustrous Pearl			sanctum.sanctum_effect_51140
Has Mirror of Fortune			sanctum.sanctum_effect_45428
Has Moment's Peace			sanctum.sanctum_effect_30866
Has Myriad Aspersions			sanctum.sanctum_effect_56996
Has Orb of Negation			sanctum.sanctum_effect_43834
Has Orbala Statuette			sanctum.sanctum_effect_54204
Has Orbala's Leathers			sanctum.sanctum_effect_44077
Has Ornate Dagger			sanctum.sanctum_effect_29924
Has Pledge to the Afflicted			sanctum.sanctum_effect_48548
Has Pledge to the Deserted			sanctum.sanctum_effect_60079
Has Pledge to the Guileful			sanctum.sanctum_effect_62382
Has Pledge to the Powerful			sanctum.sanctum_effect_27532
Has Purple Smoke			sanctum.sanctum_effect_28906
Has Raincaller			sanctum.sanctum_effect_31580
Has Rapid Quicksand			sanctum.sanctum_effect_56047
Has Red Smoke			sanctum.sanctum_effect_17084
Has Reparations			sanctum.sanctum_effect_46242
Has Rusted Mallet			sanctum.sanctum_effect_30450
Has Sacred Mirror			sanctum.sanctum_effect_27130
Has Sanguine Vial			sanctum.sanctum_effect_41741
Has Scrying Crystal			sanctum.sanctum_effect_44243
Has Season of Famine			sanctum.sanctum_effect_35605
Has Sekhema's Cloak			sanctum.sanctum_effect_34499
Has Sharpened Arrowhead			sanctum.sanctum_effect_48487
Has Shattered Shield			sanctum.sanctum_effect_16335
Has Silver Chalice			sanctum.sanctum_effect_51458
Has Silver Tongue			sanctum.sanctum_effect_24536
Has Spiked Exit			sanctum.sanctum_effect_53929
Has Spiked Shell			sanctum.sanctum_effect_13875
Has Suspected Sympathiser			sanctum.sanctum_effect_9350
Has Tattered Blindfold			sanctum.sanctum_effect_48875
Has Trade Tariff			sanctum.sanctum_effect_34561
Has Tradition's Demand			sanctum.sanctum_effect_55120
Has UNUSED			sanctum.sanctum_effect_16773
Has Unassuming Brick			sanctum.sanctum_effect_50613
Has Unquenched Thirst			sanctum.sanctum_effect_38381
Has Untouchable			sanctum.sanctum_effect_9853
Has Upward Path			sanctum.sanctum_effect_3716
Has Veiled Sight			sanctum.sanctum_effect_43384
Has Viscous Ichor			sanctum.sanctum_effect_57507
Has Weakened Flesh			sanctum.sanctum_effect_24131
Has Winter Drought			sanctum.sanctum_effect_20573
Has Wooden Effigy			sanctum.sanctum_effect_46977
Has Worn Sandals			sanctum.sanctum_effect_30473
Has no Accuracy Penalty from Range			implicit.stat_1050883682
Has no Attribute Requirements			explicit.stat_2739148464
Heavy Stuns Enemies that are on Full Life			explicit.stat_668076381
Herald Skills deal #% increased Damage			explicit.stat_21071013,fractured.stat_21071013,desecrated.stat_21071013
Herald Skills deal #% reduced Damage	n		explicit.stat_21071013,fractured.stat_21071013,desecrated.stat_21071013
Historic			explicit.stat_3787436548
Hits Break # Armour			explicit.stat_289086688
Hits against you have #% increased Critical Hit Chance while you are Chilled			explicit.stat_3923947492
Hits against you have #% reduced Critical Hit Chance while you are Chilled	n		explicit.stat_3923947492
Hits against you have #% reduced Critical Damage Bonus			explicit.stat_3855016469,implicit.stat_3855016469,fractured.stat_3855016469,rune.stat_3855016469,desecrated.stat_3855016469,sanctum.stat_2948404493,crafted.stat_3855016469
Hits against you have #% increased Critical Damage Bonus	n		explicit.stat_3855016469,implicit.stat_3855016469,fractured.stat_3855016469,rune.stat_3855016469,desecrated.stat_3855016469,sanctum.stat_2948404493,crafted.stat_3855016469
Hits against you have #% reduced Critical Damage Bonus per Socket filled			explicit.stat_701923421
Hits against you have #% increased Critical Damage Bonus per Socket filled	n		explicit.stat_701923421
Hits against you have no Critical Damage Bonus while on Consecrated Ground			rune.stat_1800433827
Hits have #% chance to treat Enemy Monster Elemental Resistance values as inverted			explicit.stat_3593401321
Hits treat Enemy Monster Elemental Resistance values as inverted		100	explicit.stat_3593401321
Hits have #% increased Critical Hit Chance against you			explicit.stat_4270096386,desecrated.stat_4270096386
Hits have #% reduced Critical Hit Chance against you	n		explicit.stat_4270096386,desecrated.stat_4270096386
Hits with this Weapon have #% chance to Trigger Molten Shower per 25 Strength			explicit.stat_1867725690
Hits with this Weapon have Culling Strike against Bleeding Enemies			explicit.stat_2558253923
Hits with this Weapon have no Critical Damage Bonus			explicit.stat_1508661598
Hits with this Weapon inflict # Gruelling Madness			explicit.stat_2526112819
Hits with this weapon have # to # Added Physical Damage per 1% Block Chance			explicit.stat_2036307261,rune.stat_2036307261
Ice Crystals have #% increased maximum Life per 5% Cold Resistance you have			explicit.stat_740421489
Ice Crystals have #% reduced maximum Life per 5% Cold Resistance you have	n		explicit.stat_740421489
Idols socketed in this item gain the benefits of their Bonded modifiers			rune.stat_726496846
If Map was not previously Irradiated, completing Map adds Irradiation instead			explicit.stat_2371108370
If you would gain a Frenzy Charge, Allies in your Presence gain that Charge instead			rune.stat_2211478554
If you would gain a Power Charge, Allies in your Presence gain that Charge instead			rune.stat_4226127445
If you would gain an Endurance Charge, Allies in your Presence gain that Charge instead			rune.stat_1881314095
Ignite you inflict deals Chaos Damage instead of Fire Damage			explicit.stat_983582600
Ignites you inflict deal Damage #% faster			implicit.stat_2443492284
Ignites you inflict spread to other Enemies that stay within 1.5 metres for 1 second			explicit.stat_3314057862
Immobilise enemies at #% buildup instead of 100%			explicit.stat_4238331303
Immune to Maim			enchant.stat_3429557654
Increases Movement Speed by 25%, plus 1% per # Evasion Rating, up to a maximum of 75%\nOther Modifiers to Movement Speed except for Sprinting do not apply			explicit.stat_3881997959
Increases and Reductions to\n Cold and Fire Damage in Radius are transformed to apply to Lightning Damage			explicit.stat_895564377,crafted.stat_895564377
Increases and Reductions to\n Cold and Lightning Damage in Radius are transformed to apply to Fire Damage			explicit.stat_1400313697,crafted.stat_1400313697
Increases and Reductions to\n Fire and Lightning Damage in Radius are transformed to apply to Cold Damage			explicit.stat_3368921525,fractured.stat_3368921525,crafted.stat_3368921525
Increases and Reductions to Life Regeneration Rate also apply to Mana Regeneration Rate			rune.stat_3570773271
Increases and Reductions to Light Radius also apply to Area of Effect at #% of their value			explicit.stat_1138742368
Increases and Reductions to Mana Regeneration Rate also\napply to Energy Shield Recharge Rate			explicit.stat_3407300125
Increases and Reductions to Minion Attack Speed also affect you			explicit.stat_2293111154,rune.stat_2293111154
Increases and Reductions to Minion Damage also affect you			explicit.stat_1631928082
Increases and Reductions to Movement Speed also\n apply to Energy Shield Recharge Rate			rune.stat_4282982513
Increases and Reductions to Projectile Speed also apply to Damage with Bows			explicit.stat_414821772,desecrated.stat_414821772
Increases and Reductions to Spell damage also apply to Attacks			explicit.stat_3811649872
Infinite Parry Range			explicit.stat_1076031760
Inflict Abyssal Wasting on Hit			explicit.stat_2646093132,implicit.stat_2646093132
Inflict Anaemia on Hit\nAnaemia allows # Corrupted Blood debuffs to be inflicted on enemies			explicit.stat_971590056,fractured.stat_971590056,desecrated.stat_971590056,crafted.stat_971590056
Inflict Cold Exposure on Hit, lowering Total Cold Resistance by #%			explicit.stat_3005701891
Inflict Cold Exposure on Hit		10	explicit.stat_3005701891
Inflict Cold Exposure on Igniting an Enemy			explicit.stat_3314536008
Inflict # Corrupted Blood Debuffs for # second on Block, dealing #% of\nyour maximum Life as Physical damage per second			explicit.stat_1695767482
Inflict # Corrupted Blood Debuffs for # seconds on Block, dealing #% of\nyour maximum Life as Physical damage per second			explicit.stat_1695767482
Inflict Corrupted Blood for # second on Block, dealing #% of\nyour maximum Life as Physical damage per second		1	explicit.stat_1695767482
Inflict Corrupted Blood for # seconds on Block, dealing #% of\nyour maximum Life as Physical damage per second		1	explicit.stat_1695767482
Inflict Elemental Exposure on Hit, lowering Total Elemental Resistances by #%			explicit.stat_533542952
Inflict Elemental Exposure on Hit		40	explicit.stat_533542952
Inflict Elemental Exposure on Hit while you have a Ruby and an Emerald socketed in your tree			explicit.stat_2951965588,fractured.stat_2951965588,crafted.stat_2951965588
Inflict Elemental Exposure to Enemies 3 metres in front of you\nfor 4 seconds, every 0.25 seconds while raised			explicit.stat_223138829
Inflict Fire Exposure on Shocking an Enemy			explicit.stat_1538879632
Inflict Lightning Exposure on Critical Hit			explicit.stat_2665488635
Inflicts Elemental Exposure when this Weapon Fully Breaks Armour			explicit.stat_359380213
Inflicts Runefather's Challenge on enemies # metres in front of you when raised, no more than once every 2 seconds			explicit.stat_774222208
Inflicts a random Curse on you when your Totems die, ignoring Curse limit			explicit.stat_2918129907
Inherent Rage loss starts # seconds later			explicit.stat_3987691524,fractured.stat_3987691524,desecrated.stat_3987691524
Inherent Rage loss starts 1 second later		1000	explicit.stat_3987691524,fractured.stat_3987691524,desecrated.stat_3987691524
Instant Recovery			explicit.stat_1526933524
Intimidate Enemies on Block for # seconds			explicit.stat_3703496511
Intimidate Enemies on Block for # second		1000	explicit.stat_3703496511
Invocated Spells deal #% increased Damage			explicit.stat_1078309513,desecrated.stat_1078309513
Invocated Spells deal #% reduced Damage	n		explicit.stat_1078309513,desecrated.stat_1078309513
Invocated Spells have #% chance to consume half as much Energy			explicit.stat_3711973554,desecrated.stat_3711973554
Invocated skills have #% increased Maximum Energy			explicit.stat_1615901249,desecrated.stat_1615901249,crafted.stat_1615901249
Invocated skills have #% reduced Maximum Energy	n		explicit.stat_1615901249,desecrated.stat_1615901249,crafted.stat_1615901249
Iron Grip			explicit.stat_3528245713
Iron Reflexes			explicit.stat_326965591,rune.stat_326965591
Iron Will			explicit.stat_281311123
Knockback direction is reversed			explicit.stat_281201999
Knocks Back Enemies on Hit			explicit.stat_3739186583
Leech #% of Physical Attack Damage as Life			explicit.stat_2557965901,fractured.stat_2557965901,enchant.stat_2557965901,desecrated.stat_2557965901
Leech #% of Physical Attack Damage as Mana			explicit.stat_707457662,fractured.stat_707457662,enchant.stat_707457662,desecrated.stat_707457662
Leech Life #% faster			explicit.stat_1570501432,fractured.stat_1570501432,desecrated.stat_1570501432
Leech Life #% slower	n		explicit.stat_1570501432,fractured.stat_1570501432,desecrated.stat_1570501432
Leech from Critical Hits is instant			explicit.stat_3389184522
Leeches #% of Physical Damage as Life			explicit.stat_55876295,fractured.stat_55876295,rune.stat_55876295,desecrated.stat_55876295
Leeches #% of Physical Damage as Mana			explicit.stat_669069897,implicit.stat_669069897,fractured.stat_669069897,rune.stat_669069897,desecrated.stat_669069897
Leeches #% of maximum Life when you Cast a Spell			explicit.stat_335699483
Leeching Life from your Hits causes Allies in your Presence to also Leech the same amount of Life			explicit.stat_3605721598
Left ring slot: Projectiles from Spells Fork		1	explicit.stat_2437476305
Left ring slot: Projectiles from Spells cannot Chain		1	explicit.stat_3647242059
Life Flasks gain # charges per Second			explicit.stat_1102738251,enchant.stat_1102738251,desecrated.stat_1102738251
Life Flasks used while on Low Life apply Recovery Instantly			explicit.stat_1200347828
Life Leech can Overflow Maximum Life			explicit.stat_2714890129
Life Leech is Converted to Energy Shield Leech			explicit.stat_3314050176
Life Leech recovers based on your Chaos damage instead of Physical damage			explicit.stat_825825364
Life Leech recovers based on your Lightning damage as well as Physical damage			explicit.stat_1092555766
Life Recharges			explicit.stat_3971919056
Life Recovery from Flasks also applies to Energy Shield			explicit.stat_2812872407
Life Recovery from Flasks can Overflow Maximum Life			explicit.stat_1245896889
Life Recovery from Flasks is instant			explicit.stat_720388959
Life Recovery from Regeneration is not applied			explicit.stat_3947672598
Life Recovery other than Flasks cannot Recover Life to above Low Life			explicit.stat_451403019
Life Regeneration is applied to Energy Shield instead			explicit.stat_632761194
Life and Mana Flasks can be equipped in either slot			explicit.stat_932866937
Life that would be lost by taking Damage is instead Reserved\nuntil you take no Damage to Life for # seconds			explicit.stat_1777740627
Life that would be lost by taking Damage is instead Reserved\nuntil you take no Damage to Life for # second		1000	explicit.stat_1777740627
Lightning Damage from Hits Contributes to Freeze Buildup instead of Shock Chance			explicit.stat_1011772129
Lightning Damage from Hits also Contributes to Flammability and Ignite Magnitudes			explicit.stat_3121133045,crafted.stat_3121133045
Lightning Damage of Enemies Hitting you is Lucky			explicit.stat_4224965099
Lightning Damage of Enemies Hitting you is Unlucky	n		explicit.stat_4224965099
Lightning Damage of Enemies Hitting you is Lucky during effect			explicit.stat_3246948616
Lightning Damage of Enemies Hitting you is Unlucky during effect	n		explicit.stat_3246948616
Lightning Resistance does not affect Lightning damage taken			explicit.stat_3999959974
Lightning Resistance is unaffected by Area Penalties			explicit.stat_3631920880
Lightning Skills Chain # times			explicit.stat_4123841473
Lightning damage from Hits Contributes to Electrocution Buildup			explicit.stat_1017648537
Loads # additional bolts			explicit.stat_1967051901,implicit.stat_1967051901,fractured.stat_1967051901,enchant.stat_1967051901,desecrated.stat_1967051901
Loads an additional bolt		1	explicit.stat_1967051901,implicit.stat_1967051901,fractured.stat_1967051901,enchant.stat_1967051901,desecrated.stat_1967051901
Lose # Life when you use a Skill			explicit.stat_1902409192
Lose #% Life per second while you have no Runic Ward during Effect			explicit.stat_1147913864
Lose #% of maximum Life per second			explicit.stat_1661347488
Lose #% of maximum Life per second while Sprinting			rune.stat_3473409233
Lose all Fragile Regrowth when Hit			explicit.stat_1306791873
Lose all Power Charges on reaching maximum Power Charges			explicit.stat_2135899247
Lose all Rage on reaching Maximum Rage			explicit.stat_3851480592
Lose all Tailwind when Hit			explicit.stat_367897259
Maim on Critical Hit			explicit.stat_2895144208,rune.stat_2895144208
Mana Flasks gain # charges per Second			explicit.stat_2200293569,enchant.stat_2200293569,desecrated.stat_2200293569
Mana Flasks used while on Low Mana apply Recovery Instantly			explicit.stat_1839832419
Mana Recovery from Flasks can Overflow maximum Mana during Effect			explicit.stat_4100842845
Mana Recovery from Regeneration is also applied to Runic Ward			rune.stat_3145796865
Mana Recovery other than Regeneration cannot Recover Mana			explicit.stat_3593063598
Manifested Dancing Dervishes die when Rampage ends			explicit.stat_1414945937
Map Boss has #% chance to drop a Waystone of the current tier or higher			explicit.stat_1314787770
Map Bosses are Hunted by Azmeri Spirits			explicit.stat_2588474575
Map Bosses grant #% increased Experience			explicit.stat_3860150265
Map Bosses grant #% reduced Experience	n		explicit.stat_3860150265
Map Bosses have # additional Modifiers			explicit.stat_1458461453
Map Bosses have # additional Modifier		1	explicit.stat_1458461453
Map also counts as a Desert Map			explicit.stat_3517228691
Map also counts as a Forest Map			explicit.stat_864099561
Map also counts as a Grass Map			explicit.stat_3160511599
Map also counts as a Mountain Map			explicit.stat_1583884108
Map also counts as a Swamp Map			explicit.stat_3755999954
Map also counts as a Water Map			explicit.stat_3271982291
Map contains # additional Abysses			explicit.stat_3490187949,explicit.stat_1070816711,desecrated.stat_3490187949
Area contains # additional Abysses			explicit.stat_3490187949,explicit.stat_1070816711,desecrated.stat_3490187949
Your Maps contain # additional Abyss			explicit.stat_3490187949,explicit.stat_1070816711,desecrated.stat_3490187949
Map contains an additional Abyss		1	explicit.stat_3490187949,explicit.stat_1070816711,desecrated.stat_3490187949
Area contains an additional Abyss		1	explicit.stat_3490187949,explicit.stat_1070816711,desecrated.stat_3490187949
Your Maps contain an additional Abyss		1	explicit.stat_3490187949,explicit.stat_1070816711,desecrated.stat_3490187949
Map contains # additional Azmeri Spirits			explicit.stat_358129101,explicit.stat_775597083
Area contains # additional Azmeri Spirits			explicit.stat_358129101,explicit.stat_775597083
Areas with Powerful Map Bosses contain # additional Azmeri Spirits			explicit.stat_358129101,explicit.stat_775597083
Map contains # additional Azmeri Spirit		1	explicit.stat_358129101,explicit.stat_775597083
Area contains # additional Azmeri Spirit		1	explicit.stat_358129101,explicit.stat_775597083
Map contains an additional Azmeri Spirit		1	explicit.stat_358129101,explicit.stat_775597083
Areas with Powerful Map Bosses contain an additional Azmeri Spirit		1	explicit.stat_358129101,explicit.stat_775597083
Map contains # additional Strongboxes			explicit.stat_3240183538,explicit.stat_3040603554
Area contains # additional Strongboxes			explicit.stat_3240183538,explicit.stat_3040603554
Your Maps contain # additional Strongboxes			explicit.stat_3240183538,explicit.stat_3040603554
Areas with Powerful Map Bosses contain # additional Strongboxes			explicit.stat_3240183538,explicit.stat_3040603554
Map contains an additional Strongbox		1	explicit.stat_3240183538,explicit.stat_3040603554
Area contains an additional Strongbox		1	explicit.stat_3240183538,explicit.stat_3040603554
Your Maps contain an additional Strongbox		1	explicit.stat_3240183538,explicit.stat_3040603554
Areas with Powerful Map Bosses contain an additional Strongbox		1	explicit.stat_3240183538,explicit.stat_3040603554
#% increased number of Runic Monster Markers			explicit.stat_1640965354,implicit.stat_1640965354
Map contains #% increased number of Runic Monster Markers			explicit.stat_1640965354,implicit.stat_1640965354
Area contains #% increased number of Runic Monster Markers			explicit.stat_1640965354,implicit.stat_1640965354
#% reduced number of Runic Monster Markers	n		explicit.stat_1640965354,implicit.stat_1640965354
Map contains #% reduced number of Runic Monster Markers	n		explicit.stat_1640965354,implicit.stat_1640965354
Area contains #% reduced number of Runic Monster Markers	n		explicit.stat_1640965354,implicit.stat_1640965354
Map contains # additional Essences			explicit.stat_2162684861,explicit.stat_395808938
Area contains # additional Essences			explicit.stat_2162684861,explicit.stat_395808938
Your Maps contain # additional Essences			explicit.stat_2162684861,explicit.stat_395808938
Areas with Powerful Map Bosses contain # additional Essences			explicit.stat_2162684861,explicit.stat_395808938
Map contains an additional Essence		1	explicit.stat_2162684861,explicit.stat_395808938
Area contains an additional Essence		1	explicit.stat_2162684861,explicit.stat_395808938
Your Maps contain an additional Essence		1	explicit.stat_2162684861,explicit.stat_395808938
Areas with Powerful Map Bosses contain an additional Essence		1	explicit.stat_2162684861,explicit.stat_395808938
Map contains # additional Rare Chests			explicit.stat_231864447
Area contains # additional Rare Chests			explicit.stat_231864447
Your Maps contain # additional Rare Chests			explicit.stat_231864447
Map contains an additional Rare Chest		1	explicit.stat_231864447
Area contains an additional Rare Chest		1	explicit.stat_231864447
Your Maps contain an additional Rare Chest		1	explicit.stat_231864447
Map contains # additional Shrines			explicit.stat_1468737867,explicit.stat_3042527515
Area contains # additional Shrines			explicit.stat_1468737867,explicit.stat_3042527515
Your Maps contain # additional Shrines			explicit.stat_1468737867,explicit.stat_3042527515
Areas with Powerful Map Bosses contain # additional Shrines			explicit.stat_1468737867,explicit.stat_3042527515
Areas with Map Powerful Map Bosses contain # additional Shrines			explicit.stat_1468737867,explicit.stat_3042527515
Map contains an additional Shrine		1	explicit.stat_1468737867,explicit.stat_3042527515
Area contains an additional Shrine		1	explicit.stat_1468737867,explicit.stat_3042527515
Your Maps contain an additional Shrine		1	explicit.stat_1468737867,explicit.stat_3042527515
Areas with Powerful Map Bosses contain an additional Shrine		1	explicit.stat_1468737867,explicit.stat_3042527515
Areas with Map Powerful Map Bosses contain an additional Shrine		1	explicit.stat_1468737867,explicit.stat_3042527515
Map contains # additional Summoning Circles			explicit.stat_2839545956
Area contains a Summoning Circle\nArea contains # Reactivation Runes			explicit.stat_2839545956
Area contains a Summoning Circle		1	explicit.stat_2839545956
Map contains an additional Summoning Circle		1	explicit.stat_2839545956
Map has # additional random Modifiers			explicit.stat_588512487
Your Maps have # additional random Modifier			explicit.stat_588512487
Map has # additional random Modifier		1	explicit.stat_588512487
Map has #% chance to contain an additional Breach			explicit.stat_3049505189
Areas which contain Breaches have #% chance to contain an additional Breach			explicit.stat_3049505189
Your Maps which contain Breaches have #% chance to contain an additional Breach			explicit.stat_3049505189
Map contains an additional Breach		100	explicit.stat_3049505189
Areas which contain Breaches contain an additional Breach		100	explicit.stat_3049505189
Your Maps which contain Breaches contain an additional Breach		100	explicit.stat_3049505189
Map has #% chance to contain four additional Abysses			explicit.stat_2890355696
Abysses have a #% chance to contain 4 additional Pits			explicit.stat_2890355696
Area has #% chance to contain four additional Abysses			explicit.stat_2890355696
Map contains four additional Abysses		100	explicit.stat_2890355696
Area contains four additional Abysses		100	explicit.stat_2890355696
Map has #% chance to contain three additional Breaches			explicit.stat_2440265466
Areas which contain Breaches have #% chance to contain three additional Breaches			explicit.stat_2440265466
Your Maps which contain Breaches have #% chance to contain three additional Breaches			explicit.stat_2440265466
Map contains three additional Breaches		100	explicit.stat_2440265466
Areas which contain Breaches contain three additional Breaches		100	explicit.stat_2440265466
Your Maps which contain Breaches contain three additional Breaches		100	explicit.stat_2440265466
#% increased Magic Monsters			explicit.stat_3873704640,fractured.stat_3873704640,enchant.stat_3873704640,desecrated.stat_3873704640
Map has #% increased Magic Monsters			explicit.stat_3873704640,fractured.stat_3873704640,enchant.stat_3873704640,desecrated.stat_3873704640
Map has #% increased Monster Rarity			explicit.stat_4142653832
#% increased chance of Azmeri Spirits			explicit.stat_3815617979
Map has #% increased chance to contain Azmeri Spirits			explicit.stat_3815617979
Area has #% increased chance to contain Azmeri Spirits			explicit.stat_3815617979
#% reduced chance of Azmeri Spirits	n		explicit.stat_3815617979
Map has #% reduced chance to contain Azmeri Spirits	n		explicit.stat_3815617979
Area has #% reduced chance to contain Azmeri Spirits	n		explicit.stat_3815617979
#% increased chance of Essences			explicit.stat_1825943485
Map has #% increased chance to contain Essences			explicit.stat_1825943485
Area has #% increased chance to contain Essences			explicit.stat_1825943485
#% reduced chance of Essences	n		explicit.stat_1825943485
Map has #% reduced chance to contain Essences	n		explicit.stat_1825943485
Area has #% reduced chance to contain Essences	n		explicit.stat_1825943485
#% increased chance of Rogue Exiles			explicit.stat_1352729973
Map has #% increased chance to contain Rogue Exiles			explicit.stat_1352729973
Area has #% increased chance to contain Rogue Exiles			explicit.stat_1352729973
#% reduced chance of Rogue Exiles	n		explicit.stat_1352729973
Map has #% reduced chance to contain Rogue Exiles	n		explicit.stat_1352729973
Area has #% reduced chance to contain Rogue Exiles	n		explicit.stat_1352729973
#% increased chance of Shrines			explicit.stat_689816330
Map has #% increased chance to contain Shrines			explicit.stat_689816330
Area has #% increased chance to contain Shrines			explicit.stat_689816330
#% reduced chance of Shrines	n		explicit.stat_689816330
Map has #% reduced chance to contain Shrines	n		explicit.stat_689816330
Area has #% reduced chance to contain Shrines	n		explicit.stat_689816330
#% increased chance of Strongboxes			explicit.stat_4279535856
Map has #% increased chance to contain Strongboxes			explicit.stat_4279535856
Area has #% increased chance to contain Strongboxes			explicit.stat_4279535856
#% reduced chance of Strongboxes	n		explicit.stat_4279535856
Map has #% reduced chance to contain Strongboxes	n		explicit.stat_4279535856
Area has #% reduced chance to contain Strongboxes	n		explicit.stat_4279535856
#% increased chance of Summoning Circles			explicit.stat_267210597
Map has #% increased chance to contain a Summoning Circle			explicit.stat_267210597
Area has #% increased chance to contain a Summoning Circle			explicit.stat_267210597
#% reduced chance of Summoning Circles	n		explicit.stat_267210597
Map has #% reduced chance to contain a Summoning Circle	n		explicit.stat_267210597
Area has #% reduced chance to contain a Summoning Circle	n		explicit.stat_267210597
#% increased Rare Monsters			explicit.stat_3793155082,fractured.stat_3793155082,enchant.stat_3793155082,desecrated.stat_3793155082
Map has #% increased number of Rare Monsters			explicit.stat_3793155082,fractured.stat_3793155082,enchant.stat_3793155082,desecrated.stat_3793155082
Map is inhabited by # additional Rogue Exiles			explicit.stat_3550168289
Area is inhabited by # additional Rogue Exiles			explicit.stat_3550168289
Your Maps are inhabited by # additional Rogue Exiles			explicit.stat_3550168289
Map is inhabited by # additional Rogue Exile		1	explicit.stat_3550168289
Area is inhabited by # additional Rogue Exile		1	explicit.stat_3550168289
Your Maps are inhabited by # additional Rogue Exile		1	explicit.stat_3550168289
Map is overrun by the Abyssal			explicit.stat_2741291867,desecrated.stat_2741291867
Area is overrun by the Abyssal			explicit.stat_2741291867,desecrated.stat_2741291867
Mark Skills have #% increased Skill Effect Duration			explicit.stat_2594634307,fractured.stat_2594634307,desecrated.stat_2594634307
Mark Skills have #% reduced Skill Effect Duration	n		explicit.stat_2594634307,fractured.stat_2594634307,desecrated.stat_2594634307
Mark Skills have #% increased Use Speed			explicit.stat_1714971114,fractured.stat_1714971114,desecrated.stat_1714971114
Mark Skills have #% reduced Use Speed	n		explicit.stat_1714971114,fractured.stat_1714971114,desecrated.stat_1714971114
Maximum # Fragile Regrowth			explicit.stat_1173537953
Maximum Chance to Evade is 50%			explicit.stat_1500744699
Maximum Energy Shield cannot be Converted			explicit.stat_2104359366
Maximum Honour is 1			sanctum.stat_4191312223
Maximum Physical Damage Reduction is 50%			explicit.stat_3960211755
Maximum Quality is #%			explicit.stat_275498888,implicit.stat_275498888,rune.stat_275498888
Maximum amount of Guard is based on maximum Energy Shield instead			explicit.stat_1338406168
Melee Attack Skills have # to maximum number of Summoned Totems			explicit.stat_2013356568,desecrated.stat_2013356568
Melee Hits count as Rampage Kills\nRampage			explicit.stat_2889807051
Meta Skills gain #% increased Energy			explicit.stat_4236566306,fractured.stat_4236566306,enchant.stat_4236566306,rune.stat_4236566306,desecrated.stat_4236566306
Meta Skills gain #% reduced Energy	n		explicit.stat_4236566306,fractured.stat_4236566306,enchant.stat_4236566306,rune.stat_4236566306,desecrated.stat_4236566306
Meta Skills gain #% increased Energy while on Full Mana			explicit.stat_173471035
Meta Skills gain #% reduced Energy while on Full Mana	n		explicit.stat_173471035
Minions Break Armour equal to #% of Physical damage dealt			explicit.stat_195270549,fractured.stat_195270549,desecrated.stat_195270549,crafted.stat_195270549
Minions Regenerate #% of maximum Life per second			explicit.stat_2479683456,desecrated.stat_2479683456
Minions Revive #% faster			explicit.stat_2639966148,fractured.stat_2639966148,desecrated.stat_2639966148
Minions Revive #% slower	n		explicit.stat_2639966148,fractured.stat_2639966148,desecrated.stat_2639966148
Minions cannot Die while affected by a Life Flask			explicit.stat_4046380260
Minions deal #% increased Damage			explicit.stat_1589917703,implicit.stat_1589917703,fractured.stat_1589917703,desecrated.stat_1589917703
Minions deal #% reduced Damage	n		explicit.stat_1589917703,implicit.stat_1589917703,fractured.stat_1589917703,desecrated.stat_1589917703
Minions deal #% increased Damage if you've Hit Recently			explicit.stat_2337295272,desecrated.stat_2337295272
Minions deal #% reduced Damage if you've Hit Recently	n		explicit.stat_2337295272,desecrated.stat_2337295272
Minions deal #% increased Damage with Command Skills			explicit.stat_3742865955,fractured.stat_3742865955,rune.stat_3742865955
Minions deal #% reduced Damage with Command Skills	n		explicit.stat_3742865955,fractured.stat_3742865955,rune.stat_3742865955
Minions gain #% of their Physical Damage as Extra Lightning Damage			rune.stat_1433756169
Minions gain #% of their maximum Life as Extra maximum Energy Shield			explicit.stat_943702197,desecrated.stat_943702197
Minions have #% Surpassing chance to fire an additional Projectile			explicit.stat_1797815732,fractured.stat_1797815732,desecrated.stat_1797815732,crafted.stat_1797815732
Minions have #% additional Physical Damage Reduction			explicit.stat_3119612865,fractured.stat_3119612865,desecrated.stat_3119612865
Minions have #% chance to inflict Gruelling Madness on Hit			explicit.stat_1486714289
Minions have #% increased Area of Effect			explicit.stat_3811191316,fractured.stat_3811191316,desecrated.stat_3811191316
Minions have #% reduced Area of Effect	n		explicit.stat_3811191316,fractured.stat_3811191316,desecrated.stat_3811191316
Minions have #% increased Attack and Cast Speed			explicit.stat_3091578504,fractured.stat_3091578504,rune.stat_3091578504,desecrated.stat_3091578504
Minions have #% reduced Attack and Cast Speed	n		explicit.stat_3091578504,fractured.stat_3091578504,rune.stat_3091578504,desecrated.stat_3091578504
Minions have #% increased Cooldown Recovery Rate			explicit.stat_1691403182,fractured.stat_1691403182,desecrated.stat_1691403182,crafted.stat_1691403182
Minions have #% reduced Cooldown Recovery Rate	n		explicit.stat_1691403182,fractured.stat_1691403182,desecrated.stat_1691403182,crafted.stat_1691403182
Minions have #% increased Critical Damage Bonus			explicit.stat_1854213750,fractured.stat_1854213750,desecrated.stat_1854213750
Minions have #% increased Critical Hit Chance			explicit.stat_491450213,fractured.stat_491450213,desecrated.stat_491450213
Minions have #% reduced Critical Hit Chance	n		explicit.stat_491450213,fractured.stat_491450213,desecrated.stat_491450213
Minions have #% increased Immobilisation buildup			explicit.stat_1485480327,fractured.stat_1485480327
Minions have #% reduced Immobilisation buildup	n		explicit.stat_1485480327,fractured.stat_1485480327
Minions have #% increased Magnitude of Damaging Ailments			explicit.stat_953593695,fractured.stat_953593695,desecrated.stat_953593695,crafted.stat_953593695
Minions have #% reduced Magnitude of Damaging Ailments	n		explicit.stat_953593695,fractured.stat_953593695,desecrated.stat_953593695,crafted.stat_953593695
Minions have #% increased Movement Speed			explicit.stat_174664100,fractured.stat_174664100
Minions have #% reduced Movement Speed	n		explicit.stat_174664100,fractured.stat_174664100
Minions have #% increased Skill Speed with Command Skills			explicit.stat_73032170,fractured.stat_73032170,desecrated.stat_73032170,crafted.stat_73032170
Minions have #% reduced Skill Speed with Command Skills	n		explicit.stat_73032170,fractured.stat_73032170,desecrated.stat_73032170,crafted.stat_73032170
Minions have #% increased maximum Life			explicit.stat_770672621,fractured.stat_770672621,rune.stat_770672621,desecrated.stat_770672621
Minions have #% reduced maximum Life	n		explicit.stat_770672621,fractured.stat_770672621,rune.stat_770672621,desecrated.stat_770672621
Minions have #% to Chaos Resistance			explicit.stat_3837707023,fractured.stat_3837707023,rune.stat_3837707023,desecrated.stat_3837707023
Minions have #% to all Elemental Resistances			explicit.stat_1423639565,fractured.stat_1423639565,desecrated.stat_1423639565
Minions have Unholy Might			explicit.stat_3893509584
Minions in your Presence have Onslaught while you are on Low Runic Ward			rune.stat_540694930
Minions take #% of Physical Damage as Lightning Damage			rune.stat_889552744
Minions' Resistances are equal to yours			explicit.stat_3045072899
Minions' Strikes have Melee Splash			explicit.stat_3249412463,fractured.stat_3249412463,desecrated.stat_3249412463,crafted.stat_3249412463
Modifiers to Maximum Block Chance instead apply to Maximum Resistances			explicit.stat_3679696791
Modifiers to Stun Buildup apply to Freeze Buildup instead for Parry			explicit.stat_3201111383
Monster Damage Penetrates #% Elemental Resistances			explicit.stat_1898978455,fractured.stat_1898978455,desecrated.stat_1898978455
Monster Damage penetrates #% of Cold Resistance			explicit.stat_1138708335
Monster Damage penetrates #% of Fire Resistance			explicit.stat_3588388638
Monster Damage penetrates #% of Lightning Resistance			explicit.stat_3093465148
Monster have #% increased Elemental Ailment Application			explicit.stat_3877264671,fractured.stat_3877264671,desecrated.stat_3877264671
Monster have #% reduced Elemental Ailment Application	n		explicit.stat_3877264671,fractured.stat_3877264671,desecrated.stat_3877264671
Monsters Break Armour equal to #% of Physical Damage dealt			explicit.stat_1879340377,fractured.stat_1879340377,desecrated.stat_1879340377
Monsters Sacrificed at Ritual Altars grant #% increased Tribute			explicit.stat_159726667
Monsters Sacrificed at Ritual Altars in Map grant #% increased Tribute			explicit.stat_159726667
Monsters Sacrificed at Ritual Altars in Area grant #% increased Tribute			explicit.stat_159726667
Monsters Sacrificed at Ritual Altars grant #% reduced Tribute	n		explicit.stat_159726667
Monsters Sacrificed at Ritual Altars in Map grant #% reduced Tribute	n		explicit.stat_159726667
Monsters Sacrificed at Ritual Altars in Area grant #% reduced Tribute	n		explicit.stat_159726667
Monsters are Armoured			explicit.stat_2539290279,fractured.stat_2539290279,desecrated.stat_2539290279
Monsters are Evasive			explicit.stat_2570249991,fractured.stat_2570249991,desecrated.stat_2570249991
Monsters deal #% of Damage as Extra Chaos			explicit.stat_2200661314,fractured.stat_2200661314,desecrated.stat_2200661314
Monsters deal #% of Damage as Extra Cold			explicit.stat_211727,fractured.stat_211727,desecrated.stat_211727
Monsters deal #% of Damage as Extra Fire			explicit.stat_92381065,fractured.stat_92381065,desecrated.stat_92381065
Monsters deal #% of Damage as Extra Lightning			explicit.stat_512071314,fractured.stat_512071314,desecrated.stat_512071314
Monsters fire # additional Projectiles			explicit.stat_1309819744,desecrated.stat_1309819744
Players and Monsters fire # additional Projectiles			explicit.stat_1309819744,desecrated.stat_1309819744
Players fire # additional Projectiles		0	explicit.stat_1309819744,desecrated.stat_1309819744
Monsters from Verisium Remnants drop #% increased Verisium	n		explicit.stat_3520418269
Monsters gain #% of maximum Life as Extra maximum Energy Shield			explicit.stat_2887760183,fractured.stat_2887760183,desecrated.stat_2887760183
Monsters have #% Critical Damage Bonus			explicit.stat_57326096,fractured.stat_57326096,desecrated.stat_57326096
Monsters have #% chance to Poison on Hit			explicit.stat_95221307,fractured.stat_95221307,desecrated.stat_95221307
Monsters have #% chance to drop double Sacred Water			sanctum.stat_231205265
Monsters have #% chance to inflict Bleeding on Hit			explicit.stat_2506820610,fractured.stat_2506820610,desecrated.stat_2506820610
Monsters have #% chance to steal Power, Frenzy and Endurance charges on Hit			explicit.stat_3222482040,fractured.stat_3222482040,desecrated.stat_3222482040
Monsters steal Power, Frenzy and Endurance charges on Hit		100	explicit.stat_3222482040,fractured.stat_3222482040,desecrated.stat_3222482040
Monsters have #% increased Accuracy Rating			explicit.stat_1588049749,fractured.stat_1588049749,desecrated.stat_1588049749
Monsters have #% reduced Accuracy Rating	n		explicit.stat_1588049749,fractured.stat_1588049749,desecrated.stat_1588049749
Monsters have #% increased Ailment Threshold			explicit.stat_1994551050,fractured.stat_1994551050,desecrated.stat_1994551050
Monsters have #% increased Area of Effect			explicit.stat_1708461270
Monsters have #% reduced Area of Effect	n		explicit.stat_1708461270
Monsters have #% increased Armour, Evasion and Energy Shield			explicit.stat_3906866585
Monsters have #% reduced Armour, Evasion and Energy Shield	n		explicit.stat_3906866585
Monsters have #% increased Attack, Cast and Movement Speed			explicit.stat_3909654181,fractured.stat_3909654181,desecrated.stat_3909654181,sanctum.stat_3909654181
Monsters have #% reduced Attack, Cast and Movement Speed	n		explicit.stat_3909654181,fractured.stat_3909654181,desecrated.stat_3909654181,sanctum.stat_3909654181
Monsters have #% increased Critical Hit Chance			explicit.stat_2753083623,fractured.stat_2753083623,desecrated.stat_2753083623
Monsters have #% reduced Critical Hit Chance	n		explicit.stat_2753083623,fractured.stat_2753083623,desecrated.stat_2753083623
#% increased Effectiveness of Monsters in your Maps			explicit.stat_2065500219
Monsters have #% increased Effectiveness			explicit.stat_2065500219
#% reduced Effectiveness of Monsters in your Maps			explicit.stat_2065500219
Monsters have #% increased Freeze Buildup			explicit.stat_3998863698,fractured.stat_3998863698,desecrated.stat_3998863698
Monsters have #% increased Shock Chance			explicit.stat_1984618452,fractured.stat_1984618452,desecrated.stat_1984618452
Monsters have #% increased Stun Buildup			explicit.stat_115425161,fractured.stat_115425161,desecrated.stat_115425161
Monsters have #% increased Stun Threshold			explicit.stat_4101943684,fractured.stat_4101943684,desecrated.stat_4101943684
Monsters inflict # Grasping Vines on Hit			explicit.stat_1751584857,desecrated.stat_1751584857
Monsters inflict # Grasping Vine on Hit		1	explicit.stat_1751584857,desecrated.stat_1751584857
Monsters inflict #% increased Flammability Magnitude			explicit.stat_2508044078,fractured.stat_2508044078,desecrated.stat_2508044078
Monsters take #% increased Damage			sanctum.stat_3114474137
Monsters take #% reduced Damage	n		sanctum.stat_3114474137
Monsters take #% reduced Extra Damage from Critical Hits			explicit.stat_337935900,fractured.stat_337935900,desecrated.stat_337935900
Monsters take #% increased Extra Damage from Critical Hits	n		explicit.stat_337935900,fractured.stat_337935900,desecrated.stat_337935900
Moving while Bleeding doesn't cause you to take extra damage			explicit.stat_4112450013
Natural Rare Monsters in Area Eat the Souls of slain Monsters in their Presence			explicit.stat_1266185101,desecrated.stat_1266185101
Natural Rare Monsters in Area have # extra Abyssal Modifiers			explicit.stat_1168851547,desecrated.stat_1168851547
Natural Rare Monsters in Area have # extra Abyssal Modifier		1	explicit.stat_1168851547,desecrated.stat_1168851547
No Inherent loss of Rage			explicit.stat_4163076972
No Inherent loss of Rage during effect			explicit.stat_3464644319
No Movement Speed Penalty while Shield is Raised			explicit.stat_585231074
Non-Channelling Skills have #% increased Spell Critical Hit Chance per 100 maximum Mana			explicit.stat_1367999357
Non-Channelling Skills have #% reduced Spell Critical Hit Chance per 100 maximum Mana	n		explicit.stat_1367999357
Non-Channelling Spells cost an additional #% of your maximum Life			explicit.stat_1920747151
Non-Channelling Spells deal #% increased Damage per 100 maximum Life			explicit.stat_1027889455
Non-Channelling Spells deal #% reduced Damage per 100 maximum Life	n		explicit.stat_1027889455
Non-Channelling Spells deal #% increased Damage per 100 maximum Mana			explicit.stat_3843734793
Non-Channelling Spells deal #% reduced Damage per 100 maximum Mana	n		explicit.stat_3843734793
Non-Channelling Spells have #% increased Critical Hit Chance per 100 maximum Life			explicit.stat_170426423
Non-Channelling Spells have #% reduced Critical Hit Chance per 100 maximum Life	n		explicit.stat_170426423
Non-Channelling Spells have #% increased Magnitude of Ailments per 100 maximum Life			explicit.stat_4245905059
Non-Channelling Spells have #% reduced Magnitude of Ailments per 100 maximum Life	n		explicit.stat_4245905059
Notable Passive Skills in Radius also grant # to Maximum Rage			explicit.stat_1846980580,fractured.stat_1846980580,desecrated.stat_1846980580,crafted.stat_1846980580
Notable Passive Skills in Radius also grant # to Spirit			explicit.stat_3991877392
Notable Passive Skills in Radius also grant #% chance to Pierce an Enemy			explicit.stat_1800303440,fractured.stat_1800303440,desecrated.stat_1800303440
Notable Passive Skills in Radius also grant #% chance to gain Volatility on Kill			explicit.stat_4225700219,fractured.stat_4225700219
Notable Passive Skills in Radius also grant #% faster start of Energy Shield Recharge			explicit.stat_3394832998,fractured.stat_3394832998,desecrated.stat_3394832998
Notable Passive Skills in Radius also grant #% increased Area of Effect			explicit.stat_3391917254,fractured.stat_3391917254,desecrated.stat_3391917254,crafted.stat_3391917254
Notable Passive Skills in Radius also grant #% increased Area of Effect of Curses			explicit.stat_3859848445,fractured.stat_3859848445,desecrated.stat_3859848445
Notable Passive Skills in Radius also grant #% increased Armour Break Duration			explicit.stat_504915064,fractured.stat_504915064,desecrated.stat_504915064
Notable Passive Skills in Radius also grant #% increased Armour, Evasion and Energy Shield from Equipped Shield			explicit.stat_3429148113,fractured.stat_3429148113,desecrated.stat_3429148113
Notable Passive Skills in Radius also grant #% increased Attack Speed			explicit.stat_2822644689,fractured.stat_2822644689,desecrated.stat_2822644689,crafted.stat_2822644689
Notable Passive Skills in Radius also grant #% increased Attack Speed with Bows			explicit.stat_3641543553,fractured.stat_3641543553,desecrated.stat_3641543553
Notable Passive Skills in Radius also grant #% increased Attack Speed with Crossbows			explicit.stat_715957346,fractured.stat_715957346,desecrated.stat_715957346
Notable Passive Skills in Radius also grant #% increased Attack Speed with Quarterstaves			explicit.stat_111835965,fractured.stat_111835965,desecrated.stat_111835965
Notable Passive Skills in Radius also grant #% increased Attack Speed with Spears			explicit.stat_1266413530,fractured.stat_1266413530,desecrated.stat_1266413530
Notable Passive Skills in Radius also grant #% increased Bleeding Duration			explicit.stat_1505023559,fractured.stat_1505023559,desecrated.stat_1505023559
Notable Passive Skills in Radius also grant #% increased Blind Effect			explicit.stat_2912416697,fractured.stat_2912416697,desecrated.stat_2912416697
Notable Passive Skills in Radius also grant #% increased Block chance			explicit.stat_3821543413,fractured.stat_3821543413,desecrated.stat_3821543413
Notable Passive Skills in Radius also grant #% increased Cast Speed			explicit.stat_1022759479,fractured.stat_1022759479,desecrated.stat_1022759479,crafted.stat_1022759479
Notable Passive Skills in Radius also grant #% increased Charm Charges gained			explicit.stat_2320654813,fractured.stat_2320654813,desecrated.stat_2320654813
Notable Passive Skills in Radius also grant #% increased Chill Duration on Enemies			explicit.stat_61644361,fractured.stat_61644361,desecrated.stat_61644361
Notable Passive Skills in Radius also grant #% increased Cooldown Recovery Rate			explicit.stat_2149603090,fractured.stat_2149603090,desecrated.stat_2149603090,crafted.stat_2149603090
Notable Passive Skills in Radius also grant #% increased Critical Damage Bonus			explicit.stat_2359002191,fractured.stat_2359002191,desecrated.stat_2359002191
Notable Passive Skills in Radius also grant #% increased Critical Damage Bonus for Attack Damage			explicit.stat_1352561456,fractured.stat_1352561456,desecrated.stat_1352561456,crafted.stat_1352561456
Notable Passive Skills in Radius also grant #% increased Critical Damage Bonus with Spears			explicit.stat_138421180,fractured.stat_138421180,desecrated.stat_138421180
Notable Passive Skills in Radius also grant #% increased Critical Hit Chance			explicit.stat_2077117738,fractured.stat_2077117738,desecrated.stat_2077117738
Notable Passive Skills in Radius also grant #% increased Critical Hit Chance for Attacks			explicit.stat_3865605585,fractured.stat_3865605585,desecrated.stat_3865605585,crafted.stat_3865605585
Notable Passive Skills in Radius also grant #% increased Critical Hit Chance for Spells			explicit.stat_2704905000,fractured.stat_2704905000,desecrated.stat_2704905000,crafted.stat_2704905000
Notable Passive Skills in Radius also grant #% increased Critical Spell Damage Bonus			explicit.stat_2466785537,fractured.stat_2466785537,desecrated.stat_2466785537,crafted.stat_2466785537
Notable Passive Skills in Radius also grant #% increased Crossbow Reload Speed			explicit.stat_3856744003,fractured.stat_3856744003,desecrated.stat_3856744003
Notable Passive Skills in Radius also grant #% increased Curse Magnitudes			explicit.stat_2770044702,fractured.stat_2770044702,desecrated.stat_2770044702
Notable Passive Skills in Radius also grant #% increased Dexterity			explicit.stat_2717786748
Notable Passive Skills in Radius also grant #% increased Duration of Damaging Ailments on Enemies			explicit.stat_2272980012,fractured.stat_2272980012,desecrated.stat_2272980012
Notable Passive Skills in Radius also grant #% increased Duration of Ignite, Shock and Chill on Enemies			explicit.stat_1323216174,fractured.stat_1323216174,desecrated.stat_1323216174
Notable Passive Skills in Radius also grant #% increased Effect of your Mark Skills			explicit.stat_179541474,fractured.stat_179541474,desecrated.stat_179541474
Notable Passive Skills in Radius also grant #% increased Energy Shield from Equipped Focus			explicit.stat_3419203492,fractured.stat_3419203492,desecrated.stat_3419203492
Notable Passive Skills in Radius also grant #% increased Flask Charges gained			explicit.stat_2066964205,fractured.stat_2066964205,desecrated.stat_2066964205
Notable Passive Skills in Radius also grant #% increased Freeze Buildup			explicit.stat_1087531620,fractured.stat_1087531620,desecrated.stat_1087531620
Notable Passive Skills in Radius also grant #% increased Freeze Buildup with Quarterstaves			explicit.stat_127081978,fractured.stat_127081978,desecrated.stat_127081978
Notable Passive Skills in Radius also grant #% increased Global Armour, Evasion and Energy Shield			explicit.stat_2783157569,desecrated.stat_2783157569
Notable Passive Skills in Radius also grant #% increased Glory generation for Banner Skills			explicit.stat_2907381231,fractured.stat_2907381231,desecrated.stat_2907381231
Notable Passive Skills in Radius also grant #% increased Ignite Magnitude			explicit.stat_253641217,fractured.stat_253641217,desecrated.stat_253641217
Notable Passive Skills in Radius also grant #% increased Intelligence			explicit.stat_40618390
Notable Passive Skills in Radius also grant #% increased Knockback Distance			explicit.stat_2976476845,fractured.stat_2976476845,desecrated.stat_2976476845
Notable Passive Skills in Radius also grant #% increased Life Flask Charges gained			explicit.stat_942519401,fractured.stat_942519401,desecrated.stat_942519401
Notable Passive Skills in Radius also grant #% increased Life Regeneration rate			explicit.stat_1185341308,fractured.stat_1185341308,desecrated.stat_1185341308,crafted.stat_1185341308
Notable Passive Skills in Radius also grant #% increased Magnitude of Ailments you inflict			explicit.stat_1321104829,fractured.stat_1321104829,desecrated.stat_1321104829
Notable Passive Skills in Radius also grant #% increased Magnitude of Bleeding you inflict			explicit.stat_391602279,fractured.stat_391602279,desecrated.stat_391602279
Notable Passive Skills in Radius also grant #% increased Magnitude of Damaging Ailments you inflict with Critical Hits			explicit.stat_4092130601,fractured.stat_4092130601,desecrated.stat_4092130601
Notable Passive Skills in Radius also grant #% increased Magnitude of Poison you inflict			explicit.stat_462424929,fractured.stat_462424929,desecrated.stat_462424929
Notable Passive Skills in Radius also grant #% increased Magnitude of Shock you inflict			explicit.stat_1166140625,fractured.stat_1166140625,desecrated.stat_1166140625
Notable Passive Skills in Radius also grant #% increased Mana Cost Efficiency			explicit.stat_4257790560,desecrated.stat_4257790560
Notable Passive Skills in Radius also grant #% increased Mana Flask Charges gained			explicit.stat_3171212276,fractured.stat_3171212276,desecrated.stat_3171212276
Notable Passive Skills in Radius also grant #% increased Movement Speed			explicit.stat_844449513,fractured.stat_844449513,desecrated.stat_844449513,crafted.stat_844449513
Notable Passive Skills in Radius also grant #% increased Parried Debuff Duration			explicit.stat_1514844108,fractured.stat_1514844108,desecrated.stat_1514844108
Notable Passive Skills in Radius also grant #% increased Pin Buildup			explicit.stat_1944020877,fractured.stat_1944020877,desecrated.stat_1944020877
Notable Passive Skills in Radius also grant #% increased Poison Duration			explicit.stat_221701169,fractured.stat_221701169,desecrated.stat_221701169
Notable Passive Skills in Radius also grant #% increased Presence Area of Effect			explicit.stat_4032352472,fractured.stat_4032352472,desecrated.stat_4032352472
Notable Passive Skills in Radius also grant #% increased Projectile Speed			explicit.stat_1777421941,fractured.stat_1777421941,desecrated.stat_1777421941
Notable Passive Skills in Radius also grant #% increased Skill Effect Duration			explicit.stat_3113764475,fractured.stat_3113764475,desecrated.stat_3113764475
Notable Passive Skills in Radius also grant #% increased Skill Speed while Shapeshifted			explicit.stat_3579898587,fractured.stat_3579898587,desecrated.stat_3579898587
Notable Passive Skills in Radius also grant #% increased Slowing Potency of Debuffs on You			explicit.stat_2580617872,fractured.stat_2580617872,desecrated.stat_2580617872
Notable Passive Skills in Radius also grant #% increased Strength			explicit.stat_1842384813
Notable Passive Skills in Radius also grant #% increased Stun Buildup			explicit.stat_4173554949,fractured.stat_4173554949,desecrated.stat_4173554949
Notable Passive Skills in Radius also grant #% increased Stun Buildup with Maces			explicit.stat_2392824305,fractured.stat_2392824305,desecrated.stat_2392824305
Notable Passive Skills in Radius also grant #% increased Stun Threshold while Parrying			explicit.stat_1495814176,fractured.stat_1495814176,desecrated.stat_1495814176
Notable Passive Skills in Radius also grant #% increased Warcry Buff Effect			explicit.stat_2675129731
Notable Passive Skills in Radius also grant #% increased Warcry Cooldown Recovery Rate			explicit.stat_2056107438,fractured.stat_2056107438,desecrated.stat_2056107438
Notable Passive Skills in Radius also grant #% increased Withered Magnitude			explicit.stat_3936121440,fractured.stat_3936121440,desecrated.stat_3936121440
Notable Passive Skills in Radius also grant #% increased bonuses gained from Equipped Quiver			explicit.stat_4180952808,fractured.stat_4180952808,desecrated.stat_4180952808
Notable Passive Skills in Radius also grant #% increased chance to inflict Ailments			explicit.stat_412709880,fractured.stat_412709880,desecrated.stat_412709880
Notable Passive Skills in Radius also grant #% increased maximum Life			explicit.stat_160888068,desecrated.stat_160888068
Notable Passive Skills in Radius also grant #% increased maximum Mana			explicit.stat_2589572664,desecrated.stat_2589572664
Notable Passive Skills in Radius also grant #% of Damage is taken from Mana before Life			explicit.stat_2709646369,fractured.stat_2709646369,desecrated.stat_2709646369
Notable Passive Skills in Radius also grant #% of Damage taken Recouped as Life			explicit.stat_3669820740,fractured.stat_3669820740,desecrated.stat_3669820740
Notable Passive Skills in Radius also grant #% of Damage taken Recouped as Mana			explicit.stat_85367160,desecrated.stat_85367160
Notable Passive Skills in Radius also grant #% of Skill Mana Costs Converted to Life Costs			explicit.stat_3386297724,fractured.stat_3386297724,desecrated.stat_3386297724,crafted.stat_3386297724
Notable Passive Skills in Radius also grant #% to Chaos Resistance			explicit.stat_248192092,fractured.stat_248192092,crafted.stat_248192092
Notable Passive Skills in Radius also grant #% to Cold Resistance			explicit.stat_3946450303,fractured.stat_3946450303,crafted.stat_3946450303
Notable Passive Skills in Radius also grant #% to Fire Resistance			explicit.stat_2670212285,crafted.stat_2670212285
Notable Passive Skills in Radius also grant #% to Lightning Resistance			explicit.stat_1687542781,crafted.stat_1687542781
Notable Passive Skills in Radius also grant #% to Maximum Chaos Resistance			explicit.stat_1731760476
Notable Passive Skills in Radius also grant #% to Maximum Cold Resistance			explicit.stat_1862508014
Notable Passive Skills in Radius also grant #% to Maximum Fire Resistance			explicit.stat_4151994709
Notable Passive Skills in Radius also grant #% to Maximum Lightning Resistance			explicit.stat_2217513089
Notable Passive Skills in Radius also grant Aura Skills have #% increased Magnitudes			explicit.stat_3243034867,fractured.stat_3243034867
Notable Passive Skills in Radius also grant Charms gain # charge per Second			explicit.stat_1034611536,desecrated.stat_1034611536
Notable Passive Skills in Radius also grant Damaging Ailments deal damage #% faster			explicit.stat_3173882956,fractured.stat_3173882956,desecrated.stat_3173882956
Notable Passive Skills in Radius also grant Debuffs on you expire #% faster			explicit.stat_2256120736,fractured.stat_2256120736,desecrated.stat_2256120736
Notable Passive Skills in Radius also grant Gain # Rage on Melee Hit			explicit.stat_2969557004,fractured.stat_2969557004,desecrated.stat_2969557004,crafted.stat_2969557004
Notable Passive Skills in Radius also grant Gain # Rage when Hit by an Enemy			explicit.stat_2131720304,fractured.stat_2131720304,desecrated.stat_2131720304
Notable Passive Skills in Radius also grant Gain #% of Damage as Extra Chaos Damage			explicit.stat_2603051299
Notable Passive Skills in Radius also grant Gain #% of Damage as Extra Cold Damage			explicit.stat_833138896
Notable Passive Skills in Radius also grant Gain #% of Damage as Extra Fire Damage			explicit.stat_338620903
Notable Passive Skills in Radius also grant Gain #% of Damage as Extra Lightning Damage			explicit.stat_852470634
Notable Passive Skills in Radius also grant Hits have #% increased Critical Hit Chance against you			explicit.stat_2135541924,desecrated.stat_2135541924
Notable Passive Skills in Radius also grant Life Flasks gain # charges per Second			explicit.stat_1148433552,desecrated.stat_1148433552
Notable Passive Skills in Radius also grant Mana Flasks gain # charges per Second			explicit.stat_3939216292,desecrated.stat_3939216292
Notable Passive Skills in Radius also grant Meta Skills gain #% increased Energy			explicit.stat_2849546516,fractured.stat_2849546516,desecrated.stat_2849546516
Notable Passive Skills in Radius also grant Minions have #% increased Area of Effect			explicit.stat_2534359663,fractured.stat_2534359663,desecrated.stat_2534359663
Notable Passive Skills in Radius also grant Minions have #% increased Attack and Cast Speed			explicit.stat_3106718406,fractured.stat_3106718406,desecrated.stat_3106718406
Notable Passive Skills in Radius also grant Minions have #% increased Critical Damage Bonus			explicit.stat_593241812,fractured.stat_593241812,desecrated.stat_593241812
Notable Passive Skills in Radius also grant Minions have #% increased Critical Hit Chance			explicit.stat_3628935286,fractured.stat_3628935286,desecrated.stat_3628935286
Notable Passive Skills in Radius also grant Offering Skills have #% increased Duration			explicit.stat_2374711847,fractured.stat_2374711847,desecrated.stat_2374711847
Notable Passive Skills in Radius also grant Projectiles have #% chance for an additional Projectile when Forking			explicit.stat_4258720395,fractured.stat_4258720395,desecrated.stat_4258720395
Notable Passive Skills in Radius also grant Projectiles have #% chance to Chain an additional time from terrain			explicit.stat_2334956771,fractured.stat_2334956771,desecrated.stat_2334956771
Notable Passive Skills in Radius also grant Recover #% of maximum Life on Kill			explicit.stat_2726713579,fractured.stat_2726713579,desecrated.stat_2726713579,crafted.stat_2726713579
Notable Passive Skills in Radius also grant Recover #% of maximum Mana on Kill			explicit.stat_525523040,fractured.stat_525523040,desecrated.stat_525523040,crafted.stat_525523040
Notable Passive Skills in Radius also grant Regenerate #% of maximum Life per second			explicit.stat_3566150527,desecrated.stat_3566150527
Off-hand Hits inflict Runefather's Challenge			explicit.stat_3430033313,rune.stat_3430033313
Offering Skills have #% increased Buff effect			explicit.stat_3191479793,fractured.stat_3191479793,desecrated.stat_3191479793,crafted.stat_3191479793
Offering Skills have #% reduced Buff effect	n		explicit.stat_3191479793,fractured.stat_3191479793,desecrated.stat_3191479793,crafted.stat_3191479793
Offering Skills have #% increased Duration			explicit.stat_2957407601,fractured.stat_2957407601,desecrated.stat_2957407601
Offering Skills have #% reduced Duration	n		explicit.stat_2957407601,fractured.stat_2957407601,desecrated.stat_2957407601
Offerings have #% increased Maximum Life			explicit.stat_3787460122,fractured.stat_3787460122,desecrated.stat_3787460122
Offerings have #% reduced Maximum Life	n		explicit.stat_3787460122,fractured.stat_3787460122,desecrated.stat_3787460122
On Corruption, Item gains two Enchantments			explicit.stat_4215035940,fractured.stat_4215035940,crafted.stat_4215035940
On Hitting an enemy, gains maximum added Cold damage equal to the enemy's Power for 20 seconds, up to a total of #			rune.stat_2616640048
On Hitting an enemy, gains maximum added Lightning damage equal to\nthe enemy's Power for 20 seconds, up to a total of #			explicit.stat_3538915253,rune.stat_3538915253
On-Kill Effects happen twice			explicit.stat_259470957
One of your Persistent Minions revives when an Offering expires			rune.stat_1480688478
Only Runes can be Socketed in this item			explicit.stat_326412910
Only Soul Cores can be Socketed in this item			explicit.stat_250458861
Onslaught			explicit.stat_1520059289
Pain Attunement			explicit.stat_98977150,rune.stat_98977150
Parried enemies take more Spell Damage instead of more Attack Damage			explicit.stat_3488640354
Parrying applies # Stacks of Critical Weakness			explicit.stat_2104138899
Parrying applies # Stack of Critical Weakness		1	explicit.stat_2104138899
Passives in Radius can be Allocated without being connected to your tree			explicit.stat_4077035099
Permanently Intimidate enemies on Block			explicit.stat_2930706364
Physical Damage is Pinning			explicit.stat_2041668411,rune.stat_2041668411
Physical Damage of Enemies Hitting you is Lucky			explicit.stat_2424163939
Physical Damage of Enemies Hitting you is Unlucky	n		explicit.stat_2424163939
Physical damage from Hits Contributes to Chill Magnitude and Freeze Buildup			explicit.stat_905072977
Pin Enemies which are Primed for Pinning			explicit.stat_3063814459
Plants have a #% chance to immediately Overgrow when they enter your Presence for the first time			rune.stat_2681952497
Players and their Minions deal no damage for 3 out of every 10 seconds			explicit.stat_2408625104,desecrated.stat_2408625104
Players are Cursed with Elemental Weakness			explicit.stat_558910024
Players are Cursed with Enfeeble			explicit.stat_4103440490
Players are Cursed with Temporal Chains			explicit.stat_2326202293
Players are Marked for Death for # seconds\nafter killing a Rare or Unique monster			explicit.stat_436406826,desecrated.stat_436406826
Players are Marked for Death for # second\nafter killing a Rare or Unique monster		1000	explicit.stat_436406826,desecrated.stat_436406826
Players are periodically Cursed with Elemental Weakness			explicit.stat_554690751,fractured.stat_554690751,desecrated.stat_554690751
Players are periodically Cursed with Enfeeble			explicit.stat_2029171424,fractured.stat_2029171424,desecrated.stat_2029171424
Players are periodically Cursed with Temporal Chains			explicit.stat_1629357380,fractured.stat_1629357380,desecrated.stat_1629357380
Players gain #% increased Flask Charges			explicit.stat_2549889921,fractured.stat_2549889921,desecrated.stat_2549889921
Players gain #% reduced Flask Charges	n		explicit.stat_2549889921,fractured.stat_2549889921,desecrated.stat_2549889921
Players have #% more Recovery Rate of Life and Energy Shield			explicit.stat_4181072906,fractured.stat_4181072906,desecrated.stat_4181072906
Players have #% less Recovery Rate of Life and Energy Shield	n		explicit.stat_4181072906,fractured.stat_4181072906,desecrated.stat_4181072906
Players have #% more Armour, Evasion and Energy Shield			explicit.stat_3510648768
Players have #% less Armour, Evasion and Energy Shield	n		explicit.stat_3510648768
Players have #% more Cooldown Recovery Rate			explicit.stat_941368244,fractured.stat_941368244,desecrated.stat_941368244
Players have #% less Cooldown Recovery Rate	n		explicit.stat_941368244,fractured.stat_941368244,desecrated.stat_941368244
Players have #% more Movement and Skill Speed for each time they've used a Skill Recently			explicit.stat_4274247770,desecrated.stat_4274247770
Players have #% less Movement and Skill Speed for each time they've used a Skill Recently	n		explicit.stat_4274247770,desecrated.stat_4274247770
Players have #% more Recovery Rate of Life, Mana and Energy Shield			explicit.stat_1310597900
Players have #% less Recovery Rate of Life, Mana and Energy Shield	n		explicit.stat_1310597900
Players have #% more maximum Life and Energy Shield			explicit.stat_3119282240
Players have #% less maximum Life and Energy Shield	n		explicit.stat_3119282240
Players in Area are #% Delirious			enchant.stat_1715784068
Players steal the Eaten Souls of Slain Rare Monsters in Area			explicit.stat_1365079333,desecrated.stat_1365079333
Possessed by Spirit Of The Bear for # seconds on use			explicit.stat_3403424702
Possessed by Spirit Of The Boar for # seconds on use			explicit.stat_1685559578
Possessed by Spirit Of The Cat for # seconds on use			explicit.stat_2839557359
Possessed by Spirit Of The Owl for # seconds on use			explicit.stat_300107724
Possessed by Spirit Of The Ox for # seconds on use			explicit.stat_3463873033
Possessed by Spirit Of The Primate for # seconds on use			explicit.stat_3763491818
Possessed by Spirit Of The Serpent for # seconds on use			explicit.stat_3181677174
Possessed by Spirit Of The Stag for # seconds on use			explicit.stat_3685424517
Possessed by Spirit Of The Wolf for # seconds on use			explicit.stat_3504441212
Presence Radius is doubled			explicit.stat_1810907437
Prevent #% of Damage from Deflected Hits			explicit.stat_3552135623,implicit.stat_3552135623,rune.stat_3552135623,desecrated.stat_3552135623
#% to amount of Damage Prevented by Deflection	n		explicit.stat_3552135623,implicit.stat_3552135623,rune.stat_3552135623,desecrated.stat_3552135623
Prevent #% of Damage from Deflected Hits if you've\nDeflected no Hits Recently			rune.stat_967155385
#% to amount of Damage Prevented by Deflection if you haven't Deflected a Hit Recently	n		rune.stat_967155385
Projectile Attacks have a #% chance to fire two additional Projectiles while moving			explicit.stat_3932115504,desecrated.stat_3932115504
Projectile Attacks fire two additional Projectiles while moving		100	explicit.stat_3932115504,desecrated.stat_3932115504
Projectiles Pierce all Ignited enemies			explicit.stat_2214228141
Projectiles Split towards # targets			explicit.stat_3464380325
Projectiles deal #% increased Damage with Hits against Enemies further than 6m			explicit.stat_2825946427,desecrated.stat_2825946427
Projectiles deal #% reduced Damage with Hits against Enemies further than 6m	n		explicit.stat_2825946427,desecrated.stat_2825946427
Projectiles deal #% increased Damage with Hits against Enemies within 2m			explicit.stat_2468595624,desecrated.stat_2468595624
Projectiles deal #% reduced Damage with Hits against Enemies within 2m	n		explicit.stat_2468595624,desecrated.stat_2468595624
Projectiles deal #% increased Damage with Hits for each time they have Pierced			explicit.stat_883169830
Projectiles from Spells Chain # times			explicit.stat_1517628125
Projectiles from Spells Fork		1	explicit.stat_1199718219
Projectiles from Spells cannot Pierce			explicit.stat_3826125995
Projectiles have #% chance for an additional Projectile when Forking			explicit.stat_3003542304,implicit.stat_3003542304,fractured.stat_3003542304,desecrated.stat_3003542304
Projectiles have #% chance to Chain an additional time from terrain			explicit.stat_4081947835,fractured.stat_4081947835,enchant.stat_4081947835,rune.stat_4081947835,desecrated.stat_4081947835
Projectiles have #% chance to Fork			rune.stat_1549287843
Projectiles Fork		100	rune.stat_1549287843
Projectiles have #% chance to Fork if you've dealt a Melee Hit in the past eight seconds			explicit.stat_2189073790
Projectiles Fork if you've dealt a Melee Hit in the past eight seconds		100	explicit.stat_2189073790
Projectiles have #% increased Critical Damage Bonus against Enemies within 2m			explicit.stat_2573406169,desecrated.stat_2573406169
Projectiles have #% reduced Critical Damage Bonus against Enemies within 2m	n		explicit.stat_2573406169,desecrated.stat_2573406169
Projectiles have #% increased Critical Hit Chance against Enemies further than 6m			explicit.stat_2706625504,desecrated.stat_2706625504
Projectiles have #% reduced Critical Hit Chance against Enemies further than 6m	n		explicit.stat_2706625504,desecrated.stat_2706625504
Projectiles have #% increased Critical Hit chance for each time they have Pierced			explicit.stat_1163615092
Rare Monsters deal #% increased Damage			sanctum.stat_199414195
Rare Monsters deal #% reduced Damage	n		sanctum.stat_199414195
Rare Monsters have # additional Modifiers			explicit.stat_2550456553,fractured.stat_2550456553,desecrated.stat_2550456553
Rare Monsters in your Maps have # additional Modifiers			explicit.stat_2550456553,fractured.stat_2550456553,desecrated.stat_2550456553
Rare Monsters have # additional Modifier		1	explicit.stat_2550456553,fractured.stat_2550456553,desecrated.stat_2550456553
Rare Monsters in your Maps have # additional Modifier		1	explicit.stat_2550456553,fractured.stat_2550456553,desecrated.stat_2550456553
Rare Monsters have a #% Surpassing chance to have an additional Modifier			explicit.stat_3732878551,enchant.stat_3732878551
Rare Monsters in Map have a #% Surpassing chance to have an additional Modifier			explicit.stat_3732878551,enchant.stat_3732878551
Rare Monsters in your Maps have a #% Surpassing chance to have an additional Modifier			explicit.stat_3732878551,enchant.stat_3732878551
Rare Monsters take #% increased Damage			sanctum.stat_408585189
Rare Monsters take #% reduced Damage	n		sanctum.stat_408585189
Raven-Touched			explicit.stat_3198163869,rune.stat_3198163869
Recover # Life when Used			explicit.stat_2365392475
Recover # Life when you Block			rune.stat_1678831767
Recover # Mana when Used			explicit.stat_1120862500
Recover # Runic Ward when a Charm is used			explicit.stat_554145967,crafted.stat_554145967
Lose # Runic Ward when a Charm is used	n		explicit.stat_554145967,crafted.stat_554145967
Recover # Runic Ward when you Block			explicit.stat_1568848828,implicit.stat_1568848828,crafted.stat_1568848828
Lose # Runic Ward when you Block	n		explicit.stat_1568848828,implicit.stat_1568848828,crafted.stat_1568848828
Recover #% of Maximum Life when you expend at least 10 Combo			explicit.stat_4033618138,desecrated.stat_4033618138
Recover #% of Maximum Mana when you expend at least 10 Combo			explicit.stat_2991045011,desecrated.stat_2991045011
Recover #% of Missing Life before being Hit by an Enemy			explicit.stat_1990472846
Recover #% of maximum Life for each Endurance Charge consumed			explicit.stat_939832726,rune.stat_939832726
Recover #% of maximum Life on Kill			explicit.stat_2023107756,fractured.stat_2023107756,rune.stat_2023107756,desecrated.stat_2023107756,crafted.stat_2023107756
Lose #% of maximum Life on Kill	n		explicit.stat_2023107756,fractured.stat_2023107756,rune.stat_2023107756,desecrated.stat_2023107756,crafted.stat_2023107756
Recover #% of maximum Life on Killing a Poisoned Enemy			explicit.stat_1781372024,desecrated.stat_1781372024
Recover #% of maximum Life over 2 Seconds when you use a Command Skill			rune.stat_1914815166
Recover #% of maximum Life per Poison affecting Enemies you Kill			explicit.stat_2535713562
Recover #% of maximum Life when you Block			explicit.stat_2442647190
Lose #% of maximum Life when you Block	n		explicit.stat_2442647190
Recover #% of maximum Life when you use a Warcry			explicit.stat_1040141381,fractured.stat_1040141381,desecrated.stat_1040141381
Recover #% of maximum Mana on Kill			explicit.stat_1030153674,explicit.stat_1604736568,fractured.stat_1604736568,rune.stat_1030153674,desecrated.stat_1604736568,crafted.stat_1604736568
Lose #% of maximum Mana on Kill	n		explicit.stat_1030153674,explicit.stat_1604736568,fractured.stat_1604736568,rune.stat_1030153674,desecrated.stat_1604736568,crafted.stat_1604736568
Recover #% of maximum Mana when a Charm is used			explicit.stat_4121454694,desecrated.stat_4121454694
Recover #% of maximum Mana when you consume a Power Charge			explicit.stat_346374719
Recover #% of maximum Runic Ward when one of your Reviving Minions is Killed			rune.stat_3515226849
Recover #% of your maximum Life when an Enemy dies in your Presence			explicit.stat_3503117295
Recover #% of your maximum Mana when an Enemy dies in your Presence			explicit.stat_2456226238
Recover Life equal to #% of Mana Flask's Recovery Amount when used			explicit.stat_2716923832
Recover Mana equal to #% of Life Flask's Recovery Amount when used			explicit.stat_3891350097
Recover all Mana when Used			explicit.stat_1002973905
Reflects opposite Ring			explicit.stat_746505085
Regenerate # Life per second for every 10 Intelligence			explicit.stat_1312381104
Regenerate # Life per second per Maximum Energy Shield			explicit.stat_3276271783
Regenerate # Rage per second			explicit.stat_2853314994
Regenerate #% of maximum Life per Second if you have used a Command Skill Recently			rune.stat_445996047
Regenerate #% of maximum Life per Second if you've used a Life Flask in the past 10 seconds			explicit.stat_3161573445,desecrated.stat_3161573445
Regenerate #% of maximum Life per second			explicit.stat_836936635,implicit.stat_836936635,enchant.stat_836936635,rune.stat_836936635
Regenerate #% of maximum Life per second if you have been Hit Recently			explicit.stat_2201614328
Regenerate #% of maximum Life per second while Ignited			explicit.stat_302024054
Regenerate #% of maximum Life per second while Surrounded			explicit.stat_2002533190
Regenerate #% of maximum Life per second while on Low Life			explicit.stat_3942946753
Regenerate #% of maximum Runic Ward per second during Effect			explicit.stat_1106321864
Remembrancing # songworthy deeds by the line of Medved\nPassives in radius are Conquered by the Kalguur			explicit.stat_3418580811|22
Remembrancing # songworthy deeds by the line of Olroth\nPassives in radius are Conquered by the Kalguur			explicit.stat_3418580811|23
Remembrancing # songworthy deeds by the line of Vorana\nPassives in radius are Conquered by the Kalguur			explicit.stat_3418580811|21
Remnants can be collected from #% further away			explicit.stat_3482326075,fractured.stat_3482326075,rune.stat_3482326075,desecrated.stat_3482326075,crafted.stat_3482326075
Remnants have #% chance to have an additional Suffix Modifier			implicit.stat_1871805225
Remnants in your Maps have #% chance to have an additional Suffix Modifier			implicit.stat_1871805225
Remnants you create affect Allies in your Presence as well as you when collected			explicit.stat_315717203
Remnants you create have #% increased effect			explicit.stat_1999910726,rune.stat_1999910726,desecrated.stat_1999910726
Remnants you create have #% reduced effect	n		explicit.stat_1999910726,rune.stat_1999910726,desecrated.stat_1999910726
Remove Bleeding when you use a Life Flask			explicit.stat_1394184789
Remove a Damaging Ailment when you use a Command Skill			rune.stat_594547430
Removes #% of Life Recovered from Mana when used			explicit.stat_648019518
Removes #% of Mana Recovered from Life when used			explicit.stat_959641748
Repeatable Attacks with this Bow Repeat # times if no enemies are in your Presence			explicit.stat_2306588612
Repeatable Attacks with this Bow Repeat # time if no enemies are in your Presence		1	explicit.stat_2306588612
Require # additional enemies to be Surrounded			explicit.stat_2267564181
Require # fewer enemies to be Surrounded	n		explicit.stat_2267564181
Rerolling Favours at Ritual Altars costs #% increased Tribute			explicit.stat_2282052746
Rerolling Favours at Ritual Altars in Map costs #% increased Tribute			explicit.stat_2282052746
Rerolling Favours at Ritual Altars in Area costs #% increased Tribute			explicit.stat_2282052746
Rerolling Favours at Ritual Altars costs #% reduced Tribute	n		explicit.stat_2282052746
Rerolling Favours at Ritual Altars in Map costs #% reduced Tribute	n		explicit.stat_2282052746
Rerolling Favours at Ritual Altars in Area costs #% reduced Tribute	n		explicit.stat_2282052746
Resolve Aegis Recovers #% faster while not losing Resolve			sanctum.stat_3889616543
Resolve Aegis Recovers #% slower while not losing Resolve	n		sanctum.stat_3889616543
Resolve Mitigation from Enemy Hits is based on #% of Armour			sanctum.stat_3621177126
Restore # Honour on killing a Boss			sanctum.stat_3865020351
Restore # Honour on picking up a Key			sanctum.stat_521869848
Restore # Honour on room completion			sanctum.stat_2114314842
Restore # Honour on venerating a Maraketh Shrine			sanctum.stat_2492340460
Reveal Weaknesses against Rare and Unique enemies			explicit.stat_110659965
Revived Monsters from Ritual Altars have #% increased chance to be Magic			explicit.stat_1031644647
Revived Monsters from Ritual Altars in Map have #% increased chance to be Magic			explicit.stat_1031644647
Revived Monsters from Ritual Altars in Area have #% increased chance to be Magic			explicit.stat_1031644647
Revived Monsters from Ritual Altars have #% reduced chance to be Magic	n		explicit.stat_1031644647
Revived Monsters from Ritual Altars in Map have #% reduced chance to be Magic	n		explicit.stat_1031644647
Revived Monsters from Ritual Altars in Area have #% reduced chance to be Magic	n		explicit.stat_1031644647
Revived Monsters from Ritual Altars have #% increased chance to be Rare			explicit.stat_3979184174
Revived Monsters from Ritual Altars in Map have #% increased chance to be Rare			explicit.stat_3979184174
Revived Monsters from Ritual Altars in Area have #% increased chance to be Rare			explicit.stat_3979184174
Revived Monsters from Ritual Altars have #% reduced chance to be Rare	n		explicit.stat_3979184174
Revived Monsters from Ritual Altars in Map have #% reduced chance to be Rare	n		explicit.stat_3979184174
Revived Monsters from Ritual Altars in Area have #% reduced chance to be Rare	n		explicit.stat_3979184174
Right ring slot: Projectiles from Spells Chain # times			explicit.stat_1555918911
Right ring slot: Projectiles from Spells cannot Fork		1	explicit.stat_2933024469
Ritual Altars allow rerolling Favours # additional times			explicit.stat_120737942
Ritual Altars in Map allow rerolling Favours # additional times			explicit.stat_120737942
Ritual Altars in Area allow rerolling Favours # additional times			explicit.stat_120737942
Ritual Altars allow rerolling Favours an additional time		1	explicit.stat_120737942
Ritual Altars in Map allow rerolling Favours an additional time		1	explicit.stat_120737942
Ritual Altars in Area allow rerolling Favours an additional time		1	explicit.stat_120737942
Ritual Favours in Map have #% increased chance to be Omens			explicit.stat_4219853180
Ritual Favours in Area have #% increased chance to be Omens			explicit.stat_4219853180
Ritual Favours in your Maps have #% increased chance to be Omens			explicit.stat_4219853180
Ritual Favours in Map have #% reduced chance to be Omens	n		explicit.stat_4219853180
Ritual Favours in Area have #% reduced chance to be Omens	n		explicit.stat_4219853180
Ritual Favours in your Maps have #% reduced chance to be Omens	n		explicit.stat_4219853180
Rolls only the minimum or maximum Damage value for Physical Damage			rune.stat_103706408
Rolls only the minimum or maximum Damage value for each Damage Type			explicit.stat_3108672983
Rooms are unknown on the Trial Map			sanctum.stat_3237367570
Runic Monsters are Duplicated			explicit.stat_2816104578
Runic Monsters in your Maps are Duplicated			explicit.stat_2816104578
Runic Ward Regeneration Rate is doubled			rune.stat_2579974553
Runic Ward recovery can Overflow maximum Runic Ward			implicit.stat_3408607858
Sacrifice # Life to not consume the last bolt when firing			explicit.stat_76982026
Sacrifice #% of maximum Life to gain that much Energy Shield when you Cast a Spell			explicit.stat_613752285
Sacrifice #% of maximum Life to gain that much Guard when you Dodge Roll			rune.stat_1585886916
Sealed Skills have # to maximum Seals			explicit.stat_4147510958,fractured.stat_4147510958,desecrated.stat_4147510958,crafted.stat_4147510958
Sealed Skills have #% increased Seal gain frequency			explicit.stat_3384867265,desecrated.stat_3384867265,crafted.stat_3384867265
Sealed Skills have #% reduced Seal gain frequency	n		explicit.stat_3384867265,desecrated.stat_3384867265,crafted.stat_3384867265
Share Charges with Allies in your Presence			explicit.stat_2535267021
Shield Skills fully Break Armour when they Heavy Stun targets			explicit.stat_1689748350,desecrated.stat_1689748350
Shocks you when you reach maximum Power Charges			explicit.stat_4256314560
Skill Gems have no Attribute Requirements	n		explicit.stat_4245256219
Skills Cost Divinity instead of Mana or Life			explicit.stat_467146530
Skills Gain #% of Mana Cost as Extra Life Cost			explicit.stat_3605834869
Skills Gain #% of damage as Extra Lightning damage per 50 Runic Ward Cost			implicit.stat_2728425538
Skills from Corrupted Gems have #% increased Cost Efficiency during any Flask Effect			explicit.stat_2638381947
Skills from Corrupted Gems have #% of Mana Costs Converted to Life Costs			explicit.stat_2035336006
Skills from Corrupted Gems have Mana Costs Converted to Life Costs		100	explicit.stat_2035336006
Skills gain #% of Damage as Chaos Damage per 3 Life Cost			explicit.stat_4117005593
Skills have # seconds to Cooldown			explicit.stat_396200591
Skills have #% chance to not remove Charges but still count as consuming them			explicit.stat_2942439603,fractured.stat_2942439603,rune.stat_2942439603,desecrated.stat_2942439603
Skills have #% chance to not remove Elemental Infusions but still count as consuming them			explicit.stat_3024873336
Skills have #% chance to not remove Elemental Infusions but still count as consuming them if you've lost an Archon Buff in the past 6 seconds			explicit.stat_2150661403,desecrated.stat_2150661403
Skills have #% longer Perfect Timing window during effect			explicit.stat_3982604001
Skills have # to Limit			explicit.stat_2942704390
Skills have a #% chance to not consume Glory			explicit.stat_3200877707,desecrated.stat_3200877707
Skills have a #% longer Perfect Timing window			explicit.stat_1373370443
Skills have a #% shorter Perfect Timing window	n		explicit.stat_1373370443
Skills reserve 50% less Spirit			explicit.stat_2838161567
Skills which Empower an Attack have #% chance to not count that Attack			explicit.stat_2538411280
Skills which create Fissures have a #% chance to create an additional Fissure			explicit.stat_2544540062,implicit.stat_2544540062,desecrated.stat_2544540062
Skills which require Glory generate # Glory every 2 seconds			explicit.stat_2480962043
Slaying Rare Monsters in Map pauses the Delirium Mirror Timer for # seconds			explicit.stat_2323782229
Slaying Rare Monsters in Area pauses the Delirium Mirror Timer for # seconds			explicit.stat_2323782229
Slaying Rare Monsters in your Maps pauses the Delirium Mirror Timer for # seconds			explicit.stat_2323782229
Slaying Rare Monsters in Map pauses the Delirium Mirror Timer for 1 second		1	explicit.stat_2323782229
Slaying Rare Monsters in Area pauses the Delirium Mirror Timer for 1 second		1	explicit.stat_2323782229
Slaying Rare Monsters in your Maps pauses the Delirium Mirror Timer for 1 second		1	explicit.stat_2323782229
Small Passive Skills in Radius also grant # to maximum Life			explicit.stat_1316656343
Small Passive Skills in Radius also grant # to maximum Mana			explicit.stat_1294464552
Small Passive Skills in Radius also grant #% chance to Blind Enemies on Hit with Attacks			explicit.stat_2610562860,fractured.stat_2610562860,desecrated.stat_2610562860
Small Passive Skills in Radius also grant #% chance to Poison on Hit			explicit.stat_2840989393,fractured.stat_2840989393,desecrated.stat_2840989393
Small Passive Skills in Radius also grant #% chance to inflict Bleeding on Hit			explicit.stat_944643028,fractured.stat_944643028,desecrated.stat_944643028
Small Passive Skills in Radius also grant #% increased Accuracy Rating			explicit.stat_533892981,fractured.stat_533892981,desecrated.stat_533892981
Small Passive Skills in Radius also grant #% increased Accuracy Rating with Bows			explicit.stat_1285594161,fractured.stat_1285594161,desecrated.stat_1285594161
Small Passive Skills in Radius also grant #% increased Armour			explicit.stat_3858398337,fractured.stat_3858398337,desecrated.stat_3858398337,crafted.stat_3858398337
Small Passive Skills in Radius also grant #% increased Attack Damage			explicit.stat_1426522529,fractured.stat_1426522529,desecrated.stat_1426522529,crafted.stat_1426522529
Small Passive Skills in Radius also grant #% increased Chaos Damage			explicit.stat_1309799717,fractured.stat_1309799717,desecrated.stat_1309799717,crafted.stat_1309799717
Small Passive Skills in Radius also grant #% increased Charm Effect Duration			explicit.stat_3088348485,fractured.stat_3088348485,desecrated.stat_3088348485
Small Passive Skills in Radius also grant #% increased Cold Damage			explicit.stat_2442527254,fractured.stat_2442527254,desecrated.stat_2442527254,crafted.stat_2442527254
Small Passive Skills in Radius also grant #% increased Curse Duration			explicit.stat_1087108135,fractured.stat_1087108135,desecrated.stat_1087108135
Small Passive Skills in Radius also grant #% increased Damage against Enemies with Fully Broken Armour			explicit.stat_1834658952,fractured.stat_1834658952,desecrated.stat_1834658952
Small Passive Skills in Radius also grant #% increased Damage if you have Consumed a Corpse Recently			explicit.stat_1892122971,fractured.stat_1892122971,desecrated.stat_1892122971
Small Passive Skills in Radius also grant #% increased Damage while Shapeshifted			explicit.stat_266564538,fractured.stat_266564538,desecrated.stat_266564538
Small Passive Skills in Radius also grant #% increased Damage while you have an active Charm			explicit.stat_3752589831,fractured.stat_3752589831,desecrated.stat_3752589831
Small Passive Skills in Radius also grant #% increased Damage with Bows			explicit.stat_945774314,fractured.stat_945774314,desecrated.stat_945774314
Small Passive Skills in Radius also grant #% increased Damage with Crossbows			explicit.stat_517664839,fractured.stat_517664839,desecrated.stat_517664839
Small Passive Skills in Radius also grant #% increased Damage with Hits against Rare and Unique Enemies			explicit.stat_147764878,fractured.stat_147764878,desecrated.stat_147764878
Small Passive Skills in Radius also grant #% increased Damage with Maces			explicit.stat_1852184471,fractured.stat_1852184471,desecrated.stat_1852184471
Small Passive Skills in Radius also grant #% increased Damage with Plant Skills			explicit.stat_1590846356,fractured.stat_1590846356,desecrated.stat_1590846356
Small Passive Skills in Radius also grant #% increased Damage with Quarterstaves			explicit.stat_821948283,fractured.stat_821948283,desecrated.stat_821948283
Small Passive Skills in Radius also grant #% increased Damage with Spears			explicit.stat_2809428780,fractured.stat_2809428780,desecrated.stat_2809428780
Small Passive Skills in Radius also grant #% increased Damage with Warcries			explicit.stat_1160637284,fractured.stat_1160637284,desecrated.stat_1160637284
Small Passive Skills in Radius also grant #% increased Elemental Ailment Threshold			explicit.stat_3409275777,fractured.stat_3409275777,desecrated.stat_3409275777
Small Passive Skills in Radius also grant #% increased Elemental Damage			explicit.stat_3222402650,fractured.stat_3222402650,desecrated.stat_3222402650,crafted.stat_3222402650
Small Passive Skills in Radius also grant #% increased Energy Shield Recharge Rate			explicit.stat_1552666713,fractured.stat_1552666713,desecrated.stat_1552666713
Small Passive Skills in Radius also grant #% increased Evasion Rating			explicit.stat_1994296038,fractured.stat_1994296038,desecrated.stat_1994296038,crafted.stat_1994296038
Small Passive Skills in Radius also grant #% increased Fire Damage			explicit.stat_139889694,fractured.stat_139889694,desecrated.stat_139889694,crafted.stat_139889694
Small Passive Skills in Radius also grant #% increased Flammability Magnitude			explicit.stat_394473632,fractured.stat_394473632,desecrated.stat_394473632
Small Passive Skills in Radius also grant #% increased Flask Effect Duration			explicit.stat_1773308808,fractured.stat_1773308808,desecrated.stat_1773308808
Small Passive Skills in Radius also grant #% increased Freeze Threshold			explicit.stat_830345042,fractured.stat_830345042,desecrated.stat_830345042
Small Passive Skills in Radius also grant #% increased Global Physical Damage			explicit.stat_1417267954,fractured.stat_1417267954,desecrated.stat_1417267954,crafted.stat_1417267954
Small Passive Skills in Radius also grant #% increased Hazard Damage			explicit.stat_255840549,fractured.stat_255840549,desecrated.stat_255840549
Small Passive Skills in Radius also grant #% increased Life Recovery from Flasks			explicit.stat_980177976,fractured.stat_980177976,desecrated.stat_980177976
Small Passive Skills in Radius also grant #% increased Lightning Damage			explicit.stat_2768899959,fractured.stat_2768899959,desecrated.stat_2768899959,crafted.stat_2768899959
Small Passive Skills in Radius also grant #% increased Mana Recovery from Flasks			explicit.stat_3774951878,fractured.stat_3774951878,desecrated.stat_3774951878
Small Passive Skills in Radius also grant #% increased Mana Regeneration Rate			explicit.stat_3256879910,fractured.stat_3256879910,desecrated.stat_3256879910
Small Passive Skills in Radius also grant #% increased Melee Damage			explicit.stat_1337740333,fractured.stat_1337740333,desecrated.stat_1337740333
Small Passive Skills in Radius also grant #% increased Melee Damage if you've dealt a Projectile Attack Hit in the past eight seconds			explicit.stat_2421151933,fractured.stat_2421151933,desecrated.stat_2421151933
Small Passive Skills in Radius also grant #% increased Minion Accuracy Rating			explicit.stat_793875384,fractured.stat_793875384
Small Passive Skills in Radius also grant #% increased Parry Damage			explicit.stat_1007380041,fractured.stat_1007380041,desecrated.stat_1007380041
Small Passive Skills in Radius also grant #% increased Projectile Damage			explicit.stat_455816363,fractured.stat_455816363,desecrated.stat_455816363
Small Passive Skills in Radius also grant #% increased Projectile Damage if you've dealt a Melee Hit in the past eight seconds			explicit.stat_288364275,fractured.stat_288364275,desecrated.stat_288364275
Small Passive Skills in Radius also grant #% increased Shock Duration			explicit.stat_3513818125,fractured.stat_3513818125,desecrated.stat_3513818125
Small Passive Skills in Radius also grant #% increased Spell Damage			explicit.stat_1137305356,fractured.stat_1137305356,desecrated.stat_1137305356,crafted.stat_1137305356
Small Passive Skills in Radius also grant #% increased Stun Threshold			explicit.stat_484792219,fractured.stat_484792219,desecrated.stat_484792219
Small Passive Skills in Radius also grant #% increased Stun Threshold if you haven't been Stunned Recently			explicit.stat_654207792,fractured.stat_654207792,desecrated.stat_654207792
Small Passive Skills in Radius also grant #% increased Thorns damage			explicit.stat_1320662475,fractured.stat_1320662475,desecrated.stat_1320662475
Small Passive Skills in Radius also grant #% increased Totem Damage			explicit.stat_2108821127,fractured.stat_2108821127,desecrated.stat_2108821127
Small Passive Skills in Radius also grant #% increased Totem Life			explicit.stat_442393998,fractured.stat_442393998,desecrated.stat_442393998
Small Passive Skills in Radius also grant #% increased Totem Placement speed			explicit.stat_1145481685,fractured.stat_1145481685,desecrated.stat_1145481685
Small Passive Skills in Radius also grant #% increased Warcry Speed			explicit.stat_1602294220,fractured.stat_1602294220,desecrated.stat_1602294220,crafted.stat_1602294220
Small Passive Skills in Radius also grant #% increased Weapon Swap Speed			explicit.stat_1129429646,fractured.stat_1129429646
Small Passive Skills in Radius also grant #% increased amount of Life Leeched			explicit.stat_3666476747,fractured.stat_3666476747,desecrated.stat_3666476747
Small Passive Skills in Radius also grant #% increased amount of Mana Leeched			explicit.stat_3700202631,fractured.stat_3700202631,desecrated.stat_3700202631
Small Passive Skills in Radius also grant #% increased chance to Shock			explicit.stat_1039268420,fractured.stat_1039268420,desecrated.stat_1039268420
Small Passive Skills in Radius also grant #% increased maximum Energy Shield			explicit.stat_3665922113,fractured.stat_3665922113,desecrated.stat_3665922113,crafted.stat_3665922113
Small Passive Skills in Radius also grant #% increased maximum Life			explicit.stat_1809641701
Small Passive Skills in Radius also grant #% increased maximum Mana			explicit.stat_1247628870
Small Passive Skills in Radius also grant #% reduced Freeze Duration on you			explicit.stat_860443350
Small Passive Skills in Radius also grant #% reduced Ignite Duration on you			explicit.stat_3474941090
Small Passive Skills in Radius also grant #% reduced Shock duration on you			explicit.stat_1627878766
Small Passive Skills in Radius also grant #% to Chaos Resistance			explicit.stat_2264240911
Small Passive Skills in Radius also grant #% to Cold Resistance			explicit.stat_2884937919
Small Passive Skills in Radius also grant #% to Fire Resistance			explicit.stat_2948688907
Small Passive Skills in Radius also grant #% to Lightning Resistance			explicit.stat_3994876825
Small Passive Skills in Radius also grant Attack Hits apply Incision			explicit.stat_318092306,fractured.stat_318092306,desecrated.stat_318092306
Small Passive Skills in Radius also grant Banner Skills have #% increased Area of Effect			explicit.stat_4142814612,fractured.stat_4142814612,desecrated.stat_4142814612
Small Passive Skills in Radius also grant Banner Skills have #% increased Duration			explicit.stat_2690740379,fractured.stat_2690740379,desecrated.stat_2690740379
Small Passive Skills in Radius also grant Break #% increased Armour			explicit.stat_4089835882,fractured.stat_4089835882,desecrated.stat_4089835882
Small Passive Skills in Radius also grant Companions deal #% increased Damage			explicit.stat_1494950893,fractured.stat_1494950893,desecrated.stat_1494950893
Small Passive Skills in Radius also grant Companions have #% increased maximum Life			explicit.stat_2638756573,fractured.stat_2638756573,desecrated.stat_2638756573
Small Passive Skills in Radius also grant Damage Penetrates #% Cold Resistance			explicit.stat_1896066427,fractured.stat_1896066427,desecrated.stat_1896066427
Small Passive Skills in Radius also grant Damage Penetrates #% Fire Resistance			explicit.stat_1432756708,fractured.stat_1432756708,desecrated.stat_1432756708
Small Passive Skills in Radius also grant Damage Penetrates #% Lightning Resistance			explicit.stat_868556494,fractured.stat_868556494,desecrated.stat_868556494
Small Passive Skills in Radius also grant Dazes on Hit			explicit.stat_4258000627,fractured.stat_4258000627,desecrated.stat_4258000627
Small Passive Skills in Radius also grant Empowered Attacks deal #% increased Damage			explicit.stat_3395186672,fractured.stat_3395186672,desecrated.stat_3395186672
Small Passive Skills in Radius also grant Gain additional Ailment Threshold equal to #% of maximum Energy Shield			explicit.stat_693237939,fractured.stat_693237939,desecrated.stat_693237939
Small Passive Skills in Radius also grant Gain additional Stun Threshold equal to #% of maximum Energy Shield			explicit.stat_1653682082,fractured.stat_1653682082,desecrated.stat_1653682082
Small Passive Skills in Radius also grant Herald Skills deal #% increased Damage			explicit.stat_3065378291,fractured.stat_3065378291,desecrated.stat_3065378291
Small Passive Skills in Radius also grant Mark Skills have #% increased Skill Effect Duration			explicit.stat_4162678661,fractured.stat_4162678661,desecrated.stat_4162678661
Small Passive Skills in Radius also grant Mark Skills have #% increased Use Speed			explicit.stat_2202308025,fractured.stat_2202308025,desecrated.stat_2202308025
Small Passive Skills in Radius also grant Minions deal #% increased Damage			explicit.stat_2954360902,fractured.stat_2954360902,desecrated.stat_2954360902
Small Passive Skills in Radius also grant Minions have #% additional Physical Damage Reduction			explicit.stat_30438393,fractured.stat_30438393,desecrated.stat_30438393
Small Passive Skills in Radius also grant Minions have #% increased maximum Life			explicit.stat_378796798,fractured.stat_378796798,desecrated.stat_378796798
Small Passive Skills in Radius also grant Minions have #% to Chaos Resistance			explicit.stat_1756380435,fractured.stat_1756380435,desecrated.stat_1756380435
Small Passive Skills in Radius also grant Minions have #% to all Elemental Resistances			explicit.stat_3225608889,fractured.stat_3225608889,desecrated.stat_3225608889
Small Passive Skills in Radius also grant Offerings have #% increased Maximum Life			explicit.stat_2107703111,fractured.stat_2107703111,desecrated.stat_2107703111
Small Passive Skills in Radius also grant Triggered Spells deal #% increased Spell Damage			explicit.stat_473917671,fractured.stat_473917671,desecrated.stat_473917671
Soul Eater			explicit.stat_1404607671
Spear Skills inflict a Bloodstone Lance on Hit, up to a maximum of 30 on each target			explicit.stat_4106787208
Spell Hits Gain #% of Damage as Extra Chaos Damage per Curse on target			explicit.stat_2653175601
Spell Hits Gain #% of Damage as Extra Physical Damage per Curse on target			explicit.stat_1548338404
Spell Skills have # to maximum number of Summoned Totems			explicit.stat_2474424958,desecrated.stat_2474424958
Spell Skills have #% increased Area of Effect			explicit.stat_1967040409,fractured.stat_1967040409,desecrated.stat_1967040409,crafted.stat_1967040409
Spell Skills have #% reduced Area of Effect	n		explicit.stat_1967040409,fractured.stat_1967040409,desecrated.stat_1967040409,crafted.stat_1967040409
Spell damage Penetrates #% of enemy Elemental Resistances while on Low Runic Ward			rune.stat_267552601
Spells Gain #% of Damage as extra Chaos Damage			explicit.stat_555706343,fractured.stat_555706343,desecrated.stat_555706343,crafted.stat_555706343
Spells fire # additional Projectiles\nSpells fire Projectiles in a circle			explicit.stat_1013492127
Spells have #% increased Cooldown Recovery Rate			explicit.stat_1493485657,fractured.stat_1493485657
Spells have #% reduced Cooldown Recovery Rate	n		explicit.stat_1493485657,fractured.stat_1493485657
Spells have a #% chance to inflict Withered for 4 seconds on Hit			explicit.stat_2348696937
Spells inflict Withered for 4 seconds on Hit		100	explicit.stat_2348696937
Spells which cost Life Gain #% of Damage as Extra Physical Damage			explicit.stat_1088082880
Strength can satisfy other Attribute Requirements of Melee Weapons and Melee Skills			explicit.stat_2230687504
Strikes deal Splash Damage			explicit.stat_3675300253,implicit.stat_3675300253,rune.stat_3675300253
Take # Chaos damage per second per Endurance Charge			explicit.stat_3164544692
Take # Fire Damage when you Ignite an Enemy			explicit.stat_2518598473
Take #% of Mana Costs you pay for Skills as Physical Damage			explicit.stat_3181887481
Take no Extra Damage from Critical Hits			explicit.stat_4294267596
Targets affected by Abyssal Wasting in your Presence have double Power			explicit.stat_1153919467
Targets affected by Abyssal Wasting you inflict are Blinded			explicit.stat_3963171183
Targets affected by Abyssal Wasting you inflict are Debilitated			explicit.stat_2668499289
Targets affected by Abyssal Wasting you inflict are Hindered			explicit.stat_4097102799
Targets can be affected by # of your Poisons at the same time			explicit.stat_1755296234,rune.stat_1755296234
Targets that are Blinded, Maimed, and Bleeding cannot Evade your Hits			rune.stat_2889034188
Tempest Bells are destroyed after an additional # Hits			explicit.stat_3984146263,crafted.stat_3984146263
Temporary Minion Skills have # to Limit of Minions summoned			explicit.stat_1058934731,fractured.stat_1058934731,desecrated.stat_1058934731,crafted.stat_1058934731
The Bodach haunts your Presence			explicit.stat_3783473032
The Effect of Blind on you is reversed			explicit.stat_1010703902
The Effect of Chill on you is reversed			explicit.stat_2955966707
The Herald of the Scourge drops # additional Invocations			sanctum.stat_1175354969
The Herald of the Scourge drops an additional Invocation		1	sanctum.stat_1175354969
The Merchant has # additional Choices			sanctum.stat_290775436
The Merchant has an additional Choice		1	sanctum.stat_290775436
The first # unearthed Runic Monsters will be Rare Monsters in Map			explicit.stat_3963944561
The first unearthed Runic Monster will be a Rare Monster in Map		1	explicit.stat_3963944561
This Flask cannot be Used but applies its Effect constantly			explicit.stat_2980117882
This Weapon's Critical Hit Chance is #%			explicit.stat_3384885789
This item gains bonuses from Socketed Items as though it was Boots			explicit.stat_2733960806,implicit.stat_2733960806
This item gains bonuses from Socketed Items as though it was Gloves			explicit.stat_1856590738,implicit.stat_1856590738
This item gains bonuses from Socketed Items as though it was a Body Armour			explicit.stat_1087787187
This item gains bonuses from Socketed Items as though it was a Helmet			explicit.stat_1458343515,implicit.stat_1458343515
This item gains bonuses from Socketed Items as though it was a Shield			explicit.stat_2044810874
This item gains bonuses from Socketed Soul Cores as though it was also Boots			explicit.stat_150590298
This item gains bonuses from Socketed Soul Cores as though it was also Gloves			explicit.stat_3915618954
This item gains bonuses from Socketed Soul Cores as though it was also a Helmet			explicit.stat_3773763721
This item gains bonuses from Socketed Soul Cores as though it was also a Shield			explicit.stat_231726304
This item is destroyed when applied to a Trial			sanctum.stat_3182333322
Thorns Damage is Lucky against targets with Fully Broken Armour			rune.stat_1871622140
Thorns can Retaliate against all Hits			explicit.stat_3414243317
Transforms all Cold and Lightning modifiers on the item into equivalent Fire modifiers			rune.stat_602344904
Transforms all Fire and Cold modifiers on the item into equivalent Lightning modifiers			rune.stat_1433896639
Transforms all Fire, Cold and Lightning modifiers on the item into equivalent Chaos modifiers			rune.stat_1624833382
Traps deal #% increased Damage			sanctum.stat_3554921410
Traps deal #% reduced Damage	n		sanctum.stat_3554921410
Trigger Decompose every 1.2 metres travelled			explicit.stat_3371943724
Trigger Ember Fusillade Skill on casting a Spell			explicit.stat_826162720
Trigger Lightning Bolt Skill on Critical Hit			explicit.stat_704919631
Trigger Spark Skill on killing a Shocked Enemy			explicit.stat_811217923
Triggered Spells deal #% increased Spell Damage			explicit.stat_3067892458,fractured.stat_3067892458,desecrated.stat_3067892458
Triggered Spells deal #% reduced Spell Damage	n		explicit.stat_3067892458,fractured.stat_3067892458,desecrated.stat_3067892458
Triggers Level # Manifest Dancing Dervishes on Rampage			explicit.stat_4007938693
Unblockable			implicit.stat_1137147997
Undead Minions have #% increased Reservation			explicit.stat_1176947534
Undead Minions have #% reduced Reservation	n		explicit.stat_1176947534
Unique Monsters have # additional Rare Modifiers			explicit.stat_3371085671,enchant.stat_3371085671
Unique Monsters in your Maps have # additional Rare Modifiers			explicit.stat_3371085671,enchant.stat_3371085671
Unique Monsters have # additional Rare Modifier		1	explicit.stat_3371085671,enchant.stat_3371085671
Unique Monsters in your Maps have # additional Rare Modifier		1	explicit.stat_3371085671,enchant.stat_3371085671
Unstable Breaches have #% increased chance to contain Vruun, Marshal of Xesht			explicit.stat_2433436306
Unstable Breaches in Map have #% increased chance to contain Vruun, Marshal of Xesht			explicit.stat_2433436306
Unstable Breaches spawn # additional Rare Monsters when Stabilised			explicit.stat_3762913035
Unstable Breaches in Map spawn # additional Rare Monsters when Stabilised			explicit.stat_3762913035
Unstable Breaches spawn an additional Rare Monster when Stabilised		1	explicit.stat_3762913035
Unstable Breaches in Map spawn an additional Rare Monster when Stabilised		1	explicit.stat_3762913035
Unstable Breaches take # additional seconds to collapse after timer is filled			explicit.stat_4104094246
Unstable Breaches in Map take # additional seconds to collapse after timer is filled			explicit.stat_4104094246
Unstable Breaches take an additional second to collapse after timer is filled		1	explicit.stat_4104094246
Unstable Breaches in Map take an additional second to collapse after timer is filled		1	explicit.stat_4104094246
Unwavering Stance			explicit.stat_1683578560,rune.stat_1683578560
Used when you are affected by a Slow			implicit.stat_2778646494
Used when you become Frozen			implicit.stat_1691862754
Used when you become Ignited			implicit.stat_585126960
Used when you become Poisoned			implicit.stat_1412682799
Used when you become Shocked			implicit.stat_3699444296
Used when you become Stunned			implicit.stat_1810482573
Used when you kill a Rare or Unique enemy			implicit.stat_4010341289
Used when you release a skill with Perfect Timing			explicit.stat_3832076641
Used when you start Bleeding			implicit.stat_3676540188
Used when you take Chaos damage from a Hit			implicit.stat_3310778564
Used when you take Cold damage from a Hit			implicit.stat_2994271459
Used when you take Fire damage from a Hit			implicit.stat_3854901951
Used when you take Lightning damage from a Hit			implicit.stat_2016937536
Using a Mana Flask grants Guard equal to #% of Flask's recovery amount for 4 seconds			explicit.stat_2777675751
Vaal Pact			explicit.stat_2257118425
Verisium Remnants have #% chance to add an additional Runic Modifier in Map			explicit.stat_3871299443
Virtuous			explicit.stat_1132041585
Warcries Empower # additional Attacks			explicit.stat_1434716233,implicit.stat_1434716233,desecrated.stat_1434716233
Warcries Empower an additional Attack		1	explicit.stat_1434716233,implicit.stat_1434716233,desecrated.stat_1434716233
Warcries Explode Corpses dealing #% of their Life as Physical Damage			explicit.stat_11014011,rune.stat_11014011
Warcry Skills have #% increased Area of Effect			explicit.stat_2567751411,fractured.stat_2567751411,desecrated.stat_2567751411
Warcry Skills have #% reduced Area of Effect	n		explicit.stat_2567751411,fractured.stat_2567751411,desecrated.stat_2567751411
When a Party Member in your Presence Casts a Spell, you\nSacrifice #% of Mana and they Leech that Mana			explicit.stat_603021645
When socketed, transforms all Fire and Lightning modifiers to equivalent Cold modifiers			rune.stat_2390027291
When you Consume a Charge Trigger Chaotic Surge to gain # Chaos Surges			explicit.stat_447757144
When you Consume a Charge Trigger Chaotic Surge to gain # Chaos Surge		1	explicit.stat_447757144
When you gain a Key #% chance to gain another			sanctum.stat_3170238729
When you gain a Key gain another		100	sanctum.stat_3170238729
When you generate a Frenzy Charge, Allies in your Presence generate that Charge instead			rune.stat_3353733343
When you generate a Power Charge, Allies in your Presence generate that Charge instead			rune.stat_1323701627
When you generate an Endurance Charge, Allies in your Presence generate that Charge instead			rune.stat_3257561708
When you kill a Rare monster, you gain its Modifiers for 60 seconds			explicit.stat_2913235441
When you reload, triggers Gemini Surge to alternately\ngain # Cold Surges or # Fire Surge			explicit.stat_331648983
When you reload, triggers Gemini Surge to alternately\ngain # Cold Surges or # Fire Surges			explicit.stat_331648983
When you reload, triggers Gemini Surge to alternately\ngain # Cold Surge or # Fire Surge		1	explicit.stat_331648983
When you reload, triggers Gemini Surge to alternately\ngain # Cold Surge or # Fire Surges		1	explicit.stat_331648983
When you stop Sprinting, gain Guard equal to #% of maximum Life per second spent Sprinting, up to a maximum of 20%, for 4 seconds			rune.stat_293832783
Wind Skills which can be boosted by Elemental Ground Surfaces can be boosted by multiple Elemental Ground Surfaces			explicit.stat_2070837434
Wind Skills which can be boosted by Elemental Ground Surfaces count\nas being boosted by Chilled Ground		0	explicit.stat_2626360934
Wind Skills which can be boosted by Elemental Ground Surfaces count\nas being boosted by Ignited Ground		0	explicit.stat_2626360934
Wind Skills which can be boosted by Elemental Ground Surfaces count\nas being boosted by Shocked Ground		0	explicit.stat_2626360934
Wind Skills which can be boosted by Elemental Ground Surfaces count\nas being boosted by Ignited and Chilled Ground		0	explicit.stat_2626360934
Wind Skills which can be boosted by Elemental Ground Surfaces count\nas being boosted by Shocked and Chilled Ground		0	explicit.stat_2626360934
Wind Skills which can be boosted by Elemental Ground Surfaces count\nas being boosted by Ignited and Shocked Ground		0	explicit.stat_2626360934
Wind Skills which can be boosted by Elemental Ground Surfaces count\nas being boosted by Ignited, Shocked, and Chilled Ground		0	explicit.stat_2626360934
Withered does not expire on Enemies Ignited by you			explicit.stat_279110104
Withered you inflict also increases Fire Damage taken			explicit.stat_1910297038
Withered you inflict has infinite Duration			explicit.stat_1354656031
Wombgifts have #% chance to drop one Level higher			explicit.stat_2889272422
Wombgifts have #% chance to drop one Level higher in Map			explicit.stat_2889272422
You Recoup #% of Damage taken by your Offerings as Life			rune.stat_1937310173
You and Allies in your Presence have #% increased Accuracy Rating			explicit.stat_3429986699
You and Allies in your Presence have #% reduced Accuracy Rating	n		explicit.stat_3429986699
You and Allies in your Presence have #% increased Attack Speed			explicit.stat_3408222535
You and Allies in your Presence have #% reduced Attack Speed	n		explicit.stat_3408222535
You and Allies in your Presence have #% increased Cast Speed			explicit.stat_281990982
You and Allies in your Presence have #% reduced Cast Speed	n		explicit.stat_281990982
You and Allies in your Presence have #% increased Cooldown Recovery Rate			explicit.stat_36954843
You and Allies in your Presence have #% reduced Cooldown Recovery Rate	n		explicit.stat_36954843
You and Allies in your Presence have #% to Chaos Resistance			explicit.stat_1404134612
You are Blind			explicit.stat_3774577097
You are considered on Low Life while at #% of maximum Life or below instead			explicit.stat_356835700
You can Socket # additional copies of each Lineage Support Gem, in different Skills			explicit.stat_664024640
You can Socket an additional copy of each Lineage Support Gem, in different Skills		1	explicit.stat_664024640
You can apply # additional Curses			explicit.stat_30642521
You can apply one fewer Curse		-1	explicit.stat_30642521
You can apply an additional Curse		1	explicit.stat_30642521
You can have any number of Companions of different types			explicit.stat_603573028
You can have two Companions of different types			explicit.stat_1888024332
You can only Socket # Ruby Jewel in this item		1	explicit.stat_853326030
You can only Socket # Ruby Jewels in this item		0	explicit.stat_853326030
You can only Socket # Emerald Jewel in this item		0	explicit.stat_853326030
You can only Socket # Sapphire Jewel in this item		0	explicit.stat_853326030
You can only Socket # Emerald Jewels in this item		0	explicit.stat_853326030
You can only Socket # Sapphire Jewels in this item		0	explicit.stat_853326030
You can only Socket # Ruby and # Emerald Jewel in this item		1	explicit.stat_853326030
You can only Socket # Ruby and # Sapphire Jewel in this item		1	explicit.stat_853326030
You can only Socket # Ruby and # Emerald Jewels in this item		0	explicit.stat_853326030
You can only Socket # Ruby and # Sapphire Jewels in this item		0	explicit.stat_853326030
You can only Socket # Emerald and # Sapphire Jewel in this item		0	explicit.stat_853326030
You can only Socket # Emerald and # Sapphire Jewels in this item		0	explicit.stat_853326030
You can only Socket # Ruby, # Emerald, and # Sapphire Jewel in this item		1	explicit.stat_853326030
You can only Socket # Ruby, # Emerald, and # Sapphire Jewels in this item		0	explicit.stat_853326030
You can only Socket Emerald Jewels in this item			explicit.stat_3598729471
You can only Socket Ruby Jewels in this item			explicit.stat_4031148736
You can only Socket Sapphire Jewels in this item			explicit.stat_21302430
You can wield Two-Handed Axes, Maces and Swords in one hand			explicit.stat_3635316831
You cannot Sprint			explicit.stat_1536107934
You cannot be Chilled for # seconds after being Chilled			explicit.stat_2306924373
You cannot be Chilled for # second after being Chilled		1000	explicit.stat_2306924373
You cannot be Chilled or Frozen			explicit.stat_2996245527
You cannot be Frozen for # seconds after being Frozen			explicit.stat_3612464552
You cannot be Frozen for # second after being Frozen		1000	explicit.stat_3612464552
You cannot be Hindered			enchant.stat_721014846
You cannot be Ignited for # seconds after being Ignited			explicit.stat_947072590
You cannot be Ignited for # second after being Ignited		1000	explicit.stat_947072590
You cannot be Shocked for # seconds after being Shocked			explicit.stat_215346464
You cannot be Shocked for # second after being Shocked		1000	explicit.stat_215346464
You count as on Full Mana while at #% of maximum Mana or above			explicit.stat_423304126
You count as on Low Life while at #% of maximum Mana or below			explicit.stat_3154256486
You count as on Low Mana while at #% of maximum Life or below			explicit.stat_1143240184
You gain Onslaught for # seconds on Kill			explicit.stat_1195849808
You have Consecrated Ground around you while stationary			explicit.stat_1736538865
You have Unholy Might			explicit.stat_3007552094,desecrated.stat_3007552094
You have a Smoke Cloud around you while stationary			explicit.stat_2592455368
You have no Accuracy Penalty at Distance			explicit.stat_3070990531
You have no Critical Damage Bonus			explicit.stat_4058681894,rune.stat_4058681894
You have no Elemental Resistances			explicit.stat_1776968075
You have no Life Regeneration			explicit.stat_854225133
You have no Spirit			explicit.stat_3148264775
You lose #% of maximum Energy Shield per second			explicit.stat_2350411833
You take #% of damage from Blocked Hits			explicit.stat_2905515354,rune.stat_2905515354
You take #% of damage from Blocked Hits with a raised Shield			explicit.stat_3694078435,desecrated.stat_3694078435
You take Fire Damage instead of Physical Damage from Bleeding		0	explicit.stat_2022332470
Your Armour, Evasion and Energy Shield are zero			sanctum.stat_698936647
Your Critical Damage Bonus is 250%			explicit.stat_2516303866
Your Critical Hit Chance cannot be Rerolled			explicit.stat_4159551976
Your Energy Shield Recharge starts when your Minions are Reformed			rune.stat_1919509054
Your Heavy Stun buildup empties #% faster			explicit.stat_886088880,desecrated.stat_886088880
Your Heavy Stun buildup empties #% slower	n		explicit.stat_886088880,desecrated.stat_886088880
Your Hits can Penetrate Elemental Resistances down to a minimum of -50%			explicit.stat_2890792988
Your Life Flask also applies to your Minions			explicit.stat_2397460217
Your Maximum Resistances are #%			explicit.stat_798767971
Your Minions are Gigantic if they have Revived Recently			explicit.stat_1265767008,fractured.stat_1265767008,desecrated.stat_1265767008,crafted.stat_1265767008
Your base Energy Shield Recharge Delay is # seconds			explicit.stat_3091132047
Your base Energy Shield Recharge Delay is # second		1000	explicit.stat_3091132047
Your maximum Energy Shield is equal to #% of your Strength			explicit.stat_758226825
Your speed is Unaffected by Slows while Sprinting			explicit.stat_3128773415,rune.stat_3128773415
Your speed is unaffected by Slows			explicit.stat_50721145,rune.stat_50721145
Zarokh, the Temporal deals #% more Damage			sanctum.stat_2149490821
Zarokh, the Temporal deals #% less Damage	n		sanctum.stat_2149490821
Zarokh, the Temporal drops Against the Darkness			sanctum.stat_3840591093
Zarokh, the Temporal drops Blessed Bonds			sanctum.stat_767926824
Zarokh, the Temporal drops Sandstorm Visage			sanctum.stat_3059754769
Zarokh, the Temporal drops Sekhema's Resolve			sanctum.stat_2821715641
Zarokh, the Temporal drops Temporalis			sanctum.stat_2469854926
Zarokh, the Temporal drops # additional Baryas			sanctum.stat_3878191575
Zarokh, the Temporal drops an additional Barya		1	sanctum.stat_3878191575
Zarokh, the Temporal takes #% more Damage			sanctum.stat_2226900052
Zarokh, the Temporal takes #% less Damage	n		sanctum.stat_2226900052
Zealot's Oath			explicit.stat_1315418254
